Time (s),Channel 1 (V),Channel 2 (V)
-0.01026301430321101,0.01184571808256063,0.0006068594290283141
-0.01025883430321101,0.01184571808256063,0.0009482997977485336
-0.01025465430321101,0.01184571808256063,0.0009482997977485336
-0.01025047430321101,0.01184571808256063,0.0006068594290283141
-0.01024629430321101,0.01184571808256063,0.0009482997977485336
-0.01024211430321101,0.01561779670116437,0.001289740166468739
-0.01023793430321101,0.01561779670116437,0.0009482997977486888
-0.01023375430321101,0.01561779670116608,0.001289740166468584
-0.01022957430321101,0.01938987531976639,0.0009482997977485336
-0.01022539430321101,0.01561779670116437,0.0009482997977485336
-0.01022121430321101,0.01561779670116437,0.0009482997977485336
-0.01021703430321101,0.01184571808256063,0.0009482997977485336
-0.01021285430321101,0.01184571808256063,0.001289740166468584
-0.01020867430321101,0.01561779670116265,0.0009482997977486888
-0.01020449430321101,0.01561779670116437,0.001289740166468584
-0.01020031430321101,0.01561779670116437,0.0009482997977485336
-0.01019613430321101,0.01184571808256063,0.0009482997977485336
-0.01019195430321101,0.01184571808256063,0.0009482997977485336
-0.01018777430321101,0.01561779670116437,0.0009482997977485336
-0.01018359430321101,0.01184571808256235,0.0009482997977485336
-0.01017941430321101,0.01184571808256235,0.001289740166468739
-0.01017523430321101,0.01561779670116093,0.001289740166468584
-0.01017105430321101,0.008073639463956894,0.0009482997977485336
-0.01016687430321101,0.01561779670116437,0.0009482997977485336
-0.01016269430321101,0.01184571808256063,0.0006068594290283141
-0.01015851430321101,0.01561779670116265,0.001289740166468429
-0.01015433430321101,0.01184571808256235,0.0006068594290286247
-0.01015015430321101,0.01561779670116437,0.001289740166468739
-0.01014597430321101,0.01561779670116437,0.001289740166468739
-0.01014179430321101,0.01561779670116437,0.0009482997977485336
-0.01013761430321101,0.01561779670116437,0.0009482997977485336
-0.01013343430321101,0.01184571808256063,0.0009482997977485336
-0.01012925430321101,0.01561779670116265,0.0006068594290284694
-0.01012507430321101,0.01184571808256235,0.0009482997977486888
-0.01012089430321101,0.01561779670116437,0.001289740166468739
-0.01011671430321101,0.01184571808256063,0.0009482997977485336
-0.01011253430321101,0.01561779670116437,0.0009482997977485336
-0.01010835430321101,0.01561779670116437,0.001289740166468739
-0.01010417430321101,0.01561779670116437,0.0009482997977486888
-0.01009999430321101,0.01561779670116437,0.0009482997977486888
-0.01009581430321101,0.01561779670116437,0.001289740166468739
-0.01009163430321101,0.01561779670116437,0.001289740166468739
-0.01008745430321101,0.01561779670116437,0.0009482997977485336
-0.01008327430321101,0.01561779670116437,0.0006068594290283141
-0.01007909430321101,0.01561779670116437,0.0009482997977483783
-0.01007491430321101,0.01561779670116437,0.001289740166468584
-0.01007073430321101,0.00807363946395861,0.0009482997977485336
-0.01006655430321101,0.01184571808256063,0.0009482997977485336
-0.01006237430321101,0.01561779670116437,0.0009482997977485336
-0.01005819430321101,0.008073639463956894,0.0006068594290283141
-0.01005401430321101,0.01184571808256063,0.0006068594290283141
-0.01004983430321101,0.01184571808256063,0.001289740166468429
-0.01004565430321101,0.01561779670116437,0.0009482997977485336
-0.01004147430321101,0.01561779670116437,0.0009482997977485336
-0.01003729430321101,0.01561779670116437,0.0009482997977485336
-0.01003311430321101,0.01561779670116437,0.0009482997977485336
-0.01002893430321101,0.0193898753197681,0.0009482997977485336
-0.01002475430321101,0.004301560845360019,0.0009482997977485336
-0.01002057430321101,0.01561779670115922,0.001289740166468584
-0.01001639430321101,0.01561779670116265,0.0009482997977485336
-0.01001221430321101,0.01184571808256063,0.0009482997977485336
-0.01000803430321101,0.01561779670116437,0.0009482997977485336
-0.01000385430321101,0.01184571808256063,0.0006068594290283141
-0.009999674303211008,0.01184571808256063,0.0009482997977485336
-0.009995494303211009,0.01184571808256063,0.0009482997977485336
-0.009991314303211006,0.01184571808256235,0.0009482997977485336
-0.009987134303211007,0.01561779670116437,0.0009482997977486888
-0.009982954303211007,0.01561779670116437,0.001289740166468739
-0.009978774303211008,0.01561779670116437,0.0006068594290283141
-0.009974594303211008,0.01184571808256063,0.001289740166468739
-0.009970414303211009,0.01561779670116265,0.0006068594290286247
-0.009966234303211009,0.01561779670116437,0.001289740166468429
-0.009962054303211006,0.008073639463960326,0.0006068594290283141
-0.009957874303211007,0.01561779670116437,0.0006068594290283141
-0.009953694303211007,0.01184571808256063,0.0002654190603080947
-0.009949514303211008,0.01561779670116437,0.0009482997977485336
-0.009945334303211009,0.01184571808256063,0.0006068594290283141
-0.009941154303211009,0.01184571808256063,0.0009482997977483783
-0.009936974303211006,0.01561779670116265,0.0006068594290284694
-0.009932794303211007,0.01184571808256235,0.0009482997977483783
-0.009928614303211007,0.01561779670116437,0.0006068594290283141
-0.009924434303211008,0.01561779670116437,0.0009482997977485336
-0.009920254303211008,0.01184571808256063,0.0009482997977485336
-0.009916074303211009,0.01561779670116265,0.0009482997977485336
-0.009911894303211009,0.01184571808256235,0.0009482997977485336
-0.009907714303211006,0.01184571808256063,0.001289740166468429
-0.009903534303211007,0.01184571808256063,0.0006068594290283141
-0.009899354303211007,0.01561779670116437,0.001289740166468739
-0.009895174303211008,0.0193898753197681,0.0006068594290283141
-0.009890994303211009,0.01184571808256063,0.0009482997977485336
-0.009886814303211009,0.01184571808256063,0.0009482997977485336
-0.009882634303211006,0.01561779670116265,0.0009482997977485336
-0.009878454303211007,0.01184571808256063,0.0009482997977485336
-0.009874274303211007,0.01561779670116437,0.001289740166468739
-0.009870094303211008,0.01184571808256063,0.0009482997977485336
-0.009865914303211008,0.01184571808256063,0.0006068594290283141
-0.009861734303211009,0.01561779670116265,0.0006068594290283141
-0.009857554303211006,0.01184571808256406,0.0009482997977486888
-0.009853374303211006,0.01938987531976467,0.001289740166468429
-0.009849194303211007,0.01184571808256063,0.0006068594290283141
-0.009845014303211008,0.01184571808256063,0.0009482997977485336
-0.009840834303211008,0.01561779670116437,0.0006068594290283141
-0.009836654303211009,0.01561779670116437,0.0009482997977483783
-0.009832474303211009,0.01184571808256235,0.0009482997977485336
-0.009828294303211006,0.01938987531976639,0.0009482997977485336
-0.009824114303211007,0.01561779670116437,0.0009482997977485336
-0.009819934303211007,0.01561779670116437,0.0006068594290283141
-0.009815754303211008,0.01184571808256063,0.0009482997977485336
-0.009811574303211008,0.0193898753197681,0.0006068594290283141
-0.009807394303211009,0.01184571808256406,0.0009482997977483783
-0.009803214303211006,0.01561779670116265,0.0006068594290284694
-0.009799034303211007,0.01184571808256235,0.0009482997977483783
-0.009794854303211007,0.01561779670116437,0.0006068594290283141
-0.009790674303211008,0.01561779670116437,0.001289740166468739
-0.009786494303211008,0.01561779670116437,0.0006068594290283141
-0.009782314303211009,0.01561779670116437,0.0009482997977483783
-0.009778134303211009,0.01184571808256235,0.0002654190603084052
-0.009773954303211006,0.01184571808256235,0.001631180535188648
-0.009769774303211007,0.01561779670116437,0.0009482997977485336
-0.009765594303211007,0.01184571808256063,0.0009482997977485336
-0.009761414303211008,0.01561779670116437,0.0009482997977485336
-0.009757234303211008,0.01184571808256063,0.0006068594290283141
-0.009753054303211009,0.01184571808256063,0.0009482997977483783
-0.009748874303211006,0.01184571808256235,0.0009482997977485336
-0.009744694303211007,0.01561779670116437,0.0009482997977486888
-0.009740514303211007,0.01561779670116437,0.001289740166468739
-0.009736334303211008,0.01184571808256063,0.001289740166468739
-0.009732154303211008,0.01561779670116437,0.0009482997977485336
-0.009727974303211009,0.01561779670116437,0.0006068594290284694
-0.009723794303211009,0.01561779670116437,0.001289740166468429
-0.009719614303211006,0.01561779670116437,0.0009482997977483783
-0.009715434303211007,0.01561779670116437,0.0006068594290283141
-0.009711254303211007,0.01184571808256063,0.0006068594290283141
-0.009707074303211008,0.01561779670116437,0.001289740166468739
-0.009702894303211008,0.01184571808256063,0.001289740166468739
-0.009698714303211009,0.01561779670116265,0.0006068594290286247
-0.009694534303211006,0.008073639463960326,0.0002654190603084052
-0.009690354303211007,0.01561779670116437,0.0009482997977483783
-0.009686174303211007,0.01561779670116437,0.0006068594290283141
-0.009681994303211008,0.01184571808256063,0.0009482997977485336
-0.009677814303211008,0.01561779670116437,0.0006068594290283141
-0.009673634303211009,0.01561779670116437,0.0009482997977483783
-0.009669454303211009,0.01184571808256235,0.0006068594290284694
-0.009665274303211006,0.01184571808256235,0.0006068594290283141
-0.009661094303211007,0.01561779670116437,0.0006068594290283141
-0.009656914303211007,0.01184571808256063,0.0002654190603080947
-0.009652734303211008,0.01561779670116437,0.0006068594290283141
-0.009648554303211009,0.01184571808256063,0.0009482997977485336
-0.009644374303211009,0.01561779670116265,0.0006068594290284694
-0.009640194303211006,0.01561779670116265,0.0009482997977482231
-0.009636014303211007,0.01184571808256063,0.0002654190603080947
-0.009631834303211007,0.01561779670116437,0.0006068594290283141
-0.009627654303211008,0.01184571808256063,0.0009482997977485336
-0.009623474303211008,0.01184571808256063,0.0006068594290283141
-0.009619294303211009,0.01561779670116265,0.00026541906030825
-0.009615114303211006,0.01184571808256406,0.0006068594290283141
-0.009610934303211006,0.01938987531976639,0.0006068594290284694
-0.009606754303211007,0.01561779670116437,0.0009482997977485336
-0.009602574303211008,0.008073639463956894,0.0002654190603080947
-0.009598394303211008,0.01561779670116437,0.0006068594290283141
-0.009594214303211009,0.01561779670116437,0.0006068594290283141
-0.009590034303211009,0.01561779670116437,0.0009482997977483783
-0.009585854303211006,0.01184571808256235,0.0009482997977480678
-0.009581674303211007,0.01561779670116437,-7.602130841211086e-05
-0.009577494303211007,0.01561779670116437,0.0009482997977485336
-0.009573314303211008,0.01561779670116437,0.0006068594290283141
-0.009569134303211008,0.01561779670116437,0.0006068594290283141
-0.009564954303211009,0.01561779670116437,0.0006068594290283141
-0.009560774303211006,0.01184571808256235,0.0006068594290284694
-0.009556594303211007,0.01561779670116437,0.0009482997977483783
-0.009552414303211007,0.01561779670116437,0.0006068594290283141
-0.009548234303211008,0.0193898753197681,0.0006068594290283141
-0.009544054303211008,0.01561779670116437,0.0006068594290283141
-0.009539874303211009,0.01184571808256235,0.0006068594290283141
-0.009535694303211009,0.01184571808256063,0.0006068594290283141
-0.009531514303211006,0.008073639463960326,0.0006068594290283141
-0.009527334303211007,0.01561779670116437,0.0006068594290283141
-0.009523154303211007,0.01561779670116437,0.0006068594290283141
-0.009518974303211008,0.0193898753197681,0.0006068594290283141
-0.009514794303211008,0.01184571808256063,0.0006068594290283141
-0.009510614303211009,0.01561779670116265,0.0006068594290283141
-0.009506434303211006,0.01184571808256235,0.0002654190603084052
-0.009502254303211007,0.01561779670116437,0.0009482997977483783
-0.009498074303211007,0.01561779670116437,0.0006068594290283141
-0.009493894303211008,0.01184571808256063,0.0009482997977485336
-0.009489714303211008,0.01561779670116437,0.0002654190603080947
-0.009485534303211009,0.01184571808256235,0.0006068594290281589
-0.009481354303211009,0.01561779670116265,0.0009482997977483783
-0.009477174303211006,0.01561779670116265,0.0006068594290284694
-0.009472994303211007,0.01184571808256063,0.0009482997977485336
-0.009468814303211007,0.01561779670116437,0.0006068594290283141
-0.009464634303211008,0.01561779670116437,0.0002654190603080947
-0.009460454303211008,0.01184571808256063,0.0009482997977485336
-0.009456274303211009,0.01561779670116265,0.0009482997977485336
-0.009452094303211006,0.01561779670116437,0.0006068594290283141
-0.009447914303211007,0.01561779670116265,0.0006068594290284694
-0.009443734303211007,0.01184571808256063,0.0009482997977485336
-0.009439554303211008,0.01184571808256063,0.0006068594290283141
-0.009435374303211008,0.01561779670116437,0.0009482997977485336
-0.009431194303211009,0.01938987531976639,0.0009482997977485336
-0.009427014303211009,0.01184571808256406,0.0006068594290284694
-0.009422834303211006,0.01938987531976639,0.0006068594290284694
-0.009418654303211007,0.01561779670116437,0.0009482997977485336
-0.009414474303211007,0.01184571808256063,0.0006068594290283141
-0.009410294303211008,0.0193898753197681,0.0009482997977485336
-0.009406114303211009,0.01561779670116437,0.0009482997977485336
-0.009401934303211009,0.01561779670116437,0.0002654190603084052
-0.009397754303211006,0.01184571808256235,0.001289740166468429
-0.009393574303211007,0.01561779670116437,0.0006068594290283141
-0.009389394303211007,0.01184571808256063,0.0006068594290283141
-0.009385214303211008,0.01184571808256063,0.0002654190603080947
-0.009381034303211008,0.01561779670116437,0.0009482997977485336
-0.009376854303211009,0.01184571808256235,0.0006068594290284694
-0.009372674303211006,0.01938987531976467,0.0009482997977482231
-0.009368494303211006,0.01184571808256235,0.0002654190603084052
-0.009364314303211007,0.01561779670116437,0.0009482997977485336
-0.009360134303211008,0.0193898753197681,0.0009482997977485336
-0.009355954303211008,0.01561779670116437,0.0009482997977485336
-0.009351774303211009,0.01561779670116437,0.0006068594290284694
-0.009347594303211009,0.01184571808256235,0.0009482997977483783
-0.009343414303211006,0.01561779670116437,0.001289740166468429
-0.009339234303211007,0.01561779670116437,0.0006068594290283141
-0.009335054303211007,0.01561779670116437,0.0006068594290283141
-0.009330874303211008,0.01184571808256063,0.0006068594290283141
-0.009326694303211008,0.0193898753197681,0.0009482997977485336
-0.009322514303211009,0.01184571808256406,0.0006068594290284694
-0.009318334303211006,0.01561779670116437,0.0009482997977483783
-0.009314154303211006,0.01561779670116265,0.0006068594290283141
-0.009309974303211007,0.01184571808256063,0.0006068594290283141
-0.009305794303211008,0.01561779670116437,0.0009482997977485336
-0.009301614303211008,0.0193898753197681,0.0009482997977485336
-0.009297434303211009,0.01184571808256406,0.0006068594290284694
-0.009293254303211009,0.01561779670116265,0.00026541906030825
-0.009289074303211006,0.01561779670116437,0.0006068594290283141
-0.009284894303211007,0.01561779670116437,0.0006068594290283141
-0.009280714303211007,0.01184571808256063,0.0009482997977485336
-0.009276534303211008,0.0193898753197681,0.0006068594290283141
-0.009272354303211008,0.01561779670116437,0.0009482997977485336
-0.009268174303211009,0.01184571808256235,0.0006068594290284694
-0.009263994303211006,0.01561779670116265,0.0009482997977485336
-0.009259814303211007,0.01184571808256406,0.0009482997977483783
-0.009255634303211007,0.0193898753197681,0.0006068594290283141
-0.009251454303211008,0.01561779670116437,0.0009482997977485336
-0.009247274303211008,0.01184571808256063,0.0006068594290283141
-0.009243094303211009,0.01561779670116265,0.0006068594290283141
-0.009238914303211009,0.01184571808256235,0.0009482997977483783
-0.009234734303211006,0.01561779670116265,0.0006068594290283141
-0.009230554303211007,0.01184571808256063,0.0006068594290283141
-0.009226374303211007,0.01184571808256063,0.001289740166468739
-0.009222194303211008,0.01184571808256063,0.0009482997977485336
-0.009218014303211008,0.01184571808256063,0.0006068594290283141
-0.009213834303211009,0.01938987531976467,0.0006068594290283141
-0.009209654303211006,0.01561779670116265,0.0009482997977483783
-0.009205474303211007,0.01184571808256235,0.0006068594290283141
-0.009201294303211007,0.01561779670116437,0.0006068594290283141
-0.009197114303211008,0.01561779670116437,0.0006068594290283141
-0.009192934303211008,0.01184571808256063,0.0009482997977485336
-0.009188754303211009,0.01184571808256063,0.001289740166468584
-0.009184574303211009,0.01184571808256063,0.0002654190603085605
-0.009180394303211006,0.01561779670116437,0.0009482997977485336
-0.009176214303211007,0.01561779670116437,0.0009482997977485336
-0.009172034303211007,0.01184571808256063,0.0006068594290283141
-0.009167854303211008,0.01561779670116437,0.0009482997977485336
-0.009163674303211009,0.01184571808256063,0.0006068594290283141
-0.009159494303211009,0.01561779670116265,0.0006068594290283141
-0.009155314303211006,0.01184571808256063,0.0009482997977483783
-0.009151134303211007,0.01184571808256063,0.0006068594290283141
-0.009146954303211007,0.01561779670116437,0.0009482997977485336
-0.009142774303211008,0.01561779670116437,0.001289740166468739
-0.009138594303211008,0.01561779670116437,0.0009482997977485336
-0.009134414303211009,0.01938987531976639,0.0009482997977485336
-0.009130234303211006,0.01184571808256063,0.001289740166468429
-0.009126054303211006,0.01184571808256235,0.0006068594290283141
-0.009121874303211007,0.01561779670116437,0.0006068594290283141
-0.009117694303211007,0.01561779670116437,0.0002654190603080947
-0.009113514303211008,0.01561779670116437,0.0009482997977485336
-0.009109334303211009,0.01184571808256235,0.0006068594290284694
-0.009105154303211009,0.01561779670116265,0.0009482997977483783
-0.009100974303211006,0.01184571808256235,0.0009482997977483783
-0.009096794303211007,0.01561779670116437,0.0006068594290283141
-0.009092614303211007,0.01184571808256063,0.0009482997977485336
-0.009088434303211008,0.01184571808256063,0.0006068594290283141
-0.009084254303211008,0.01184571808256063,0.0006068594290283141
-0.009080074303211009,0.01184571808256063,0.0009482997977483783
-0.009075894303211006,0.01561779670116265,0.0006068594290284694
-0.009071714303211006,0.01184571808256235,0.0009482997977485336
-0.009067534303211007,0.01561779670116437,0.0009482997977485336
-0.009063354303211008,0.01561779670116437,0.0009482997977485336
-0.009059174303211008,0.01184571808256063,0.0006068594290283141
-0.009054994303211009,0.01184571808256063,0.0006068594290283141
-0.009050814303211009,0.01938987531976467,0.0006068594290283141
-0.009046634303211006,0.01938987531976467,0.0006068594290284694
-0.009042454303211007,0.01184571808256063,0.0009482997977485336
-0.009038274303211007,0.01561779670116437,0.0006068594290283141
-0.009034094303211008,0.0193898753197681,0.0009482997977485336
-0.009029914303211008,0.01184571808256063,0.0002654190603080947
-0.009025734303211009,0.01561779670116265,0.0009482997977482231
-0.009021554303211006,0.01561779670116265,0.0006068594290283141
-0.009017374303211007,0.01184571808256063,0.0006068594290284694
-0.009013194303211007,0.01184571808256063,0.0009482997977485336
-0.009009014303211008,0.01561779670116437,0.0009482997977485336
-0.009004834303211008,0.01184571808256063,0.0009482997977485336
-0.009000654303211009,0.01184571808256063,0.0006068594290284694
-0.008996474303211009,0.01938987531976467,0.0006068594290283141
-0.008992294303211006,0.01184571808256406,0.0009482997977483783
-0.008988114303211007,0.0193898753197681,0.0006068594290283141
-0.008983934303211007,0.01184571808256063,0.0009482997977485336
-0.008979754303211008,0.0193898753197681,0.0006068594290283141
-0.008975574303211008,0.008073639463956894,0.0006068594290283141
-0.008971394303211009,0.01561779670116093,0.0009482997977483783
-0.008967214303211006,0.01561779670116437,0.0006068594290284694
-0.008963034303211007,0.01561779670116265,0.0009482997977485336
-0.008958854303211007,0.01184571808256063,0.0009482997977485336
-0.008954674303211008,0.01184571808256063,0.0006068594290283141
-0.008950494303211008,0.01561779670116437,0.0009482997977485336
-0.008946314303211009,0.01561779670116437,0.0006068594290284694
-0.008942134303211009,0.01184571808256235,0.0006068594290283141
-0.008937954303211006,0.01184571808256406,0.0009482997977483783
-0.008933774303211007,0.0193898753197681,0.0006068594290283141
-0.008929594303211007,0.01184571808256063,0.0009482997977485336
-0.008925414303211008,0.01561779670116437,0.0006068594290283141
-0.008921234303211008,0.01561779670116437,0.0006068594290283141
-0.008917054303211009,0.01561779670116437,0.0006068594290283141
-0.008912874303211006,0.01561779670116437,0.0009482997977485336
-0.008908694303211007,0.01561779670116265,0.0009482997977483783
-0.008904514303211007,0.01184571808256063,0.0006068594290283141
-0.008900334303211008,0.01184571808256063,0.0006068594290283141
-0.008896154303211008,0.01561779670116437,0.0009482997977485336
-0.008891974303211009,0.008073639463960326,0.0006068594290284694
-0.008887794303211006,0.01184571808256406,0.0009482997977483783
-0.008883614303211006,0.01938987531976639,0.0006068594290284694
-0.008879434303211007,0.01561779670116437,0.0009482997977485336
-0.008875254303211007,0.01184571808256063,0.0009482997977485336
-0.008871074303211008,0.01561779670116437,0.0006068594290283141
-0.008866894303211009,0.01184571808256235,0.0006068594290283141
-0.008862714303211009,0.01938987531976467,0.0006068594290283141
-0.008858534303211006,0.01184571808256063,0.0009482997977483783
-0.008854354303211007,0.01184571808256063,0.0006068594290283141
-0.008850174303211007,0.01561779670116437,0.0002654190603080947
-0.008845994303211008,0.01184571808256063,0.0006068594290283141
-0.008841814303211008,0.0193898753197681,0.0006068594290283141
-0.008837634303211009,0.01561779670116608,0.00026541906030825
-0.008833454303211006,0.01561779670116265,0.001289740166468429
-0.008829274303211006,0.01184571808256235,0.0006068594290283141
-0.008825094303211007,0.01561779670116437,0.0006068594290283141
-0.008820914303211008,0.01561779670116437,0.0009482997977485336
-0.008816734303211008,0.01561779670116437,0.0009482997977485336
-0.008812554303211009,0.01561779670116437,0.0006068594290284694
-0.008808374303211009,0.01561779670116437,0.0006068594290283141
-0.008804194303211006,0.01561779670116437,0.0006068594290283141
-0.008800014303211007,0.01561779670116437,0.0006068594290283141
-0.008795834303211007,0.01184571808256063,0.0006068594290283141
-0.008791654303211008,0.01561779670116437,0.0009482997977485336
-0.008787474303211008,0.01184571808256063,0.0006068594290283141
-0.008783294303211009,0.01561779670116265,0.0006068594290283141
-0.008779114303211006,0.01561779670116265,0.0006068594290283141
-0.008774934303211007,0.01184571808256406,0.0006068594290281589
-0.008770754303211007,0.0193898753197681,0.0002654190603080947
-0.008766574303211008,0.01184571808256063,0.0009482997977485336
-0.008762394303211008,0.01561779670116437,0.0006068594290283141
-0.008758214303211007,0.01561779670116437,0.0006068594290283141
-0.008754034303211007,0.01561779670116437,0.0002654190603080947
-0.008749854303211008,0.0193898753197681,0.0006068594290283141
-0.008745674303211007,0.01184571808256063,0.0009482997977485336
-0.008741494303211007,0.01184571808256063,0.0006068594290283141
-0.008737314303211008,0.0193898753197681,0.0006068594290283141
-0.008733134303211008,0.01561779670116437,0.0006068594290283141
-0.008728954303211007,0.0193898753197681,0.0006068594290283141
-0.008724774303211008,0.01561779670116437,0.0002654190603080947
-0.008720594303211008,0.01561779670116437,0.0006068594290283141
-0.008716414303211007,0.008073639463956894,0.0009482997977485336
-0.008712234303211008,0.0193898753197681,0.0006068594290283141
-0.008708054303211008,0.01184571808256063,0.0009482997977485336
-0.008703874303211007,0.01184571808256063,0.0002654190603080947
-0.008699694303211008,0.01561779670116437,0.0002654190603080947
-0.008695514303211008,0.01561779670116437,0.001289740166468739
-0.008691334303211007,0.01561779670116437,0.0006068594290283141
-0.008687154303211007,0.01561779670116437,0.0006068594290283141
-0.008682974303211008,0.01184571808256063,0.0006068594290283141
-0.008678794303211007,0.01561779670116437,0.0009482997977485336
-0.008674614303211007,0.01184571808256063,0.0006068594290283141
-0.008670434303211008,0.01561779670116437,0.0006068594290283141
-0.008666254303211008,0.01561779670116437,0.0009482997977485336
-0.008662074303211007,0.01561779670116437,0.0006068594290283141
-0.008657894303211008,0.01184571808256063,0.0009482997977485336
-0.008653714303211008,0.01561779670116437,0.0006068594290283141
-0.008649534303211007,0.01184571808256063,0.0009482997977485336
-0.008645354303211008,0.01184571808256063,0.0006068594290283141
-0.008641174303211008,0.01561779670116437,0.0006068594290283141
-0.008636994303211007,0.01184571808256063,0.0006068594290283141
-0.008632814303211007,0.0193898753197681,0.0009482997977485336
-0.008628634303211008,0.01561779670116437,0.0006068594290283141
-0.008624454303211007,0.01184571808256063,0.0009482997977485336
-0.008620274303211007,0.01561779670116437,0.0006068594290283141
-0.008616094303211008,0.01184571808256063,0.0009482997977485336
-0.008611914303211008,0.01561779670116437,0.0009482997977485336
-0.008607734303211007,0.01561779670116437,0.0006068594290283141
-0.008603554303211008,0.0193898753197681,0.0006068594290283141
-0.008599374303211008,0.01561779670116437,0.0009482997977485336
-0.008595194303211007,0.01561779670116437,0.0006068594290283141
-0.008591014303211008,0.01561779670116437,0.0009482997977485336
-0.008586834303211008,0.01561779670116437,0.0009482997977485336
-0.008582654303211007,0.01561779670116437,0.0009482997977485336
-0.008578474303211008,0.01184571808256063,0.0009482997977485336
-0.008574294303211008,0.0193898753197681,0.0009482997977485336
-0.008570114303211007,0.01184571808256063,0.0009482997977485336
-0.008565934303211007,0.01561779670116437,0.0006068594290283141
-0.008561754303211008,0.01561779670116437,0.0009482997977485336
-0.008557574303211007,0.01561779670116437,0.0006068594290283141
-0.008553394303211007,0.0193898753197681,0.0009482997977485336
-0.008549214303211008,0.0193898753197681,0.0006068594290283141
-0.008545034303211008,0.01561779670116437,0.0006068594290283141
-0.008540854303211007,0.01561779670116437,0.0006068594290283141
-0.008536674303211008,0.01561779670116437,0.0009482997977485336
-0.008532494303211008,0.01561779670116437,0.0006068594290283141
-0.008528314303211007,0.01561779670116437,0.001289740166468739
-0.008524134303211008,0.01561779670116437,0.0006068594290283141
-0.008519954303211008,0.008073639463956894,0.0009482997977485336
-0.008515774303211007,0.01561779670116437,0.0006068594290283141
-0.008511594303211007,0.01184571808256063,0.0006068594290283141
-0.008507414303211008,0.01561779670116437,0.0006068594290283141
-0.008503234303211007,0.01184571808256063,0.0006068594290283141
-0.008499054303211007,0.01184571808256063,0.0006068594290283141
-0.008494874303211008,0.01184571808256063,0.001289740166468739
-0.008490694303211008,0.0193898753197681,0.0006068594290283141
-0.008486514303211007,0.0193898753197681,0.0009482997977485336
-0.008482334303211008,0.0193898753197681,0.0002654190603080947
-0.008478154303211008,0.01561779670116437,0.001289740166468739
-0.008473974303211007,0.01184571808256063,0.0006068594290283141
-0.008469794303211008,0.01561779670116437,0.0006068594290283141
-0.008465614303211008,0.01561779670116437,0.0006068594290283141
-0.008461434303211007,0.01561779670116437,0.0009482997977485336
-0.008457254303211008,0.01561779670116437,0.0009482997977485336
-0.008453074303211008,0.01184571808256063,0.0006068594290283141
-0.008448894303211007,0.01561779670116437,0.0009482997977485336
-0.008444714303211007,0.01561779670116437,0.0002654190603080947
-0.008440534303211008,0.01184571808256063,0.0009482997977485336
-0.008436354303211007,0.01561779670116437,0.0006068594290283141
-0.008432174303211007,0.01561779670116437,0.0002654190603080947
-0.008427994303211008,0.01561779670116437,0.001289740166468739
-0.008423814303211008,0.01561779670116437,0.0006068594290283141
-0.008419634303211007,0.01184571808256063,0.0002654190603080947
-0.008415454303211008,0.01184571808256063,0.0006068594290283141
-0.008411274303211008,0.0193898753197681,0.0006068594290283141
-0.008407094303211007,0.01561779670116437,0.0006068594290283141
-0.008402914303211008,0.0193898753197681,0.0006068594290283141
-0.008398734303211008,0.01561779670116437,0.0006068594290283141
-0.008394554303211007,0.01561779670116437,0.0009482997977485336
-0.008390374303211007,0.01561779670116437,0.0009482997977485336
-0.008386194303211008,0.01184571808256063,0.0002654190603080947
-0.008382014303211007,0.01561779670116437,0.0006068594290283141
-0.008377834303211007,0.01561779670116437,0.0006068594290283141
-0.008373654303211008,0.01184571808256063,0.0002654190603080947
-0.008369474303211008,0.01184571808256063,0.0006068594290283141
-0.008365294303211007,0.0193898753197681,0.0006068594290283141
-0.008361114303211008,0.01184571808256063,0.0006068594290283141
-0.008356934303211008,0.01561779670116437,0.0009482997977485336
-0.008352754303211007,0.01561779670116437,0.0009482997977485336
-0.008348574303211008,0.01561779670116437,0.0006068594290283141
-0.008344394303211008,0.01184571808256063,0.0002654190603080947
-0.008340214303211007,0.01561779670116437,0.0006068594290283141
-0.008336034303211007,0.008073639463956894,0.0009482997977485336
-0.008331854303211008,0.0193898753197681,0.0009482997977485336
-0.008327674303211007,0.01561779670116437,0.0009482997977485336
-0.008323494303211007,0.01561779670116437,0.0006068594290283141
-0.008319314303211008,0.008073639463956894,0.0006068594290283141
-0.008315134303211007,0.01561779670116437,0.0006068594290283141
-0.008310954303211007,0.0193898753197681,0.0009482997977485336
-0.008306774303211008,0.01184571808256063,0.0006068594290283141
-0.008302594303211008,0.01184571808256063,0.001289740166468739
-0.008298414303211007,0.01561779670116437,0.0006068594290283141
-0.008294234303211008,0.0193898753197681,0.001289740166468739
-0.008290054303211008,0.01184571808256063,0.0006068594290283141
-0.008285874303211007,0.01561779670116437,0.0009482997977485336
-0.008281694303211008,0.01561779670116437,0.0009482997977485336
-0.008277514303211008,0.01561779670116437,0.0009482997977485336
-0.008273334303211007,0.01561779670116437,0.0006068594290283141
-0.008269154303211007,0.01184571808256063,0.0009482997977485336
-0.008264974303211008,0.01561779670116437,0.0009482997977485336
-0.008260794303211007,0.01184571808256063,0.0006068594290283141
-0.008256614303211007,0.01184571808256063,0.0009482997977485336
-0.008252434303211008,0.01561779670116437,0.0006068594290283141
-0.008248254303211008,0.01184571808256063,0.0006068594290283141
-0.008244074303211007,0.01184571808256063,0.0009482997977485336
-0.008239894303211008,0.008073639463956894,0.0006068594290283141
-0.008235714303211008,0.01561779670116437,0.0006068594290283141
-0.008231534303211007,0.01561779670116437,0.0006068594290283141
-0.008227354303211008,0.01561779670116437,0.0006068594290283141
-0.008223174303211008,0.01184571808256063,0.0009482997977485336
-0.008218994303211007,0.01561779670116437,0.0006068594290283141
-0.008214814303211007,0.01561779670116437,0.0009482997977485336
-0.008210634303211008,0.01561779670116437,0.0009482997977485336
-0.008206454303211007,0.01184571808256063,0.0006068594290283141
-0.008202274303211007,0.01184571808256063,0.0009482997977485336
-0.008198094303211008,0.01561779670116437,0.0006068594290283141
-0.008193914303211007,0.01184571808256063,0.0009482997977485336
-0.008189734303211007,0.01561779670116437,0.0009482997977485336
-0.008185554303211008,0.01184571808256063,0.0006068594290283141
-0.008181374303211008,0.01561779670116437,0.0009482997977485336
-0.008177194303211007,0.01561779670116437,0.0009482997977485336
-0.008173014303211008,0.01561779670116437,0.0006068594290283141
-0.008168834303211008,0.01561779670116437,0.001289740166468739
-0.008164654303211007,0.01561779670116437,0.0006068594290283141
-0.008160474303211008,0.01184571808256063,0.0006068594290283141
-0.008156294303211008,0.01184571808256063,0.0009482997977485336
-0.008152114303211007,0.01561779670116437,0.0006068594290283141
-0.008147934303211007,0.01184571808256063,0.0009482997977485336
-0.008143754303211008,0.01184571808256063,0.0006068594290283141
-0.008139574303211007,0.01184571808256063,0.0006068594290283141
-0.008135394303211007,0.01184571808256063,0.0006068594290283141
-0.008131214303211008,0.01184571808256063,0.0009482997977485336
-0.008127034303211008,0.01184571808256063,0.0006068594290283141
-0.008122854303211007,0.01561779670116437,0.0009482997977485336
-0.008118674303211008,0.01561779670116437,0.0006068594290283141
-0.008114494303211008,0.01184571808256063,0.0009482997977485336
-0.008110314303211007,0.01184571808256063,0.0006068594290283141
-0.008106134303211008,0.01561779670116437,0.0009482997977485336
-0.008101954303211008,0.01184571808256063,0.0009482997977485336
-0.008097774303211007,0.01184571808256063,0.0009482997977485336
-0.008093594303211007,0.01561779670116437,0.0006068594290283141
-0.008089414303211008,0.01561779670116437,0.0006068594290283141
-0.008085234303211007,0.01184571808256063,0.0006068594290283141
-0.008081054303211007,0.01184571808256063,0.0009482997977485336
-0.008076874303211008,0.01561779670116437,0.0002654190603080947
-0.008072694303211007,0.01184571808256063,0.0006068594290283141
-0.008068514303211007,0.01184571808256063,0.0002654190603080947
-0.008064334303211008,0.01561779670116437,0.0009482997977485336
-0.008060154303211008,0.01561779670116437,0.0009482997977485336
-0.008055974303211007,0.0193898753197681,0.0006068594290283141
-0.008051794303211008,0.01184571808256063,0.0009482997977485336
-0.008047614303211008,0.0193898753197681,0.0006068594290283141
-0.008043434303211007,0.01184571808256063,0.0006068594290283141
-0.008039254303211008,0.01561779670116437,0.0009482997977485336
-0.008035074303211008,0.01184571808256063,0.0006068594290283141
-0.008030894303211007,0.01561779670116437,0.0009482997977485336
-0.008026714303211007,0.01561779670116437,0.0009482997977485336
-0.008022534303211008,0.01561779670116437,0.0002654190603080947
-0.008018354303211007,0.01184571808256063,0.0009482997977485336
-0.008014174303211007,0.01561779670116437,0.0002654190603080947
-0.008009994303211008,0.01184571808256063,0.0009482997977485336
-0.008005814303211008,0.01561779670116437,0.0009482997977485336
-0.008001634303211007,0.0193898753197681,0.0009482997977485336
-0.007997454303211008,0.01184571808256063,0.0009482997977485336
-0.007993274303211008,0.01561779670116437,0.0006068594290283141
-0.007989094303211007,0.01561779670116437,0.0009482997977485336
-0.007984914303211008,0.01184571808256063,0.0006068594290283141
-0.007980734303211008,0.0193898753197681,0.0009482997977485336
-0.007976554303211007,0.01561779670116437,0.0006068594290283141
-0.007972374303211007,0.01184571808256063,0.0009482997977485336
-0.007968194303211008,0.0193898753197681,0.0009482997977485336
-0.007964014303211007,0.008073639463956894,0.0009482997977485336
-0.007959834303211007,0.01561779670116437,0.0009482997977485336
-0.007955654303211008,0.01561779670116437,0.0002654190603080947
-0.007951474303211007,0.01184571808256063,0.0009482997977485336
-0.007947294303211007,0.0193898753197681,0.0009482997977485336
-0.007943114303211008,0.008073639463956894,0.0009482997977485336
-0.007938934303211008,0.0193898753197681,0.0006068594290283141
-0.007934754303211007,0.01561779670116437,0.001289740166468739
-0.007930574303211008,0.01184571808256063,0.0009482997977485336
-0.007926394303211008,0.01184571808256063,0.0006068594290283141
-0.007922214303211007,0.01561779670116437,0.0009482997977485336
-0.007918034303211008,0.01184571808256063,0.0009482997977485336
-0.007913854303211008,0.0193898753197681,0.0006068594290283141
-0.007909674303211007,0.01561779670116437,0.0009482997977485336
-0.007905494303211007,0.01184571808256063,0.0009482997977485336
-0.007901314303211008,0.01561779670116437,0.0006068594290283141
-0.007897134303211007,0.01561779670116437,0.001289740166468739
-0.007892954303211007,0.01561779670116437,0.0006068594290283141
-0.007888774303211008,0.01561779670116437,0.0009482997977485336
-0.007884594303211008,0.01184571808256063,0.0006068594290283141
-0.007880414303211007,0.01561779670116437,0.0006068594290283141
-0.007876234303211008,0.01184571808256063,0.0006068594290283141
-0.007872054303211008,0.01561779670116437,0.0002654190603080947
-0.007867874303211007,0.01561779670116437,0.0009482997977485336
-0.007863694303211008,0.01184571808256063,0.0006068594290283141
-0.007859514303211008,0.01561779670116437,0.0009482997977485336
-0.007855334303211007,0.01184571808256063,0.0006068594290283141
-0.007851154303211007,0.01561779670116437,0.0002654190603080947
-0.007846974303211008,0.01561779670116437,0.0009482997977485336
-0.007842794303211007,0.01561779670116437,0.0006068594290283141
-0.007838614303211007,0.01561779670116437,0.0006068594290283141
-0.007834434303211008,0.01561779670116437,0.0006068594290283141
-0.007830254303211007,0.01184571808256063,0.0006068594290283141
-0.007826074303211007,0.01561779670116437,0.0009482997977485336
-0.007821894303211008,0.01184571808256063,0.0006068594290283141
-0.007817714303211008,0.01561779670116437,0.0009482997977485336
-0.007813534303211007,0.01561779670116437,0.0006068594290283141
-0.007809354303211008,0.008073639463956894,0.0009482997977485336
-0.007805174303211008,0.01561779670116437,0.0006068594290283141
-0.007800994303211007,0.01184571808256063,0.0009482997977485336
-0.007796814303211008,0.01561779670116437,0.0006068594290283141
-0.007792634303211008,0.01561779670116437,0.0006068594290283141
-0.007788454303211007,0.01184571808256063,0.0006068594290283141
-0.007784274303211007,0.01561779670116437,0.0009482997977485336
-0.007780094303211008,0.01561779670116437,0.0009482997977485336
-0.007775914303211007,0.01561779670116437,0.0006068594290283141
-0.007771734303211007,0.01184571808256063,0.0009482997977485336
-0.007767554303211008,0.01184571808256063,0.0002654190603080947
-0.007763374303211008,0.01184571808256063,0.0009482997977485336
-0.007759194303211007,0.01561779670116437,0.001289740166468739
-0.007755014303211008,0.01561779670116437,0.0006068594290283141
-0.007750834303211008,0.01184571808256063,0.0002654190603080947
-0.007746654303211007,0.01561779670116437,0.0006068594290283141
-0.007742474303211008,0.01561779670116437,0.0006068594290283141
-0.007738294303211008,0.01184571808256063,0.0006068594290283141
-0.007734114303211007,0.0193898753197681,0.0009482997977485336
-0.007729934303211007,0.01184571808256063,0.0006068594290283141
-0.007725754303211008,0.01561779670116437,0.0009482997977485336
-0.007721574303211007,0.01184571808256063,0.0002654190603080947
-0.007717394303211007,0.01184571808256063,0.0006068594290283141
-0.007713214303211008,0.01184571808256063,0.0006068594290283141
-0.007709034303211007,0.01561779670116437,0.0006068594290283141
-0.007704854303211007,0.01561779670116437,0.0009482997977485336
-0.007700674303211008,0.01184571808256063,0.0009482997977485336
-0.007696494303211008,0.01561779670116437,0.0009482997977485336
-0.007692314303211007,0.01184571808256063,0.0009482997977485336
-0.007688134303211008,0.01184571808256063,0.0006068594290283141
-0.007683954303211008,0.01561779670116437,0.0009482997977485336
-0.007679774303211007,0.01184571808256063,0.0009482997977485336
-0.007675594303211008,0.01561779670116437,0.0009482997977485336
-0.007671414303211008,0.01184571808256063,0.0006068594290283141
-0.007667234303211007,0.0193898753197681,0.0009482997977485336
-0.007663054303211007,0.01184571808256063,0.0009482997977485336
-0.007658874303211008,0.01184571808256063,0.0006068594290283141
-0.007654694303211007,0.01561779670116437,0.0009482997977485336
-0.007650514303211007,0.01184571808256063,0.0006068594290283141
-0.007646334303211008,0.01561779670116437,0.0006068594290283141
-0.007642154303211008,0.01184571808256063,0.0009482997977485336
-0.007637974303211007,0.01561779670116437,0.0009482997977485336
-0.007633794303211008,0.01561779670116437,0.0006068594290283141
-0.007629614303211008,0.01561779670116437,0.001289740166468739
-0.007625434303211007,0.008073639463956894,0.0002654190603080947
-0.007621254303211008,0.0193898753197681,0.0009482997977485336
-0.007617074303211008,0.01184571808256063,0.0006068594290283141
-0.007612894303211007,0.0193898753197681,0.0009482997977485336
-0.007608714303211007,0.01561779670116437,0.0009482997977485336
-0.007604534303211008,0.01184571808256063,0.0009482997977485336
-0.007600354303211007,0.01184571808256063,0.0009482997977485336
-0.007596174303211007,0.01184571808256063,0.0006068594290283141
-0.007591994303211008,0.01184571808256063,0.0009482997977485336
-0.007587814303211007,0.01184571808256063,0.0006068594290283141
-0.007583634303211007,0.01561779670116437,0.001289740166468739
-0.007579454303211008,0.01561779670116437,0.0006068594290283141
-0.007575274303211008,0.01561779670116437,0.0009482997977485336
-0.007571094303211007,0.008073639463956894,0.001289740166468739
-0.007566914303211008,0.01184571808256063,0.0006068594290283141
-0.007562734303211008,0.01561779670116437,0.0009482997977485336
-0.007558554303211007,0.01184571808256063,0.0009482997977485336
-0.007554374303211008,0.01184571808256063,0.001289740166468739
-0.007550194303211008,0.01561779670116437,0.0009482997977485336
-0.007546014303211007,0.01561779670116437,0.0009482997977485336
-0.007541834303211007,0.0193898753197681,0.0009482997977485336
-0.007537654303211008,0.01184571808256063,0.0006068594290283141
-0.007533474303211007,0.01184571808256063,0.0006068594290283141
-0.007529294303211007,0.01561779670116437,0.001289740166468739
-0.007525114303211008,0.01561779670116437,0.0009482997977485336
-0.007520934303211008,0.01184571808256063,0.0009482997977485336
-0.007516754303211007,0.01561779670116437,0.0009482997977485336
-0.007512574303211008,0.01561779670116437,0.0009482997977485336
-0.007508394303211008,0.01184571808256063,0.001289740166468739
-0.007504214303211007,0.01561779670116437,0.0009482997977485336
-0.007500034303211008,0.01561779670116437,0.0009482997977485336
-0.007495854303211008,0.01561779670116437,0.0009482997977485336
-0.007491674303211007,0.01184571808256063,0.0009482997977485336
-0.007487494303211007,0.01184571808256063,0.0009482997977485336
-0.007483314303211008,0.01561779670116437,0.0009482997977485336
-0.007479134303211007,0.0193898753197681,0.0009482997977485336
-0.007474954303211007,0.01561779670116437,0.0006068594290283141
-0.007470774303211008,0.01561779670116437,0.001631180535188959
-0.007466594303211007,0.01184571808256063,0.0009482997977485336
-0.007462414303211007,0.01561779670116437,0.0009482997977485336
-0.007458234303211008,0.01561779670116437,0.001289740166468739
-0.007454054303211008,0.01184571808256063,0.001289740166468739
-0.007449874303211007,0.01561779670116437,0.0009482997977485336
-0.007445694303211008,0.01561779670116437,0.001289740166468739
-0.007441514303211008,0.01184571808256063,0.0006068594290283141
-0.007437334303211007,0.01184571808256063,0.001289740166468739
-0.007433154303211007,0.01561779670116437,0.0009482997977485336
-0.007428974303211008,0.01184571808256063,0.001289740166468739
-0.007424794303211007,0.01561779670116437,0.0009482997977485336
-0.007420614303211007,0.01561779670116437,0.001289740166468739
-0.007416434303211008,0.01184571808256063,0.0009482997977485336
-0.007412254303211007,0.0193898753197681,0.0009482997977485336
-0.007408074303211007,0.008073639463956894,0.0006068594290283141
-0.007403894303211008,0.01561779670116437,0.0009482997977485336
-0.007399714303211008,0.01184571808256063,0.001289740166468739
-0.007395534303211007,0.01561779670116437,0.0009482997977485336
-0.007391354303211008,0.01561779670116437,0.0006068594290283141
-0.007387174303211008,0.01561779670116437,0.0009482997977485336
-0.007382994303211007,0.01561779670116437,0.0009482997977485336
-0.007378814303211008,0.01184571808256063,0.0006068594290283141
-0.007374634303211008,0.01184571808256063,0.0009482997977485336
-0.007370454303211007,0.01184571808256063,0.001289740166468739
-0.007366274303211007,0.01561779670116437,0.0009482997977485336
-0.007362094303211008,0.01561779670116437,0.0009482997977485336
-0.007357914303211007,0.01184571808256063,0.001289740166468739
-0.007353734303211007,0.01561779670116437,0.0009482997977485336
-0.007349554303211008,0.01561779670116437,0.0009482997977485336
-0.007345374303211007,0.01184571808256063,0.0009482997977485336
-0.007341194303211007,0.01561779670116437,0.001289740166468739
-0.007337014303211008,0.01561779670116437,0.001289740166468739
-0.007332834303211008,0.01184571808256063,0.0006068594290283141
-0.007328654303211007,0.0193898753197681,0.001289740166468739
-0.007324474303211008,0.01561779670116437,0.0009482997977485336
-0.007320294303211008,0.01561779670116437,0.0006068594290283141
-0.007316114303211007,0.01184571808256063,0.0009482997977485336
-0.007311934303211007,0.01561779670116437,0.001289740166468739
-0.007307754303211008,0.0193898753197681,0.0009482997977485336
-0.007303574303211007,0.01184571808256063,0.0009482997977485336
-0.007299394303211007,0.01184571808256063,0.001289740166468739
-0.007295214303211008,0.01561779670116437,0.0009482997977485336
-0.007291034303211007,0.01561779670116437,0.0009482997977485336
-0.007286854303211007,0.01561779670116437,0.0006068594290283141
-0.007282674303211008,0.01561779670116437,0.001289740166468739
-0.007278494303211008,0.008073639463956894,0.0009482997977485336
-0.007274314303211007,0.01561779670116437,0.001289740166468739
-0.007270134303211008,0.01184571808256063,0.0006068594290283141
-0.007265954303211008,0.01184571808256063,0.0009482997977485336
-0.007261774303211007,0.01184571808256063,0.0009482997977485336
-0.007257594303211008,0.0193898753197681,0.0009482997977485336
-0.007253414303211008,0.01561779670116437,0.0009482997977485336
-0.007249234303211007,0.01561779670116437,0.001289740166468739
-0.007245054303211007,0.01184571808256063,0.001289740166468739
-0.007240874303211008,0.01561779670116437,0.001289740166468739
-0.007236694303211007,0.01561779670116437,0.0009482997977485336
-0.007232514303211007,0.01184571808256063,0.001289740166468739
-0.007228334303211008,0.01561779670116437,0.001289740166468739
-0.007224154303211007,0.01561779670116437,0.0009482997977485336
-0.007219974303211007,0.0193898753197681,0.0009482997977485336
-0.007215794303211008,0.008073639463956894,0.001631180535188959
-0.007211614303211008,0.01561779670116437,0.0009482997977485336
-0.007207434303211007,0.008073639463956894,0.001289740166468739
-0.007203254303211008,0.01561779670116437,0.001289740166468739
-0.007199074303211008,0.01184571808256063,0.0009482997977485336
-0.007194894303211007,0.01561779670116437,0.001289740166468739
-0.007190714303211007,0.01184571808256063,0.0009482997977485336
-0.007186534303211008,0.01561779670116437,0.001289740166468739
-0.007182354303211007,0.01561779670116437,0.001289740166468739
-0.007178174303211007,0.01184571808256063,0.001289740166468739
-0.007173994303211008,0.01184571808256063,0.0009482997977485336
-0.007169814303211007,0.01184571808256063,0.001631180535188959
-0.007165634303211007,0.01561779670116437,0.0009482997977485336
-0.007161454303211008,0.01561779670116437,0.001289740166468739
-0.007157274303211008,0.01184571808256063,0.0006068594290283141
-0.007153094303211007,0.01184571808256063,0.0009482997977485336
-0.007148914303211008,0.01561779670116437,0.0009482997977485336
-0.007144734303211008,0.01561779670116437,0.0009482997977485336
-0.007140554303211007,0.01561779670116437,0.0009482997977485336
-0.007136374303211008,0.01561779670116437,0.0009482997977485336
-0.007132194303211008,0.01561779670116437,0.0006068594290283141
-0.007128014303211007,0.01561779670116437,0.0009482997977485336
-0.007123834303211007,0.008073639463956894,0.0009482997977485336
-0.007119654303211008,0.01561779670116437,0.0009482997977485336
-0.007115474303211007,0.01184571808256063,0.0009482997977485336
-0.007111294303211007,0.01184571808256063,0.001289740166468739
-0.007107114303211008,0.01561779670116437,0.001289740166468739
-0.007102934303211007,0.01184571808256063,0.001289740166468739
-0.007098754303211007,0.01561779670116437,0.0009482997977485336
-0.007094574303211008,0.01561779670116437,0.0009482997977485336
-0.007090394303211008,0.01561779670116437,0.001289740166468739
-0.007086214303211007,0.01184571808256063,0.001289740166468739
-0.007082034303211008,0.01561779670116437,0.0009482997977485336
-0.007077854303211008,0.01561779670116437,0.0009482997977485336
-0.007073674303211007,0.01561779670116437,0.001289740166468739
-0.007069494303211007,0.01561779670116437,0.0009482997977485336
-0.007065314303211008,0.01561779670116437,0.0009482997977485336
-0.007061134303211007,0.01561779670116437,0.0009482997977485336
-0.007056954303211007,0.01184571808256063,0.0009482997977485336
-0.007052774303211008,0.0193898753197681,0.0009482997977485336
-0.007048594303211007,0.01184571808256063,0.0009482997977485336
-0.007044414303211007,0.01184571808256063,0.001289740166468739
-0.007040234303211008,0.01184571808256063,0.001289740166468739
-0.007036054303211008,0.01184571808256063,0.001289740166468739
-0.007031874303211007,0.0193898753197681,0.0009482997977485336
-0.007027694303211008,0.01184571808256063,0.0009482997977485336
-0.007023514303211008,0.01561779670116437,0.0009482997977485336
-0.007019334303211007,0.01561779670116437,0.001289740166468739
-0.007015154303211008,0.01184571808256063,0.0009482997977485336
-0.007010974303211008,0.01561779670116437,0.001289740166468739
-0.007006794303211007,0.01561779670116437,0.0009482997977485336
-0.007002614303211007,0.01561779670116437,0.001289740166468739
-0.006998434303211008,0.01561779670116437,0.0009482997977485336
-0.006994254303211007,0.0193898753197681,0.0009482997977485336
-0.006990074303211007,0.01184571808256063,0.0009482997977485336
-0.006985894303211008,0.01561779670116437,0.001289740166468739
-0.006981714303211007,0.01561779670116437,0.001289740166468739
-0.006977534303211007,0.01184571808256063,0.0009482997977485336
-0.006973354303211008,0.01184571808256063,0.001289740166468739
-0.006969174303211008,0.01561779670116437,0.0009482997977485336
-0.006964994303211007,0.01561779670116437,0.0009482997977485336
-0.006960814303211008,0.01561779670116437,0.0009482997977485336
-0.006956634303211008,0.01561779670116437,0.0009482997977485336
-0.006952454303211007,0.01184571808256063,0.001289740166468739
-0.006948274303211007,0.01561779670116437,0.0009482997977485336
-0.006944094303211008,0.01561779670116437,0.0009482997977485336
-0.006939914303211007,0.01561779670116437,0.001289740166468739
-0.006935734303211007,0.01561779670116437,0.001289740166468739
-0.006931554303211008,0.01561779670116437,0.0009482997977485336
-0.006927374303211007,0.01561779670116437,0.001289740166468739
-0.006923194303211007,0.01184571808256063,0.001289740166468739
-0.006919014303211008,0.01561779670116437,0.0006068594290283141
-0.006914834303211008,0.01561779670116437,0.001289740166468739
-0.006910654303211007,0.01561779670116437,0.0009482997977485336
-0.006906474303211008,0.01561779670116437,0.0009482997977485336
-0.006902294303211008,0.01184571808256063,0.0009482997977485336
-0.006898114303211007,0.01561779670116437,0.0009482997977485336
-0.006893934303211008,0.01561779670116437,0.0009482997977485336
-0.006889754303211008,0.01184571808256063,0.001289740166468739
-0.006885574303211007,0.01561779670116437,0.001289740166468739
-0.006881394303211007,0.01561779670116437,0.0009482997977485336
-0.006877214303211008,0.01561779670116437,0.0009482997977485336
-0.006873034303211007,0.01561779670116437,0.0006068594290283141
-0.006868854303211007,0.01561779670116437,0.0009482997977485336
-0.006864674303211008,0.01561779670116437,0.001289740166468739
-0.006860494303211007,0.01184571808256063,0.0006068594290283141
-0.006856314303211007,0.01184571808256063,0.0009482997977485336
-0.006852134303211008,0.01561779670116437,0.0009482997977485336
-0.006847954303211008,0.01184571808256063,0.0006068594290283141
-0.006843774303211007,0.01561779670116437,0.0009482997977485336
-0.006839594303211008,0.01561779670116437,0.0006068594290283141
-0.006835414303211008,0.01184571808256063,0.0009482997977485336
-0.006831234303211007,0.01561779670116437,0.001289740166468739
-0.006827054303211007,0.01184571808256063,0.0009482997977485336
-0.006822874303211008,0.0193898753197681,0.0009482997977485336
-0.006818694303211007,0.01184571808256063,0.0009482997977485336
-0.006814514303211007,0.01184571808256063,0.0009482997977485336
-0.006810334303211008,0.02316195393837184,0.0009482997977485336
-0.006806154303211007,0.01184571808256063,0.001289740166468739
-0.006801974303211007,0.01561779670116437,0.0009482997977485336
-0.006797794303211008,0.01561779670116437,0.0009482997977485336
-0.006793614303211008,0.01561779670116437,0.001289740166468739
-0.006789434303211007,0.01184571808256063,0.0009482997977485336
-0.006785254303211008,0.0193898753197681,0.0009482997977485336
-0.006781074303211008,0.01561779670116437,0.0009482997977485336
-0.006776894303211007,0.01184571808256063,0.001289740166468739
-0.006772714303211008,0.01561779670116437,0.001289740166468739
-0.006768534303211008,0.01184571808256063,0.001289740166468739
-0.006764354303211007,0.01561779670116437,0.0006068594290283141
-0.006760174303211007,0.01184571808256063,0.0006068594290283141
-0.006755994303211008,0.01184571808256063,0.0009482997977485336
-0.006751814303211007,0.0193898753197681,0.001289740166468739
-0.006747634303211007,0.01561779670116437,0.0009482997977485336
-0.006743454303211008,0.0193898753197681,0.001289740166468739
-0.006739274303211007,0.01184571808256063,0.0009482997977485336
-0.006735094303211007,0.01561779670116437,0.001289740166468739
-0.006730914303211008,0.01184571808256063,0.0009482997977485336
-0.006726734303211008,0.01184571808256063,0.0009482997977485336
-0.006722554303211007,0.01184571808256063,0.0009482997977485336
-0.006718374303211008,0.0193898753197681,0.0009482997977485336
-0.006714194303211008,0.01184571808256063,0.001289740166468739
-0.006710014303211007,0.01184571808256063,0.0009482997977485336
-0.006705834303211007,0.0193898753197681,0.0009482997977485336
-0.006701654303211008,0.01561779670116437,0.0009482997977485336
-0.006697474303211007,0.01184571808256063,0.0006068594290283141
-0.006693294303211007,0.01561779670116437,0.001289740166468739
-0.006689114303211008,0.008073639463956894,0.0009482997977485336
-0.006684934303211007,0.01184571808256063,0.0006068594290283141
-0.006680754303211007,0.01561779670116437,0.0009482997977485336
-0.006676574303211008,0.0193898753197681,0.001289740166468739
-0.006672394303211008,0.01184571808256063,0.0009482997977485336
-0.006668214303211007,0.01561779670116437,0.0009482997977485336
-0.006664034303211008,0.01561779670116437,0.0009482997977485336
-0.006659854303211008,0.01184571808256063,0.001631180535188959
-0.006655674303211007,0.008073639463956894,0.001289740166468739
-0.006651494303211007,0.01561779670116437,0.0009482997977485336
-0.006647314303211008,0.01561779670116437,0.0009482997977485336
-0.006643134303211007,0.01561779670116437,0.0009482997977485336
-0.006638954303211007,0.01184571808256063,0.001289740166468739
-0.006634774303211008,0.0193898753197681,0.0009482997977485336
-0.006630594303211007,0.01184571808256063,0.0009482997977485336
-0.006626414303211007,0.01561779670116437,0.0009482997977485336
-0.006622234303211008,0.01561779670116437,0.001289740166468739
-0.006618054303211007,0.0193898753197681,0.0009482997977485336
-0.006613874303211007,0.01184571808256063,0.001289740166468739
-0.006609694303211008,0.01561779670116437,0.001289740166468739
-0.006605514303211008,0.01184571808256063,0.0009482997977485336
-0.006601334303211007,0.01561779670116437,0.001289740166468739
-0.006597154303211008,0.01561779670116437,0.0009482997977485336
-0.006592974303211008,0.01561779670116437,0.0009482997977485336
-0.006588794303211007,0.01184571808256063,0.001289740166468739
-0.006584614303211007,0.01561779670116437,0.0006068594290283141
-0.006580434303211008,0.01561779670116437,0.001289740166468739
-0.006576254303211007,0.01184571808256063,0.001289740166468739
-0.006572074303211007,0.01561779670116437,0.0009482997977485336
-0.006567894303211008,0.01561779670116437,0.0009482997977485336
-0.006563714303211007,0.01184571808256063,0.0009482997977485336
-0.006559534303211007,0.01561779670116437,0.0009482997977485336
-0.006555354303211008,0.02316195393837184,0.0006068594290283141
-0.006551174303211008,0.01184571808256063,0.001289740166468739
-0.006546994303211007,0.01561779670116437,0.001289740166468739
-0.006542814303211008,0.01561779670116437,0.0006068594290283141
-0.006538634303211008,0.01184571808256063,0.001631180535188959
-0.006534454303211007,0.01184571808256063,0.0009482997977485336
-0.006530274303211007,0.01561779670116437,0.001289740166468739
-0.006526094303211008,0.01561779670116437,0.001289740166468739
-0.006521914303211007,0.01561779670116437,0.001289740166468739
-0.006517734303211007,0.01184571808256063,0.001289740166468739
-0.006513554303211008,0.01184571808256063,0.001289740166468739
-0.006509374303211007,0.0193898753197681,0.0009482997977485336
-0.006505194303211007,0.01561779670116437,0.0009482997977485336
-0.006501014303211008,0.0193898753197681,0.0009482997977485336
-0.006496834303211007,0.008073639463956894,0.0009482997977485336
-0.006492654303211007,0.01561779670116437,0.0009482997977485336
-0.006488474303211008,0.01184571808256063,0.001289740166468739
-0.006484294303211008,0.01561779670116437,0.0009482997977485336
-0.006480114303211007,0.0193898753197681,0.001289740166468739
-0.006475934303211008,0.01184571808256063,0.0009482997977485336
-0.006471754303211008,0.01561779670116437,0.0009482997977485336
-0.006467574303211007,0.01184571808256063,0.001631180535188959
-0.006463394303211007,0.01561779670116437,0.0009482997977485336
-0.006459214303211008,0.01184571808256063,0.0009482997977485336
-0.006455034303211007,0.01184571808256063,0.0009482997977485336
-0.006450854303211007,0.01561779670116437,0.0009482997977485336
-0.006446674303211008,0.01561779670116437,0.0006068594290283141
-0.006442494303211007,0.01561779670116437,0.0009482997977485336
-0.006438314303211007,0.01561779670116437,0.0009482997977485336
-0.006434134303211008,0.01184571808256063,0.001289740166468739
-0.006429954303211008,0.01561779670116437,0.0009482997977485336
-0.006425774303211007,0.01561779670116437,0.0009482997977485336
-0.006421594303211008,0.01561779670116437,0.0009482997977485336
-0.006417414303211008,0.0193898753197681,0.001631180535188959
-0.006413234303211007,0.01184571808256063,0.0009482997977485336
-0.006409054303211007,0.01184571808256063,0.001289740166468739
-0.006404874303211008,0.0193898753197681,0.0009482997977485336
-0.006400694303211007,0.01561779670116437,0.0009482997977485336
-0.006396514303211007,0.0193898753197681,0.001289740166468739
-0.006392334303211008,0.008073639463956894,0.0006068594290283141
-0.006388154303211007,0.0193898753197681,0.0009482997977485336
-0.006383974303211007,0.01561779670116437,0.0009482997977485336
-0.006379794303211008,0.0193898753197681,0.001289740166468739
-0.006375614303211007,0.01561779670116437,0.0009482997977485336
-0.006371434303211007,0.01561779670116437,0.0009482997977485336
-0.006367254303211008,0.01561779670116437,0.0009482997977485336
-0.006363074303211008,0.01561779670116437,0.0009482997977485336
-0.006358894303211007,0.01561779670116437,0.0009482997977485336
-0.006354714303211008,0.01561779670116437,0.0009482997977485336
-0.006350534303211008,0.01561779670116437,0.0009482997977485336
-0.006346354303211007,0.01184571808256063,0.001289740166468739
-0.006342174303211007,0.01561779670116437,0.0009482997977485336
-0.006337994303211008,0.01561779670116437,0.0009482997977485336
-0.006333814303211007,0.01561779670116437,0.001289740166468739
-0.006329634303211007,0.01561779670116437,0.0009482997977485336
-0.006325454303211008,0.01184571808256063,0.0009482997977485336
-0.006321274303211007,0.0193898753197681,0.0009482997977485336
-0.006317094303211007,0.01561779670116437,0.0006068594290283141
-0.006312914303211008,0.01184571808256063,0.0009482997977485336
-0.006308734303211008,0.01561779670116437,0.001289740166468739
-0.006304554303211007,0.01561779670116437,0.0009482997977485336
-0.006300374303211008,0.01184571808256063,0.0009482997977485336
-0.006296194303211008,0.01561779670116437,0.001631180535188959
-0.006292014303211007,0.01561779670116437,0.0009482997977485336
-0.006287834303211007,0.01561779670116437,0.0009482997977485336
-0.006283654303211008,0.01561779670116437,0.0009482997977485336
-0.006279474303211007,0.01561779670116437,0.0009482997977485336
-0.006275294303211007,0.01561779670116437,0.001289740166468739
-0.006271114303211008,0.01561779670116437,0.0009482997977485336
-0.006266934303211007,0.0193898753197681,0.0009482997977485336
-0.006262754303211007,0.01184571808256063,0.001289740166468739
-0.006258574303211008,0.0193898753197681,0.0009482997977485336
-0.006254394303211007,0.01561779670116437,0.001289740166468739
-0.006250214303211007,0.0193898753197681,0.0009482997977485336
-0.006246034303211008,0.0193898753197681,0.0009482997977485336
-0.006241854303211008,0.0193898753197681,0.001289740166468739
-0.006237674303211007,0.01184571808256063,0.0006068594290283141
-0.006233494303211008,0.01561779670116437,0.0009482997977485336
-0.006229314303211008,0.01184571808256063,0.0006068594290283141
-0.006225134303211007,0.01561779670116437,0.001289740166468739
-0.006220954303211007,0.01561779670116437,0.0009482997977485336
-0.006216774303211008,0.01184571808256063,0.0006068594290283141
-0.006212594303211007,0.01561779670116437,0.001289740166468739
-0.006208414303211007,0.01561779670116437,0.0006068594290283141
-0.006204234303211008,0.0193898753197681,0.0006068594290283141
-0.006200054303211007,0.01561779670116437,0.0009482997977485336
-0.006195874303211007,0.01561779670116437,0.0009482997977485336
-0.006191694303211008,0.01561779670116437,0.0009482997977485336
-0.006187514303211008,0.01184571808256063,0.001289740166468739
-0.006183334303211007,0.01561779670116437,0.001289740166468739
-0.006179154303211008,0.01561779670116437,0.001289740166468739
-0.006174974303211008,0.01561779670116437,0.0009482997977485336
-0.006170794303211007,0.01561779670116437,0.0009482997977485336
-0.006166614303211007,0.01561779670116437,0.0009482997977485336
-0.006162434303211008,0.01184571808256063,0.001289740166468739
-0.006158254303211007,0.0193898753197681,0.0009482997977485336
-0.006154074303211007,0.01561779670116437,0.0009482997977485336
-0.006149894303211008,0.01561779670116437,0.0006068594290283141
-0.006145714303211007,0.01184571808256063,0.0006068594290283141
-0.006141534303211007,0.01561779670116437,0.001289740166468739
-0.006137354303211008,0.01561779670116437,0.001289740166468739
-0.006133174303211007,0.01184571808256063,0.0009482997977485336
-0.006128994303211007,0.01561779670116437,0.0009482997977485336
-0.006124814303211008,0.01184571808256063,0.0009482997977485336
-0.006120634303211008,0.01184571808256063,0.0006068594290283141
-0.006116454303211007,0.01561779670116437,0.001289740166468739
-0.006112274303211008,0.01561779670116437,0.001289740166468739
-0.006108094303211008,0.01184571808256063,0.0006068594290283141
-0.006103914303211007,0.01561779670116437,0.0009482997977485336
-0.006099734303211007,0.01184571808256063,0.001289740166468739
-0.006095554303211008,0.01561779670116437,0.0009482997977485336
-0.006091374303211007,0.01184571808256063,0.001289740166468739
-0.006087194303211007,0.01561779670116437,0.0006068594290283141
-0.006083014303211008,0.008073639463956894,0.0009482997977485336
-0.006078834303211007,0.0193898753197681,0.001289740166468739
-0.006074654303211007,0.01561779670116437,0.0006068594290283141
-0.006070474303211008,0.01561779670116437,0.0009482997977485336
-0.006066294303211008,0.01184571808256063,0.0009482997977485336
-0.006062114303211007,0.0193898753197681,0.0006068594290283141
-0.006057934303211008,0.01184571808256063,0.0006068594290283141
-0.006053754303211008,0.01184571808256063,0.0009482997977485336
-0.006049574303211007,0.0193898753197681,0.001289740166468739
-0.006045394303211007,0.01184571808256063,0.0009482997977485336
-0.006041214303211008,0.01561779670116437,0.001289740166468739
-0.006037034303211007,0.01561779670116437,0.0006068594290283141
-0.006032854303211007,0.0193898753197681,0.001289740166468739
-0.006028674303211008,0.01561779670116437,0.001631180535188959
-0.006024494303211007,0.0193898753197681,0.0006068594290283141
-0.006020314303211007,0.01184571808256063,0.0009482997977485336
-0.006016134303211008,0.0193898753197681,0.001289740166468739
-0.006011954303211007,0.01184571808256063,0.0006068594290283141
-0.006007774303211007,0.01561779670116437,0.0009482997977485336
-0.006003594303211008,0.01561779670116437,0.001289740166468739
-0.005999414303211008,0.01561779670116437,0.0009482997977485336
-0.005995234303211007,0.01561779670116437,0.0006068594290283141
-0.005991054303211008,0.01184571808256063,0.0006068594290283141
-0.005986874303211008,0.01561779670116437,0.0009482997977485336
-0.005982694303211007,0.01561779670116437,0.0009482997977485336
-0.005978514303211007,0.0193898753197681,0.0009482997977485336
-0.005974334303211008,0.01561779670116437,0.0009482997977485336
-0.005970154303211007,0.01184571808256063,0.0006068594290283141
-0.005965974303211007,0.01561779670116437,0.0006068594290283141
-0.005961794303211008,0.01561779670116437,0.0006068594290283141
-0.005957614303211007,0.01184571808256063,0.0009482997977485336
-0.005953434303211007,0.01184571808256063,0.0009482997977485336
-0.005949254303211008,0.01561779670116437,0.0006068594290283141
-0.005945074303211008,0.01184571808256063,0.0009482997977485336
-0.005940894303211007,0.01561779670116437,0.0009482997977485336
-0.005936714303211008,0.0193898753197681,0.0006068594290283141
-0.005932534303211008,0.01561779670116437,0.0009482997977485336
-0.005928354303211007,0.008073639463956894,0.0009482997977485336
-0.005924174303211007,0.0193898753197681,0.0009482997977485336
-0.005919994303211008,0.01184571808256063,0.0009482997977485336
-0.005915814303211007,0.01184571808256063,0.0009482997977485336
-0.005911634303211007,0.01561779670116437,0.0006068594290283141
-0.005907454303211008,0.01184571808256063,0.001289740166468739
-0.005903274303211007,0.01561779670116437,0.0009482997977485336
-0.005899094303211007,0.01184571808256063,0.0009482997977485336
-0.005894914303211008,0.01561779670116437,0.0006068594290283141
-0.005890734303211007,0.01184571808256063,0.001289740166468739
-0.005886554303211007,0.01561779670116437,0.0009482997977485336
-0.005882374303211008,0.01561779670116437,0.0009482997977485336
-0.005878194303211008,0.01184571808256063,0.0009482997977485336
-0.005874014303211007,0.01561779670116437,0.0009482997977485336
-0.005869834303211008,0.01184571808256063,0.0009482997977485336
-0.005865654303211008,0.0193898753197681,0.0009482997977485336
-0.005861474303211007,0.01184571808256063,0.0009482997977485336
-0.005857294303211007,0.01561779670116437,0.001289740166468739
-0.005853114303211008,0.01561779670116437,0.0009482997977485336
-0.005848934303211007,0.01184571808256063,0.001289740166468739
-0.005844754303211007,0.01561779670116437,0.0006068594290283141
-0.005840574303211008,0.01184571808256063,0.0006068594290283141
-0.005836394303211007,0.01561779670116437,0.001289740166468739
-0.005832214303211007,0.01561779670116437,0.0009482997977485336
-0.005828034303211008,0.01184571808256063,0.0009482997977485336
-0.005823854303211008,0.01561779670116437,0.0009482997977485336
-0.005819674303211007,0.01561779670116437,0.0006068594290283141
-0.005815494303211008,0.01561779670116437,0.0009482997977485336
-0.005811314303211008,0.0193898753197681,0.0009482997977485336
-0.005807134303211007,0.01561779670116437,0.0009482997977485336
-0.005802954303211007,0.01561779670116437,0.0009482997977485336
-0.005798774303211008,0.01561779670116437,0.0009482997977485336
-0.005794594303211007,0.01561779670116437,0.0009482997977485336
-0.005790414303211007,0.01561779670116437,0.0006068594290283141
-0.005786234303211008,0.01561779670116437,0.0009482997977485336
-0.005782054303211007,0.01561779670116437,0.0006068594290283141
-0.005777874303211007,0.01184571808256063,0.0009482997977485336
-0.005773694303211008,0.01561779670116437,0.001289740166468739
-0.005769514303211007,0.01561779670116437,0.0006068594290283141
-0.005765334303211007,0.01184571808256063,0.0009482997977485336
-0.005761154303211008,0.01561779670116437,0.001289740166468739
-0.005756974303211008,0.01561779670116437,0.0006068594290283141
-0.005752794303211007,0.01561779670116437,0.001631180535188959
-0.005748614303211007,0.01561779670116437,0.0006068594290283141
-0.005744434303211008,0.01561779670116437,0.001289740166468739
-0.005740254303211007,0.01184571808256063,0.0009482997977485336
-0.005736074303211007,0.01561779670116437,0.0006068594290283141
-0.005731894303211008,0.01184571808256063,0.0006068594290283141
-0.005727714303211007,0.01561779670116437,0.0009482997977485336
-0.005723534303211007,0.0193898753197681,0.001289740166468739
-0.005719354303211008,0.0193898753197681,0.0009482997977485336
-0.005715174303211007,0.01561779670116437,0.0006068594290283141
-0.005710994303211007,0.01561779670116437,0.0009482997977485336
-0.005706814303211008,0.01184571808256063,0.0009482997977485336
-0.005702634303211008,0.01561779670116437,0.0009482997977485336
-0.005698454303211007,0.01561779670116437,0.0006068594290283141
-0.005694274303211008,0.0193898753197681,0.0009482997977485336
-0.005690094303211008,0.01184571808256063,0.0002654190603080947
-0.005685914303211007,0.01561779670116437,0.0006068594290283141
-0.005681734303211007,0.01561779670116437,0.0009482997977485336
-0.005677554303211008,0.01561779670116437,0.0006068594290283141
-0.005673374303211007,0.01184571808256063,0.0002654190603080947
-0.005669194303211007,0.01561779670116437,0.0006068594290283141
-0.005665014303211008,0.0193898753197681,0.0009482997977485336
-0.005660834303211007,0.01561779670116437,0.0006068594290283141
-0.005656654303211007,0.0193898753197681,0.0006068594290283141
-0.005652474303211008,0.01561779670116437,0.0009482997977485336
-0.005648294303211007,0.0193898753197681,0.0006068594290283141
-0.005644114303211007,0.01561779670116437,0.0009482997977485336
-0.005639934303211008,0.01184571808256063,0.0009482997977485336
-0.005635754303211008,0.01561779670116437,0.0002654190603080947
-0.005631574303211007,0.0193898753197681,0.0006068594290283141
-0.005627394303211007,0.01184571808256063,0.0002654190603080947
-0.005623214303211008,0.0193898753197681,0.0009482997977485336
-0.005619034303211007,0.01561779670116437,0.0006068594290283141
-0.005614854303211007,0.0193898753197681,0.0006068594290283141
-0.005610674303211008,0.01184571808256063,0.0009482997977485336
-0.005606494303211007,0.01561779670116437,0.0006068594290283141
-0.005602314303211007,0.01184571808256063,0.0006068594290283141
-0.005598134303211008,0.01184571808256063,0.0006068594290283141
-0.005593954303211007,0.01561779670116437,0.0009482997977485336
-0.005589774303211007,0.01561779670116437,-7.602130841211086e-05
-0.005585594303211008,0.01561779670116437,0.0009482997977485336
-0.005581414303211008,0.01184571808256063,0.0002654190603080947
-0.005577234303211007,0.01561779670116437,0.0002654190603080947
-0.005573054303211008,0.0193898753197681,0.0006068594290283141
-0.005568874303211008,0.01561779670116437,0.0009482997977485336
-0.005564694303211007,0.01184571808256063,0.0002654190603080947
-0.005560514303211007,0.01184571808256063,0.0006068594290283141
-0.005556334303211008,0.01561779670116437,0.0006068594290283141
-0.005552154303211007,0.01184571808256063,0.0006068594290283141
-0.005547974303211007,0.0193898753197681,0.0006068594290283141
-0.005543794303211008,0.01184571808256063,0.0002654190603080947
-0.005539614303211007,0.01561779670116437,0.0006068594290283141
-0.005535434303211007,0.01561779670116437,0.0006068594290283141
-0.005531254303211008,0.01184571808256063,0.0009482997977485336
-0.005527074303211007,0.008073639463956894,0.0002654190603080947
-0.005522894303211007,0.01561779670116437,0.0006068594290283141
-0.005518714303211008,0.01561779670116437,0.0002654190603080947
-0.005514534303211008,0.01561779670116437,0.0006068594290283141
-0.005510354303211007,0.01184571808256063,0.0009482997977485336
-0.005506174303211007,0.01561779670116437,0.0006068594290283141
-0.005501994303211008,0.01561779670116437,0.0006068594290283141
-0.005497814303211007,0.01561779670116437,0.0009482997977485336
-0.005493634303211007,0.01184571808256063,0.0009482997977485336
-0.005489454303211008,0.01561779670116437,0.0009482997977485336
-0.005485274303211007,0.01561779670116437,0.0009482997977485336
-0.005481094303211007,0.01184571808256063,0.0006068594290283141
-0.005476914303211008,0.01561779670116437,0.0006068594290283141
-0.005472734303211007,0.01184571808256063,0.0006068594290283141
-0.005468554303211007,0.01561779670116437,0.0009482997977485336
-0.005464374303211008,0.01561779670116437,0.0009482997977485336
-0.005460194303211008,0.01184571808256063,0.0006068594290283141
-0.005456014303211007,0.01184571808256063,0.0009482997977485336
-0.005451834303211008,0.01561779670116437,0.0006068594290283141
-0.005447654303211008,0.0193898753197681,0.0006068594290283141
-0.005443474303211007,0.01184571808256063,0.0006068594290283141
-0.005439294303211007,0.01561779670116437,0.0002654190603080947
-0.005435114303211008,0.01184571808256063,0.0009482997977485336
-0.005430934303211007,0.01561779670116437,0.0006068594290283141
-0.005426754303211007,0.0193898753197681,0.0006068594290283141
-0.005422574303211008,0.01184571808256063,0.0009482997977485336
-0.005418394303211007,0.0193898753197681,0.0006068594290283141
-0.005414214303211007,0.01561779670116437,0.0006068594290283141
-0.005410034303211008,0.01184571808256063,0.0006068594290283141
-0.005405854303211007,0.01561779670116437,0.0006068594290283141
-0.005401674303211007,0.01561779670116437,0.0006068594290283141
-0.005397494303211008,0.01561779670116437,0.0006068594290283141
-0.005393314303211008,0.01184571808256063,0.0006068594290283141
-0.005389134303211007,0.0193898753197681,0.0006068594290283141
-0.005384954303211007,0.01184571808256063,0.0006068594290283141
-0.005380774303211008,0.01561779670116437,0.0006068594290283141
-0.005376594303211007,0.0193898753197681,0.0006068594290283141
-0.005372414303211007,0.01561779670116437,0.0006068594290283141
-0.005368234303211008,0.01561779670116437,0.0006068594290283141
-0.005364054303211007,0.01561779670116437,0.0002654190603080947
-0.005359874303211007,0.01184571808256063,0.0006068594290283141
-0.005355694303211008,0.0193898753197681,0.0009482997977485336
-0.005351514303211007,0.01561779670116437,0.0002654190603080947
-0.005347334303211007,0.01561779670116437,0.0002654190603080947
-0.005343154303211008,0.0193898753197681,0.0009482997977485336
-0.005338974303211008,0.01184571808256063,0.0009482997977485336
-0.005334794303211007,0.01561779670116437,0.0002654190603080947
-0.005330614303211008,0.01561779670116437,0.0009482997977485336
-0.005326434303211008,0.01561779670116437,0.0006068594290283141
-0.005322254303211007,0.01561779670116437,0.0006068594290283141
-0.005318074303211007,0.01184571808256063,0.0006068594290283141
-0.005313894303211008,0.01561779670116437,0.0006068594290283141
-0.005309714303211007,0.01561779670116437,0.0002654190603080947
-0.005305534303211007,0.01561779670116437,0.0002654190603080947
-0.005301354303211008,0.01561779670116437,0.0009482997977485336
-0.005297174303211007,0.01184571808256063,0.0006068594290283141
-0.005292994303211007,0.01561779670116437,0.0009482997977485336
-0.005288814303211008,0.01561779670116437,0.0009482997977485336
-0.005284634303211007,0.01561779670116437,0.0002654190603080947
-0.005280454303211007,0.01561779670116437,0.0009482997977485336
-0.005276274303211008,0.0193898753197681,0.0006068594290283141
-0.005272094303211008,0.01184571808256063,0.0009482997977485336
-0.005267914303211007,0.0193898753197681,0.0006068594290283141
-0.005263734303211007,0.01184571808256063,0.0006068594290283141
-0.005259554303211008,0.01184571808256063,0.0006068594290283141
-0.005255374303211007,0.01184571808256063,0.0006068594290283141
-0.005251194303211007,0.01561779670116437,0.0006068594290283141
-0.005247014303211008,0.01184571808256063,0.0009482997977485336
-0.005242834303211007,0.01184571808256063,0.0002654190603080947
-0.005238654303211007,0.0193898753197681,0.0009482997977485336
-0.005234474303211008,0.01184571808256063,0.0006068594290283141
-0.005230294303211007,0.01561779670116437,0.0006068594290283141
-0.005226114303211007,0.01561779670116437,0.0009482997977485336
-0.005221934303211008,0.01561779670116437,0.0009482997977485336
-0.005217754303211008,0.01561779670116437,0.0006068594290283141
-0.005213574303211007,0.01184571808256063,0.0009482997977485336
-0.005209394303211008,0.01561779670116437,0.0006068594290283141
-0.005205214303211008,0.01561779670116437,0.0009482997977485336
-0.005201034303211007,0.01184571808256063,0.0009482997977485336
-0.005196854303211007,0.01184571808256063,0.0006068594290283141
-0.005192674303211008,0.01561779670116437,0.0006068594290283141
-0.005188494303211007,0.0193898753197681,0.0006068594290283141
-0.005184314303211007,0.01184571808256063,0.0009482997977485336
-0.005180134303211008,0.01561779670116437,0.0006068594290283141
-0.005175954303211007,0.01184571808256063,0.0009482997977485336
-0.005171774303211007,0.01561779670116437,0.0006068594290283141
-0.005167594303211008,0.01184571808256063,0.0006068594290283141
-0.005163414303211007,0.01561779670116437,0.0009482997977485336
-0.005159234303211007,0.0193898753197681,0.0009482997977485336
-0.005155054303211008,0.01184571808256063,0.0006068594290283141
-0.005150874303211008,0.01184571808256063,0.0006068594290283141
-0.005146694303211007,0.01561779670116437,0.0009482997977485336
-0.005142514303211007,0.01561779670116437,0.0002654190603080947
-0.005138334303211008,0.01561779670116437,0.0006068594290283141
-0.005134154303211007,0.01184571808256063,0.0009482997977485336
-0.005129974303211007,0.01561779670116437,0.0006068594290283141
-0.005125794303211008,0.01561779670116437,0.0006068594290283141
-0.005121614303211007,0.01184571808256063,0.0009482997977485336
-0.005117434303211007,0.01561779670116437,0.0009482997977485336
-0.005113254303211008,0.01561779670116437,0.0006068594290283141
-0.005109074303211007,0.01561779670116437,0.0009482997977485336
-0.005104894303211007,0.01184571808256063,0.0002654190603080947
-0.005100714303211008,0.008073639463956894,0.0006068594290283141
-0.005096534303211008,0.01184571808256063,0.0006068594290283141
-0.005092354303211007,0.01561779670116437,0.0006068594290283141
-0.005088174303211008,0.01184571808256063,0.0006068594290283141
-0.005083994303211008,0.01561779670116437,0.0009482997977485336
-0.005079814303211007,0.01561779670116437,0.0006068594290283141
-0.005075634303211007,0.01184571808256063,0.0006068594290283141
-0.005071454303211008,0.01561779670116437,0.0009482997977485336
-0.005067274303211007,0.01561779670116437,0.0009482997977485336
-0.005063094303211007,0.01561779670116437,0.0002654190603080947
-0.005058914303211008,0.008073639463956894,0.0006068594290283141
-0.005054734303211007,0.01561779670116437,0.0009482997977485336
-0.005050554303211007,0.008073639463956894,0.0006068594290283141
-0.005046374303211008,0.0193898753197681,0.0009482997977485336
-0.005042194303211006,0.01184571808256063,0.0009482997977485336
-0.005038014303211007,0.01184571808256063,0.0006068594290283141
-0.005033834303211008,0.0193898753197681,0.0006068594290283141
-0.005029654303211008,0.008073639463956894,0.0006068594290283141
-0.005025474303211007,0.01561779670116437,0.0009482997977485336
-0.005021294303211007,0.01184571808256063,0.0006068594290283141
-0.005017114303211008,0.01184571808256063,0.0006068594290283141
-0.005012934303211007,0.01561779670116437,0.0009482997977485336
-0.005008754303211007,0.01184571808256063,0.0009482997977485336
-0.005004574303211008,0.01561779670116437,0.0006068594290283141
-0.005000394303211007,0.01184571808256063,0.0009482997977485336
-0.004996214303211007,0.01561779670116437,0.0009482997977485336
-0.004992034303211008,0.01184571808256063,0.0002654190603080947
-0.004987854303211007,0.01561779670116437,0.0009482997977485336
-0.004983674303211007,0.01184571808256063,0.0009482997977485336
-0.004979494303211008,0.01561779670116437,0.0006068594290283141
-0.004975314303211008,0.01184571808256063,0.001289740166468739
-0.004971134303211007,0.0193898753197681,0.0006068594290283141
-0.004966954303211008,0.01184571808256063,0.0009482997977485336
-0.004962774303211008,0.01561779670116437,0.0006068594290283141
-0.004958594303211007,0.01561779670116437,0.0009482997977485336
-0.004954414303211007,0.01561779670116437,0.0009482997977485336
-0.004950234303211008,0.01184571808256063,0.0006068594290283141
-0.004946054303211007,0.01561779670116437,0.0006068594290283141
-0.004941874303211007,0.01184571808256063,0.0006068594290283141
-0.004937694303211008,0.01561779670116437,0.0006068594290283141
-0.004933514303211007,0.01561779670116437,0.0002654190603080947
-0.004929334303211007,0.01561779670116437,0.0009482997977485336
-0.004925154303211008,0.01184571808256063,0.0002654190603080947
-0.004920974303211006,0.01184571808256063,0.0006068594290283141
-0.004916794303211007,0.01184571808256063,0.0006068594290283141
-0.004912614303211008,0.01184571808256063,0.0006068594290283141
-0.004908434303211008,0.0193898753197681,0.0002654190603080947
-0.004904254303211007,0.01561779670116437,0.001289740166468739
-0.004900074303211007,0.01561779670116437,0.0002654190603080947
-0.004895894303211008,0.01184571808256063,0.0009482997977485336
-0.004891714303211007,0.0193898753197681,-7.602130841211086e-05
-0.004887534303211007,0.01561779670116437,0.0006068594290283141
-0.004883354303211008,0.01184571808256063,0.0002654190603080947
-0.004879174303211007,0.01561779670116437,0.001289740166468739
-0.004874994303211007,0.01561779670116437,0.0006068594290283141
-0.004870814303211008,0.01184571808256063,0.0006068594290283141
-0.004866634303211007,0.01561779670116437,0.0006068594290283141
-0.004862454303211007,0.01561779670116437,0.0009482997977485336
-0.004858274303211008,0.01184571808256063,0.0006068594290283141
-0.004854094303211008,0.0193898753197681,0.0009482997977485336
-0.004849914303211007,0.01561779670116437,0.0006068594290283141
-0.004845734303211007,0.01561779670116437,0.0006068594290283141
-0.004841554303211008,0.01561779670116437,0.0006068594290283141
-0.004837374303211007,0.01184571808256063,0.0006068594290283141
-0.004833194303211007,0.0193898753197681,0.001289740166468739
-0.004829014303211008,0.0193898753197681,0.0006068594290283141
-0.004824834303211007,0.01184571808256063,0.0006068594290283141
-0.004820654303211007,0.01184571808256063,0.0002654190603080947
-0.004816474303211008,0.01561779670116437,0.0006068594290283141
-0.004812294303211007,0.01184571808256063,0.0002654190603080947
-0.004808114303211007,0.01561779670116437,0.0002654190603080947
-0.004803934303211008,0.01184571808256063,0.0009482997977485336
-0.004799754303211006,0.01561779670116437,0.0006068594290283141
-0.004795574303211007,0.01184571808256063,0.0006068594290283141
-0.004791394303211008,0.01561779670116437,0.0002654190603080947
-0.004787214303211008,0.01561779670116437,0.0006068594290283141
-0.004783034303211007,0.01561779670116437,0.0006068594290283141
-0.004778854303211007,0.01561779670116437,0.0006068594290283141
-0.004774674303211008,0.01184571808256063,0.0006068594290283141
-0.004770494303211007,0.01561779670116437,0.0009482997977485336
-0.004766314303211007,0.01561779670116437,0.0002654190603080947
-0.004762134303211008,0.01184571808256063,0.001289740166468739
-0.004757954303211007,0.01561779670116437,0.0006068594290283141
-0.004753774303211007,0.01561779670116437,0.0006068594290283141
-0.004749594303211008,0.01184571808256063,0.0009482997977485336
-0.004745414303211007,0.01561779670116437,0.0009482997977485336
-0.004741234303211007,0.01561779670116437,0.0002654190603080947
-0.004737054303211008,0.01561779670116437,0.0009482997977485336
-0.004732874303211008,0.01561779670116437,0.0006068594290283141
-0.004728694303211007,0.01184571808256063,0.0009482997977485336
-0.004724514303211007,0.01561779670116437,0.0009482997977485336
-0.004720334303211008,0.01561779670116437,0.0009482997977485336
-0.004716154303211007,0.01184571808256063,0.0006068594290283141
-0.004711974303211007,0.0193898753197681,0.0006068594290283141
-0.004707794303211008,0.008073639463956894,0.0009482997977485336
-0.004703614303211007,0.01561779670116437,0.0006068594290283141
-0.004699434303211007,0.01184571808256063,0.0009482997977485336
-0.004695254303211008,0.01561779670116437,0.0009482997977485336
-0.004691074303211007,0.01561779670116437,0.0009482997977485336
-0.004686894303211007,0.01561779670116437,0.0009482997977485336
-0.004682714303211008,0.01561779670116437,0.0009482997977485336
-0.004678534303211006,0.01184571808256063,0.0009482997977485336
-0.004674354303211007,0.01561779670116437,0.0006068594290283141
-0.004670174303211008,0.01561779670116437,0.001289740166468739
-0.004665994303211008,0.02316195393837184,0.0009482997977485336
-0.004661814303211007,0.01561779670116437,0.0009482997977485336
-0.004657634303211007,0.01184571808256063,0.0009482997977485336
-0.004653454303211008,0.01561779670116437,0.0009482997977485336
-0.004649274303211007,0.01184571808256063,0.0009482997977485336
-0.004645094303211007,0.01184571808256063,0.0009482997977485336
-0.004640914303211008,0.01561779670116437,0.0009482997977485336
-0.004636734303211007,0.01561779670116437,0.0009482997977485336
-0.004632554303211007,0.01561779670116437,0.0009482997977485336
-0.004628374303211008,0.01184571808256063,0.0006068594290283141
-0.004624194303211007,0.01561779670116437,0.0009482997977485336
-0.004620014303211007,0.01184571808256063,0.0009482997977485336
-0.004615834303211008,0.01561779670116437,0.0009482997977485336
-0.004611654303211008,0.01184571808256063,0.0009482997977485336
-0.004607474303211007,0.01561779670116437,0.001289740166468739
-0.004603294303211007,0.01184571808256063,0.0009482997977485336
-0.004599114303211008,0.01561779670116437,0.001289740166468739
-0.004594934303211007,0.01561779670116437,0.0009482997977485336
-0.004590754303211007,0.01561779670116437,0.001289740166468739
-0.004586574303211008,0.01184571808256063,0.0009482997977485336
-0.004582394303211007,0.01561779670116437,0.0009482997977485336
-0.004578214303211007,0.01561779670116437,0.0006068594290283141
-0.004574034303211008,0.01184571808256063,0.0009482997977485336
-0.004569854303211007,0.01561779670116437,0.0009482997977485336
-0.004565674303211007,0.01561779670116437,0.001289740166468739
-0.004561494303211008,0.01561779670116437,0.001289740166468739
-0.004557314303211006,0.01184571808256063,0.001289740166468739
-0.004553134303211007,0.01561779670116437,0.0009482997977485336
-0.004548954303211008,0.01561779670116437,0.001289740166468739
-0.004544774303211008,0.01561779670116437,0.0009482997977485336
-0.004540594303211007,0.01184571808256063,0.001289740166468739
-0.004536414303211007,0.01561779670116437,0.0009482997977485336
-0.004532234303211008,0.01561779670116437,0.0009482997977485336
-0.004528054303211007,0.01561779670116437,0.0009482997977485336
-0.004523874303211007,0.01184571808256063,0.0009482997977485336
-0.004519694303211008,0.01561779670116437,0.0009482997977485336
-0.004515514303211007,0.01184571808256063,0.0009482997977485336
-0.004511334303211007,0.01561779670116437,0.0009482997977485336
-0.004507154303211008,0.01184571808256063,0.0009482997977485336
-0.004502974303211007,0.01184571808256063,0.001289740166468739
-0.004498794303211007,0.01561779670116437,0.0009482997977485336
-0.004494614303211008,0.0193898753197681,0.0009482997977485336
-0.004490434303211008,0.01184571808256063,0.001289740166468739
-0.004486254303211007,0.01561779670116437,0.001289740166468739
-0.004482074303211007,0.01561779670116437,0.001289740166468739
-0.004477894303211008,0.01184571808256063,0.0006068594290283141
-0.004473714303211007,0.01561779670116437,0.001289740166468739
-0.004469534303211007,0.01184571808256063,0.0009482997977485336
-0.004465354303211008,0.0193898753197681,0.0009482997977485336
-0.004461174303211007,0.01184571808256063,0.0009482997977485336
-0.004456994303211007,0.01184571808256063,0.001289740166468739
-0.004452814303211008,0.0193898753197681,0.0009482997977485336
-0.004448634303211007,0.01561779670116437,0.0009482997977485336
-0.004444454303211007,0.01561779670116437,0.0009482997977485336
-0.004440274303211008,0.01561779670116437,0.0009482997977485336
-0.004436094303211008,0.01561779670116437,0.0009482997977485336
-0.004431914303211007,0.01561779670116437,0.0009482997977485336
-0.004427734303211008,0.01184571808256063,0.0009482997977485336
-0.004423554303211008,0.01561779670116437,0.001289740166468739
-0.004419374303211007,0.01561779670116437,0.0009482997977485336
-0.004415194303211007,0.01561779670116437,0.0006068594290283141
-0.004411014303211008,0.01561779670116437,0.0009482997977485336
-0.004406834303211007,0.01561779670116437,0.0009482997977485336
-0.004402654303211007,0.01184571808256063,0.0009482997977485336
-0.004398474303211008,0.0193898753197681,0.0009482997977485336
-0.004394294303211007,0.01184571808256063,0.0009482997977485336
-0.004390114303211007,0.0193898753197681,0.0009482997977485336
-0.004385934303211008,0.01561779670116437,0.0009482997977485336
-0.004381754303211007,0.01561779670116437,0.0009482997977485336
-0.004377574303211007,0.01184571808256063,0.0009482997977485336
-0.004373394303211008,0.0193898753197681,0.0009482997977485336
-0.004369214303211008,0.0193898753197681,0.0009482997977485336
-0.004365034303211007,0.01184571808256063,0.0006068594290283141
-0.004360854303211007,0.01561779670116437,0.001289740166468739
-0.004356674303211008,0.01561779670116437,0.0006068594290283141
-0.004352494303211007,0.0193898753197681,0.0009482997977485336
-0.004348314303211007,0.01561779670116437,0.001289740166468739
-0.004344134303211008,0.01184571808256063,0.001289740166468739
-0.004339954303211007,0.01184571808256063,0.0009482997977485336
-0.004335774303211007,0.01561779670116437,0.0009482997977485336
-0.004331594303211008,0.01561779670116437,0.0009482997977485336
-0.004327414303211007,0.01184571808256063,0.0009482997977485336
-0.004323234303211007,0.01184571808256063,0.0006068594290283141
-0.004319054303211008,0.01561779670116437,0.0009482997977485336
-0.004314874303211008,0.01561779670116437,0.0006068594290283141
-0.004310694303211007,0.01561779670116437,0.0006068594290283141
-0.004306514303211008,0.01561779670116437,0.0006068594290283141
-0.004302334303211008,0.01184571808256063,0.0009482997977485336
-0.004298154303211007,0.01561779670116437,0.0009482997977485336
-0.004293974303211007,0.01184571808256063,0.0009482997977485336
-0.004289794303211008,0.01561779670116437,0.0009482997977485336
-0.004285614303211007,0.01561779670116437,0.0006068594290283141
-0.004281434303211007,0.01561779670116437,0.0009482997977485336
-0.004277254303211008,0.01561779670116437,0.0009482997977485336
-0.004273074303211007,0.0193898753197681,0.0009482997977485336
-0.004268894303211007,0.01561779670116437,0.0006068594290283141
-0.004264714303211008,0.01184571808256063,0.0006068594290283141
-0.004260534303211006,0.0193898753197681,0.0009482997977485336
-0.004256354303211007,0.01561779670116437,0.0009482997977485336
-0.004252174303211008,0.01184571808256063,0.0006068594290283141
-0.004247994303211008,0.0193898753197681,0.001289740166468739
-0.004243814303211007,0.01184571808256063,0.0009482997977485336
-0.004239634303211007,0.01561779670116437,0.0009482997977485336
-0.004235454303211008,0.01561779670116437,0.0009482997977485336
-0.004231274303211007,0.01184571808256063,0.0009482997977485336
-0.004227094303211007,0.01561779670116437,0.0009482997977485336
-0.004222914303211008,0.01184571808256063,0.001289740166468739
-0.004218734303211007,0.01561779670116437,0.0009482997977485336
-0.004214554303211007,0.01561779670116437,0.0009482997977485336
-0.004210374303211008,0.01561779670116437,0.0009482997977485336
-0.004206194303211007,0.01184571808256063,0.0009482997977485336
-0.004202014303211007,0.01184571808256063,0.0009482997977485336
-0.004197834303211008,0.01561779670116437,0.0009482997977485336
-0.004193654303211008,0.01561779670116437,0.0009482997977485336
-0.004189474303211007,0.01561779670116437,0.0009482997977485336
-0.004185294303211008,0.01561779670116437,0.001289740166468739
-0.004181114303211008,0.01561779670116437,0.001289740166468739
-0.004176934303211007,0.01561779670116437,0.0006068594290283141
-0.004172754303211007,0.01184571808256063,0.0009482997977485336
-0.004168574303211008,0.01561779670116437,0.0009482997977485336
-0.004164394303211007,0.01184571808256063,0.001289740166468739
-0.004160214303211007,0.01561779670116437,0.0009482997977485336
-0.004156034303211008,0.01561779670116437,0.001289740166468739
-0.004151854303211007,0.01184571808256063,0.0009482997977485336
-0.004147674303211007,0.01184571808256063,0.001289740166468739
-0.004143494303211008,0.01561779670116437,0.0009482997977485336
-0.004139314303211006,0.01561779670116437,0.0009482997977485336
-0.004135134303211007,0.01184571808256063,0.001289740166468739
-0.004130954303211008,0.01561779670116437,0.001289740166468739
-0.004126774303211008,0.0193898753197681,0.0009482997977485336
-0.004122594303211007,0.01561779670116437,0.0009482997977485336
-0.004118414303211007,0.01561779670116437,0.0006068594290283141
-0.004114234303211008,0.01561779670116437,0.0009482997977485336
-0.004110054303211007,0.01184571808256063,0.001289740166468739
-0.004105874303211007,0.01561779670116437,0.001289740166468739
-0.004101694303211008,0.0193898753197681,0.001289740166468739
-0.004097514303211007,0.008073639463956894,0.0006068594290283141
-0.004093334303211007,0.0193898753197681,0.0009482997977485336
-0.004089154303211008,0.0193898753197681,0.0009482997977485336
-0.004084974303211007,0.01184571808256063,0.001289740166468739
-0.004080794303211007,0.01184571808256063,0.001289740166468739
-0.004076614303211008,0.01561779670116437,0.0009482997977485336
-0.004072434303211008,0.01561779670116437,0.0009482997977485336
-0.004068254303211007,0.01561779670116437,0.0006068594290283141
-0.004064074303211008,0.01184571808256063,0.0009482997977485336
-0.004059894303211008,0.01561779670116437,0.001289740166468739
-0.004055714303211007,0.008073639463956894,0.001289740166468739
-0.004051534303211007,0.01561779670116437,0.0009482997977485336
-0.004047354303211008,0.01184571808256063,0.0006068594290283141
-0.004043174303211007,0.01561779670116437,0.0009482997977485336
-0.004038994303211007,0.0193898753197681,0.001289740166468739
-0.004034814303211008,0.0193898753197681,0.0009482997977485336
-0.004030634303211007,0.008073639463956894,0.0009482997977485336
-0.004026454303211007,0.01184571808256063,0.0009482997977485336
-0.004022274303211008,0.01561779670116437,0.0006068594290283141
-0.004018094303211006,0.01184571808256063,0.001289740166468739
-0.004013914303211007,0.01561779670116437,0.0009482997977485336
-0.004009734303211008,0.01561779670116437,0.0009482997977485336
-0.004005554303211008,0.01561779670116437,0.0009482997977485336
-0.004001374303211007,0.01184571808256063,0.0006068594290283141
-0.003997194303211007,0.0193898753197681,0.0009482997977485336
-0.003993014303211008,0.01184571808256063,0.0006068594290283141
-0.003988834303211007,0.01561779670116437,0.001289740166468739
-0.003984654303211007,0.01184571808256063,0.0006068594290283141
-0.003980474303211008,0.01561779670116437,0.0009482997977485336
-0.003976294303211007,0.01561779670116437,0.001289740166468739
-0.003972114303211007,0.0193898753197681,0.0009482997977485336
-0.003967934303211008,0.01561779670116437,0.001289740166468739
-0.003963754303211007,0.01561779670116437,0.0006068594290283141
-0.003959574303211007,0.01184571808256063,0.001289740166468739
-0.003955394303211008,0.01561779670116437,0.001289740166468739
-0.003951214303211008,0.01184571808256063,0.001289740166468739
-0.003947034303211007,0.01561779670116437,0.0009482997977485336
-0.003942854303211007,0.01561779670116437,0.0006068594290283141
-0.003938674303211008,0.0193898753197681,0.001289740166468739
-0.003934494303211007,0.01561779670116437,0.0009482997977485336
-0.003930314303211007,0.01561779670116437,0.0009482997977485336
-0.003926134303211008,0.0193898753197681,0.0009482997977485336
-0.003921954303211007,0.01184571808256063,0.0009482997977485336
-0.003917774303211007,0.01184571808256063,0.0006068594290283141
-0.003913594303211008,0.0193898753197681,0.0009482997977485336
-0.003909414303211007,0.008073639463956894,0.0009482997977485336
-0.003905234303211007,0.0193898753197681,0.0009482997977485336
-0.003901054303211008,0.01561779670116437,0.0009482997977485336
-0.003896874303211006,0.01184571808256063,0.001289740166468739
-0.003892694303211007,0.01561779670116437,0.0009482997977485336
-0.003888514303211008,0.0193898753197681,0.0009482997977485336
-0.003884334303211008,0.01184571808256063,0.001289740166468739
-0.003880154303211007,0.0193898753197681,0.0006068594290283141
-0.003875974303211007,0.01561779670116437,0.0009482997977485336
-0.003871794303211008,0.01184571808256063,0.001289740166468739
-0.003867614303211007,0.01561779670116437,0.001289740166468739
-0.003863434303211007,0.01561779670116437,0.0006068594290283141
-0.003859254303211008,0.01184571808256063,0.0009482997977485336
-0.003855074303211007,0.0193898753197681,0.0006068594290283141
-0.003850894303211007,0.01561779670116437,0.001289740166468739
-0.003846714303211008,0.01184571808256063,0.001289740166468739
-0.003842534303211007,0.0193898753197681,0.0009482997977485336
-0.003838354303211007,0.01561779670116437,0.001289740166468739
-0.003834174303211008,0.008073639463956894,0.0006068594290283141
-0.003829994303211008,0.01184571808256063,0.001289740166468739
-0.003825814303211007,0.01184571808256063,0.001289740166468739
-0.003821634303211007,0.0193898753197681,0.0002654190603080947
-0.003817454303211008,0.01184571808256063,0.0006068594290283141
-0.003813274303211007,0.01561779670116437,0.0009482997977485336
-0.003809094303211007,0.01184571808256063,0.0009482997977485336
-0.003804914303211008,0.01561779670116437,0.0009482997977485336
-0.003800734303211007,0.01561779670116437,0.001289740166468739
-0.003796554303211007,0.01184571808256063,0.0002654190603080947
-0.003792374303211008,0.01184571808256063,0.0009482997977485336
-0.003788194303211007,0.01184571808256063,0.0006068594290283141
-0.003784014303211007,0.01561779670116437,0.001289740166468739
-0.003779834303211008,0.01184571808256063,0.0009482997977485336
-0.003775654303211006,0.01561779670116437,0.0009482997977485336
-0.003771474303211007,0.01184571808256063,0.0006068594290283141
-0.003767294303211008,0.01184571808256063,0.001289740166468739
-0.003763114303211008,0.01184571808256063,0.0009482997977485336
-0.003758934303211007,0.01561779670116437,0.0006068594290283141
-0.003754754303211007,0.01184571808256063,0.0009482997977485336
-0.003750574303211008,0.01561779670116437,0.0009482997977485336
-0.003746394303211007,0.01184571808256063,0.0009482997977485336
-0.003742214303211007,0.01561779670116437,0.0006068594290283141
-0.003738034303211008,0.02316195393837184,0.001289740166468739
-0.003733854303211007,0.01184571808256063,0.0009482997977485336
-0.003729674303211007,0.0193898753197681,0.0009482997977485336
-0.003725494303211008,0.01184571808256063,0.0006068594290283141
-0.003721314303211007,0.01561779670116437,0.0009482997977485336
-0.003717134303211007,0.0193898753197681,0.0006068594290283141
-0.003712954303211008,0.01561779670116437,0.0006068594290283141
-0.003708774303211008,0.01561779670116437,0.001289740166468739
-0.003704594303211007,0.01184571808256063,0.0009482997977485336
-0.003700414303211007,0.01184571808256063,0.0006068594290283141
-0.003696234303211008,0.01561779670116437,0.0009482997977485336
-0.003692054303211007,0.01184571808256063,0.0009482997977485336
-0.003687874303211007,0.008073639463956894,0.0009482997977485336
-0.003683694303211008,0.0193898753197681,0.0006068594290283141
-0.003679514303211007,0.01561779670116437,0.0009482997977485336
-0.003675334303211007,0.01184571808256063,0.0006068594290283141
-0.003671154303211008,0.0193898753197681,0.0006068594290283141
-0.003666974303211007,0.01561779670116437,0.0009482997977485336
-0.003662794303211007,0.01184571808256063,0.0006068594290283141
-0.003658614303211008,0.0193898753197681,0.0006068594290283141
-0.003654434303211006,0.01184571808256063,0.0009482997977485336
-0.003650254303211007,0.01561779670116437,0.0009482997977485336
-0.003646074303211008,0.01184571808256063,0.0006068594290283141
-0.003641894303211008,0.01561779670116437,0.0006068594290283141
-0.003637714303211007,0.01184571808256063,0.0009482997977485336
-0.003633534303211007,0.01561779670116437,0.0009482997977485336
-0.003629354303211008,0.01184571808256063,0.0006068594290283141
-0.003625174303211007,0.01184571808256063,0.0006068594290283141
-0.003620994303211007,0.01561779670116437,0.0006068594290283141
-0.003616814303211008,0.01184571808256063,0.0006068594290283141
-0.003612634303211007,0.01561779670116437,0.0009482997977485336
-0.003608454303211007,0.01561779670116437,0.0006068594290283141
-0.003604274303211008,0.01561779670116437,0.0009482997977485336
-0.003600094303211007,0.01561779670116437,0.0006068594290283141
-0.003595914303211007,0.01184571808256063,0.0009482997977485336
-0.003591734303211008,0.0193898753197681,0.0006068594290283141
-0.003587554303211008,0.01184571808256063,0.0009482997977485336
-0.003583374303211007,0.01561779670116437,0.0006068594290283141
-0.003579194303211007,0.01561779670116437,0.0006068594290283141
-0.003575014303211008,0.01561779670116437,0.0006068594290283141
-0.003570834303211007,0.01184571808256063,0.0006068594290283141
-0.003566654303211007,0.01561779670116437,0.0006068594290283141
-0.003562474303211008,0.01561779670116437,0.0006068594290283141
-0.003558294303211007,0.01561779670116437,0.0009482997977485336
-0.003554114303211007,0.01184571808256063,0.0006068594290283141
-0.003549934303211008,0.01561779670116437,0.0006068594290283141
-0.003545754303211007,0.01561779670116437,0.001289740166468739
-0.003541574303211007,0.01561779670116437,0.0006068594290283141
-0.003537394303211008,0.01561779670116437,0.0006068594290283141
-0.003533214303211006,0.01184571808256063,0.0009482997977485336
-0.003529034303211007,0.01561779670116437,0.0009482997977485336
-0.003524854303211008,0.01184571808256063,0.0009482997977485336
-0.003520674303211008,0.01561779670116437,0.0006068594290283141
-0.003516494303211007,0.01561779670116437,0.0006068594290283141
-0.003512314303211007,0.01184571808256063,0.0009482997977485336
-0.003508134303211008,0.01184571808256063,0.0009482997977485336
-0.003503954303211007,0.01184571808256063,0.0009482997977485336
-0.003499774303211007,0.01184571808256063,0.0006068594290283141
-0.003495594303211008,0.01561779670116437,0.0009482997977485336
-0.003491414303211007,0.0193898753197681,0.0006068594290283141
-0.003487234303211007,0.01184571808256063,0.0009482997977485336
-0.003483054303211008,0.0193898753197681,0.0006068594290283141
-0.003478874303211007,0.01561779670116437,0.0009482997977485336
-0.003474694303211007,0.01561779670116437,0.0009482997977485336
-0.003470514303211008,0.01561779670116437,0.0009482997977485336
-0.003466334303211008,0.01561779670116437,0.0009482997977485336
-0.003462154303211007,0.01561779670116437,0.0006068594290283141
-0.003457974303211007,0.01561779670116437,0.0009482997977485336
-0.003453794303211008,0.0193898753197681,0.0006068594290283141
-0.003449614303211007,0.0193898753197681,0.0009482997977485336
-0.003445434303211007,0.01561779670116437,0.0006068594290283141
-0.003441254303211008,0.01184571808256063,0.0006068594290283141
-0.003437074303211007,0.01561779670116437,0.0006068594290283141
-0.003432894303211007,0.01184571808256063,0.0006068594290283141
-0.003428714303211008,0.01561779670116437,0.0009482997977485336
-0.003424534303211007,0.01184571808256063,0.0002654190603080947
-0.003420354303211007,0.0193898753197681,0.001289740166468739
-0.003416174303211008,0.01561779670116437,0.0009482997977485336
-0.003411994303211006,0.01561779670116437,0.0002654190603080947
-0.003407814303211007,0.0193898753197681,0.0009482997977485336
-0.003403634303211008,0.01561779670116437,0.0006068594290283141
-0.003399454303211008,0.01184571808256063,0.0009482997977485336
-0.003395274303211007,0.01561779670116437,0.0006068594290283141
-0.003391094303211007,0.01184571808256063,0.0009482997977485336
-0.003386914303211008,0.008073639463956894,0.0002654190603080947
-0.003382734303211007,0.01561779670116437,0.0002654190603080947
-0.003378554303211007,0.01561779670116437,0.0009482997977485336
-0.003374374303211008,0.01184571808256063,0.0002654190603080947
-0.003370194303211007,0.01184571808256063,0.0009482997977485336
-0.003366014303211007,0.01184571808256063,0.0009482997977485336
-0.003361834303211008,0.01184571808256063,0.0009482997977485336
-0.003357654303211006,0.01561779670116437,0.0006068594290283141
-0.003353474303211007,0.01561779670116437,0.0006068594290283141
-0.003349294303211008,0.01184571808256063,0.0002654190603080947
-0.003345114303211008,0.01561779670116437,0.0006068594290283141
-0.003340934303211007,0.01184571808256063,0.0006068594290283141
-0.003336754303211007,0.01561779670116437,0.0006068594290283141
-0.003332574303211008,0.01561779670116437,0.0002654190603080947
-0.003328394303211007,0.01561779670116437,0.0006068594290283141
-0.003324214303211007,0.01561779670116437,0.0002654190603080947
-0.003320034303211008,0.01184571808256063,0.0009482997977485336
-0.003315854303211007,0.01561779670116437,0.0006068594290283141
-0.003311674303211007,0.01561779670116437,0.0009482997977485336
-0.003307494303211008,0.01184571808256063,0.0002654190603080947
-0.003303314303211007,0.01561779670116437,0.0006068594290283141
-0.003299134303211007,0.008073639463956894,0.0006068594290283141
-0.003294954303211008,0.01184571808256063,0.0006068594290283141
-0.003290774303211006,0.01561779670116437,0.0009482997977485336
-0.003286594303211007,0.01184571808256063,0.0006068594290283141
-0.003282414303211008,0.01184571808256063,0.0006068594290283141
-0.003278234303211008,0.01184571808256063,0.0002654190603080947
-0.003274054303211007,0.01561779670116437,0.0009482997977485336
-0.003269874303211007,0.01561779670116437,0.0006068594290283141
-0.003265694303211008,0.01184571808256063,0.0006068594290283141
-0.003261514303211007,0.01184571808256063,0.0009482997977485336
-0.003257334303211007,0.01184571808256063,0.0002654190603080947
-0.003253154303211008,0.01561779670116437,0.0006068594290283141
-0.003248974303211007,0.01184571808256063,0.0006068594290283141
-0.003244794303211007,0.008073639463956894,0.0002654190603080947
-0.003240614303211008,0.01561779670116437,0.0009482997977485336
-0.003236434303211006,0.01184571808256063,0.0006068594290283141
-0.003232254303211007,0.01561779670116437,0.0006068594290283141
-0.003228074303211008,0.01561779670116437,0.0009482997977485336
-0.003223894303211008,0.01561779670116437,0.0002654190603080947
-0.003219714303211007,0.01561779670116437,0.0009482997977485336
-0.003215534303211007,0.01184571808256063,0.0006068594290283141
-0.003211354303211008,0.01561779670116437,0.0002654190603080947
-0.003207174303211007,0.01184571808256063,0.0006068594290283141
-0.003202994303211007,0.0193898753197681,0.0006068594290283141
-0.003198814303211008,0.01561779670116437,0.0006068594290283141
-0.003194634303211007,0.01184571808256063,0.0006068594290283141
-0.003190454303211007,0.01184571808256063,0.0006068594290283141
-0.003186274303211008,0.01184571808256063,0.0009482997977485336
-0.003182094303211007,0.01561779670116437,0.0002654190603080947
-0.003177914303211007,0.01184571808256063,0.0006068594290283141
-0.003173734303211008,0.01561779670116437,0.0006068594290283141
-0.003169554303211006,0.01561779670116437,0.0006068594290283141
-0.003165374303211007,0.01184571808256063,0.0006068594290283141
-0.003161194303211008,0.01561779670116437,0.0006068594290283141
-0.003157014303211008,0.01184571808256063,0.0006068594290283141
-0.003152834303211007,0.01561779670116437,0.0009482997977485336
-0.003148654303211007,0.01184571808256063,0.0002654190603080947
-0.003144474303211008,0.0193898753197681,0.0009482997977485336
-0.003140294303211007,0.0193898753197681,0.0009482997977485336
-0.003136114303211007,0.01561779670116437,0.0009482997977485336
-0.003131934303211008,0.01184571808256063,0.0002654190603080947
-0.003127754303211007,0.01561779670116437,0.0006068594290283141
-0.003123574303211007,0.01561779670116437,0.0006068594290283141
-0.003119394303211008,0.01561779670116437,0.0006068594290283141
-0.003115214303211006,0.01561779670116437,0.0002654190603080947
-0.003111034303211007,0.01184571808256063,0.0009482997977485336
-0.003106854303211008,0.01184571808256063,0.0002654190603080947
-0.003102674303211008,0.0193898753197681,0.0009482997977485336
-0.003098494303211007,0.0193898753197681,0.0009482997977485336
-0.003094314303211007,0.01184571808256063,0.0009482997977485336
-0.003090134303211008,0.01184571808256063,0.0002654190603080947
-0.003085954303211007,0.01184571808256063,0.0009482997977485336
-0.003081774303211007,0.01561779670116437,0.0009482997977485336
-0.003077594303211008,0.01561779670116437,0.0006068594290283141
-0.003073414303211007,0.0193898753197681,0.0009482997977485336
-0.003069234303211007,0.01184571808256063,0.0002654190603080947
-0.003065054303211008,0.01184571808256063,0.0006068594290283141
-0.003060874303211007,0.01184571808256063,0.0002654190603080947
-0.003056694303211007,0.0193898753197681,0.0006068594290283141
-0.003052514303211008,0.01561779670116437,0.0006068594290283141
-0.003048334303211006,0.01561779670116437,0.001289740166468739
-0.003044154303211007,0.01561779670116437,0.0006068594290283141
-0.003039974303211007,0.01561779670116437,0.0006068594290283141
-0.003035794303211008,0.01184571808256063,0.0002654190603080947
-0.003031614303211007,0.0193898753197681,0.0009482997977485336
-0.003027434303211007,0.01561779670116437,0.0006068594290283141
-0.003023254303211008,0.01561779670116437,0.0006068594290283141
-0.003019074303211007,0.01184571808256063,0.0006068594290283141
-0.003014894303211007,0.01561779670116437,0.0009482997977485336
-0.003010714303211008,0.01184571808256063,0.0006068594290283141
-0.003006534303211007,0.01184571808256063,0.0006068594290283141
-0.003002354303211007,0.01561779670116437,0.0009482997977485336
-0.002998174303211008,0.0193898753197681,0.0009482997977485336
-0.002993994303211006,0.01561779670116437,0.0006068594290283141
-0.002989814303211007,0.01184571808256063,0.0006068594290283141
-0.002985634303211008,0.01184571808256063,0.0009482997977485336
-0.002981454303211008,0.01561779670116437,0.0009482997977485336
-0.002977274303211007,0.01561779670116437,0.0009482997977485336
-0.002973094303211007,0.01184571808256063,0.0002654190603080947
-0.002968914303211008,0.01561779670116437,0.0006068594290283141
-0.002964734303211007,0.01561779670116437,0.0006068594290283141
-0.002960554303211007,0.0193898753197681,0.0009482997977485336
-0.002956374303211008,0.01561779670116437,0.0006068594290283141
-0.002952194303211007,0.01561779670116437,0.0002654190603080947
-0.002948014303211007,0.01184571808256063,0.0009482997977485336
-0.002943834303211008,0.01561779670116437,0.0006068594290283141
-0.002939654303211007,0.01561779670116437,0.0009482997977485336
-0.002935474303211007,0.01561779670116437,0.0002654190603080947
-0.002931294303211008,0.01184571808256063,0.0009482997977485336
-0.002927114303211006,0.01184571808256063,0.0009482997977485336
-0.002922934303211007,0.01184571808256063,0.0006068594290283141
-0.002918754303211007,0.0193898753197681,0.0009482997977485336
-0.002914574303211008,0.01184571808256063,0.0009482997977485336
-0.002910394303211007,0.01184571808256063,0.0006068594290283141
-0.002906214303211007,0.01184571808256063,0.0009482997977485336
-0.002902034303211008,0.01184571808256063,0.0006068594290283141
-0.002897854303211007,0.01561779670116437,0.0002654190603080947
-0.002893674303211007,0.01561779670116437,0.0009482997977485336
-0.002889494303211008,0.0193898753197681,0.0006068594290283141
-0.002885314303211007,0.01184571808256063,0.0006068594290283141
-0.002881134303211007,0.01561779670116437,0.0009482997977485336
-0.002876954303211008,0.01184571808256063,0.0006068594290283141
-0.002872774303211006,0.01561779670116437,0.0009482997977485336
-0.002868594303211007,0.01561779670116437,0.0009482997977485336
-0.002864414303211008,0.01561779670116437,0.0006068594290283141
-0.002860234303211008,0.01561779670116437,0.0009482997977485336
-0.002856054303211007,0.0193898753197681,0.001289740166468739
-0.002851874303211007,0.01561779670116437,0.0006068594290283141
-0.002847694303211008,0.01184571808256063,0.0009482997977485336
-0.002843514303211007,0.01561779670116437,0.0006068594290283141
-0.002839334303211007,0.01561779670116437,0.0009482997977485336
-0.002835154303211008,0.01184571808256063,0.0009482997977485336
-0.002830974303211007,0.008073639463956894,0.0009482997977485336
-0.002826794303211007,0.01561779670116437,0.0009482997977485336
-0.002822614303211008,0.0193898753197681,0.0006068594290283141
-0.002818434303211007,0.01184571808256063,0.0009482997977485336
-0.002814254303211007,0.01561779670116437,0.0006068594290283141
-0.002810074303211008,0.01561779670116437,0.0006068594290283141
-0.002805894303211006,0.01184571808256063,0.0009482997977485336
-0.002801714303211007,0.0193898753197681,0.0009482997977485336
-0.002797534303211007,0.01561779670116437,0.0006068594290283141
-0.002793354303211008,0.01561779670116437,0.0006068594290283141
-0.002789174303211007,0.01561779670116437,0.0009482997977485336
-0.002784994303211007,0.01561779670116437,0.0009482997977485336
-0.002780814303211008,0.01561779670116437,0.0006068594290283141
-0.002776634303211007,0.01561779670116437,0.0009482997977485336
-0.002772454303211007,0.01561779670116437,0.0006068594290283141
-0.002768274303211008,0.01184571808256063,0.0006068594290283141
-0.002764094303211007,0.0193898753197681,0.0009482997977485336
-0.002759914303211007,0.01184571808256063,0.0009482997977485336
-0.002755734303211008,0.01561779670116437,0.0006068594290283141
-0.002751554303211006,0.01561779670116437,0.0009482997977485336
-0.002747374303211007,0.01561779670116437,0.0002654190603080947
-0.002743194303211008,0.01561779670116437,0.0009482997977485336
-0.002739014303211008,0.0193898753197681,0.001289740166468739
-0.002734834303211007,0.01184571808256063,0.0006068594290283141
-0.002730654303211007,0.01184571808256063,0.0009482997977485336
-0.002726474303211008,0.01561779670116437,0.0009482997977485336
-0.002722294303211007,0.01561779670116437,0.0006068594290283141
-0.002718114303211007,0.0193898753197681,0.0009482997977485336
-0.002713934303211008,0.01184571808256063,0.0009482997977485336
-0.002709754303211007,0.01184571808256063,0.0006068594290283141
-0.002705574303211007,0.01561779670116437,0.0009482997977485336
-0.002701394303211008,0.01561779670116437,0.0006068594290283141
-0.002697214303211007,0.01184571808256063,0.0009482997977485336
-0.002693034303211007,0.01561779670116437,0.0009482997977485336
-0.002688854303211008,0.01561779670116437,0.001289740166468739
-0.002684674303211006,0.01561779670116437,0.0009482997977485336
-0.002680494303211007,0.008073639463956894,0.0009482997977485336
-0.002676314303211007,0.01184571808256063,0.001289740166468739
-0.002672134303211008,0.01184571808256063,0.0006068594290283141
-0.002667954303211007,0.01561779670116437,0.0009482997977485336
-0.002663774303211007,0.008073639463956894,0.0009482997977485336
-0.002659594303211008,0.01184571808256063,0.0009482997977485336
-0.002655414303211007,0.01561779670116437,0.0009482997977485336
-0.002651234303211007,0.01561779670116437,0.0006068594290283141
-0.002647054303211008,0.01184571808256063,0.0009482997977485336
-0.002642874303211007,0.01184571808256063,0.0009482997977485336
-0.002638694303211007,0.01184571808256063,0.0009482997977485336
-0.002634514303211008,0.01184571808256063,0.0009482997977485336
-0.002630334303211006,0.01184571808256063,0.0009482997977485336
-0.002626154303211007,0.01184571808256063,0.001289740166468739
-0.002621974303211008,0.01561779670116437,0.0006068594290283141
-0.002617794303211008,0.01184571808256063,0.0009482997977485336
-0.002613614303211007,0.0193898753197681,0.0009482997977485336
-0.002609434303211007,0.01561779670116437,0.0009482997977485336
-0.002605254303211008,0.01184571808256063,0.0009482997977485336
-0.002601074303211007,0.01184571808256063,0.0009482997977485336
-0.002596894303211007,0.01184571808256063,0.001289740166468739
-0.002592714303211008,0.01561779670116437,0.0009482997977485336
-0.002588534303211007,0.01561779670116437,0.0006068594290283141
-0.002584354303211007,0.01561779670116437,0.0009482997977485336
-0.002580174303211008,0.008073639463956894,0.0009482997977485336
-0.002575994303211007,0.01561779670116437,0.0009482997977485336
-0.002571814303211007,0.01561779670116437,0.0009482997977485336
-0.002567634303211008,0.01561779670116437,0.0009482997977485336
-0.002563454303211006,0.01184571808256063,0.0009482997977485336
-0.002559274303211007,0.01184571808256063,0.001289740166468739
-0.002555094303211007,0.01184571808256063,0.001289740166468739
-0.002550914303211008,0.01184571808256063,0.0009482997977485336
-0.002546734303211007,0.01561779670116437,0.0006068594290283141
-0.002542554303211007,0.01184571808256063,0.0009482997977485336
-0.002538374303211008,0.01184571808256063,0.0009482997977485336
-0.002534194303211007,0.0193898753197681,0.0006068594290283141
-0.002530014303211007,0.01561779670116437,0.001289740166468739
-0.002525834303211008,0.01184571808256063,0.0009482997977485336
-0.002521654303211007,0.01561779670116437,0.0006068594290283141
-0.002517474303211007,0.01561779670116437,0.0009482997977485336
-0.002513294303211008,0.01184571808256063,0.0009482997977485336
-0.002509114303211006,0.01561779670116437,0.0009482997977485336
-0.002504934303211007,0.01561779670116437,0.0009482997977485336
-0.002500754303211008,0.01561779670116437,0.001289740166468739
-0.002496574303211008,0.01184571808256063,0.0009482997977485336
-0.002492394303211007,0.01184571808256063,0.0009482997977485336
-0.002488214303211007,0.01184571808256063,0.0009482997977485336
-0.002484034303211008,0.0193898753197681,0.0009482997977485336
-0.002479854303211007,0.01561779670116437,0.001289740166468739
-0.002475674303211007,0.01561779670116437,0.0006068594290283141
-0.002471494303211008,0.01561779670116437,0.0009482997977485336
-0.002467314303211007,0.01561779670116437,0.001289740166468739
-0.002463134303211007,0.01184571808256063,0.001289740166468739
-0.002458954303211008,0.01561779670116437,0.001289740166468739
-0.002454774303211006,0.01184571808256063,0.0006068594290283141
-0.002450594303211007,0.01184571808256063,0.0009482997977485336
-0.002446414303211008,0.01561779670116437,0.001289740166468739
-0.002442234303211006,0.01561779670116437,0.0009482997977485336
-0.002438054303211007,0.01184571808256063,0.0009482997977485336
-0.002433874303211007,0.0193898753197681,0.0006068594290283141
-0.002429694303211008,0.008073639463956894,0.001289740166468739
-0.002425514303211007,0.02316195393837184,0.001289740166468739
-0.002421334303211007,0.01184571808256063,0.0009482997977485336
-0.002417154303211008,0.01561779670116437,0.001289740166468739
-0.002412974303211007,0.01561779670116437,0.0009482997977485336
-0.002408794303211007,0.01561779670116437,0.0009482997977485336
-0.002404614303211008,0.01184571808256063,0.0009482997977485336
-0.002400434303211007,0.01184571808256063,0.0009482997977485336
-0.002396254303211007,0.0193898753197681,0.0009482997977485336
-0.002392074303211008,0.01184571808256063,0.0009482997977485336
-0.002387894303211006,0.0193898753197681,0.0009482997977485336
-0.002383714303211007,0.01184571808256063,0.0009482997977485336
-0.002379534303211008,0.01561779670116437,0.001289740166468739
-0.002375354303211008,0.01561779670116437,0.0009482997977485336
-0.002371174303211007,0.01184571808256063,0.0009482997977485336
-0.002366994303211007,0.01184571808256063,0.0009482997977485336
-0.002362814303211008,0.01184571808256063,0.0009482997977485336
-0.002358634303211007,0.01184571808256063,0.0009482997977485336
-0.002354454303211007,0.01561779670116437,0.0006068594290283141
-0.002350274303211008,0.01561779670116437,0.0009482997977485336
-0.002346094303211007,0.01561779670116437,0.001289740166468739
-0.002341914303211007,0.01184571808256063,0.001289740166468739
-0.002337734303211008,0.01184571808256063,0.0009482997977485336
-0.002333554303211006,0.0193898753197681,0.0009482997977485336
-0.002329374303211007,0.01561779670116437,0.0009482997977485336
-0.002325194303211008,0.01561779670116437,0.0009482997977485336
-0.002321014303211006,0.01184571808256063,0.001289740166468739
-0.002316834303211007,0.01561779670116437,0.0009482997977485336
-0.002312654303211007,0.0193898753197681,0.0009482997977485336
-0.002308474303211008,0.01184571808256063,0.001289740166468739
-0.002304294303211007,0.01561779670116437,0.0006068594290283141
-0.002300114303211007,0.01561779670116437,0.0009482997977485336
-0.002295934303211008,0.01561779670116437,0.0009482997977485336
-0.002291754303211007,0.01184571808256063,0.0009482997977485336
-0.002287574303211007,0.01561779670116437,0.001289740166468739
-0.002283394303211008,0.0193898753197681,0.0006068594290283141
-0.002279214303211007,0.01184571808256063,0.001289740166468739
-0.002275034303211007,0.01561779670116437,0.0009482997977485336
-0.002270854303211008,0.01184571808256063,0.0009482997977485336
-0.002266674303211006,0.01561779670116437,0.001289740166468739
-0.002262494303211007,0.01561779670116437,0.0009482997977485336
-0.002258314303211007,0.01561779670116437,0.001289740166468739
-0.002254134303211008,0.01184571808256063,0.0009482997977485336
-0.002249954303211007,0.01561779670116437,0.001289740166468739
-0.002245774303211007,0.01561779670116437,0.0009482997977485336
-0.002241594303211008,0.01561779670116437,0.001289740166468739
-0.002237414303211007,0.01561779670116437,0.0009482997977485336
-0.002233234303211007,0.01184571808256063,0.0009482997977485336
-0.002229054303211008,0.0193898753197681,0.0009482997977485336
-0.002224874303211007,0.01561779670116437,0.0006068594290283141
-0.002220694303211007,0.01184571808256063,0.001289740166468739
-0.002216514303211008,0.01561779670116437,0.0009482997977485336
-0.002212334303211006,0.01561779670116437,0.0009482997977485336
-0.002208154303211007,0.01561779670116437,0.0009482997977485336
-0.002203974303211008,0.01561779670116437,0.001289740166468739
-0.002199794303211006,0.01184571808256063,0.0009482997977485336
-0.002195614303211007,0.01561779670116437,0.0006068594290283141
-0.002191434303211007,0.01184571808256063,0.001289740166468739
-0.002187254303211008,0.0193898753197681,0.0009482997977485336
-0.002183074303211007,0.0193898753197681,0.0009482997977485336
-0.002178894303211007,0.01184571808256063,0.0006068594290283141
-0.002174714303211008,0.01184571808256063,0.001289740166468739
-0.002170534303211007,0.01184571808256063,0.0009482997977485336
-0.002166354303211007,0.01561779670116437,0.0009482997977485336
-0.002162174303211008,0.01184571808256063,0.0009482997977485336
-0.002157994303211007,0.01561779670116437,0.0009482997977485336
-0.002153814303211007,0.01184571808256063,0.0009482997977485336
-0.002149634303211008,0.01561779670116437,0.0009482997977485336
-0.002145454303211006,0.01184571808256063,0.0006068594290283141
-0.002141274303211007,0.01561779670116437,0.0009482997977485336
-0.002137094303211007,0.01184571808256063,0.001289740166468739
-0.002132914303211008,0.01561779670116437,0.0006068594290283141
-0.002128734303211007,0.01561779670116437,0.0009482997977485336
-0.002124554303211007,0.008073639463956894,0.0006068594290283141
-0.002120374303211008,0.01184571808256063,0.0009482997977485336
-0.002116194303211007,0.01561779670116437,0.0006068594290283141
-0.002112014303211007,0.01561779670116437,0.001289740166468739
-0.002107834303211008,0.01184571808256063,0.0006068594290283141
-0.002103654303211007,0.01561779670116437,0.0009482997977485336
-0.002099474303211007,0.01561779670116437,0.0002654190603080947
-0.002095294303211008,0.01184571808256063,0.0009482997977485336
-0.002091114303211006,0.01184571808256063,0.0009482997977485336
-0.002086934303211007,0.01561779670116437,0.0009482997977485336
-0.002082754303211008,0.01184571808256063,0.0006068594290283141
-0.002078574303211006,0.01561779670116437,0.0006068594290283141
-0.002074394303211007,0.01184571808256063,0.0009482997977485336
-0.002070214303211007,0.01561779670116437,0.0009482997977485336
-0.002066034303211008,0.01184571808256063,0.001289740166468739
-0.002061854303211007,0.01561779670116437,0.0006068594290283141
-0.002057674303211007,0.01184571808256063,0.0009482997977485336
-0.002053494303211008,0.01184571808256063,0.001289740166468739
-0.002049314303211007,0.01561779670116437,0.0006068594290283141
-0.002045134303211007,0.01184571808256063,0.0009482997977485336
-0.002040954303211008,0.01561779670116437,0.0006068594290283141
-0.002036774303211007,0.01184571808256063,0.0009482997977485336
-0.002032594303211007,0.01184571808256063,0.0009482997977485336
-0.002028414303211008,0.0193898753197681,0.0009482997977485336
-0.002024234303211006,0.01561779670116437,0.0009482997977485336
-0.002020054303211007,0.01184571808256063,0.0006068594290283141
-0.002015874303211007,0.01184571808256063,0.0009482997977485336
-0.002011694303211008,0.008073639463956894,0.0009482997977485336
-0.002007514303211007,0.01561779670116437,0.0009482997977485336
-0.002003334303211007,0.01561779670116437,0.0006068594290283141
-0.001999154303211008,0.01184571808256063,0.0009482997977485336
-0.001994974303211007,0.01561779670116437,0.0009482997977485336
-0.001990794303211007,0.01561779670116437,0.0009482997977485336
-0.001986614303211008,0.01184571808256063,0.0009482997977485336
-0.001982434303211007,0.01561779670116437,0.0006068594290283141
-0.001978254303211007,0.01184571808256063,0.0009482997977485336
-0.001974074303211008,0.01561779670116437,0.0009482997977485336
-0.001969894303211006,0.01561779670116437,0.0009482997977485336
-0.001965714303211007,0.01184571808256063,0.001289740166468739
-0.001961534303211008,0.01561779670116437,0.0009482997977485336
-0.001957354303211006,0.01561779670116437,0.0009482997977485336
-0.001953174303211007,0.01184571808256063,0.0009482997977485336
-0.001948994303211007,0.01184571808256063,0.0009482997977485336
-0.001944814303211008,0.01561779670116437,0.0009482997977485336
-0.001940634303211007,0.01561779670116437,0.0009482997977485336
-0.001936454303211007,0.01184571808256063,0.0006068594290283141
-0.001932274303211008,0.01561779670116437,0.0006068594290283141
-0.001928094303211007,0.01184571808256063,0.0009482997977485336
-0.001923914303211007,0.0193898753197681,0.0009482997977485336
-0.001919734303211008,0.01184571808256063,0.0006068594290283141
-0.001915554303211007,0.01184571808256063,0.0009482997977485336
-0.001911374303211007,0.01561779670116437,0.0009482997977485336
-0.001907194303211008,0.01184571808256063,0.0009482997977485336
-0.001903014303211006,0.0193898753197681,0.0009482997977485336
-0.001898834303211007,0.01184571808256063,0.0009482997977485336
-0.001894654303211007,0.01561779670116437,0.0006068594290283141
-0.001890474303211008,0.01184571808256063,0.0009482997977485336
-0.001886294303211007,0.01561779670116437,0.0006068594290283141
-0.001882114303211007,0.01561779670116437,0.0009482997977485336
-0.001877934303211008,0.01561779670116437,0.0006068594290283141
-0.001873754303211007,0.01561779670116437,0.0009482997977485336
-0.001869574303211007,0.01561779670116437,0.0006068594290283141
-0.001865394303211008,0.01561779670116437,0.0009482997977485336
-0.001861214303211007,0.01561779670116437,0.0009482997977485336
-0.001857034303211007,0.01184571808256063,0.0009482997977485336
-0.001852854303211008,0.01561779670116437,0.0006068594290283141
-0.001848674303211006,0.0193898753197681,0.0009482997977485336
-0.001844494303211007,0.01184571808256063,0.0009482997977485336
-0.001840314303211008,0.0193898753197681,0.0006068594290283141
-0.001836134303211006,0.01561779670116437,0.0006068594290283141
-0.001831954303211007,0.01561779670116437,0.0009482997977485336
-0.001827774303211007,0.01561779670116437,0.0006068594290283141
-0.001823594303211008,0.01561779670116437,0.0009482997977485336
-0.001819414303211007,0.01561779670116437,0.0006068594290283141
-0.001815234303211007,0.01561779670116437,0.001289740166468739
-0.001811054303211008,0.01184571808256063,0.0006068594290283141
-0.001806874303211007,0.01184571808256063,0.0009482997977485336
-0.001802694303211007,0.01561779670116437,0.0006068594290283141
-0.001798514303211008,0.01184571808256063,0.0009482997977485336
-0.001794334303211007,0.01561779670116437,0.0009482997977485336
-0.001790154303211007,0.01184571808256063,0.0006068594290283141
-0.001785974303211008,0.01561779670116437,0.0009482997977485336
-0.001781794303211006,0.01561779670116437,0.0006068594290283141
-0.001777614303211007,0.01184571808256063,0.001289740166468739
-0.001773434303211007,0.01561779670116437,0.0009482997977485336
-0.001769254303211008,0.01561779670116437,0.0009482997977485336
-0.001765074303211007,0.01184571808256063,0.0009482997977485336
-0.001760894303211007,0.01561779670116437,0.0006068594290283141
-0.001756714303211008,0.01184571808256063,0.0006068594290283141
-0.001752534303211007,0.01184571808256063,0.0006068594290283141
-0.001748354303211007,0.01561779670116437,0.0009482997977485336
-0.001744174303211008,0.01561779670116437,0.0009482997977485336
-0.001739994303211007,0.01561779670116437,0.0006068594290283141
-0.001735814303211007,0.01561779670116437,0.0006068594290283141
-0.001731634303211008,0.0193898753197681,0.0009482997977485336
-0.001727454303211006,0.01561779670116437,0.0009482997977485336
-0.001723274303211007,0.01184571808256063,0.0006068594290283141
-0.001719094303211008,0.01561779670116437,0.001289740166468739
-0.001714914303211006,0.01184571808256063,0.0009482997977485336
-0.001710734303211007,0.01184571808256063,0.0009482997977485336
-0.001706554303211007,0.01184571808256063,0.0006068594290283141
-0.001702374303211008,0.01184571808256063,0.0009482997977485336
-0.001698194303211007,0.01561779670116437,0.0006068594290283141
-0.001694014303211007,0.01561779670116437,0.0006068594290283141
-0.001689834303211008,0.01561779670116437,0.0006068594290283141
-0.001685654303211007,0.01561779670116437,0.0006068594290283141
-0.001681474303211007,0.01184571808256063,0.0006068594290283141
-0.001677294303211008,0.01561779670116437,0.0009482997977485336
-0.001673114303211007,0.01561779670116437,0.0006068594290283141
-0.001668934303211007,0.01561779670116437,0.0006068594290283141
-0.001664754303211008,0.01184571808256063,0.0006068594290283141
-0.001660574303211006,0.01561779670116437,0.0006068594290283141
-0.001656394303211007,0.008073639463956894,0.0006068594290283141
-0.001652214303211007,0.01184571808256063,0.0006068594290283141
-0.001648034303211008,0.01561779670116437,0.0009482997977485336
-0.001643854303211007,0.01184571808256063,0.0009482997977485336
-0.001639674303211007,0.0193898753197681,0.0006068594290283141
-0.001635494303211008,0.01561779670116437,0.0006068594290283141
-0.001631314303211007,0.01184571808256063,0.0009482997977485336
-0.001627134303211007,0.01561779670116437,0.0009482997977485336
-0.001622954303211008,0.01561779670116437,0.0006068594290283141
-0.001618774303211007,0.01184571808256063,0.0006068594290283141
-0.001614594303211007,0.01561779670116437,0.0006068594290283141
-0.001610414303211008,0.01561779670116437,0.0006068594290283141
-0.001606234303211006,0.01184571808256063,0.0006068594290283141
-0.001602054303211007,0.008073639463956894,0.0009482997977485336
-0.001597874303211008,0.01184571808256063,0.0006068594290283141
-0.001593694303211006,0.01561779670116437,0.0006068594290283141
-0.001589514303211007,0.01184571808256063,0.0006068594290283141
-0.001585334303211007,0.01561779670116437,0.0006068594290283141
-0.001581154303211008,0.01561779670116437,0.0002654190603080947
-0.001576974303211007,0.01561779670116437,0.0009482997977485336
-0.001572794303211007,0.01184571808256063,0.0009482997977485336
-0.001568614303211008,0.01184571808256063,0.0006068594290283141
-0.001564434303211007,0.01561779670116437,0.0006068594290283141
-0.001560254303211007,0.01561779670116437,0.0006068594290283141
-0.001556074303211008,0.01184571808256063,0.0006068594290283141
-0.001551894303211006,0.01561779670116437,0.0006068594290283141
-0.001547714303211007,0.01184571808256063,0.0006068594290283141
-0.001543534303211008,0.01561779670116437,0.0006068594290283141
-0.001539354303211006,0.01561779670116437,0.0006068594290283141
-0.001535174303211007,0.01184571808256063,0.0006068594290283141
-0.001530994303211007,0.01184571808256063,0.0006068594290283141
-0.001526814303211008,0.01561779670116437,0.0009482997977485336
-0.001522634303211007,0.01184571808256063,0.0006068594290283141
-0.001518454303211007,0.01561779670116437,0.0009482997977485336
-0.001514274303211008,0.01561779670116437,0.0002654190603080947
-0.001510094303211007,0.01561779670116437,0.0006068594290283141
-0.001505914303211007,0.01561779670116437,0.0009482997977485336
-0.001501734303211008,0.01184571808256063,0.0009482997977485336
-0.001497554303211007,0.01561779670116437,0.0006068594290283141
-0.001493374303211007,0.01561779670116437,0.0009482997977485336
-0.001489194303211008,0.01184571808256063,0.0006068594290283141
-0.001485014303211006,0.0193898753197681,0.0009482997977485336
-0.001480834303211007,0.01184571808256063,0.0009482997977485336
-0.001476654303211008,0.01184571808256063,0.0006068594290283141
-0.001472474303211006,0.01561779670116437,0.0006068594290283141
-0.001468294303211007,0.01561779670116437,0.0006068594290283141
-0.001464114303211007,0.01184571808256063,0.0006068594290283141
-0.001459934303211008,0.01561779670116437,0.0006068594290283141
-0.001455754303211007,0.01561779670116437,0.0009482997977485336
-0.001451574303211007,0.01561779670116437,0.0009482997977485336
-0.001447394303211008,0.01184571808256063,0.0009482997977485336
-0.001443214303211007,0.01184571808256063,0.0006068594290283141
-0.001439034303211007,0.01184571808256063,0.0006068594290283141
-0.001434854303211008,0.01561779670116437,0.0009482997977485336
-0.001430674303211006,0.0193898753197681,0.0009482997977485336
-0.001426494303211007,0.008073639463956894,0.0009482997977485336
-0.001422314303211008,0.01184571808256063,0.0002654190603080947
-0.001418134303211006,0.01561779670116437,0.0009482997977485336
-0.001413954303211007,0.01184571808256063,0.0006068594290283141
-0.001409774303211007,0.01561779670116437,0.0002654190603080947
-0.001405594303211008,0.01561779670116437,0.0009482997977485336
-0.001401414303211007,0.01561779670116437,0.0009482997977485336
-0.001397234303211007,0.01561779670116437,0.0006068594290283141
-0.001393054303211008,0.01561779670116437,0.0009482997977485336
-0.001388874303211007,0.0193898753197681,0.0006068594290283141
-0.001384694303211007,0.01561779670116437,0.0006068594290283141
-0.001380514303211008,0.01184571808256063,0.0006068594290283141
-0.001376334303211007,0.01561779670116437,0.0002654190603080947
-0.001372154303211007,0.01184571808256063,0.0009482997977485336
-0.001367974303211008,0.008073639463956894,0.0006068594290283141
-0.001363794303211006,0.0193898753197681,0.0006068594290283141
-0.001359614303211007,0.01561779670116437,0.0006068594290283141
-0.001355434303211007,0.0193898753197681,0.0006068594290283141
-0.001351254303211006,0.01184571808256063,0.0009482997977485336
-0.001347074303211007,0.01561779670116437,0.0006068594290283141
-0.001342894303211007,0.01561779670116437,0.0006068594290283141
-0.001338714303211008,0.01184571808256063,0.0006068594290283141
-0.001334534303211007,0.01561779670116437,0.0006068594290283141
-0.001330354303211007,0.01561779670116437,0.0009482997977485336
-0.001326174303211008,0.01184571808256063,0.0006068594290283141
-0.001321994303211007,0.0193898753197681,0.0009482997977485336
-0.001317814303211007,0.0193898753197681,0.0009482997977485336
-0.001313634303211008,0.01184571808256063,0.0009482997977485336
-0.001309454303211006,0.01561779670116437,0.0006068594290283141
-0.001305274303211007,0.01561779670116437,0.0002654190603080947
-0.001301094303211008,0.01184571808256063,0.0006068594290283141
-0.001296914303211006,0.0193898753197681,0.0006068594290283141
-0.001292734303211007,0.01184571808256063,0.0009482997977485336
-0.001288554303211007,0.01561779670116437,0.0006068594290283141
-0.001284374303211008,0.01561779670116437,0.0009482997977485336
-0.001280194303211007,0.01184571808256063,0.0006068594290283141
-0.001276014303211007,0.01561779670116437,0.0006068594290283141
-0.001271834303211008,0.01184571808256063,0.0006068594290283141
-0.001267654303211007,0.01184571808256063,0.0006068594290283141
-0.001263474303211007,0.01561779670116437,0.0009482997977485336
-0.001259294303211008,0.01561779670116437,0.0006068594290283141
-0.001255114303211007,0.01184571808256063,0.0002654190603080947
-0.001250934303211007,0.01561779670116437,0.0009482997977485336
-0.001246754303211008,0.01184571808256063,0.0009482997977485336
-0.001242574303211006,0.01561779670116437,0.0009482997977485336
-0.001238394303211007,0.01561779670116437,0.0009482997977485336
-0.001234214303211007,0.01184571808256063,0.0009482997977485336
-0.001230034303211006,0.01184571808256063,0.0006068594290283141
-0.001225854303211007,0.01184571808256063,0.0009482997977485336
-0.001221674303211007,0.01184571808256063,0.0006068594290283141
-0.001217494303211008,0.01561779670116437,0.0009482997977485336
-0.001213314303211007,0.01184571808256063,0.0006068594290283141
-0.001209134303211007,0.01561779670116437,0.0009482997977485336
-0.001204954303211008,0.01561779670116437,0.0006068594290283141
-0.001200774303211007,0.01561779670116437,0.0006068594290283141
-0.001196594303211007,0.01184571808256063,0.0006068594290283141
-0.001192414303211008,0.01184571808256063,0.0006068594290283141
-0.001188234303211006,0.01561779670116437,0.0006068594290283141
-0.001184054303211007,0.01561779670116437,0.0006068594290283141
-0.001179874303211008,0.01184571808256063,0.0006068594290283141
-0.001175694303211006,0.01561779670116437,0.0006068594290283141
-0.001171514303211007,0.01184571808256063,0.0002654190603080947
-0.001167334303211007,0.01561779670116437,0.001289740166468739
-0.001163154303211008,0.01561779670116437,0.0009482997977485336
-0.001158974303211007,0.01184571808256063,0.0006068594290283141
-0.001154794303211007,0.01184571808256063,0.0009482997977485336
-0.001150614303211008,0.01561779670116437,0.001289740166468739
-0.001146434303211007,0.0193898753197681,0.0009482997977485336
-0.001142254303211007,0.01184571808256063,0.0009482997977485336
-0.001138074303211008,0.01184571808256063,0.0006068594290283141
-0.001133894303211007,0.01561779670116437,0.0009482997977485336
-0.001129714303211007,0.01184571808256063,0.0006068594290283141
-0.001125534303211008,0.01184571808256063,0.0006068594290283141
-0.001121354303211006,0.01184571808256063,0.0009482997977485336
-0.001117174303211007,0.01184571808256063,0.0006068594290283141
-0.001112994303211007,0.0193898753197681,0.001289740166468739
-0.001108814303211006,0.01184571808256063,0.0006068594290283141
-0.001104634303211007,0.01184571808256063,0.0009482997977485336
-0.001100454303211007,0.01561779670116437,0.0006068594290283141
-0.001096274303211008,0.01184571808256063,0.0006068594290283141
-0.001092094303211007,0.01184571808256063,0.0009482997977485336
-0.001087914303211007,0.01184571808256063,0.0009482997977485336
-0.001083734303211008,0.01561779670116437,0.0006068594290283141
-0.001079554303211007,0.01184571808256063,0.0009482997977485336
-0.001075374303211007,0.01561779670116437,0.0009482997977485336
-0.001071194303211008,0.01561779670116437,0.0009482997977485336
-0.001067014303211006,0.01561779670116437,0.0009482997977485336
-0.001062834303211007,0.01561779670116437,0.0009482997977485336
-0.001058654303211008,0.01184571808256063,0.0006068594290283141
-0.001054474303211006,0.01184571808256063,0.0009482997977485336
-0.001050294303211007,0.01561779670116437,0.0009482997977485336
-0.001046114303211007,0.0193898753197681,0.0006068594290283141
-0.001041934303211008,0.01561779670116437,0.0009482997977485336
-0.001037754303211007,0.008073639463956894,0.0006068594290283141
-0.001033574303211007,0.01561779670116437,0.0006068594290283141
-0.001029394303211008,0.01184571808256063,0.0009482997977485336
-0.001025214303211007,0.01561779670116437,0.0006068594290283141
-0.001021034303211007,0.01184571808256063,0.0006068594290283141
-0.001016854303211008,0.01184571808256063,0.001289740166468739
-0.001012674303211007,0.0193898753197681,0.0006068594290283141
-0.001008494303211007,0.01184571808256063,0.0002654190603080947
-0.001004314303211008,0.01561779670116437,0.001289740166468739
-0.001000134303211006,0.01184571808256063,0.0002654190603080947
-0.0009959543032110069,0.01561779670116437,0.0006068594290283141
-0.0009917743032110075,0.01561779670116437,0.001289740166468739
-0.0009875943032110063,0.01561779670116437,0.0009482997977485336
-0.0009834143032110068,0.01184571808256063,0.0006068594290283141
-0.0009792343032110074,0.01184571808256063,0.0009482997977485336
-0.0009750543032110079,0.01184571808256063,0.0006068594290283141
-0.0009708743032110067,0.01184571808256063,0.0009482997977485336
-0.0009666943032110072,0.01561779670116437,0.0006068594290283141
-0.0009625143032110078,0.01561779670116437,0.0009482997977485336
-0.0009583343032110066,0.01184571808256063,0.001289740166468739
-0.0009541543032110071,0.01184571808256063,0.0006068594290283141
-0.0009499743032110068,0.008073639463956894,0.0009482997977485336
-0.0009457943032110073,0.01184571808256063,0.0006068594290283141
-0.000941614303211007,0.01561779670116437,0.0009482997977485336
-0.0009374343032110075,0.008073639463956894,0.0006068594290283141
-0.0009332543032110072,0.01561779670116437,0.0009482997977485336
-0.0009290743032110069,0.01561779670116437,0.0009482997977485336
-0.0009248943032110074,0.008073639463956894,0.0006068594290283141
-0.0009207143032110071,0.0193898753197681,0.0002654190603080947
-0.0009165343032110067,0.01184571808256063,0.0006068594290283141
-0.0009123543032110073,0.01561779670116437,0.0009482997977485336
-0.000908174303211007,0.01184571808256063,0.0002654190603080947
-0.0009039943032110075,0.01561779670116437,0.0006068594290283141
-0.0008998143032110072,0.01561779670116437,0.0006068594290283141
-0.0008956343032110068,0.01561779670116437,0.0009482997977485336
-0.0008914543032110074,0.01184571808256063,0.0006068594290283141
-0.000887274303211007,0.01184571808256063,0.0009482997977485336
-0.0008830943032110067,0.01561779670116437,0.0006068594290283141
-0.0008789143032110073,0.01561779670116437,0.001289740166468739
-0.0008747343032110069,0.01561779670116437,0.0009482997977485336
-0.0008705543032110075,0.01184571808256063,0.0009482997977485336
-0.0008663743032110071,0.01184571808256063,0.0002654190603080947
-0.0008621943032110068,0.01561779670116437,0.0009482997977485336
-0.0008580143032110073,0.01561779670116437,0.0009482997977485336
-0.000853834303211007,0.01184571808256063,0.0006068594290283141
-0.0008496543032110067,0.01561779670116437,0.0006068594290283141
-0.0008454743032110072,0.01561779670116437,0.0009482997977485336
-0.0008412943032110069,0.01184571808256063,0.0002654190603080947
-0.0008371143032110074,0.01184571808256063,0.0006068594290283141
-0.0008329343032110071,0.01561779670116437,0.0006068594290283141
-0.0008287543032110068,0.01184571808256063,0.0006068594290283141
-0.0008245743032110073,0.01561779670116437,0.0009482997977485336
-0.000820394303211007,0.01184571808256063,0.0006068594290283141
-0.0008162143032110075,0.01184571808256063,0.0006068594290283141
-0.0008120343032110072,0.0193898753197681,0.0009482997977485336
-0.0008078543032110069,0.01184571808256063,0.0009482997977485336
-0.0008036743032110074,0.01561779670116437,0.0006068594290283141
-0.0007994943032110071,0.01184571808256063,0.0006068594290283141
-0.0007953143032110067,0.01561779670116437,0.0002654190603080947
-0.0007911343032110073,0.01184571808256063,0.0006068594290283141
-0.0007869543032110069,0.01561779670116437,0.0009482997977485336
-0.0007827743032110075,0.01561779670116437,0.0006068594290283141
-0.0007785943032110072,0.01561779670116437,0.0006068594290283141
-0.0007744143032110068,0.01561779670116437,0.0009482997977485336
-0.0007702343032110074,0.01184571808256063,0.0002654190603080947
-0.000766054303211007,0.01561779670116437,0.0006068594290283141
-0.0007618743032110067,0.01184571808256063,0.0006068594290283141
-0.0007576943032110072,0.01561779670116437,0.0006068594290283141
-0.0007535143032110069,0.01184571808256063,0.0006068594290283141
-0.0007493343032110075,0.01561779670116437,0.001289740166468739
-0.0007451543032110071,0.01561779670116437,0.0006068594290283141
-0.0007409743032110068,0.01561779670116437,0.0006068594290283141
-0.0007367943032110073,0.01561779670116437,0.0009482997977485336
-0.000732614303211007,0.01184571808256063,0.0006068594290283141
-0.0007284343032110067,0.01561779670116437,0.0006068594290283141
-0.0007242543032110072,0.01184571808256063,0.0009482997977485336
-0.0007200743032110069,0.01561779670116437,0.0009482997977485336
-0.0007158943032110074,0.01561779670116437,0.0002654190603080947
-0.0007117143032110071,0.01561779670116437,0.0009482997977485336
-0.0007075343032110068,0.0193898753197681,0.0006068594290283141
-0.0007033543032110073,0.01184571808256063,0.0009482997977485336
-0.000699174303211007,0.01184571808256063,0.0009482997977485336
-0.0006949943032110075,0.01561779670116437,0.0009482997977485336
-0.0006908143032110072,0.01561779670116437,0.0009482997977485336
-0.0006866343032110069,0.0193898753197681,0.001289740166468739
-0.0006824543032110074,0.01184571808256063,0.0009482997977485336
-0.0006782743032110071,0.01184571808256063,0.0009482997977485336
-0.0006740943032110067,0.01561779670116437,0.0009482997977485336
-0.0006699143032110073,0.01561779670116437,0.0006068594290283141
-0.0006657343032110069,0.01184571808256063,0.0009482997977485336
-0.0006615543032110075,0.01561779670116437,0.0009482997977485336
-0.0006573743032110071,0.01184571808256063,0.001289740166468739
-0.0006531943032110068,0.01561779670116437,0.0006068594290283141
-0.0006490143032110074,0.01184571808256063,0.0009482997977485336
-0.000644834303211007,0.01184571808256063,0.0006068594290283141
-0.0006406543032110067,0.01561779670116437,0.0009482997977485336
-0.0006364743032110072,0.0193898753197681,0.0009482997977485336
-0.0006322943032110069,0.01184571808256063,0.0009482997977485336
-0.0006281143032110074,0.01561779670116437,0.0009482997977485336
-0.0006239343032110071,0.01184571808256063,0.001289740166468739
-0.0006197543032110068,0.008073639463956894,0.001289740166468739
-0.0006155743032110073,0.01561779670116437,0.0009482997977485336
-0.000611394303211007,0.0193898753197681,0.001289740166468739
-0.0006072143032110067,0.01561779670116437,0.001289740166468739
-0.0006030343032110072,0.01184571808256063,0.0006068594290283141
-0.0005988543032110069,0.01561779670116437,0.0006068594290283141
-0.0005946743032110074,0.01184571808256063,0.001289740166468739
-0.0005904943032110071,0.01561779670116437,0.0009482997977485336
-0.0005863143032110068,0.01561779670116437,0.001289740166468739
-0.0005821343032110073,0.01561779670116437,0.001289740166468739
-0.000577954303211007,0.01561779670116437,0.0009482997977485336
-0.0005737743032110075,0.01561779670116437,0.0009482997977485336
-0.0005695943032110072,0.01184571808256063,0.0009482997977485336
-0.0005654143032110068,0.01184571808256063,0.0009482997977485336
-0.0005612343032110074,0.01184571808256063,0.0006068594290283141
-0.0005570543032110071,0.0193898753197681,0.001289740166468739
-0.0005528743032110067,0.01184571808256063,0.0009482997977485336
-0.0005486943032110073,0.01561779670116437,0.0006068594290283141
-0.0005445143032110069,0.01561779670116437,0.001631180535188959
-0.0005403343032110075,0.01184571808256063,0.0009482997977485336
-0.0005361543032110071,0.01561779670116437,0.0009482997977485336
-0.0005319743032110068,0.01561779670116437,0.0009482997977485336
-0.0005277943032110073,0.01561779670116437,0.001289740166468739
-0.000523614303211007,0.01561779670116437,0.0009482997977485336
-0.0005194343032110067,0.02316195393837184,0.0009482997977485336
-0.0005152543032110072,0.01561779670116437,0.0009482997977485336
-0.0005110743032110069,0.01184571808256063,0.0009482997977485336
-0.0005068943032110074,0.01561779670116437,0.0009482997977485336
-0.0005027143032110071,0.01184571808256063,0.001289740166468739
-0.0004985343032110068,0.01561779670116437,0.0009482997977485336
-0.0004943543032110073,0.01561779670116437,0.0009482997977485336
-0.000490174303211007,0.0193898753197681,0.0009482997977485336
-0.0004859943032110067,0.01561779670116437,0.001289740166468739
-0.0004818143032110072,0.01184571808256063,0.0009482997977485336
-0.0004776343032110069,0.01184571808256063,0.001289740166468739
-0.0004734543032110074,0.01561779670116437,0.0009482997977485336
-0.0004692743032110071,0.01561779670116437,0.0009482997977485336
-0.0004650943032110067,0.01184571808256063,0.001289740166468739
-0.0004609143032110073,0.01561779670116437,0.0006068594290283141
-0.000456734303211007,0.01561779670116437,0.0009482997977485336
-0.0004525543032110075,0.01561779670116437,0.001289740166468739
-0.0004483743032110072,0.01561779670116437,0.001289740166468739
-0.0004441943032110068,0.01561779670116437,0.0009482997977485336
-0.0004400143032110074,0.01184571808256063,0.0009482997977485336
-0.000435834303211007,0.01561779670116437,0.001289740166468739
-0.0004316543032110067,0.01561779670116437,0.0009482997977485336
-0.0004274743032110073,0.01561779670116437,0.001289740166468739
-0.0004232943032110069,0.01561779670116437,0.0009482997977485336
-0.0004191143032110075,0.01561779670116437,0.0009482997977485336
-0.0004149343032110071,0.01561779670116437,0.0009482997977485336
-0.0004107543032110068,0.01184571808256063,0.001289740166468739
-0.0004065743032110073,0.01561779670116437,0.0009482997977485336
-0.000402394303211007,0.01184571808256063,0.0009482997977485336
-0.0003982143032110067,0.01184571808256063,0.0006068594290283141
-0.0003940343032110072,0.01561779670116437,0.001289740166468739
-0.0003898543032110069,0.0193898753197681,0.0009482997977485336
-0.0003856743032110074,0.01184571808256063,0.001289740166468739
-0.0003814943032110071,0.01561779670116437,0.0009482997977485336
-0.0003773143032110068,0.01561779670116437,0.001289740166468739
-0.0003731343032110073,0.01184571808256063,0.0006068594290283141
-0.000368954303211007,0.01561779670116437,0.001631180535188959
-0.0003647743032110067,0.01561779670116437,0.0006068594290283141
-0.0003605943032110072,0.01561779670116437,0.0009482997977485336
-0.0003564143032110069,0.0193898753197681,0.0009482997977485336
-0.0003522343032110074,0.01184571808256063,0.0009482997977485336
-0.0003480543032110071,0.01561779670116437,0.0006068594290283141
-0.0003438743032110067,0.01561779670116437,0.001289740166468739
-0.0003396943032110073,0.0193898753197681,0.0009482997977485336
-0.0003355143032110069,0.0193898753197681,0.0009482997977485336
-0.0003313343032110075,0.008073639463956894,0.0009482997977485336
-0.0003271543032110072,0.01561779670116437,0.001289740166468739
-0.0003229743032110068,0.01561779670116437,0.0009482997977485336
-0.0003187943032110074,0.01184571808256063,0.0006068594290283141
-0.000314614303211007,0.01184571808256063,0.0009482997977485336
-0.0003104343032110067,0.0193898753197681,0.001289740166468739
-0.0003062543032110072,0.01561779670116437,0.0009482997977485336
-0.0003020743032110069,0.01561779670116437,0.0009482997977485336
-0.0002978943032110075,0.02316195393837184,0.0009482997977485336
-0.0002937143032110071,0.01561779670116437,0.0009482997977485336
-0.0002895343032110068,0.01184571808256063,0.001289740166468739
-0.0002853543032110073,0.01561779670116437,0.0006068594290283141
-0.000281174303211007,0.01561779670116437,0.0009482997977485336
-0.0002769943032110067,0.01561779670116437,0.0009482997977485336
-0.0002728143032110072,0.01184571808256063,0.0009482997977485336
-0.0002686343032110069,0.0193898753197681,0.0009482997977485336
-0.0002644543032110074,0.008073639463956894,0.0009482997977485336
-0.0002602743032110071,0.01184571808256063,0.0009482997977485336
-0.0002560943032110068,0.01561779670116437,0.0009482997977485336
-0.0002519143032110073,0.01561779670116437,0.0006068594290283141
-0.000247734303211007,0.01184571808256063,0.0009482997977485336
-0.0002435543032110066,0.01561779670116437,0.0009482997977485336
-0.0002393743032110072,0.01561779670116437,0.001289740166468739
-0.0002351943032110069,0.01184571808256063,0.0009482997977485336
-0.0002310143032110074,0.0193898753197681,0.0006068594290283141
-0.0002268343032110071,0.01561779670116437,0.001289740166468739
-0.0002226543032110067,0.01561779670116437,0.0006068594290283141
-0.0002184743032110073,0.01184571808256063,0.0009482997977485336
-0.0002142943032110069,0.0193898753197681,0.001289740166468739
-0.0002101143032110075,0.01184571808256063,0.0009482997977485336
-0.0002059343032110071,0.01561779670116437,0.0006068594290283141
-0.0002017543032110068,0.01561779670116437,0.0009482997977485336
-0.0001975743032110074,0.01184571808256063,0.0009482997977485336
-0.000193394303211007,0.0193898753197681,0.0009482997977485336
-0.0001892143032110067,0.008073639463956894,0.0009482997977485336
-0.0001850343032110072,0.01561779670116437,0.0009482997977485336
-0.0001808543032110069,0.01561779670116437,0.0009482997977485336
-0.0001766743032110074,0.01561779670116437,0.0006068594290283141
-0.0001724943032110071,0.01184571808256063,0.0006068594290283141
-0.0001683143032110068,0.01561779670116437,0.0009482997977485336
-0.0001641343032110073,0.01184571808256063,0.0006068594290283141
-0.000159954303211007,0.01184571808256063,0.0009482997977485336
-0.0001557743032110067,0.01561779670116437,0.0009482997977485336
-0.0001515943032110072,0.01184571808256063,0.0006068594290283141
-0.0001474143032110069,0.0193898753197681,0.001289740166468739
-0.0001432343032110074,0.01184571808256063,0.0006068594290283141
-0.0001390543032110071,0.01561779670116437,0.001289740166468739
-0.0001348743032110068,0.01561779670116437,0.0006068594290283141
-0.0001306943032110073,0.01561779670116437,0.001289740166468739
-0.000126514303211007,0.01184571808256063,0.0006068594290283141
-0.0001223343032110066,0.01561779670116437,0.0009482997977485336
-0.0001181543032110072,0.01561779670116437,0.0009482997977485336
-0.0001139743032110068,0.01184571808256063,0.0009482997977485336
-0.0001097943032110074,0.01561779670116437,0.0009482997977485336
-0.0001056143032110071,0.01184571808256063,0.0009482997977485336
-0.0001014343032110067,0.01184571808256063,0.0006068594290283141
-9.725430321100726e-05,0.0193898753197681,0.0009482997977485336
-9.307430321100693e-05,0.01561779670116437,0.0006068594290283141
-8.889430321100747e-05,0.01184571808256063,0.0009482997977485336
-8.471430321100714e-05,0.01184571808256063,0.0009482997977485336
-8.053430321100681e-05,0.01561779670116437,0.0009482997977485336
-7.635430321100735e-05,0.01561779670116437,0.0009482997977485336
-7.217430321100702e-05,0.01561779670116437,0.001289740166468739
-6.799430321100669e-05,0.01184571808256063,0.0006068594290283141
-6.381430321100723e-05,0.008073639463956894,0.001289740166468739
-5.96343032110069e-05,0.01561779670116437,0.0009482997977485336
-5.545430321100744e-05,0.0193898753197681,0.0009482997977485336
-5.127430321100711e-05,0.01561779670116437,0.0009482997977485336
-4.709430321100678e-05,0.01561779670116437,0.0009482997977485336
-4.291430321100732e-05,0.0193898753197681,0.001289740166468739
-3.873430321100699e-05,0.008073639463956894,0.0009482997977485336
-3.455430321100666e-05,0.0193898753197681,0.001289740166468739
-3.03743032110072e-05,0.01184571808256063,0.0006068594290283141
-2.619430321100687e-05,0.01184571808256063,0.001289740166468739
-2.20143032110074e-05,0.01184571808256063,0.0009482997977485336
-1.783430321100708e-05,0.01184571808256063,0.001289740166468739
-1.365430321100675e-05,0.01561779670116437,0.0009482997977485336
-9.474303211007284e-06,0.01184571808256063,0.0009482997977485336
-5.294303211006955e-06,0.0193898753197681,0.0009482997977485336
-1.114303211006626e-06,0.01184571808256063,0.0006068594290283141
3.065696788992836e-06,1.354705706305477,0.02553200634560393
7.245696788993165e-06,3.05968524191435,0.05318867621194125
1.142569678899263e-05,3.063457320532954,0.04874995141857847
1.560569678899296e-05,3.05968524191435,0.04431122662521569
1.978569678899329e-05,3.05968524191435,0.04021394220057312
2.396569678899275e-05,3.05968524191435,0.0371409788820912
2.814569678899308e-05,3.055913163295746,0.03338513482616884
3.232569678899254e-05,3.055913163295746,0.03031217150768692
3.650569678899287e-05,3.048369006058539,0.02792208892664542
4.06856967889932e-05,3.044596927439935,0.02519056597688371
4.486569678899266e-05,3.040824848821331,0.02314192376456244
4.904569678899299e-05,3.040824848821331,0.02109328155224115
5.322569678899332e-05,3.033280691584124,0.01904463933991986
5.740569678899278e-05,3.02950861296552,0.01767887786503901
6.158569678899311e-05,3.033280691584124,0.01597167602143794
6.576569678899257e-05,3.02950861296552,0.01460591454655709
6.99456967889929e-05,3.025736534346916,0.01324015307167623
7.412569678899323e-05,3.021964455728313,0.0125572723342358
7.830569678899269e-05,3.025736534346916,0.01119151085935495
8.248569678899302e-05,3.021964455728313,0.01016718975319431
8.666569678899335e-05,3.01819237710971,0.009484309015753881
9.084569678899281e-05,3.01819237710971,0.008459987909593236
9.502569678899314e-05,3.014420298491106,0.007777107172152811
9.92056967889926e-05,3.01819237710971,0.007435666803432592
0.0001033856967889929,3.014420298491106,0.006411345697271947
0.0001075656967889933,3.014420298491106,0.006069905328551742
0.0001117456967889927,3.014420298491106,0.006069905328551742
0.0001159256967889931,3.014420298491106,0.004704143853670878
0.0001201056967889934,3.014420298491106,0.004704143853670878
0.0001242856967889928,3.01819237710971,0.004704143853670878
0.0001284656967889932,3.010648219872502,0.004021263116230453
0.0001326456967889926,3.014420298491106,0.003679822747510234
0.000136825696788993,3.006876141253898,0.003679822747510234
0.0001410056967889933,3.014420298491106,0.003338382378790028
0.0001451856967889928,3.010648219872502,0.002996942010069809
0.0001493656967889931,3.014420298491106,0.002996942010069809
0.0001535456967889925,3.006876141253898,0.002655501641349603
0.0001577256967889929,3.010648219872502,0.002655501641349603
0.0001619056967889932,3.010648219872502,0.002314061272629384
0.0001660856967889927,3.014420298491106,0.002314061272629384
0.000170265696788993,3.010648219872502,0.002314061272629384
0.0001744456967889933,3.014420298491106,0.001631180535188959
0.0001786256967889928,3.010648219872502,0.002314061272629384
0.0001828056967889931,3.010648219872502,0.001972620903909164
0.0001869856967889926,3.010648219872502,0.001631180535188959
0.0001911656967889929,3.014420298491106,0.001972620903909164
0.0001953456967889932,3.014420298491106,0.001631180535188959
0.0001995256967889927,3.010648219872502,0.001631180535188959
0.000203705696788993,3.006876141253898,0.001631180535188959
0.0002078856967889934,3.006876141253898,0.001289740166468739
0.0002120656967889928,3.010648219872502,0.001631180535188959
0.0002162456967889931,3.010648219872502,0.001631180535188959
0.0002204256967889926,3.006876141253898,0.001289740166468739
0.0002246056967889929,3.01819237710971,0.001289740166468739
0.0002287856967889933,3.006876141253898,0.001289740166468739
0.0002329656967889927,3.014420298491106,0.0009482997977485336
0.0002371456967889931,3.010648219872502,0.001631180535188959
0.0002413256967889934,3.010648219872502,0.001289740166468739
0.0002455056967889929,3.006876141253898,0.0006068594290283141
0.0002496856967889932,3.010648219872502,0.001289740166468739
0.0002538656967889926,3.010648219872502,0.001631180535188959
0.000258045696788993,3.010648219872502,0.001289740166468739
0.0002622256967889933,3.014420298491106,0.0009482997977485336
0.0002664056967889928,3.006876141253898,0.001289740166468739
0.0002705856967889931,3.010648219872502,0.001289740166468739
0.0002747656967889926,3.010648219872502,0.0009482997977485336
0.0002789456967889929,3.010648219872502,0.0009482997977485336
0.0002831256967889932,3.010648219872502,0.0009482997977485336
0.0002873056967889927,3.010648219872502,0.0009482997977485336
0.000291485696788993,3.014420298491106,0.0009482997977485336
0.0002956656967889933,3.006876141253898,0.0009482997977485336
0.0002998456967889928,3.010648219872502,0.0009482997977485336
0.0003040256967889931,3.010648219872502,0.001289740166468739
0.0003082056967889926,3.006876141253898,0.0009482997977485336
0.0003123856967889929,3.010648219872502,0.001289740166468739
0.0003165656967889932,3.014420298491106,0.001289740166468739
0.0003207456967889927,3.010648219872502,0.0009482997977485336
0.000324925696788993,3.010648219872502,0.0006068594290283141
0.0003291056967889934,3.010648219872502,0.0009482997977485336
0.0003332856967889928,3.010648219872502,0.0009482997977485336
0.0003374656967889932,3.010648219872502,0.0009482997977485336
0.0003416456967889926,3.006876141253898,0.0006068594290283141
0.0003458256967889929,3.006876141253898,0.0009482997977485336
0.0003500056967889933,3.010648219872502,0.0009482997977485336
0.0003541856967889927,3.010648219872502,0.0009482997977485336
0.0003583656967889931,3.010648219872502,0.0006068594290283141
0.0003625456967889934,3.010648219872502,0.0009482997977485336
0.0003667256967889929,3.010648219872502,0.0009482997977485336
0.0003709056967889932,3.010648219872502,0.0006068594290283141
0.0003750856967889927,3.006876141253898,0.001289740166468739
0.000379265696788993,3.01819237710971,0.001289740166468739
0.0003834456967889933,3.006876141253898,0.0009482997977485336
0.0003876256967889928,3.014420298491106,0.0009482997977485336
0.0003918056967889931,3.014420298491106,0.0009482997977485336
0.0003959856967889926,3.010648219872502,0.0006068594290283141
0.0004001656967889929,3.014420298491106,0.0006068594290283141
0.0004043456967889932,3.006876141253898,0.0006068594290283141
0.0004085256967889927,3.014420298491106,0.0009482997977485336
0.000412705696788993,3.014420298491106,0.0009482997977485336
0.0004168856967889933,3.006876141253898,0.0006068594290283141
0.0004210656967889928,3.010648219872502,0.0009482997977485336
0.0004252456967889931,3.014420298491106,0.0009482997977485336
0.0004294256967889926,3.010648219872502,0.0006068594290283141
0.0004336056967889929,3.010648219872502,0.0009482997977485336
0.0004377856967889933,3.006876141253898,0.0009482997977485336
0.0004419656967889927,3.010648219872502,0.0006068594290283141
0.000446145696788993,3.010648219872502,0.0009482997977485336
0.0004503256967889934,3.010648219872502,0.0009482997977485336
0.0004545056967889928,3.014420298491106,0.0009482997977485336
0.0004586856967889932,3.010648219872502,0.0006068594290283141
0.0004628656967889926,3.014420298491106,0.0009482997977485336
0.000467045696788993,3.010648219872502,0.0006068594290283141
0.0004712256967889933,3.010648219872502,0.001289740166468739
0.0004754056967889927,3.014420298491106,0.0009482997977485336
0.0004795856967889931,3.014420298491106,0.0006068594290283141
0.0004837656967889934,3.010648219872502,0.0006068594290283141
0.0004879456967889929,3.014420298491106,0.001289740166468739
0.0004921256967889932,3.006876141253898,0.0006068594290283141
0.0004963056967889927,3.010648219872502,0.0006068594290283141
0.000500485696788993,3.014420298491106,0.0006068594290283141
0.0005046656967889933,3.010648219872502,0.0009482997977485336
0.0005088456967889928,3.006876141253898,0.0009482997977485336
0.0005130256967889931,3.014420298491106,0.0009482997977485336
0.0005172056967889926,3.014420298491106,0.0006068594290283141
0.0005213856967889929,3.010648219872502,0.0009482997977485336
0.0005255656967889932,3.010648219872502,0.001289740166468739
0.0005297456967889927,3.010648219872502,0.0006068594290283141
0.000533925696788993,3.006876141253898,0.0009482997977485336
0.0005381056967889934,3.010648219872502,0.0009482997977485336
0.0005422856967889928,3.006876141253898,0.0006068594290283141
0.0005464656967889931,3.010648219872502,0.0009482997977485336
0.0005506456967889926,3.014420298491106,0.0006068594290283141
0.0005548256967889929,3.010648219872502,0.0006068594290283141
0.0005590056967889933,3.010648219872502,0.0009482997977485336
0.0005631856967889927,3.010648219872502,0.0006068594290283141
0.0005673656967889931,3.010648219872502,0.0009482997977485336
0.0005715456967889934,3.014420298491106,0.0002654190603080947
0.0005757256967889928,3.010648219872502,0.001289740166468739
0.0005799056967889932,3.010648219872502,0.0006068594290283141
0.0005840856967889926,3.010648219872502,0.0006068594290283141
0.000588265696788993,3.010648219872502,0.0006068594290283141
0.0005924456967889933,3.010648219872502,0.001289740166468739
0.0005966256967889928,3.010648219872502,0.001289740166468739
0.0006008056967889931,3.010648219872502,0.0006068594290283141
0.0006049856967889934,3.01819237710971,0.0009482997977485336
0.0006091656967889929,3.010648219872502,0.001289740166468739
0.0006133456967889932,3.014420298491106,0.0006068594290283141
0.0006175256967889927,3.010648219872502,0.0009482997977485336
0.000621705696788993,3.006876141253898,0.0006068594290283141
0.0006258856967889933,3.006876141253898,0.0006068594290283141
0.0006300656967889928,3.014420298491106,0.001289740166468739
0.0006342456967889931,3.010648219872502,0.0006068594290283141
0.0006384256967889926,3.010648219872502,0.0006068594290283141
0.0006426056967889929,3.014420298491106,0.0006068594290283141
0.0006467856967889932,3.010648219872502,0.001289740166468739
0.0006509656967889927,3.014420298491106,0.001289740166468739
0.000655145696788993,3.014420298491106,0.0006068594290283141
0.0006593256967889934,3.006876141253898,0.0009482997977485336
0.0006635056967889928,3.010648219872502,0.0006068594290283141
0.0006676856967889932,3.010648219872502,0.0009482997977485336
0.0006718656967889926,3.010648219872502,0.0009482997977485336
0.0006760456967889929,3.014420298491106,0.0006068594290283141
0.0006802256967889933,3.010648219872502,0.001289740166468739
0.0006844056967889927,3.010648219872502,0.0009482997977485336
0.0006885856967889931,3.010648219872502,0.0009482997977485336
0.0006927656967889934,3.010648219872502,0.0006068594290283141
0.0006969456967889929,3.006876141253898,0.001289740166468739
0.0007011256967889932,3.014420298491106,0.0009482997977485336
0.0007053056967889926,3.010648219872502,0.0006068594290283141
0.000709485696788993,3.014420298491106,0.0009482997977485336
0.0007136656967889933,3.003104062635295,0.0006068594290283141
0.0007178456967889928,3.010648219872502,0.0009482997977485336
0.0007220256967889931,3.010648219872502,0.0009482997977485336
0.0007262056967889934,3.010648219872502,0.0006068594290283141
0.0007303856967889929,3.010648219872502,0.0006068594290283141
0.0007345656967889932,3.010648219872502,0.0006068594290283141
0.0007387456967889927,3.014420298491106,0.0009482997977485336
0.000742925696788993,3.010648219872502,0.0006068594290283141
0.0007471056967889933,3.006876141253898,0.0009482997977485336
0.0007512856967889928,3.014420298491106,0.001289740166468739
0.0007554656967889931,3.006876141253898,0.0002654190603080947
0.0007596456967889926,3.014420298491106,0.0006068594290283141
0.0007638256967889929,3.010648219872502,0.0009482997977485336
0.0007680056967889932,3.010648219872502,0.0009482997977485336
0.0007721856967889927,3.010648219872502,0.0006068594290283141
0.000776365696788993,3.010648219872502,0.0009482997977485336
0.0007805456967889934,3.010648219872502,0.0009482997977485336
0.0007847256967889928,3.014420298491106,0.0006068594290283141
0.0007889056967889932,3.006876141253898,0.0009482997977485336
0.0007930856967889926,3.014420298491106,0.0009482997977485336
0.000797265696788993,3.010648219872502,0.0009482997977485336
0.0008014456967889933,3.006876141253898,0.0009482997977485336
0.0008056256967889927,3.006876141253898,0.0009482997977485336
0.0008098056967889931,3.010648219872502,0.0009482997977485336
0.0008139856967889934,3.010648219872502,0.001289740166468739
0.0008181656967889929,3.010648219872502,0.0009482997977485336
0.0008223456967889932,3.010648219872502,0.0006068594290283141
0.0008265256967889927,3.006876141253898,0.0009482997977485336
0.000830705696788993,3.010648219872502,0.0006068594290283141
0.0008348856967889933,3.010648219872502,0.0006068594290283141
0.0008390656967889928,3.010648219872502,0.0009482997977485336
0.0008432456967889931,3.010648219872502,0.0009482997977485336
0.0008474256967889934,3.006876141253898,0.0006068594290283141
0.0008516056967889929,3.010648219872502,0.0006068594290283141
0.0008557856967889932,3.010648219872502,0.0009482997977485336
0.0008599656967889927,3.006876141253898,0.0006068594290283141
0.000864145696788993,3.010648219872502,0.0009482997977485336
0.0008683256967889933,3.006876141253898,0.0009482997977485336
0.0008725056967889928,3.006876141253898,0.0006068594290283141
0.0008766856967889931,3.010648219872502,0.0009482997977485336
0.0008808656967889926,3.010648219872502,0.0006068594290283141
0.0008850456967889929,3.006876141253898,0.001289740166468739
0.0008892256967889933,3.006876141253898,0.0009482997977485336
0.0008934056967889927,3.010648219872502,0.0009482997977485336
0.000897585696788993,3.006876141253898,0.0009482997977485336
0.0009017656967889934,3.006876141253898,0.0006068594290283141
0.0009059456967889928,3.010648219872502,0.0009482997977485336
0.0009101256967889932,3.010648219872502,0.0006068594290283141
0.0009143056967889926,3.006876141253898,0.0009482997977485336
0.000918485696788993,3.010648219872502,0.0009482997977485336
0.0009226656967889933,3.006876141253898,0.0006068594290283141
0.0009268456967889927,3.006876141253898,0.0009482997977485336
0.0009310256967889931,3.010648219872502,0.0009482997977485336
0.0009352056967889934,3.014420298491106,0.0009482997977485336
0.0009393856967889929,3.010648219872502,0.0002654190603080947
0.0009435656967889932,3.006876141253898,0.0009482997977485336
0.0009477456967889927,3.010648219872502,0.001289740166468739
0.000951925696788993,3.006876141253898,0.0006068594290283141
0.0009561056967889933,3.014420298491106,0.0009482997977485336
0.0009602856967889928,3.006876141253898,0.0006068594290283141
0.0009644656967889931,3.010648219872502,0.0006068594290283141
0.0009686456967889934,3.014420298491106,0.0006068594290283141
0.0009728256967889929,3.010648219872502,0.0006068594290283141
0.0009770056967889932,3.014420298491106,0.0006068594290283141
0.0009811856967889927,3.006876141253898,0.0006068594290283141
0.000985365696788993,3.010648219872502,0.0009482997977485336
0.0009895456967889934,3.010648219872502,0.0009482997977485336
0.0009937256967889928,3.014420298491106,0.0009482997977485336
0.0009979056967889931,3.010648219872502,0.001289740166468739
0.001002085696788993,3.014420298491106,0.0006068594290283141
0.001006265696788993,3.010648219872502,0.0009482997977485336
0.001010445696788993,3.010648219872502,0.0009482997977485336
0.001014625696788993,3.006876141253898,0.0006068594290283141
0.001018805696788993,3.010648219872502,0.0009482997977485336
0.001022985696788993,3.010648219872502,0.0009482997977485336
0.001027165696788993,3.010648219872502,0.0009482997977485336
0.001031345696788993,3.010648219872502,0.0009482997977485336
0.001035525696788993,3.010648219872502,0.0006068594290283141
0.001039705696788993,3.010648219872502,0.0009482997977485336
0.001043885696788993,3.014420298491106,0.0006068594290283141
0.001048065696788993,3.010648219872502,0.0009482997977485336
0.001052245696788993,3.010648219872502,0.0009482997977485336
0.001056425696788993,3.006876141253898,0.0006068594290283141
0.001060605696788993,3.010648219872502,0.001289740166468739
0.001064785696788993,3.010648219872502,0.0009482997977485336
0.001068965696788993,3.010648219872502,0.0006068594290283141
0.001073145696788993,3.010648219872502,0.0006068594290283141
0.001077325696788993,3.014420298491106,0.0009482997977485336
0.001081505696788993,3.010648219872502,0.0006068594290283141
0.001085685696788993,3.006876141253898,0.0009482997977485336
0.001089865696788993,3.010648219872502,0.0006068594290283141
0.001094045696788993,3.010648219872502,0.0006068594290283141
0.001098225696788993,3.010648219872502,0.0006068594290283141
0.001102405696788993,3.010648219872502,0.0006068594290283141
0.001106585696788993,3.010648219872502,0.0009482997977485336
0.001110765696788993,3.006876141253898,0.0006068594290283141
0.001114945696788993,3.010648219872502,0.001289740166468739
0.001119125696788993,3.010648219872502,0.0009482997977485336
0.001123305696788993,3.006876141253898,0.0009482997977485336
0.001127485696788993,3.010648219872502,0.0002654190603080947
0.001131665696788993,3.010648219872502,0.0009482997977485336
0.001135845696788993,3.010648219872502,0.0009482997977485336
0.001140025696788993,3.010648219872502,0.001289740166468739
0.001144205696788993,3.014420298491106,0.0006068594290283141
0.001148385696788993,3.006876141253898,0.001289740166468739
0.001152565696788993,3.010648219872502,0.0009482997977485336
0.001156745696788993,3.014420298491106,0.0006068594290283141
0.001160925696788993,3.010648219872502,0.0009482997977485336
0.001165105696788993,3.010648219872502,0.0006068594290283141
0.001169285696788993,3.006876141253898,0.0006068594290283141
0.001173465696788993,3.010648219872502,0.001289740166468739
0.001177645696788993,3.010648219872502,0.0006068594290283141
0.001181825696788993,3.006876141253898,0.0006068594290283141
0.001186005696788993,3.010648219872502,0.001289740166468739
0.001190185696788993,3.010648219872502,0.0009482997977485336
0.001194365696788993,3.010648219872502,0.0009482997977485336
0.001198545696788993,3.010648219872502,0.0009482997977485336
0.001202725696788993,3.006876141253898,0.0006068594290283141
0.001206905696788993,3.010648219872502,0.0009482997977485336
0.001211085696788993,3.010648219872502,0.0009482997977485336
0.001215265696788993,3.006876141253898,0.0009482997977485336
0.001219445696788993,3.010648219872502,0.0009482997977485336
0.001223625696788993,3.010648219872502,0.0009482997977485336
0.001227805696788993,3.010648219872502,0.0009482997977485336
0.001231985696788993,3.003104062635295,0.0009482997977485336
0.001236165696788993,3.014420298491106,0.0009482997977485336
0.001240345696788993,3.010648219872502,0.0009482997977485336
0.001244525696788993,3.010648219872502,0.0009482997977485336
0.001248705696788993,3.010648219872502,0.0009482997977485336
0.001252885696788993,3.006876141253898,0.0009482997977485336
0.001257065696788993,3.010648219872502,0.0009482997977485336
0.001261245696788993,3.010648219872502,0.0009482997977485336
0.001265425696788993,3.006876141253898,0.0009482997977485336
0.001269605696788993,3.010648219872502,0.0009482997977485336
0.001273785696788993,3.010648219872502,0.0009482997977485336
0.001277965696788993,3.010648219872502,0.0009482997977485336
0.001282145696788993,3.010648219872502,0.001289740166468739
0.001286325696788993,3.010648219872502,0.0009482997977485336
0.001290505696788993,3.010648219872502,0.0006068594290283141
0.001294685696788993,3.010648219872502,0.0009482997977485336
0.001298865696788993,3.010648219872502,0.0006068594290283141
0.001303045696788993,3.010648219872502,0.0006068594290283141
0.001307225696788993,3.010648219872502,0.0009482997977485336
0.001311405696788993,3.010648219872502,0.0009482997977485336
0.001315585696788993,3.010648219872502,0.0009482997977485336
0.001319765696788993,3.014420298491106,0.0009482997977485336
0.001323945696788993,3.010648219872502,0.0002654190603080947
0.001328125696788993,3.006876141253898,0.0006068594290283141
0.001332305696788993,3.006876141253898,0.0006068594290283141
0.001336485696788993,3.010648219872502,0.0009482997977485336
0.001340665696788993,3.014420298491106,0.0006068594290283141
0.001344845696788993,3.010648219872502,0.0009482997977485336
0.001349025696788993,3.010648219872502,0.0006068594290283141
0.001353205696788993,3.010648219872502,0.0006068594290283141
0.001357385696788993,3.010648219872502,0.0009482997977485336
0.001361565696788993,3.010648219872502,0.0009482997977485336
0.001365745696788993,3.014420298491106,0.0006068594290283141
0.001369925696788993,3.014420298491106,0.0009482997977485336
0.001374105696788993,3.006876141253898,0.0006068594290283141
0.001378285696788993,3.014420298491106,0.0006068594290283141
0.001382465696788993,3.010648219872502,0.0006068594290283141
0.001386645696788993,3.010648219872502,0.0009482997977485336
0.001390825696788993,3.010648219872502,0.0006068594290283141
0.001395005696788993,3.014420298491106,0.001289740166468739
0.001399185696788993,3.010648219872502,0.0006068594290283141
0.001403365696788993,3.010648219872502,0.0009482997977485336
0.001407545696788993,3.01819237710971,0.0009482997977485336
0.001411725696788993,3.014420298491106,0.0006068594290283141
0.001415905696788993,3.010648219872502,0.0006068594290283141
0.001420085696788993,3.010648219872502,0.0006068594290283141
0.001424265696788993,3.010648219872502,0.0006068594290283141
0.001428445696788993,3.010648219872502,0.0006068594290283141
0.001432625696788993,3.010648219872502,0.0009482997977485336
0.001436805696788993,3.010648219872502,0.0006068594290283141
0.001440985696788993,3.010648219872502,0.0009482997977485336
0.001445165696788993,3.010648219872502,0.001289740166468739
0.001449345696788993,3.010648219872502,0.0006068594290283141
0.001453525696788993,3.010648219872502,0.0006068594290283141
0.001457705696788993,3.014420298491106,0.001289740166468739
0.001461885696788993,3.010648219872502,0.0006068594290283141
0.001466065696788993,3.014420298491106,0.0009482997977485336
0.001470245696788993,3.010648219872502,0.0009482997977485336
0.001474425696788993,3.014420298491106,0.0009482997977485336
0.001478605696788993,3.014420298491106,0.0009482997977485336
0.001482785696788993,3.006876141253898,0.001289740166468739
0.001486965696788993,3.010648219872502,0.0009482997977485336
0.001491145696788993,3.010648219872502,0.0006068594290283141
0.001495325696788993,3.010648219872502,0.0009482997977485336
0.001499505696788993,3.006876141253898,0.0006068594290283141
0.001503685696788993,3.006876141253898,0.0006068594290283141
0.001507865696788993,3.010648219872502,0.0006068594290283141
0.001512045696788993,3.014420298491106,0.0009482997977485336
0.001516225696788993,3.010648219872502,0.0006068594290283141
0.001520405696788993,3.014420298491106,0.0006068594290283141
0.001524585696788993,3.010648219872502,0.0009482997977485336
0.001528765696788993,3.010648219872502,0.0009482997977485336
0.001532945696788993,3.010648219872502,0.0006068594290283141
0.001537125696788993,3.010648219872502,0.0009482997977485336
0.001541305696788993,3.01819237710971,0.0006068594290283141
0.001545485696788993,3.010648219872502,0.0006068594290283141
0.001549665696788993,3.010648219872502,0.0006068594290283141
0.001553845696788993,3.014420298491106,0.0009482997977485336
0.001558025696788993,3.010648219872502,0.0006068594290283141
0.001562205696788993,3.014420298491106,0.0006068594290283141
0.001566385696788993,3.006876141253898,0.0009482997977485336
0.001570565696788993,3.014420298491106,0.0009482997977485336
0.001574745696788993,3.014420298491106,0.0006068594290283141
0.001578925696788993,3.010648219872502,0.0009482997977485336
0.001583105696788993,3.010648219872502,0.001289740166468739
0.001587285696788993,3.006876141253898,0.0009482997977485336
0.001591465696788993,3.014420298491106,0.001289740166468739
0.001595645696788993,3.010648219872502,0.0009482997977485336
0.001599825696788993,3.010648219872502,0.0009482997977485336
0.001604005696788993,3.010648219872502,0.0006068594290283141
0.001608185696788993,3.010648219872502,0.0006068594290283141
0.001612365696788993,3.006876141253898,0.0006068594290283141
0.001616545696788993,3.010648219872502,0.0009482997977485336
0.001620725696788993,3.010648219872502,0.0006068594290283141
0.001624905696788993,3.010648219872502,0.0006068594290283141
0.001629085696788993,3.010648219872502,0.0009482997977485336
0.001633265696788993,3.010648219872502,0.0006068594290283141
0.001637445696788993,3.014420298491106,0.0006068594290283141
0.001641625696788993,3.010648219872502,0.0009482997977485336
0.001645805696788993,3.010648219872502,0.0009482997977485336
0.001649985696788993,3.010648219872502,0.0002654190603080947
0.001654165696788993,3.006876141253898,0.001289740166468739
0.001658345696788993,3.01819237710971,0.0006068594290283141
0.001662525696788993,3.014420298491106,0.0009482997977485336
0.001666705696788993,3.010648219872502,0.0006068594290283141
0.001670885696788993,3.010648219872502,0.0006068594290283141
0.001675065696788993,3.010648219872502,0.0006068594290283141
0.001679245696788993,3.010648219872502,0.0009482997977485336
0.001683425696788993,3.010648219872502,0.0002654190603080947
0.001687605696788993,3.010648219872502,0.0006068594290283141
0.001691785696788993,3.014420298491106,0.0006068594290283141
0.001695965696788993,3.010648219872502,0.0006068594290283141
0.001700145696788993,3.014420298491106,0.0009482997977485336
0.001704325696788993,3.006876141253898,0.0006068594290283141
0.001708505696788993,3.010648219872502,0.001289740166468739
0.001712685696788993,3.014420298491106,0.0006068594290283141
0.001716865696788993,3.010648219872502,0.0002654190603080947
0.001721045696788993,3.010648219872502,0.0009482997977485336
0.001725225696788993,3.010648219872502,0.0006068594290283141
0.001729405696788993,3.010648219872502,0.001289740166468739
0.001733585696788993,3.01819237710971,0.0006068594290283141
0.001737765696788993,3.010648219872502,0.0009482997977485336
0.001741945696788993,3.014420298491106,0.0002654190603080947
0.001746125696788993,3.014420298491106,0.001289740166468739
0.001750305696788993,3.010648219872502,0.0006068594290283141
0.001754485696788993,3.010648219872502,0.0006068594290283141
0.001758665696788993,3.014420298491106,0.001289740166468739
0.001762845696788993,3.010648219872502,0.0006068594290283141
0.001767025696788993,3.014420298491106,0.0009482997977485336
0.001771205696788993,3.006876141253898,0.0009482997977485336
0.001775385696788993,3.014420298491106,0.0009482997977485336
0.001779565696788993,3.010648219872502,0.0009482997977485336
0.001783745696788993,3.010648219872502,0.0006068594290283141
0.001787925696788993,3.014420298491106,0.0006068594290283141
0.001792105696788993,3.010648219872502,0.0009482997977485336
0.001796285696788993,3.010648219872502,0.0009482997977485336
0.001800465696788993,3.014420298491106,0.0006068594290283141
0.001804645696788993,3.010648219872502,0.0009482997977485336
0.001808825696788993,3.010648219872502,0.0006068594290283141
0.001813005696788993,3.014420298491106,0.0009482997977485336
0.001817185696788993,3.006876141253898,0.0006068594290283141
0.001821365696788993,3.010648219872502,0.0009482997977485336
0.001825545696788993,3.010648219872502,0.0009482997977485336
0.001829725696788993,3.014420298491106,0.0009482997977485336
0.001833905696788993,3.006876141253898,0.0009482997977485336
0.001838085696788993,3.010648219872502,0.0006068594290283141
0.001842265696788993,3.010648219872502,0.0009482997977485336
0.001846445696788993,3.014420298491106,0.0009482997977485336
0.001850625696788993,3.006876141253898,0.0006068594290283141
0.001854805696788993,3.010648219872502,0.0006068594290283141
0.001858985696788993,3.014420298491106,0.0006068594290283141
0.001863165696788993,3.006876141253898,0.0006068594290283141
0.001867345696788993,3.014420298491106,0.0009482997977485336
0.001871525696788993,3.010648219872502,0.0006068594290283141
0.001875705696788993,3.010648219872502,0.0006068594290283141
0.001879885696788993,3.014420298491106,0.0006068594290283141
0.001884065696788993,3.010648219872502,0.0009482997977485336
0.001888245696788993,3.006876141253898,0.0009482997977485336
0.001892425696788993,3.014420298491106,0.0006068594290283141
0.001896605696788993,3.010648219872502,0.0006068594290283141
0.001900785696788993,3.010648219872502,0.001289740166468739
0.001904965696788993,3.010648219872502,0.0009482997977485336
0.001909145696788993,3.010648219872502,0.0002654190603080947
0.001913325696788993,3.006876141253898,0.0009482997977485336
0.001917505696788993,3.010648219872502,0.0002654190603080947
0.001921685696788993,3.010648219872502,0.0006068594290283141
0.001925865696788993,3.006876141253898,0.0009482997977485336
0.001930045696788993,3.010648219872502,0.0009482997977485336
0.001934225696788993,3.010648219872502,0.0009482997977485336
0.001938405696788993,3.010648219872502,0.0006068594290283141
0.001942585696788993,3.010648219872502,0.0006068594290283141
0.001946765696788993,3.010648219872502,0.0006068594290283141
0.001950945696788993,3.010648219872502,0.0006068594290283141
0.001955125696788993,3.006876141253898,0.0006068594290283141
0.001959305696788993,3.010648219872502,0.0006068594290283141
0.001963485696788993,3.010648219872502,0.0009482997977485336
0.001967665696788993,3.006876141253898,0.0006068594290283141
0.001971845696788993,3.014420298491106,0.0009482997977485336
0.001976025696788993,3.010648219872502,0.0002654190603080947
0.001980205696788993,3.014420298491106,0.0009482997977485336
0.001984385696788993,3.006876141253898,0.0009482997977485336
0.001988565696788993,3.014420298491106,0.0009482997977485336
0.001992745696788993,3.014420298491106,0.0002654190603080947
0.001996925696788993,3.014420298491106,0.0009482997977485336
0.002001105696788993,3.014420298491106,0.0006068594290283141
0.002005285696788993,3.014420298491106,0.0009482997977485336
0.002009465696788993,3.010648219872502,0.0006068594290283141
0.002013645696788993,3.014420298491106,0.0006068594290283141
0.002017825696788993,3.010648219872502,0.0006068594290283141
0.002022005696788993,3.010648219872502,0.0009482997977485336
0.002026185696788993,3.014420298491106,0.0006068594290283141
0.002030365696788993,3.01819237710971,0.0002654190603080947
0.002034545696788993,3.010648219872502,-7.602130841211086e-05
0.002038725696788993,3.010648219872502,0.0006068594290283141
0.002042905696788993,3.006876141253898,0.0006068594290283141
0.002047085696788993,3.010648219872502,0.0006068594290283141
0.002051265696788993,3.010648219872502,0.0006068594290283141
0.002055445696788993,3.010648219872502,0.001289740166468739
0.002059625696788993,3.010648219872502,0.0006068594290283141
0.002063805696788993,3.014420298491106,0.0006068594290283141
0.002067985696788993,3.010648219872502,0.0009482997977485336
0.002072165696788993,3.010648219872502,0.0006068594290283141
0.002076345696788993,3.014420298491106,0.0006068594290283141
0.002080525696788993,3.014420298491106,0.0009482997977485336
0.002084705696788993,3.010648219872502,0.0006068594290283141
0.002088885696788993,3.014420298491106,0.0006068594290283141
0.002093065696788993,3.014420298491106,0.0006068594290283141
0.002097245696788993,3.010648219872502,0.0009482997977485336
0.002101425696788993,3.006876141253898,0.0006068594290283141
0.002105605696788993,3.010648219872502,0.0009482997977485336
0.002109785696788993,3.010648219872502,0.0006068594290283141
0.002113965696788993,3.010648219872502,0.0009482997977485336
0.002118145696788993,3.014420298491106,0.0006068594290283141
0.002122325696788993,3.014420298491106,0.0009482997977485336
0.002126505696788993,3.010648219872502,0.0006068594290283141
0.002130685696788993,3.006876141253898,0.0006068594290283141
0.002134865696788993,3.014420298491106,0.0006068594290283141
0.002139045696788993,3.010648219872502,0.0009482997977485336
0.002143225696788993,3.010648219872502,0.0006068594290283141
0.002147405696788993,3.010648219872502,0.001289740166468739
0.002151585696788993,3.014420298491106,0.0006068594290283141
0.002155765696788993,3.014420298491106,0.0006068594290283141
0.002159945696788993,3.003104062635295,0.0006068594290283141
0.002164125696788993,3.014420298491106,0.0009482997977485336
0.002168305696788993,3.014420298491106,0.0009482997977485336
0.002172485696788993,3.006876141253898,0.0006068594290283141
0.002176665696788993,3.014420298491106,0.0006068594290283141
0.002180845696788993,3.010648219872502,0.0006068594290283141
0.002185025696788993,3.014420298491106,0.0006068594290283141
0.002189205696788993,3.014420298491106,0.0002654190603080947
0.002193385696788993,3.006876141253898,0.0006068594290283141
0.002197565696788993,3.010648219872502,0.0009482997977485336
0.002201745696788993,3.010648219872502,0.0009482997977485336
0.002205925696788993,3.014420298491106,0.0009482997977485336
0.002210105696788993,3.010648219872502,0.0006068594290283141
0.002214285696788993,3.014420298491106,0.0006068594290283141
0.002218465696788993,3.006876141253898,0.0002654190603080947
0.002222645696788993,3.010648219872502,0.0006068594290283141
0.002226825696788993,3.010648219872502,0.0006068594290283141
0.002231005696788993,3.010648219872502,0.0009482997977485336
0.002235185696788993,3.014420298491106,0.0006068594290283141
0.002239365696788993,3.010648219872502,0.0006068594290283141
0.002243545696788993,3.010648219872502,0.0006068594290283141
0.002247725696788993,3.014420298491106,0.0006068594290283141
0.002251905696788993,3.010648219872502,0.0009482997977485336
0.002256085696788993,3.014420298491106,0.0006068594290283141
0.002260265696788993,3.010648219872502,0.0009482997977485336
0.002264445696788993,3.010648219872502,0.0006068594290283141
0.002268625696788993,3.014420298491106,0.0002654190603080947
0.002272805696788993,3.014420298491106,0.001289740166468739
0.002276985696788993,3.010648219872502,0.0006068594290283141
0.002281165696788993,3.014420298491106,0.0009482997977485336
0.002285345696788993,3.010648219872502,0.0006068594290283141
0.002289525696788993,3.010648219872502,0.0009482997977485336
0.002293705696788993,3.010648219872502,0.0006068594290283141
0.002297885696788993,3.014420298491106,0.0009482997977485336
0.002302065696788993,3.010648219872502,0.001289740166468739
0.002306245696788993,3.010648219872502,0.0006068594290283141
0.002310425696788993,3.010648219872502,0.0009482997977485336
0.002314605696788993,3.006876141253898,0.0009482997977485336
0.002318785696788993,3.014420298491106,0.0009482997977485336
0.002322965696788993,3.014420298491106,0.0009482997977485336
0.002327145696788993,3.010648219872502,0.001289740166468739
0.002331325696788993,3.010648219872502,0.0009482997977485336
0.002335505696788993,3.010648219872502,0.001289740166468739
0.002339685696788993,3.006876141253898,0.001289740166468739
0.002343865696788993,3.014420298491106,0.0009482997977485336
0.002348045696788993,3.010648219872502,0.001289740166468739
0.002352225696788993,3.010648219872502,0.0009482997977485336
0.002356405696788993,3.010648219872502,0.0009482997977485336
0.002360585696788993,3.014420298491106,0.001289740166468739
0.002364765696788993,3.010648219872502,0.0009482997977485336
0.002368945696788993,3.006876141253898,0.0006068594290283141
0.002373125696788993,3.010648219872502,0.001289740166468739
0.002377305696788993,3.010648219872502,0.001289740166468739
0.002381485696788993,3.014420298491106,0.0006068594290283141
0.002385665696788993,3.010648219872502,0.0009482997977485336
0.002389845696788994,3.010648219872502,0.0006068594290283141
0.002394025696788993,3.010648219872502,0.0009482997977485336
0.002398205696788993,3.006876141253898,0.001289740166468739
0.002402385696788993,3.014420298491106,0.0009482997977485336
0.002406565696788993,3.010648219872502,0.001289740166468739
0.002410745696788993,3.010648219872502,0.0009482997977485336
0.002414925696788993,3.010648219872502,0.001289740166468739
0.002419105696788993,3.010648219872502,0.0006068594290283141
0.002423285696788993,3.006876141253898,0.0009482997977485336
0.002427465696788993,3.010648219872502,0.001289740166468739
0.002431645696788993,3.010648219872502,0.0009482997977485336
0.002435825696788993,3.010648219872502,0.0009482997977485336
0.002440005696788993,3.010648219872502,0.0006068594290283141
0.002444185696788993,3.010648219872502,0.0009482997977485336
0.002448365696788993,3.014420298491106,0.001289740166468739
0.002452545696788993,3.014420298491106,0.0006068594290283141
0.002456725696788993,3.006876141253898,0.0009482997977485336
0.002460905696788993,3.006876141253898,0.001289740166468739
0.002465085696788993,3.010648219872502,0.0006068594290283141
0.002469265696788993,3.014420298491106,0.0009482997977485336
0.002473445696788993,3.006876141253898,0.0009482997977485336
0.002477625696788993,3.014420298491106,0.0009482997977485336
0.002481805696788993,3.010648219872502,0.001289740166468739
0.002485985696788993,3.010648219872502,0.0006068594290283141
0.002490165696788993,3.010648219872502,0.001289740166468739
0.002494345696788993,3.014420298491106,0.0009482997977485336
0.002498525696788993,3.010648219872502,0.0006068594290283141
0.002502705696788993,3.010648219872502,0.0006068594290283141
0.002506885696788993,3.010648219872502,0.001289740166468739
0.002511065696788994,3.010648219872502,0.0006068594290283141
0.002515245696788993,3.014420298491106,0.0009482997977485336
0.002519425696788993,3.010648219872502,0.001289740166468739
0.002523605696788993,3.010648219872502,0.0006068594290283141
0.002527785696788993,3.010648219872502,0.0009482997977485336
0.002531965696788993,3.010648219872502,0.0009482997977485336
0.002536145696788993,3.014420298491106,0.001289740166468739
0.002540325696788993,3.006876141253898,0.0009482997977485336
0.002544505696788993,3.01819237710971,0.0009482997977485336
0.002548685696788993,3.014420298491106,0.0006068594290283141
0.002552865696788993,3.006876141253898,0.0009482997977485336
0.002557045696788993,3.010648219872502,0.0009482997977485336
0.002561225696788993,3.006876141253898,0.001289740166468739
0.002565405696788993,3.014420298491106,0.001289740166468739
0.002569585696788993,3.010648219872502,0.001289740166468739
0.002573765696788993,3.014420298491106,0.001289740166468739
0.002577945696788993,3.014420298491106,0.0009482997977485336
0.002582125696788993,3.010648219872502,0.001289740166468739
0.002586305696788993,3.010648219872502,0.0009482997977485336
0.002590485696788993,3.010648219872502,0.001289740166468739
0.002594665696788993,3.014420298491106,0.0009482997977485336
0.002598845696788993,3.010648219872502,0.0009482997977485336
0.002603025696788993,3.014420298491106,0.0006068594290283141
0.002607205696788993,3.014420298491106,0.0009482997977485336
0.002611385696788993,3.006876141253898,0.0009482997977485336
0.002615565696788993,3.014420298491106,0.001289740166468739
0.002619745696788993,3.010648219872502,0.001289740166468739
0.002623925696788993,3.01819237710971,0.0009482997977485336
0.002628105696788993,3.010648219872502,0.001289740166468739
0.002632285696788994,3.006876141253898,0.0009482997977485336
0.002636465696788993,3.010648219872502,0.001631180535188959
0.002640645696788993,3.010648219872502,0.001289740166468739
0.002644825696788993,3.006876141253898,0.0009482997977485336
0.002649005696788993,3.014420298491106,0.0009482997977485336
0.002653185696788993,3.014420298491106,0.001289740166468739
0.002657365696788993,3.010648219872502,0.0009482997977485336
0.002661545696788993,3.014420298491106,0.0009482997977485336
0.002665725696788993,3.010648219872502,0.0009482997977485336
0.002669905696788993,3.014420298491106,0.0009482997977485336
0.002674085696788993,3.014420298491106,0.0006068594290283141
0.002678265696788993,3.010648219872502,0.001289740166468739
0.002682445696788993,3.010648219872502,0.0009482997977485336
0.002686625696788993,3.006876141253898,0.0009482997977485336
0.002690805696788993,3.010648219872502,0.001289740166468739
0.002694985696788993,3.006876141253898,0.0009482997977485336
0.002699165696788993,3.010648219872502,0.0009482997977485336
0.002703345696788993,3.014420298491106,0.001289740166468739
0.002707525696788993,3.010648219872502,0.001289740166468739
0.002711705696788993,3.010648219872502,0.001289740166468739
0.002715885696788993,3.010648219872502,0.0006068594290283141
0.002720065696788994,3.010648219872502,0.001289740166468739
0.002724245696788993,3.010648219872502,0.0006068594290283141
0.002728425696788993,3.010648219872502,0.0009482997977485336
0.002732605696788993,3.010648219872502,0.001289740166468739
0.002736785696788993,3.014420298491106,0.0006068594290283141
0.002740965696788993,3.006876141253898,0.0009482997977485336
0.002745145696788993,3.014420298491106,0.001289740166468739
0.002749325696788993,3.010648219872502,0.0006068594290283141
0.002753505696788994,3.014420298491106,0.001289740166468739
0.002757685696788993,3.010648219872502,0.0009482997977485336
0.002761865696788993,3.010648219872502,0.001289740166468739
0.002766045696788993,3.014420298491106,0.001289740166468739
0.002770225696788993,3.010648219872502,0.0006068594290283141
0.002774405696788993,3.010648219872502,0.001289740166468739
0.002778585696788993,3.010648219872502,0.0009482997977485336
0.002782765696788993,3.014420298491106,0.0006068594290283141
0.002786945696788993,3.014420298491106,0.0009482997977485336
0.002791125696788993,3.010648219872502,0.0009482997977485336
0.002795305696788993,3.006876141253898,0.0009482997977485336
0.002799485696788993,3.010648219872502,0.0006068594290283141
0.002803665696788993,3.014420298491106,0.0006068594290283141
0.002807845696788993,3.010648219872502,0.001289740166468739
0.002812025696788993,3.010648219872502,0.0006068594290283141
0.002816205696788993,3.014420298491106,0.0009482997977485336
0.002820385696788993,3.006876141253898,0.0009482997977485336
0.002824565696788993,3.014420298491106,0.0009482997977485336
0.002828745696788993,3.014420298491106,0.001289740166468739
0.002832925696788993,3.010648219872502,0.0006068594290283141
0.002837105696788993,3.006876141253898,0.0009482997977485336
0.002841285696788994,3.010648219872502,0.001289740166468739
0.002845465696788993,3.010648219872502,0.0009482997977485336
0.002849645696788993,3.010648219872502,0.0009482997977485336
0.002853825696788993,3.014420298491106,0.001289740166468739
0.002858005696788993,3.006876141253898,0.0009482997977485336
0.002862185696788993,3.014420298491106,0.001289740166468739
0.002866365696788993,3.010648219872502,0.0006068594290283141
0.002870545696788993,3.014420298491106,0.0009482997977485336
0.002874725696788994,3.006876141253898,0.0009482997977485336
0.002878905696788993,3.010648219872502,0.0009482997977485336
0.002883085696788993,3.010648219872502,0.0009482997977485336
0.002887265696788993,3.010648219872502,0.0006068594290283141
0.002891445696788993,3.006876141253898,0.0009482997977485336
0.002895625696788993,3.014420298491106,0.001289740166468739
0.002899805696788993,3.010648219872502,0.0009482997977485336
0.002903985696788993,3.014420298491106,0.0009482997977485336
0.002908165696788993,3.010648219872502,0.0009482997977485336
0.002912345696788993,3.010648219872502,0.0009482997977485336
0.002916525696788993,3.006876141253898,0.0009482997977485336
0.002920705696788993,3.014420298491106,0.0006068594290283141
0.002924885696788993,3.010648219872502,0.0009482997977485336
0.002929065696788993,3.010648219872502,0.0006068594290283141
0.002933245696788993,3.010648219872502,0.0009482997977485336
0.002937425696788993,3.010648219872502,0.0009482997977485336
0.002941605696788993,3.010648219872502,0.0006068594290283141
0.002945785696788993,3.014420298491106,0.001289740166468739
0.002949965696788993,3.006876141253898,0.0009482997977485336
0.002954145696788993,3.006876141253898,0.001289740166468739
0.002958325696788993,3.006876141253898,0.0009482997977485336
0.002962505696788993,3.014420298491106,0.0009482997977485336
0.002966685696788993,3.010648219872502,0.0009482997977485336
0.002970865696788993,3.010648219872502,0.001289740166468739
0.002975045696788993,3.010648219872502,0.0006068594290283141
0.002979225696788993,3.014420298491106,0.001289740166468739
0.002983405696788993,3.010648219872502,0.0009482997977485336
0.002987585696788993,3.014420298491106,0.0006068594290283141
0.002991765696788993,3.006876141253898,0.0009482997977485336
0.002995945696788993,3.010648219872502,0.0009482997977485336
0.003000125696788993,3.014420298491106,0.001289740166468739
0.003004305696788993,3.010648219872502,0.0006068594290283141
0.003008485696788993,3.014420298491106,0.0009482997977485336
0.003012665696788993,3.010648219872502,0.0009482997977485336
0.003016845696788993,3.010648219872502,0.0009482997977485336
0.003021025696788993,3.01819237710971,0.001289740166468739
0.003025205696788993,3.014420298491106,0.0009482997977485336
0.003029385696788993,3.006876141253898,0.0009482997977485336
0.003033565696788993,3.014420298491106,0.0009482997977485336
0.003037745696788993,3.014420298491106,0.0009482997977485336
0.003041925696788993,3.010648219872502,0.0009482997977485336
0.003046105696788993,3.014420298491106,0.0006068594290283141
0.003050285696788993,3.010648219872502,0.0009482997977485336
0.003054465696788993,3.006876141253898,0.0006068594290283141
0.003058645696788993,3.014420298491106,0.0009482997977485336
0.003062825696788993,3.014420298491106,0.001289740166468739
0.003067005696788993,3.010648219872502,0.001289740166468739
0.003071185696788993,3.010648219872502,0.0009482997977485336
0.003075365696788993,3.006876141253898,0.0009482997977485336
0.003079545696788993,3.014420298491106,0.001289740166468739
0.003083725696788993,3.010648219872502,0.0006068594290283141
0.003087905696788993,3.010648219872502,0.0009482997977485336
0.003092085696788993,3.006876141253898,0.0006068594290283141
0.003096265696788993,3.01819237710971,0.0006068594290283141
0.003100445696788993,3.010648219872502,0.0009482997977485336
0.003104625696788993,3.010648219872502,0.0009482997977485336
0.003108805696788993,3.006876141253898,0.0009482997977485336
0.003112985696788993,3.010648219872502,0.0009482997977485336
0.003117165696788993,3.010648219872502,0.0006068594290283141
0.003121345696788993,3.014420298491106,0.001289740166468739
0.003125525696788993,3.014420298491106,0.0009482997977485336
0.003129705696788993,3.010648219872502,0.0006068594290283141
0.003133885696788993,3.010648219872502,0.001289740166468739
0.003138065696788993,3.010648219872502,0.0006068594290283141
0.003142245696788993,3.010648219872502,0.0009482997977485336
0.003146425696788993,3.010648219872502,0.0009482997977485336
0.003150605696788993,3.014420298491106,0.0009482997977485336
0.003154785696788993,3.014420298491106,0.0009482997977485336
0.003158965696788993,3.010648219872502,0.0009482997977485336
0.003163145696788993,3.010648219872502,0.0009482997977485336
0.003167325696788993,3.010648219872502,0.0006068594290283141
0.003171505696788993,3.006876141253898,0.0009482997977485336
0.003175685696788993,3.014420298491106,0.0009482997977485336
0.003179865696788993,3.010648219872502,0.0009482997977485336
0.003184045696788993,3.010648219872502,0.0006068594290283141
0.003188225696788993,3.010648219872502,0.001289740166468739
0.003192405696788993,3.010648219872502,0.0009482997977485336
0.003196585696788993,3.010648219872502,0.0006068594290283141
0.003200765696788993,3.014420298491106,0.0009482997977485336
0.003204945696788993,3.006876141253898,0.001289740166468739
0.003209125696788993,3.010648219872502,0.001289740166468739
0.003213305696788993,3.010648219872502,0.0009482997977485336
0.003217485696788993,3.010648219872502,0.0009482997977485336
0.003221665696788993,3.014420298491106,0.0009482997977485336
0.003225845696788993,3.010648219872502,0.0009482997977485336
0.003230025696788993,3.010648219872502,0.0009482997977485336
0.003234205696788993,3.014420298491106,0.0009482997977485336
0.003238385696788993,3.006876141253898,0.0009482997977485336
0.003242565696788993,3.010648219872502,0.0009482997977485336
0.003246745696788993,3.010648219872502,0.0009482997977485336
0.003250925696788993,3.010648219872502,0.001289740166468739
0.003255105696788993,3.006876141253898,0.0009482997977485336
0.003259285696788993,3.010648219872502,0.0009482997977485336
0.003263465696788993,3.006876141253898,0.0002654190603080947
0.003267645696788993,3.010648219872502,0.0009482997977485336
0.003271825696788993,3.006876141253898,0.0009482997977485336
0.003276005696788993,3.006876141253898,0.0009482997977485336
0.003280185696788993,3.006876141253898,0.0006068594290283141
0.003284365696788993,3.014420298491106,0.001289740166468739
0.003288545696788993,3.010648219872502,0.0009482997977485336
0.003292725696788993,3.014420298491106,0.0009482997977485336
0.003296905696788993,3.006876141253898,0.0009482997977485336
0.003301085696788993,3.010648219872502,0.001289740166468739
0.003305265696788993,3.014420298491106,0.0009482997977485336
0.003309445696788993,3.014420298491106,0.0009482997977485336
0.003313625696788993,3.014420298491106,0.0006068594290283141
0.003317805696788993,3.010648219872502,0.0009482997977485336
0.003321985696788993,3.010648219872502,0.0009482997977485336
0.003326165696788993,3.010648219872502,0.0006068594290283141
0.003330345696788993,3.01819237710971,0.001289740166468739
0.003334525696788993,3.006876141253898,0.0009482997977485336
0.003338705696788993,3.010648219872502,0.0009482997977485336
0.003342885696788993,3.014420298491106,0.0009482997977485336
0.003347065696788993,3.006876141253898,0.0009482997977485336
0.003351245696788993,3.014420298491106,0.0009482997977485336
0.003355425696788993,3.010648219872502,0.001289740166468739
0.003359605696788993,3.010648219872502,0.0009482997977485336
0.003363785696788993,3.010648219872502,0.0006068594290283141
0.003367965696788993,3.010648219872502,0.0009482997977485336
0.003372145696788993,3.01819237710971,0.0009482997977485336
0.003376325696788993,3.010648219872502,0.0006068594290283141
0.003380505696788993,3.010648219872502,0.0009482997977485336
0.003384685696788993,3.010648219872502,0.0009482997977485336
0.003388865696788993,3.014420298491106,0.0006068594290283141
0.003393045696788993,3.006876141253898,0.001289740166468739
0.003397225696788993,3.014420298491106,0.0009482997977485336
0.003401405696788993,3.010648219872502,0.0009482997977485336
0.003405585696788993,3.010648219872502,0.0006068594290283141
0.003409765696788993,3.010648219872502,0.001289740166468739
0.003413945696788993,3.006876141253898,0.0006068594290283141
0.003418125696788993,3.010648219872502,0.0009482997977485336
0.003422305696788993,3.010648219872502,0.001289740166468739
0.003426485696788993,3.014420298491106,0.0009482997977485336
0.003430665696788993,3.014420298491106,0.0009482997977485336
0.003434845696788993,3.010648219872502,0.0009482997977485336
0.003439025696788993,3.010648219872502,0.0009482997977485336
0.003443205696788993,3.014420298491106,0.0009482997977485336
0.003447385696788993,3.010648219872502,0.0009482997977485336
0.003451565696788993,3.010648219872502,0.0009482997977485336
0.003455745696788993,3.010648219872502,0.0006068594290283141
0.003459925696788993,3.010648219872502,0.001289740166468739
0.003464105696788993,3.010648219872502,0.0009482997977485336
0.003468285696788993,3.006876141253898,0.0009482997977485336
0.003472465696788993,3.014420298491106,0.0009482997977485336
0.003476645696788993,3.014420298491106,0.001631180535188959
0.003480825696788993,3.010648219872502,0.0009482997977485336
0.003485005696788993,3.014420298491106,0.001289740166468739
0.003489185696788993,3.014420298491106,0.0009482997977485336
0.003493365696788993,3.010648219872502,0.0009482997977485336
0.003497545696788993,3.010648219872502,0.0006068594290283141
0.003501725696788993,3.014420298491106,0.0009482997977485336
0.003505905696788993,3.010648219872502,0.0009482997977485336
0.003510085696788993,3.010648219872502,0.0009482997977485336
0.003514265696788993,3.014420298491106,0.0009482997977485336
0.003518445696788993,3.014420298491106,0.0009482997977485336
0.003522625696788993,3.010648219872502,0.001289740166468739
0.003526805696788993,3.010648219872502,0.001289740166468739
0.003530985696788993,3.010648219872502,0.0006068594290283141
0.003535165696788993,3.010648219872502,0.0009482997977485336
0.003539345696788993,3.014420298491106,0.0006068594290283141
0.003543525696788993,3.006876141253898,0.001289740166468739
0.003547705696788993,3.014420298491106,0.0009482997977485336
0.003551885696788993,3.010648219872502,0.0009482997977485336
0.003556065696788993,3.010648219872502,0.001289740166468739
0.003560245696788993,3.014420298491106,0.0009482997977485336
0.003564425696788993,3.006876141253898,0.0009482997977485336
0.003568605696788993,3.014420298491106,0.0009482997977485336
0.003572785696788993,3.014420298491106,0.001289740166468739
0.003576965696788993,3.014420298491106,0.0009482997977485336
0.003581145696788993,3.010648219872502,0.0009482997977485336
0.003585325696788993,3.014420298491106,0.0009482997977485336
0.003589505696788993,3.010648219872502,0.0009482997977485336
0.003593685696788993,3.010648219872502,0.0006068594290283141
0.003597865696788993,3.006876141253898,0.0009482997977485336
0.003602045696788993,3.006876141253898,0.0009482997977485336
0.003606225696788993,3.014420298491106,0.0009482997977485336
0.003610405696788993,3.010648219872502,0.0009482997977485336
0.003614585696788993,3.010648219872502,0.0009482997977485336
0.003618765696788993,3.014420298491106,0.0009482997977485336
0.003622945696788993,3.006876141253898,0.0009482997977485336
0.003627125696788993,3.010648219872502,0.0009482997977485336
0.003631305696788993,3.010648219872502,0.0009482997977485336
0.003635485696788993,3.010648219872502,0.0009482997977485336
0.003639665696788993,3.014420298491106,0.0009482997977485336
0.003643845696788993,3.014420298491106,0.0009482997977485336
0.003648025696788993,2.999331984016691,0.0006068594290283141
0.003652205696788993,3.010648219872502,0.001289740166468739
0.003656385696788993,3.010648219872502,0.0009482997977485336
0.003660565696788993,3.010648219872502,0.0009482997977485336
0.003664745696788993,3.010648219872502,0.0009482997977485336
0.003668925696788993,3.010648219872502,0.0006068594290283141
0.003673105696788993,3.014420298491106,0.001289740166468739
0.003677285696788993,3.010648219872502,0.0006068594290283141
0.003681465696788993,3.010648219872502,0.001289740166468739
0.003685645696788993,3.010648219872502,0.0006068594290283141
0.003689825696788993,3.014420298491106,0.001289740166468739
0.003694005696788993,3.014420298491106,0.001289740166468739
0.003698185696788993,3.010648219872502,0.0009482997977485336
0.003702365696788993,3.010648219872502,0.0006068594290283141
0.003706545696788993,3.010648219872502,0.0009482997977485336
0.003710725696788993,3.010648219872502,0.0009482997977485336
0.003714905696788993,3.014420298491106,0.0009482997977485336
0.003719085696788993,3.010648219872502,0.0009482997977485336
0.003723265696788993,3.010648219872502,0.0009482997977485336
0.003727445696788993,3.014420298491106,0.001289740166468739
0.003731625696788993,3.010648219872502,0.0009482997977485336
0.003735805696788993,3.006876141253898,0.0009482997977485336
0.003739985696788993,3.010648219872502,0.0009482997977485336
0.003744165696788993,3.014420298491106,0.0006068594290283141
0.003748345696788993,3.010648219872502,0.0009482997977485336
0.003752525696788993,3.010648219872502,0.001289740166468739
0.003756705696788993,3.006876141253898,0.0009482997977485336
0.003760885696788993,3.010648219872502,0.0009482997977485336
0.003765065696788993,3.010648219872502,0.0006068594290283141
0.003769245696788993,3.014420298491106,0.0009482997977485336
0.003773425696788993,3.014420298491106,0.0006068594290283141
0.003777605696788993,3.014420298491106,0.0009482997977485336
0.003781785696788993,3.010648219872502,0.001289740166468739
0.003785965696788993,3.006876141253898,0.0009482997977485336
0.003790145696788993,3.010648219872502,0.0009482997977485336
0.003794325696788993,3.010648219872502,0.0009482997977485336
0.003798505696788993,3.014420298491106,0.0009482997977485336
0.003802685696788993,3.014420298491106,0.0009482997977485336
0.003806865696788993,3.01819237710971,0.0006068594290283141
0.003811045696788993,3.014420298491106,0.001289740166468739
0.003815225696788993,3.010648219872502,0.0009482997977485336
0.003819405696788993,3.006876141253898,0.0009482997977485336
0.003823585696788993,3.01819237710971,0.0009482997977485336
0.003827765696788993,3.010648219872502,0.0006068594290283141
0.003831945696788993,3.01819237710971,0.001289740166468739
0.003836125696788993,3.010648219872502,0.0009482997977485336
0.003840305696788993,3.010648219872502,0.0009482997977485336
0.003844485696788993,3.014420298491106,0.0009482997977485336
0.003848665696788993,3.010648219872502,0.0009482997977485336
0.003852845696788993,3.010648219872502,0.0009482997977485336
0.003857025696788993,3.014420298491106,0.0009482997977485336
0.003861205696788993,3.010648219872502,0.0009482997977485336
0.003865385696788993,3.014420298491106,0.001289740166468739
0.003869565696788993,3.010648219872502,0.0009482997977485336
0.003873745696788993,3.006876141253898,0.0009482997977485336
0.003877925696788993,3.014420298491106,0.0009482997977485336
0.003882105696788993,3.010648219872502,0.0009482997977485336
0.003886285696788993,3.010648219872502,0.0009482997977485336
0.003890465696788993,3.014420298491106,0.001289740166468739
0.003894645696788993,3.014420298491106,0.0006068594290283141
0.003898825696788993,3.014420298491106,0.0009482997977485336
0.003903005696788993,3.014420298491106,0.0009482997977485336
0.003907185696788993,3.010648219872502,0.0006068594290283141
0.003911365696788993,3.014420298491106,0.0009482997977485336
0.003915545696788993,3.010648219872502,0.0009482997977485336
0.003919725696788993,3.014420298491106,0.0009482997977485336
0.003923905696788993,3.010648219872502,0.0009482997977485336
0.003928085696788993,3.010648219872502,0.0009482997977485336
0.003932265696788994,3.010648219872502,0.0006068594290283141
0.003936445696788993,3.010648219872502,0.0009482997977485336
0.003940625696788993,3.014420298491106,0.0009482997977485336
0.003944805696788994,3.010648219872502,0.0009482997977485336
0.003948985696788993,3.010648219872502,0.0009482997977485336
0.003953165696788993,3.010648219872502,0.0009482997977485336
0.003957345696788994,3.010648219872502,0.001289740166468739
0.003961525696788993,3.014420298491106,0.001289740166468739
0.003965705696788993,3.010648219872502,0.0009482997977485336
0.003969885696788993,3.010648219872502,0.0009482997977485336
0.003974065696788993,3.014420298491106,0.001289740166468739
0.003978245696788993,3.010648219872502,0.0009482997977485336
0.003982425696788993,3.014420298491106,0.001289740166468739
0.003986605696788994,3.010648219872502,0.0009482997977485336
0.003990785696788993,3.014420298491106,0.0009482997977485336
0.003994965696788993,3.010648219872502,0.001289740166468739
0.003999145696788994,3.010648219872502,0.001289740166468739
0.004003325696788993,3.010648219872502,0.0009482997977485336
0.004007505696788993,3.014420298491106,0.001289740166468739
0.004011685696788994,3.010648219872502,0.0009482997977485336
0.004015865696788993,3.014420298491106,0.0006068594290283141
0.004020045696788993,3.014420298491106,0.0009482997977485336
0.004024225696788993,3.006876141253898,0.001289740166468739
0.004028405696788993,3.014420298491106,0.0009482997977485336
0.004032585696788993,3.014420298491106,0.0009482997977485336
0.004036765696788993,3.006876141253898,0.0009482997977485336
0.004040945696788993,3.01819237710971,0.0009482997977485336
0.004045125696788993,3.010648219872502,0.0009482997977485336
0.004049305696788993,3.014420298491106,0.001289740166468739
0.004053485696788994,3.010648219872502,0.0009482997977485336
0.004057665696788993,3.010648219872502,0.0006068594290283141
0.004061845696788993,3.014420298491106,0.001289740166468739
0.004066025696788994,3.010648219872502,0.0009482997977485336
0.004070205696788993,3.010648219872502,0.0009482997977485336
0.004074385696788993,3.014420298491106,0.001289740166468739
0.004078565696788994,3.006876141253898,0.0009482997977485336
0.004082745696788993,3.014420298491106,0.0009482997977485336
0.004086925696788993,3.010648219872502,0.001289740166468739
0.004091105696788993,3.014420298491106,0.0009482997977485336
0.004095285696788993,3.010648219872502,0.0009482997977485336
0.004099465696788993,3.014420298491106,0.0009482997977485336
0.004103645696788993,3.010648219872502,0.0009482997977485336
0.004107825696788994,3.010648219872502,0.001289740166468739
0.004112005696788993,3.014420298491106,0.0009482997977485336
0.004116185696788993,3.010648219872502,0.0009482997977485336
0.004120365696788994,3.01819237710971,0.0009482997977485336
0.004124545696788993,3.014420298491106,0.0002654190603080947
0.004128725696788993,3.010648219872502,0.0009482997977485336
0.004132905696788994,3.014420298491106,0.0009482997977485336
0.004137085696788993,3.010648219872502,0.0009482997977485336
0.004141265696788993,3.010648219872502,0.001289740166468739
0.004145445696788993,3.014420298491106,0.0009482997977485336
0.004149625696788993,3.006876141253898,0.0006068594290283141
0.004153805696788993,3.010648219872502,0.0009482997977485336
0.004157985696788993,3.010648219872502,0.0006068594290283141
0.004162165696788993,3.01819237710971,0.0009482997977485336
0.004166345696788993,3.010648219872502,0.001289740166468739
0.004170525696788993,3.010648219872502,0.0009482997977485336
0.004174705696788994,3.014420298491106,0.0006068594290283141
0.004178885696788993,3.010648219872502,0.0009482997977485336
0.004183065696788993,3.014420298491106,0.0009482997977485336
0.004187245696788994,3.010648219872502,0.0009482997977485336
0.004191425696788993,3.010648219872502,0.0009482997977485336
0.004195605696788993,3.010648219872502,0.0009482997977485336
0.004199785696788994,3.010648219872502,0.0006068594290283141
0.004203965696788993,3.010648219872502,0.0006068594290283141
0.004208145696788993,3.014420298491106,0.001289740166468739
0.004212325696788993,3.014420298491106,0.0009482997977485336
0.004216505696788993,3.010648219872502,0.0006068594290283141
0.004220685696788993,3.014420298491106,0.0006068594290283141
0.004224865696788993,3.006876141253898,0.0009482997977485336
0.004229045696788994,3.010648219872502,0.0006068594290283141
0.004233225696788993,3.014420298491106,0.0009482997977485336
0.004237405696788993,3.010648219872502,0.001289740166468739
0.004241585696788994,3.010648219872502,0.0009482997977485336
0.004245765696788993,3.010648219872502,0.0009482997977485336
0.004249945696788993,3.010648219872502,0.0006068594290283141
0.004254125696788994,3.006876141253898,0.001289740166468739
0.004258305696788993,3.014420298491106,0.0009482997977485336
0.004262485696788993,3.010648219872502,0.0006068594290283141
0.004266665696788993,3.014420298491106,0.0009482997977485336
0.004270845696788993,3.010648219872502,0.0009482997977485336
0.004275025696788993,3.010648219872502,0.0009482997977485336
0.004279205696788993,3.006876141253898,0.001289740166468739
0.004283385696788993,3.010648219872502,0.0009482997977485336
0.004287565696788993,3.006876141253898,0.0009482997977485336
0.004291745696788993,3.010648219872502,0.0009482997977485336
0.004295925696788994,3.014420298491106,0.0009482997977485336
0.004300105696788993,3.010648219872502,0.0009482997977485336
0.004304285696788993,3.014420298491106,0.0009482997977485336
0.004308465696788994,3.006876141253898,0.0006068594290283141
0.004312645696788993,3.014420298491106,0.0009482997977485336
0.004316825696788993,3.010648219872502,0.0009482997977485336
0.004321005696788994,3.014420298491106,0.0009482997977485336
0.004325185696788993,3.014420298491106,0.0009482997977485336
0.004329365696788993,3.010648219872502,0.0006068594290283141
0.004333545696788993,3.014420298491106,0.0009482997977485336
0.004337725696788993,3.010648219872502,0.0009482997977485336
0.004341905696788993,3.006876141253898,0.0009482997977485336
0.004346085696788993,3.014420298491106,0.0009482997977485336
0.004350265696788994,3.014420298491106,0.0009482997977485336
0.004354445696788993,3.010648219872502,0.0006068594290283141
0.004358625696788993,3.010648219872502,0.0009482997977485336
0.004362805696788994,3.014420298491106,0.0009482997977485336
0.004366985696788993,3.006876141253898,0.0006068594290283141
0.004371165696788993,3.010648219872502,0.0006068594290283141
0.004375345696788994,3.01819237710971,0.0009482997977485336
0.004379525696788993,3.010648219872502,0.0006068594290283141
0.004383705696788993,3.010648219872502,0.0009482997977485336
0.004387885696788993,3.010648219872502,0.0009482997977485336
0.004392065696788993,3.010648219872502,0.0006068594290283141
0.004396245696788993,3.01819237710971,0.0009482997977485336
0.004400425696788993,3.010648219872502,0.0002654190603080947
0.004404605696788993,3.010648219872502,0.0009482997977485336
0.004408785696788993,3.014420298491106,0.0006068594290283141
0.004412965696788993,3.014420298491106,0.0009482997977485336
0.004417145696788994,3.010648219872502,0.0009482997977485336
0.004421325696788993,3.014420298491106,0.0009482997977485336
0.004425505696788993,3.014420298491106,0.0009482997977485336
0.004429685696788994,3.010648219872502,0.0002654190603080947
0.004433865696788993,3.014420298491106,0.0009482997977485336
0.004438045696788993,3.014420298491106,0.0009482997977485336
0.004442225696788994,3.006876141253898,0.0006068594290283141
0.004446405696788993,3.014420298491106,0.001289740166468739
0.004450585696788993,3.010648219872502,0.0009482997977485336
0.004454765696788993,3.014420298491106,0.0006068594290283141
0.004458945696788993,3.014420298491106,0.0006068594290283141
0.004463125696788993,3.014420298491106,0.0009482997977485336
0.004467305696788993,3.010648219872502,0.0006068594290283141
0.004471485696788994,3.014420298491106,0.0009482997977485336
0.004475665696788993,3.014420298491106,0.0006068594290283141
0.004479845696788993,3.010648219872502,0.001289740166468739
0.004484025696788994,3.014420298491106,0.0009482997977485336
0.004488205696788993,3.010648219872502,0.0006068594290283141
0.004492385696788993,3.021964455728313,0.0009482997977485336
0.004496565696788994,3.010648219872502,0.0009482997977485336
0.004500745696788993,3.010648219872502,0.001289740166468739
0.004504925696788993,3.010648219872502,0.001289740166468739
0.004509105696788993,3.010648219872502,0.0009482997977485336
0.004513285696788993,3.014420298491106,0.0009482997977485336
0.004517465696788993,3.006876141253898,0.0009482997977485336
0.004521645696788993,3.010648219872502,0.0006068594290283141
0.004525825696788994,3.014420298491106,0.0009482997977485336
0.004530005696788993,3.010648219872502,0.0009482997977485336
0.004534185696788993,3.014420298491106,0.0009482997977485336
0.004538365696788994,3.014420298491106,0.0006068594290283141
0.004542545696788993,3.010648219872502,0.001289740166468739
0.004546725696788993,3.014420298491106,0.0009482997977485336
0.004550905696788994,3.010648219872502,0.0006068594290283141
0.004555085696788993,3.014420298491106,0.0009482997977485336
0.004559265696788993,3.010648219872502,0.0009482997977485336
0.004563445696788994,3.010648219872502,0.0009482997977485336
0.004567625696788993,3.014420298491106,0.001289740166468739
0.004571805696788993,3.014420298491106,0.0002654190603080947
0.004575985696788993,3.003104062635295,0.0009482997977485336
0.004580165696788993,3.010648219872502,0.0006068594290283141
0.004584345696788993,3.014420298491106,0.0009482997977485336
0.004588525696788993,3.010648219872502,0.0009482997977485336
0.004592705696788994,3.006876141253898,0.0009482997977485336
0.004596885696788993,3.010648219872502,0.0009482997977485336
0.004601065696788993,3.010648219872502,0.001289740166468739
0.004605245696788994,3.010648219872502,0.0009482997977485336
0.004609425696788993,3.014420298491106,0.0009482997977485336
0.004613605696788993,3.010648219872502,0.0009482997977485336
0.004617785696788994,3.010648219872502,0.0006068594290283141
0.004621965696788993,3.010648219872502,0.001289740166468739
0.004626145696788993,3.010648219872502,0.001289740166468739
0.004630325696788993,3.010648219872502,0.0006068594290283141
0.004634505696788993,3.010648219872502,0.0009482997977485336
0.004638685696788993,3.010648219872502,0.0006068594290283141
0.004642865696788993,3.014420298491106,0.0009482997977485336
0.004647045696788994,3.010648219872502,0.001631180535188959
0.004651225696788993,3.010648219872502,0.001289740166468739
0.004655405696788993,3.014420298491106,0.001289740166468739
0.004659585696788994,3.010648219872502,0.0009482997977485336
0.004663765696788993,3.010648219872502,0.0006068594290283141
0.004667945696788993,3.01819237710971,0.001289740166468739
0.004672125696788994,3.014420298491106,0.0006068594290283141
0.004676305696788993,3.014420298491106,0.0009482997977485336
0.004680485696788993,3.006876141253898,0.0002654190603080947
0.004684665696788994,3.014420298491106,0.0009482997977485336
0.004688845696788993,3.006876141253898,0.001289740166468739
0.004693025696788993,3.01819237710971,0.0002654190603080947
0.004697205696788993,3.006876141253898,0.001289740166468739
0.004701385696788993,3.014420298491106,0.0006068594290283141
0.004705565696788993,3.010648219872502,0.0009482997977485336
0.004709745696788993,3.014420298491106,0.001289740166468739
0.004713925696788994,3.014420298491106,0.0006068594290283141
0.004718105696788993,3.014420298491106,0.0009482997977485336
0.004722285696788993,3.010648219872502,0.0009482997977485336
0.004726465696788994,3.010648219872502,0.0009482997977485336
0.004730645696788993,3.014420298491106,0.0006068594290283141
0.004734825696788993,3.014420298491106,0.001289740166468739
0.004739005696788994,3.006876141253898,0.0006068594290283141
0.004743185696788993,3.010648219872502,0.0006068594290283141
0.004747365696788993,3.010648219872502,0.0009482997977485336
0.004751545696788993,3.010648219872502,0.0009482997977485336
0.004755725696788993,3.010648219872502,0.0009482997977485336
0.004759905696788993,3.010648219872502,0.0006068594290283141
0.004764085696788993,3.010648219872502,0.0009482997977485336
0.004768265696788994,3.014420298491106,0.0009482997977485336
0.004772445696788993,3.010648219872502,0.0009482997977485336
0.004776625696788993,3.014420298491106,0.0006068594290283141
0.004780805696788994,3.014420298491106,0.001289740166468739
0.004784985696788993,3.014420298491106,0.0006068594290283141
0.004789165696788993,3.010648219872502,0.001289740166468739
0.004793345696788994,3.014420298491106,0.0009482997977485336
0.004797525696788993,3.010648219872502,0.0009482997977485336
0.004801705696788993,3.014420298491106,0.0009482997977485336
0.004805885696788994,3.014420298491106,0.001289740166468739
0.004810065696788993,3.010648219872502,0.0009482997977485336
0.004814245696788993,3.014420298491106,0.0009482997977485336
0.004818425696788993,3.010648219872502,0.001289740166468739
0.004822605696788993,3.010648219872502,0.0009482997977485336
0.004826785696788993,3.014420298491106,0.0009482997977485336
0.004830965696788993,3.010648219872502,0.0009482997977485336
0.004835145696788994,3.010648219872502,0.0009482997977485336
0.004839325696788993,3.014420298491106,0.0009482997977485336
0.004843505696788993,3.014420298491106,0.0006068594290283141
0.004847685696788994,3.010648219872502,0.001289740166468739
0.004851865696788993,3.014420298491106,0.0009482997977485336
0.004856045696788993,3.010648219872502,0.0009482997977485336
0.004860225696788994,3.010648219872502,0.0009482997977485336
0.004864405696788993,3.010648219872502,0.0009482997977485336
0.004868585696788993,3.010648219872502,0.0009482997977485336
0.004872765696788993,3.010648219872502,0.0009482997977485336
0.004876945696788993,3.010648219872502,0.0009482997977485336
0.004881125696788993,3.014420298491106,0.0009482997977485336
0.004885305696788993,3.014420298491106,0.0009482997977485336
0.004889485696788994,3.010648219872502,0.0009482997977485336
0.004893665696788993,3.010648219872502,0.001289740166468739
0.004897845696788993,3.014420298491106,0.0006068594290283141
0.004902025696788994,3.010648219872502,0.0006068594290283141
0.004906205696788993,3.014420298491106,0.001289740166468739
0.004910385696788993,3.014420298491106,0.0006068594290283141
0.004914565696788994,3.010648219872502,0.001289740166468739
0.004918745696788993,3.010648219872502,0.001289740166468739
0.004922925696788994,3.014420298491106,0.0009482997977485336
0.004927105696788993,3.014420298491106,0.0009482997977485336
0.004931285696788993,3.014420298491106,0.0009482997977485336
0.004935465696788993,3.006876141253898,0.0009482997977485336
0.004939645696788993,3.014420298491106,0.0009482997977485336
0.004943825696788993,3.010648219872502,0.0009482997977485336
0.004948005696788993,3.014420298491106,0.0006068594290283141
0.004952185696788993,3.014420298491106,0.001289740166468739
0.004956365696788994,3.010648219872502,0.001289740166468739
0.004960545696788993,3.014420298491106,0.0009482997977485336
0.004964725696788993,3.006876141253898,0.0009482997977485336
0.004968905696788994,3.014420298491106,0.001289740166468739
0.004973085696788993,3.006876141253898,0.0006068594290283141
0.004977265696788994,3.014420298491106,0.001289740166468739
0.004981445696788993,3.010648219872502,0.0009482997977485336
0.004985625696788993,3.010648219872502,0.0009482997977485336
0.004989805696788993,3.010648219872502,0.0009482997977485336
0.004993985696788993,3.014420298491106,0.001289740166468739
0.004998165696788993,3.014420298491106,0.0009482997977485336
0.005002345696788993,3.010648219872502,0.0009482997977485336
0.005006525696788993,3.014420298491106,0.0006068594290283141
0.005010705696788994,3.010648219872502,0.001289740166468739
0.005014885696788993,3.006876141253898,0.0006068594290283141
0.005019065696788993,3.014420298491106,0.0009482997977485336
0.005023245696788994,3.010648219872502,0.0009482997977485336
0.005027425696788993,3.010648219872502,0.0009482997977485336
0.005031605696788993,3.014420298491106,0.0009482997977485336
0.005035785696788994,3.014420298491106,0.0009482997977485336
0.005039965696788993,3.014420298491106,0.0009482997977485336
0.005044145696788994,3.014420298491106,0.0009482997977485336
0.005048325696788993,3.010648219872502,0.0009482997977485336
0.005052505696788993,3.01819237710971,0.0009482997977485336
0.005056685696788993,3.010648219872502,0.0009482997977485336
0.005060865696788993,3.014420298491106,0.0006068594290283141
0.005065045696788993,3.014420298491106,0.0009482997977485336
0.005069225696788993,3.014420298491106,0.0009482997977485336
0.005073405696788993,3.006876141253898,0.0006068594290283141
0.005077585696788994,3.014420298491106,0.0009482997977485336
0.005081765696788993,3.010648219872502,0.0009482997977485336
0.005085945696788993,3.010648219872502,0.0009482997977485336
0.005090125696788994,3.014420298491106,0.0006068594290283141
0.005094305696788993,3.01819237710971,0.0009482997977485336
0.005098485696788994,3.010648219872502,0.0009482997977485336
0.005102665696788993,3.010648219872502,0.0009482997977485336
0.005106845696788993,3.010648219872502,0.001289740166468739
0.005111025696788993,3.010648219872502,0.0002654190603080947
0.005115205696788993,3.010648219872502,0.0009482997977485336
0.005119385696788993,3.010648219872502,0.0009482997977485336
0.005123565696788993,3.010648219872502,0.0009482997977485336
0.005127745696788993,3.010648219872502,0.0009482997977485336
0.005131925696788994,3.010648219872502,0.0009482997977485336
0.005136105696788993,3.006876141253898,0.0009482997977485336
0.005140285696788993,3.014420298491106,0.0009482997977485336
0.005144465696788994,3.014420298491106,0.0009482997977485336
0.005148645696788993,3.010648219872502,0.0009482997977485336
0.005152825696788993,3.014420298491106,0.0009482997977485336
0.005157005696788994,3.014420298491106,0.0006068594290283141
0.005161185696788993,3.010648219872502,0.001289740166468739
0.005165365696788994,3.014420298491106,0.0006068594290283141
0.005169545696788993,3.010648219872502,0.0006068594290283141
0.005173725696788993,3.010648219872502,0.0009482997977485336
0.005177905696788993,3.010648219872502,0.0009482997977485336
0.005182085696788993,3.010648219872502,0.0006068594290283141
0.005186265696788993,3.014420298491106,0.0009482997977485336
0.005190445696788993,3.010648219872502,0.001289740166468739
0.005194625696788993,3.010648219872502,0.001289740166468739
0.005198805696788994,3.006876141253898,0.0006068594290283141
0.005202985696788993,3.01819237710971,0.0009482997977485336
0.005207165696788993,3.014420298491106,0.0009482997977485336
0.005211345696788994,3.010648219872502,0.001289740166468739
0.005215525696788993,3.014420298491106,0.0009482997977485336
0.005219705696788994,3.010648219872502,0.0009482997977485336
0.005223885696788993,3.014420298491106,0.0009482997977485336
0.005228065696788993,3.010648219872502,0.001289740166468739
0.005232245696788993,3.014420298491106,0.0009482997977485336
0.005236425696788993,3.014420298491106,0.001289740166468739
0.005240605696788993,3.014420298491106,0.0006068594290283141
0.005244785696788993,3.010648219872502,0.0009482997977485336
0.005248965696788993,3.014420298491106,0.0009482997977485336
0.005253145696788994,3.010648219872502,0.0009482997977485336
0.005257325696788993,3.010648219872502,0.0006068594290283141
0.005261505696788993,3.010648219872502,0.0009482997977485336
0.005265685696788994,3.014420298491106,0.0009482997977485336
0.005269865696788993,3.014420298491106,0.0006068594290283141
0.005274045696788993,3.014420298491106,0.0009482997977485336
0.005278225696788994,3.010648219872502,0.0009482997977485336
0.005282405696788993,3.010648219872502,0.0009482997977485336
0.005286585696788994,3.014420298491106,0.0002654190603080947
0.005290765696788993,3.010648219872502,0.0009482997977485336
0.005294945696788993,3.014420298491106,0.0009482997977485336
0.005299125696788993,3.010648219872502,0.0006068594290283141
0.005303305696788993,3.014420298491106,0.0009482997977485336
0.005307485696788993,3.014420298491106,0.0009482997977485336
0.005311665696788993,3.01819237710971,0.0009482997977485336
0.005315845696788993,3.014420298491106,0.0009482997977485336
0.005320025696788994,3.010648219872502,0.0009482997977485336
0.005324205696788993,3.014420298491106,0.0009482997977485336
0.005328385696788993,3.006876141253898,0.0009482997977485336
0.005332565696788994,3.010648219872502,0.0009482997977485336
0.005336745696788993,3.01819237710971,0.0009482997977485336
0.005340925696788994,3.006876141253898,0.001289740166468739
0.005345105696788993,3.014420298491106,0.0009482997977485336
0.005349285696788993,3.010648219872502,0.0009482997977485336
0.005353465696788993,3.014420298491106,0.0009482997977485336
0.005357645696788993,3.010648219872502,0.0009482997977485336
0.005361825696788993,3.014420298491106,0.0009482997977485336
0.005366005696788993,3.006876141253898,0.0009482997977485336
0.005370185696788993,3.01819237710971,0.001289740166468739
0.005374365696788994,3.010648219872502,0.0009482997977485336
0.005378545696788993,3.014420298491106,0.0006068594290283141
0.005382725696788993,3.010648219872502,0.001289740166468739
0.005386905696788994,3.014420298491106,0.0009482997977485336
0.005391085696788993,3.006876141253898,0.0009482997977485336
0.005395265696788993,3.014420298491106,0.0006068594290283141
0.005399445696788994,3.010648219872502,0.001289740166468739
0.005403625696788993,3.014420298491106,0.0009482997977485336
0.005407805696788994,3.010648219872502,0.0009482997977485336
0.005411985696788993,3.014420298491106,0.0009482997977485336
0.005416165696788993,3.010648219872502,0.0009482997977485336
0.005420345696788993,3.010648219872502,0.0009482997977485336
0.005424525696788993,3.010648219872502,0.0009482997977485336
0.005428705696788994,3.014420298491106,0.001289740166468739
0.005432885696788993,3.010648219872502,0.0009482997977485336
0.005437065696788993,3.010648219872502,0.0009482997977485336
0.005441245696788994,3.014420298491106,0.001289740166468739
0.005445425696788993,3.010648219872502,0.0009482997977485336
0.005449605696788993,3.010648219872502,0.001289740166468739
0.005453785696788994,3.014420298491106,0.0006068594290283141
0.005457965696788993,3.010648219872502,0.0009482997977485336
0.005462145696788994,3.014420298491106,0.0009482997977485336
0.005466325696788993,3.014420298491106,0.0009482997977485336
0.005470505696788993,3.01819237710971,0.0009482997977485336
0.005474685696788993,3.014420298491106,0.0009482997977485336
0.005478865696788993,3.010648219872502,0.001289740166468739
0.005483045696788993,3.01819237710971,0.0006068594290283141
0.005487225696788993,3.010648219872502,0.0009482997977485336
0.005491405696788993,3.014420298491106,0.0009482997977485336
0.005495585696788994,3.014420298491106,0.0009482997977485336
0.005499765696788993,3.010648219872502,0.0009482997977485336
0.005503945696788993,3.010648219872502,0.0009482997977485336
0.005508125696788994,3.014420298491106,0.0009482997977485336
0.005512305696788993,3.014420298491106,0.0009482997977485336
0.005516485696788993,3.010648219872502,0.001289740166468739
0.005520665696788994,3.014420298491106,0.0009482997977485336
0.005524845696788993,3.010648219872502,0.001289740166468739
0.005529025696788994,3.010648219872502,0.0006068594290283141
0.005533205696788993,3.010648219872502,0.0009482997977485336
0.005537385696788993,3.014420298491106,0.0009482997977485336
0.005541565696788993,3.014420298491106,0.0009482997977485336
0.005545745696788993,3.014420298491106,0.0009482997977485336
0.005549925696788994,3.014420298491106,0.0009482997977485336
0.005554105696788993,3.014420298491106,0.0009482997977485336
0.005558285696788993,3.01819237710971,0.0009482997977485336
0.005562465696788994,3.010648219872502,0.0006068594290283141
0.005566645696788993,3.014420298491106,0.0009482997977485336
0.005570825696788993,3.010648219872502,0.0009482997977485336
0.005575005696788994,3.010648219872502,0.0009482997977485336
0.005579185696788993,3.010648219872502,0.0009482997977485336
0.005583365696788994,3.010648219872502,0.0006068594290283141
0.005587545696788993,3.014420298491106,0.0009482997977485336
0.005591725696788993,3.014420298491106,0.0006068594290283141
0.005595905696788993,3.010648219872502,0.0009482997977485336
0.005600085696788993,3.010648219872502,0.0006068594290283141
0.005604265696788993,3.01819237710971,0.0009482997977485336
0.005608445696788993,3.010648219872502,0.001289740166468739
0.005612625696788993,3.01819237710971,0.0009482997977485336
0.005616805696788994,3.010648219872502,0.0009482997977485336
0.005620985696788993,3.006876141253898,0.0009482997977485336
0.005625165696788993,3.014420298491106,0.0006068594290283141
0.005629345696788994,3.010648219872502,0.0009482997977485336
0.005633525696788993,3.010648219872502,0.0009482997977485336
0.005637705696788993,3.014420298491106,0.0009482997977485336
0.005641885696788994,3.010648219872502,0.0006068594290283141
0.005646065696788993,3.01819237710971,0.0009482997977485336
0.005650245696788994,3.010648219872502,0.0006068594290283141
0.005654425696788993,3.014420298491106,0.001289740166468739
0.005658605696788993,3.010648219872502,0.0006068594290283141
0.005662785696788993,3.014420298491106,0.0006068594290283141
0.005666965696788993,3.014420298491106,0.0009482997977485336
0.005671145696788994,3.010648219872502,0.0009482997977485336
0.005675325696788993,3.01819237710971,0.0009482997977485336
0.005679505696788993,3.010648219872502,0.001289740166468739
0.005683685696788994,3.014420298491106,0.0009482997977485336
0.005687865696788993,3.014420298491106,0.0002654190603080947
0.005692045696788993,3.010648219872502,0.0006068594290283141
0.005696225696788994,3.01819237710971,0.0009482997977485336
0.005700405696788993,3.010648219872502,0.0006068594290283141
0.005704585696788994,3.014420298491106,0.0009482997977485336
0.005708765696788993,3.006876141253898,0.0009482997977485336
0.005712945696788993,3.014420298491106,0.0002654190603080947
0.005717125696788993,3.010648219872502,0.001289740166468739
0.005721305696788993,3.014420298491106,0.0009482997977485336
0.005725485696788993,3.006876141253898,0.0006068594290283141
0.005729665696788993,3.014420298491106,0.001289740166468739
0.005733845696788993,3.014420298491106,0.0009482997977485336
0.005738025696788994,3.010648219872502,0.0009482997977485336
0.005742205696788993,3.014420298491106,0.001289740166468739
0.005746385696788993,3.014420298491106,0.0006068594290283141
0.005750565696788994,3.014420298491106,0.0009482997977485336
0.005754745696788993,3.006876141253898,0.0006068594290283141
0.005758925696788993,3.014420298491106,0.0006068594290283141
0.005763105696788994,3.014420298491106,0.0009482997977485336
0.005767285696788993,3.014420298491106,0.0006068594290283141
0.005771465696788994,3.014420298491106,0.0009482997977485336
0.005775645696788993,3.014420298491106,0.0009482997977485336
0.005779825696788993,3.010648219872502,0.0009482997977485336
0.005784005696788993,3.014420298491106,0.0009482997977485336
0.005788185696788993,3.010648219872502,0.001289740166468739
0.005792365696788994,3.01819237710971,0.0009482997977485336
0.005796545696788993,3.010648219872502,0.0006068594290283141
0.005800725696788993,3.010648219872502,0.001289740166468739
0.005804905696788994,3.014420298491106,0.0006068594290283141
0.005809085696788993,3.014420298491106,0.0009482997977485336
0.005813265696788993,3.01819237710971,0.0009482997977485336
0.005817445696788994,3.010648219872502,0.0006068594290283141
0.005821625696788993,3.010648219872502,0.0009482997977485336
0.005825805696788994,3.014420298491106,0.0009482997977485336
0.005829985696788993,3.010648219872502,0.0009482997977485336
0.005834165696788993,3.01819237710971,0.0009482997977485336
0.005838345696788993,3.014420298491106,0.0006068594290283141
0.005842525696788993,3.006876141253898,0.0006068594290283141
0.005846705696788993,3.010648219872502,0.0006068594290283141
0.005850885696788993,3.014420298491106,0.0006068594290283141
0.005855065696788993,3.014420298491106,0.0009482997977485336
0.005859245696788994,3.010648219872502,0.0009482997977485336
0.005863425696788993,3.014420298491106,0.001289740166468739
0.005867605696788993,3.014420298491106,0.0009482997977485336
0.005871785696788994,3.010648219872502,0.0006068594290283141
0.005875965696788993,3.014420298491106,0.0009482997977485336
0.005880145696788994,3.010648219872502,0.0009482997977485336
0.005884325696788993,3.010648219872502,0.001289740166468739
0.005888505696788993,3.014420298491106,0.0009482997977485336
0.005892685696788994,3.010648219872502,0.0009482997977485336
0.005896865696788993,3.014420298491106,0.001289740166468739
0.005901045696788993,3.010648219872502,0.0009482997977485336
0.005905225696788993,3.010648219872502,0.001289740166468739
0.005909405696788993,3.010648219872502,0.0009482997977485336
0.005913585696788994,3.014420298491106,0.0009482997977485336
0.005917765696788993,3.014420298491106,0.0009482997977485336
0.005921945696788993,3.014420298491106,0.001289740166468739
0.005926125696788994,3.010648219872502,0.0006068594290283141
0.005930305696788993,3.014420298491106,0.0009482997977485336
0.005934485696788993,3.014420298491106,0.001289740166468739
0.005938665696788994,3.006876141253898,0.0009482997977485336
0.005942845696788993,3.010648219872502,0.0009482997977485336
0.005947025696788994,3.01819237710971,0.0006068594290283141
0.005951205696788993,3.014420298491106,0.0009482997977485336
0.005955385696788993,3.014420298491106,0.0009482997977485336
0.005959565696788993,3.014420298491106,0.0009482997977485336
0.005963745696788993,3.010648219872502,0.001289740166468739
0.005967925696788993,3.010648219872502,0.0006068594290283141
0.005972105696788993,3.010648219872502,0.001289740166468739
0.005976285696788993,3.010648219872502,0.0006068594290283141
0.005980465696788994,3.014420298491106,0.0009482997977485336
0.005984645696788993,3.014420298491106,0.0009482997977485336
0.005988825696788993,3.010648219872502,0.0009482997977485336
0.005993005696788994,3.014420298491106,0.0006068594290283141
0.005997185696788993,3.010648219872502,0.0009482997977485336
0.006001365696788994,3.014420298491106,0.0006068594290283141
0.006005545696788993,3.010648219872502,0.0009482997977485336
0.006009725696788993,3.01819237710971,0.0009482997977485336
0.006013905696788994,3.014420298491106,0.0009482997977485336
0.006018085696788993,3.010648219872502,0.0009482997977485336
0.006022265696788993,3.010648219872502,0.0006068594290283141
0.006026445696788993,3.014420298491106,0.0009482997977485336
0.006030625696788993,3.014420298491106,0.001289740166468739
0.006034805696788994,3.014420298491106,0.0009482997977485336
0.006038985696788993,3.006876141253898,0.0009482997977485336
0.006043165696788993,3.010648219872502,0.0009482997977485336
0.006047345696788994,3.014420298491106,0.001289740166468739
0.006051525696788993,3.010648219872502,0.0009482997977485336
0.006055705696788993,3.014420298491106,0.0009482997977485336
0.006059885696788994,3.014420298491106,0.001289740166468739
0.006064065696788993,3.006876141253898,0.0009482997977485336
0.006068245696788994,3.014420298491106,0.001289740166468739
0.006072425696788993,3.01819237710971,0.0009482997977485336
0.006076605696788993,3.014420298491106,0.001289740166468739
0.006080785696788993,3.014420298491106,0.001289740166468739
0.006084965696788993,3.006876141253898,0.0006068594290283141
0.006089145696788993,3.010648219872502,0.0006068594290283141
0.006093325696788993,3.010648219872502,0.0009482997977485336
0.006097505696788993,3.014420298491106,0.0009482997977485336
0.006101685696788994,3.006876141253898,0.0009482997977485336
0.006105865696788993,3.010648219872502,0.0006068594290283141
0.006110045696788993,3.014420298491106,0.0009482997977485336
0.006114225696788994,3.006876141253898,0.001289740166468739
0.006118405696788993,3.010648219872502,0.0006068594290283141
0.006122585696788994,3.010648219872502,0.0009482997977485336
0.006126765696788993,3.010648219872502,0.001289740166468739
0.006130945696788993,3.014420298491106,0.0009482997977485336
0.006135125696788994,3.014420298491106,0.0006068594290283141
0.006139305696788993,3.014420298491106,0.001289740166468739
0.006143485696788993,3.014420298491106,0.0009482997977485336
0.006147665696788993,3.010648219872502,0.0009482997977485336
0.006151845696788993,3.014420298491106,0.0009482997977485336
0.006156025696788994,3.010648219872502,0.001289740166468739
0.006160205696788993,3.014420298491106,0.0009482997977485336
0.006164385696788993,3.014420298491106,0.001289740166468739
0.006168565696788994,3.006876141253898,0.0006068594290283141
0.006172745696788993,3.014420298491106,0.0006068594290283141
0.006176925696788993,3.014420298491106,0.001289740166468739
0.006181105696788994,3.010648219872502,0.0009482997977485336
0.006185285696788993,3.010648219872502,0.001289740166468739
0.006189465696788994,3.010648219872502,0.0009482997977485336
0.006193645696788993,3.014420298491106,0.0006068594290283141
0.006197825696788993,3.010648219872502,0.0009482997977485336
0.006202005696788993,3.014420298491106,0.001289740166468739
0.006206185696788993,3.010648219872502,0.001289740166468739
0.006210365696788994,3.010648219872502,0.001631180535188959
0.006214545696788993,3.010648219872502,0.0009482997977485336
0.006218725696788993,3.010648219872502,0.001289740166468739
0.006222905696788994,3.010648219872502,0.001289740166468739
0.006227085696788993,3.01819237710971,0.0009482997977485336
0.006231265696788993,3.010648219872502,0.001289740166468739
0.006235445696788994,3.010648219872502,0.0006068594290283141
0.006239625696788993,3.014420298491106,0.0006068594290283141
0.006243805696788994,3.014420298491106,0.001289740166468739
0.006247985696788993,3.010648219872502,0.0009482997977485336
0.006252165696788993,3.010648219872502,0.0009482997977485336
0.006256345696788994,3.014420298491106,0.0009482997977485336
0.006260525696788993,3.01819237710971,0.0009482997977485336
0.006264705696788993,3.010648219872502,0.0009482997977485336
0.006268885696788993,3.010648219872502,0.0006068594290283141
0.006273065696788993,3.014420298491106,0.0009482997977485336
0.006277245696788994,3.014420298491106,0.001289740166468739
0.006281425696788993,3.010648219872502,0.0009482997977485336
0.006285605696788993,3.010648219872502,0.001289740166468739
0.006289785696788994,3.01819237710971,0.0009482997977485336
0.006293965696788993,3.010648219872502,0.001289740166468739
0.006298145696788993,3.014420298491106,0.0009482997977485336
0.006302325696788994,3.01819237710971,0.0006068594290283141
0.006306505696788993,3.014420298491106,0.0006068594290283141
0.006310685696788994,3.014420298491106,0.0006068594290283141
0.006314865696788993,3.010648219872502,0.0009482997977485336
0.006319045696788993,3.010648219872502,0.0006068594290283141
0.006323225696788993,3.014420298491106,0.0006068594290283141
0.006327405696788993,3.014420298491106,0.0006068594290283141
0.006331585696788994,3.010648219872502,0.0006068594290283141
0.006335765696788993,3.014420298491106,0.0006068594290283141
0.006339945696788993,3.014420298491106,0.0006068594290283141
0.006344125696788994,3.010648219872502,0.0002654190603080947
0.006348305696788993,3.014420298491106,0.0009482997977485336
0.006352485696788993,3.010648219872502,0.0006068594290283141
0.006356665696788994,3.014420298491106,0.0002654190603080947
0.006360845696788993,3.006876141253898,0.0002654190603080947
0.006365025696788994,3.014420298491106,0.001289740166468739
0.006369205696788993,3.010648219872502,0.0006068594290283141
0.006373385696788993,3.014420298491106,0.0009482997977485336
0.006377565696788994,3.01819237710971,0.0009482997977485336
0.006381745696788993,3.010648219872502,0.0002654190603080947
0.006385925696788993,3.010648219872502,0.0006068594290283141
0.006390105696788993,3.014420298491106,0.0009482997977485336
0.006394285696788993,3.014420298491106,0.0006068594290283141
0.006398465696788994,3.01819237710971,0.0009482997977485336
0.006402645696788993,3.010648219872502,0.0009482997977485336
0.006406825696788993,3.014420298491106,0.0009482997977485336
0.006411005696788994,3.010648219872502,0.0006068594290283141
0.006415185696788993,3.010648219872502,0.0006068594290283141
0.006419365696788993,3.01819237710971,0.0006068594290283141
0.006423545696788993,3.010648219872502,0.0006068594290283141
0.006427725696788993,3.014420298491106,0.0009482997977485336
0.006431905696788994,3.010648219872502,0.0002654190603080947
0.006436085696788993,3.014420298491106,0.0009482997977485336
0.006440265696788993,3.01819237710971,0.0006068594290283141
0.006444445696788994,3.010648219872502,0.0006068594290283141
0.006448625696788993,3.014420298491106,0.0006068594290283141
0.006452805696788994,3.010648219872502,0.0006068594290283141
0.006456985696788993,3.014420298491106,0.0006068594290283141
0.006461165696788993,3.010648219872502,0.0006068594290283141
0.006465345696788994,3.014420298491106,0.0009482997977485336
0.006469525696788993,3.014420298491106,0.0006068594290283141
0.006473705696788993,3.010648219872502,0.0006068594290283141
0.006477885696788994,3.014420298491106,0.0009482997977485336
0.006482065696788993,3.014420298491106,0.0006068594290283141
0.006486245696788994,3.010648219872502,0.0006068594290283141
0.006490425696788993,3.010648219872502,0.0006068594290283141
0.006494605696788993,3.014420298491106,0.0009482997977485336
0.006498785696788994,3.014420298491106,0.0002654190603080947
0.006502965696788993,3.010648219872502,0.0006068594290283141
0.006507145696788993,3.014420298491106,0.0009482997977485336
0.006511325696788993,3.010648219872502,0.0006068594290283141
0.006515505696788993,3.006876141253898,0.0006068594290283141
0.006519685696788994,3.014420298491106,0.0002654190603080947
0.006523865696788993,3.01819237710971,0.0006068594290283141
0.006528045696788993,3.006876141253898,0.0009482997977485336
0.006532225696788994,3.010648219872502,0.0006068594290283141
0.006536405696788993,3.014420298491106,0.0006068594290283141
0.006540585696788993,3.010648219872502,0.0006068594290283141
0.006544765696788993,3.010648219872502,0.0006068594290283141
0.006548945696788993,3.014420298491106,0.0006068594290283141
0.006553125696788994,3.014420298491106,0.0009482997977485336
0.006557305696788993,3.014420298491106,0.0006068594290283141
0.006561485696788993,3.010648219872502,0.0009482997977485336
0.006565665696788994,3.014420298491106,0.0006068594290283141
0.006569845696788993,3.010648219872502,0.0006068594290283141
0.006574025696788994,3.01819237710971,0.0006068594290283141
0.006578205696788993,3.014420298491106,0.0009482997977485336
0.006582385696788993,3.010648219872502,0.0006068594290283141
0.006586565696788994,3.010648219872502,0.0009482997977485336
0.006590745696788993,3.006876141253898,0.0006068594290283141
0.006594925696788993,3.01819237710971,0.0006068594290283141
0.006599105696788994,3.010648219872502,0.0009482997977485336
0.006603285696788993,3.010648219872502,0.0009482997977485336
0.006607465696788994,3.014420298491106,0.0006068594290283141
0.006611645696788993,3.006876141253898,0.0006068594290283141
0.006615825696788993,3.010648219872502,0.0009482997977485336
0.006620005696788994,3.014420298491106,0.0002654190603080947
0.006624185696788993,3.014420298491106,0.0009482997977485336
0.006628365696788993,3.010648219872502,0.0009482997977485336
0.006632545696788993,3.010648219872502,0.0006068594290283141
0.006636725696788993,3.010648219872502,0.0006068594290283141
0.006640905696788994,3.014420298491106,0.0006068594290283141
0.006645085696788993,3.014420298491106,0.0002654190603080947
0.006649265696788993,3.010648219872502,0.0009482997977485336
0.006653445696788994,3.010648219872502,0.0002654190603080947
0.006657625696788993,3.010648219872502,0.0006068594290283141
0.006661805696788994,3.01819237710971,0.0009482997977485336
0.006665985696788993,3.014420298491106,0.0006068594290283141
0.006670165696788993,3.010648219872502,0.0006068594290283141
0.006674345696788994,3.014420298491106,0.0009482997977485336
0.006678525696788993,3.010648219872502,0.0002654190603080947
0.006682705696788993,3.014420298491106,0.0009482997977485336
0.006686885696788994,3.014420298491106,0.0009482997977485336
0.006691065696788993,3.014420298491106,0.0006068594290283141
0.006695245696788994,3.014420298491106,0.0006068594290283141
0.006699425696788993,3.014420298491106,0.0006068594290283141
0.006703605696788993,3.014420298491106,0.0009482997977485336
0.006707785696788994,3.010648219872502,0.0006068594290283141
0.006711965696788993,3.010648219872502,0.0009482997977485336
0.006716145696788993,3.006876141253898,0.0002654190603080947
0.006720325696788994,3.01819237710971,0.0006068594290283141
0.006724505696788993,3.014420298491106,0.0006068594290283141
0.006728685696788994,3.014420298491106,0.0006068594290283141
0.006732865696788993,3.014420298491106,0.0009482997977485336
0.006737045696788993,3.010648219872502,0.0006068594290283141
0.006741225696788994,3.010648219872502,0.0006068594290283141
0.006745405696788993,3.014420298491106,0.0009482997977485336
0.006749585696788993,3.006876141253898,0.0006068594290283141
0.006753765696788993,3.014420298491106,0.0006068594290283141
0.006757945696788993,3.010648219872502,0.0006068594290283141
0.006762125696788994,3.010648219872502,0.0006068594290283141
0.006766305696788993,3.01819237710971,0.0006068594290283141
0.006770485696788993,3.010648219872502,0.0006068594290283141
0.006774665696788994,3.010648219872502,0.0006068594290283141
0.006778845696788993,3.01819237710971,0.0009482997977485336
0.006783025696788994,3.014420298491106,0.0006068594290283141
0.006787205696788993,3.014420298491106,0.0006068594290283141
0.006791385696788993,3.010648219872502,0.0009482997977485336
0.006795565696788994,3.006876141253898,0.0006068594290283141
0.006799745696788993,3.01819237710971,0.0006068594290283141
0.006803925696788993,3.014420298491106,0.0006068594290283141
0.006808105696788994,3.010648219872502,0.0009482997977485336
0.006812285696788993,3.014420298491106,0.0002654190603080947
0.006816465696788994,3.010648219872502,0.0006068594290283141
0.006820645696788993,3.010648219872502,0.0006068594290283141
0.006824825696788993,3.014420298491106,0.0002654190603080947
0.006829005696788994,3.014420298491106,0.0009482997977485336
0.006833185696788993,3.01819237710971,0.0006068594290283141
0.006837365696788993,3.014420298491106,0.0009482997977485336
0.006841545696788994,3.014420298491106,0.0006068594290283141
0.006845725696788993,3.014420298491106,0.0006068594290283141
0.006849905696788994,3.01819237710971,0.0002654190603080947
0.006854085696788993,3.014420298491106,0.0009482997977485336
0.006858265696788993,3.006876141253898,0.0009482997977485336
0.006862445696788994,3.01819237710971,0.0006068594290283141
0.006866625696788993,3.014420298491106,0.0009482997977485336
0.006870805696788993,3.010648219872502,0.0006068594290283141
0.006874985696788993,3.010648219872502,0.0009482997977485336
0.006879165696788993,3.014420298491106,0.0009482997977485336
0.006883345696788994,3.010648219872502,0.0006068594290283141
0.006887525696788993,3.01819237710971,0.0009482997977485336
0.006891705696788993,3.014420298491106,0.0006068594290283141
0.006895885696788994,3.014420298491106,0.0006068594290283141
0.006900065696788993,3.010648219872502,0.0006068594290283141
0.006904245696788994,3.01819237710971,0.0009482997977485336
0.006908425696788993,3.01819237710971,0.0009482997977485336
0.006912605696788993,3.014420298491106,0.0006068594290283141
0.006916785696788994,3.010648219872502,0.0009482997977485336
0.006920965696788993,3.014420298491106,0.0006068594290283141
0.006925145696788993,3.014420298491106,0.0006068594290283141
0.006929325696788994,3.01819237710971,0.0006068594290283141
0.006933505696788993,3.010648219872502,0.0009482997977485336
0.006937685696788994,3.010648219872502,0.0002654190603080947
0.006941865696788993,3.014420298491106,0.0006068594290283141
0.006946045696788993,3.014420298491106,0.0006068594290283141
0.006950225696788994,3.010648219872502,0.0002654190603080947
0.006954405696788993,3.014420298491106,0.0009482997977485336
0.006958585696788993,3.006876141253898,0.0006068594290283141
0.006962765696788994,3.010648219872502,0.0009482997977485336
0.006966945696788993,3.006876141253898,0.0002654190603080947
0.006971125696788994,3.014420298491106,0.0009482997977485336
0.006975305696788993,3.010648219872502,0.0009482997977485336
0.006979485696788993,3.014420298491106,0.0009482997977485336
0.006983665696788994,3.014420298491106,0.0009482997977485336
0.006987845696788993,3.010648219872502,0.0009482997977485336
0.006992025696788993,3.014420298491106,0.0006068594290283141
0.006996205696788993,3.021964455728313,0.0009482997977485336
0.007000385696788993,3.014420298491106,0.0006068594290283141
0.007004565696788994,3.010648219872502,0.0009482997977485336
0.007008745696788993,3.010648219872502,0.0006068594290283141
0.007012925696788993,3.010648219872502,0.0009482997977485336
0.007017105696788994,3.01819237710971,0.0006068594290283141
0.007021285696788993,3.006876141253898,0.0006068594290283141
0.007025465696788994,3.014420298491106,0.0009482997977485336
0.007029645696788993,3.014420298491106,0.0009482997977485336
0.007033825696788993,3.014420298491106,0.0006068594290283141
0.007038005696788994,3.014420298491106,0.0006068594290283141
0.007042185696788993,3.010648219872502,0.0009482997977485336
0.007046365696788993,3.010648219872502,0.0009482997977485336
0.007050545696788994,3.014420298491106,0.0009482997977485336
0.007054725696788993,3.014420298491106,0.0006068594290283141
0.007058905696788994,3.014420298491106,0.0009482997977485336
0.007063085696788993,3.014420298491106,0.0006068594290283141
0.007067265696788993,3.006876141253898,0.0006068594290283141
0.007071445696788994,3.01819237710971,0.0009482997977485336
0.007075625696788993,3.010648219872502,0.0006068594290283141
0.007079805696788993,3.014420298491106,0.0006068594290283141
0.007083985696788994,3.010648219872502,0.0006068594290283141
0.007088165696788993,3.010648219872502,0.0006068594290283141
0.007092345696788994,3.021964455728313,0.0006068594290283141
0.007096525696788993,3.010648219872502,0.0006068594290283141
0.007100705696788993,3.014420298491106,0.0009482997977485336
0.007104885696788994,3.010648219872502,0.0006068594290283141
0.007109065696788993,3.014420298491106,0.0006068594290283141
0.007113245696788994,3.014420298491106,0.0009482997977485336
0.007117425696788993,3.010648219872502,0.0002654190603080947
0.007121605696788993,3.010648219872502,0.0009482997977485336
0.007125785696788994,3.014420298491106,0.0002654190603080947
0.007129965696788993,3.014420298491106,0.0006068594290283141
0.007134145696788993,3.010648219872502,0.0009482997977485336
0.007138325696788994,3.010648219872502,0.0006068594290283141
0.007142505696788993,3.014420298491106,0.0006068594290283141
0.007146685696788994,3.014420298491106,0.0006068594290283141
0.007150865696788993,3.014420298491106,0.0006068594290283141
0.007155045696788993,3.010648219872502,0.0006068594290283141
0.007159225696788994,3.014420298491106,0.0006068594290283141
0.007163405696788993,3.010648219872502,0.0006068594290283141
0.007167585696788993,3.010648219872502,0.0006068594290283141
0.007171765696788994,3.014420298491106,0.0006068594290283141
0.007175945696788993,3.014420298491106,0.0009482997977485336
0.007180125696788994,3.014420298491106,0.0006068594290283141
0.007184305696788993,3.010648219872502,0.0009482997977485336
0.007188485696788993,3.014420298491106,0.0006068594290283141
0.007192665696788994,3.010648219872502,0.0009482997977485336
0.007196845696788993,3.010648219872502,0.0002654190603080947
0.007201025696788993,3.010648219872502,0.0009482997977485336
0.007205205696788994,3.014420298491106,0.0009482997977485336
0.007209385696788993,3.010648219872502,0.0002654190603080947
0.007213565696788994,3.014420298491106,0.0006068594290283141
0.007217745696788993,3.010648219872502,0.0006068594290283141
0.007221925696788993,3.01819237710971,0.0009482997977485336
0.007226105696788994,3.010648219872502,0.0006068594290283141
0.007230285696788993,3.010648219872502,0.0006068594290283141
0.007234465696788994,3.010648219872502,0.0006068594290283141
0.007238645696788993,3.01819237710971,0.0006068594290283141
0.007242825696788993,3.010648219872502,0.0006068594290283141
0.007247005696788994,3.010648219872502,0.0006068594290283141
0.007251185696788993,3.010648219872502,0.0002654190603080947
0.007255365696788993,3.014420298491106,0.0009482997977485336
0.007259545696788994,3.006876141253898,0.0009482997977485336
0.007263725696788993,3.014420298491106,0.0002654190603080947
0.007267905696788994,3.01819237710971,0.0006068594290283141
0.007272085696788993,3.010648219872502,0.0009482997977485336
0.007276265696788993,3.014420298491106,0.0006068594290283141
0.007280445696788994,3.010648219872502,0.0006068594290283141
0.007284625696788993,3.014420298491106,0.0006068594290283141
0.007288805696788993,3.014420298491106,0.0009482997977485336
0.007292985696788994,3.014420298491106,0.0006068594290283141
0.007297165696788993,3.010648219872502,0.0009482997977485336
0.007301345696788994,3.014420298491106,0.0006068594290283141
0.007305525696788993,3.014420298491106,0.0009482997977485336
0.007309705696788993,3.010648219872502,0.0002654190603080947
0.007313885696788994,3.010648219872502,0.001289740166468739
0.007318065696788993,3.010648219872502,0.0006068594290283141
0.007322245696788993,3.014420298491106,0.001289740166468739
0.007326425696788994,3.014420298491106,0.0009482997977485336
0.007330605696788993,3.010648219872502,0.0009482997977485336
0.007334785696788994,3.01819237710971,0.0009482997977485336
0.007338965696788993,3.010648219872502,0.0009482997977485336
0.007343145696788993,3.014420298491106,0.0009482997977485336
0.007347325696788994,3.01819237710971,0.0006068594290283141
0.007351505696788993,3.006876141253898,0.0009482997977485336
0.007355685696788994,3.014420298491106,0.0006068594290283141
0.007359865696788993,3.014420298491106,0.001289740166468739
0.007364045696788993,3.014420298491106,0.0009482997977485336
0.007368225696788994,3.010648219872502,0.0009482997977485336
0.007372405696788993,3.010648219872502,0.0009482997977485336
0.007376585696788993,3.014420298491106,0.0009482997977485336
0.007380765696788994,3.010648219872502,0.0009482997977485336
0.007384945696788993,3.010648219872502,0.0006068594290283141
0.007389125696788994,3.014420298491106,0.001289740166468739
0.007393305696788994,3.014420298491106,0.0006068594290283141
0.007397485696788993,3.014420298491106,0.0006068594290283141
0.007401665696788994,3.010648219872502,0.001289740166468739
0.007405845696788993,3.014420298491106,0.0009482997977485336
0.007410025696788993,3.014420298491106,0.001289740166468739
0.007414205696788993,3.014420298491106,0.0006068594290283141
0.007418385696788993,3.006876141253898,0.0009482997977485336
0.007422565696788994,3.01819237710971,0.0009482997977485336
0.007426745696788993,3.010648219872502,0.0009482997977485336
0.007430925696788993,3.010648219872502,0.0009482997977485336
0.007435105696788994,3.014420298491106,0.0006068594290283141
0.007439285696788993,3.014420298491106,0.001631180535188959
0.007443465696788993,3.014420298491106,0.0006068594290283141
0.007447645696788994,3.01819237710971,0.0006068594290283141
0.007451825696788993,3.010648219872502,0.0006068594290283141
0.007456005696788994,3.014420298491106,0.0009482997977485336
0.007460185696788993,3.010648219872502,0.0009482997977485336
0.007464365696788993,3.014420298491106,0.0009482997977485336
0.007468545696788994,3.014420298491106,0.0006068594290283141
0.007472725696788993,3.010648219872502,0.0009482997977485336
0.007476905696788994,3.010648219872502,0.0006068594290283141
0.007481085696788993,3.014420298491106,0.0009482997977485336
0.007485265696788993,3.014420298491106,0.0009482997977485336
0.007489445696788994,3.014420298491106,0.0006068594290283141
0.007493625696788993,3.010648219872502,0.001289740166468739
0.007497805696788993,3.014420298491106,0.0009482997977485336
0.007501985696788994,3.014420298491106,0.0009482997977485336
0.007506165696788993,3.006876141253898,0.0009482997977485336
0.007510345696788994,3.014420298491106,0.0009482997977485336
0.007514525696788994,3.014420298491106,0.0009482997977485336
0.007518705696788993,3.010648219872502,0.0009482997977485336
0.007522885696788994,3.014420298491106,0.0009482997977485336
0.007527065696788993,3.014420298491106,0.0009482997977485336
0.007531245696788993,3.01819237710971,0.0009482997977485336
0.007535425696788993,3.006876141253898,0.0009482997977485336
0.007539605696788993,3.010648219872502,0.0006068594290283141
0.007543785696788994,3.01819237710971,0.0009482997977485336
0.007547965696788993,3.006876141253898,0.0009482997977485336
0.007552145696788993,3.010648219872502,0.0009482997977485336
0.007556325696788994,3.014420298491106,0.001289740166468739
0.007560505696788993,3.010648219872502,0.0006068594290283141
0.007564685696788994,3.010648219872502,0.0009482997977485336
0.007568865696788994,3.010648219872502,0.0006068594290283141
0.007573045696788993,3.010648219872502,0.0006068594290283141
0.007577225696788994,3.010648219872502,0.0002654190603080947
0.007581405696788993,3.014420298491106,0.0009482997977485336
0.007585585696788993,3.014420298491106,0.001289740166468739
0.007589765696788994,3.01819237710971,0.0006068594290283141
0.007593945696788993,3.010648219872502,0.001289740166468739
0.007598125696788994,3.010648219872502,0.0009482997977485336
0.007602305696788993,3.010648219872502,0.0009482997977485336
0.007606485696788993,3.010648219872502,0.0009482997977485336
0.007610665696788994,3.014420298491106,0.0009482997977485336
0.007614845696788993,3.014420298491106,0.0009482997977485336
0.007619025696788993,3.006876141253898,0.0006068594290283141
0.007623205696788994,3.010648219872502,0.0009482997977485336
0.007627385696788993,3.014420298491106,0.0009482997977485336
0.007631565696788994,3.014420298491106,0.0006068594290283141
0.007635745696788994,3.010648219872502,0.0006068594290283141
0.007639925696788993,3.010648219872502,0.0009482997977485336
0.007644105696788994,3.010648219872502,0.0009482997977485336
0.007648285696788993,3.014420298491106,0.0009482997977485336
0.007652465696788993,3.010648219872502,0.0009482997977485336
0.007656645696788993,3.014420298491106,0.0009482997977485336
0.007660825696788993,3.014420298491106,0.0006068594290283141
0.007665005696788994,3.014420298491106,0.0009482997977485336
0.007669185696788993,3.010648219872502,0.0009482997977485336
0.007673365696788993,3.01819237710971,0.0009482997977485336
0.007677545696788994,3.014420298491106,0.0009482997977485336
0.007681725696788993,3.010648219872502,0.0009482997977485336
0.007685905696788994,3.014420298491106,0.0009482997977485336
0.007690085696788994,3.014420298491106,0.0009482997977485336
0.007694265696788993,3.01819237710971,0.0009482997977485336
0.007698445696788994,3.014420298491106,0.0009482997977485336
0.007702625696788993,3.014420298491106,0.0009482997977485336
0.007706805696788993,3.010648219872502,0.0009482997977485336
0.007710985696788994,3.01819237710971,0.0009482997977485336
0.007715165696788993,3.010648219872502,0.0009482997977485336
0.007719345696788994,3.014420298491106,0.0006068594290283141
0.007723525696788993,3.006876141253898,0.0009482997977485336
0.007727705696788993,3.010648219872502,0.0009482997977485336
0.007731885696788994,3.014420298491106,0.0009482997977485336
0.007736065696788993,3.014420298491106,0.0009482997977485336
0.007740245696788993,3.010648219872502,0.0009482997977485336
0.007744425696788994,3.014420298491106,0.0009482997977485336
0.007748605696788993,3.010648219872502,0.001289740166468739
0.007752785696788994,3.010648219872502,0.0006068594290283141
0.007756965696788994,3.014420298491106,0.0006068594290283141
0.007761145696788993,3.01819237710971,0.001289740166468739
0.007765325696788994,3.014420298491106,0.0009482997977485336
0.007769505696788993,3.010648219872502,0.0006068594290283141
0.007773685696788993,3.010648219872502,0.001289740166468739
0.007777865696788993,3.01819237710971,0.0009482997977485336
0.007782045696788993,3.014420298491106,0.0006068594290283141
0.007786225696788994,3.010648219872502,0.0009482997977485336
0.007790405696788993,3.014420298491106,0.0009482997977485336
0.007794585696788993,3.010648219872502,0.0006068594290283141
0.007798765696788994,3.014420298491106,0.0009482997977485336
0.007802945696788993,3.014420298491106,0.0006068594290283141
0.007807125696788994,3.014420298491106,0.0009482997977485336
0.007811305696788994,3.010648219872502,0.001289740166468739
0.007815485696788993,3.014420298491106,0.0009482997977485336
0.007819665696788993,3.01819237710971,0.001289740166468739
0.007823845696788994,3.010648219872502,0.0009482997977485336
0.007828025696788993,3.01819237710971,0.0009482997977485336
0.007832205696788993,3.014420298491106,0.0009482997977485336
0.007836385696788994,3.010648219872502,0.0009482997977485336
0.007840565696788994,3.014420298491106,0.0006068594290283141
0.007844745696788993,3.01819237710971,0.0006068594290283141
0.007848925696788994,3.014420298491106,0.0006068594290283141
0.007853105696788994,3.010648219872502,0.001289740166468739
0.007857285696788993,3.01819237710971,0.0009482997977485336
0.007861465696788993,3.006876141253898,0.0009482997977485336
0.007865645696788994,3.010648219872502,0.0006068594290283141
0.007869825696788993,3.014420298491106,0.001289740166468739
0.007874005696788993,3.010648219872502,0.0009482997977485336
0.007878185696788994,3.014420298491106,0.001289740166468739
0.007882365696788993,3.010648219872502,0.0002654190603080947
0.007886545696788993,3.01819237710971,0.0006068594290283141
0.007890725696788994,3.014420298491106,0.0006068594290283141
0.007894905696788993,3.010648219872502,0.0009482997977485336
0.007899085696788993,3.014420298491106,0.0009482997977485336
0.007903265696788994,3.010648219872502,0.0009482997977485336
0.007907445696788994,3.014420298491106,0.0009482997977485336
0.007911625696788993,3.014420298491106,0.0006068594290283141
0.007915805696788993,3.010648219872502,0.0009482997977485336
0.007919985696788994,3.01819237710971,0.0009482997977485336
0.007924165696788993,3.010648219872502,0.0009482997977485336
0.007928345696788994,3.014420298491106,0.0006068594290283141
0.007932525696788994,3.010648219872502,0.001289740166468739
0.007936705696788993,3.010648219872502,0.0006068594290283141
0.007940885696788993,3.01819237710971,0.0006068594290283141
0.007945065696788994,3.010648219872502,0.0009482997977485336
0.007949245696788993,3.01819237710971,0.0009482997977485336
0.007953425696788993,3.006876141253898,0.001289740166468739
0.007957605696788994,3.010648219872502,0.0002654190603080947
0.007961785696788994,3.014420298491106,0.0009482997977485336
0.007965965696788993,3.014420298491106,0.0009482997977485336
0.007970145696788992,3.014420298491106,0.001289740166468739
0.007974325696788994,3.010648219872502,0.0009482997977485336
0.007978505696788993,3.014420298491106,0.0009482997977485336
0.007982685696788994,3.006876141253898,0.0009482997977485336
0.007986865696788994,3.014420298491106,0.0006068594290283141
0.007991045696788993,3.014420298491106,0.0009482997977485336
0.007995225696788993,3.014420298491106,0.0009482997977485336
0.007999405696788994,3.014420298491106,0.0009482997977485336
0.008003585696788993,3.014420298491106,0.0009482997977485336
0.008007765696788993,3.014420298491106,0.0009482997977485336
0.008011945696788994,3.014420298491106,0.0009482997977485336
0.008016125696788994,3.010648219872502,0.0009482997977485336
0.008020305696788993,3.010648219872502,0.0006068594290283141
0.008024485696788994,3.014420298491106,0.0009482997977485336
0.008028665696788994,3.010648219872502,0.0006068594290283141
0.008032845696788993,3.014420298491106,0.0009482997977485336
0.008037025696788994,3.014420298491106,0.0006068594290283141
0.008041205696788994,3.01819237710971,0.001289740166468739
0.008045385696788993,3.010648219872502,0.0006068594290283141
0.008049565696788993,3.010648219872502,0.0006068594290283141
0.008053745696788994,3.014420298491106,0.0009482997977485336
0.008057925696788993,3.006876141253898,0.0006068594290283141
0.008062105696788993,3.014420298491106,0.0009482997977485336
0.008066285696788994,3.014420298491106,0.0009482997977485336
0.008070465696788993,3.014420298491106,0.001289740166468739
0.008074645696788993,3.014420298491106,0.0009482997977485336
0.008078825696788994,3.014420298491106,0.0006068594290283141
0.008083005696788994,3.014420298491106,0.0009482997977485336
0.008087185696788993,3.010648219872502,0.0006068594290283141
0.008091365696788994,3.01819237710971,0.0009482997977485336
0.008095545696788994,3.010648219872502,0.001289740166468739
0.008099725696788993,3.014420298491106,0.0006068594290283141
0.008103905696788993,3.010648219872502,0.001289740166468739
0.008108085696788994,3.006876141253898,0.0006068594290283141
0.008112265696788993,3.014420298491106,0.0009482997977485336
0.008116445696788993,3.01819237710971,0.001289740166468739
0.008120625696788994,3.006876141253898,0.0009482997977485336
0.008124805696788993,3.01819237710971,0.0006068594290283141
0.008128985696788993,3.014420298491106,0.0009482997977485336
0.008133165696788994,3.010648219872502,0.0009482997977485336
0.008137345696788994,3.014420298491106,0.0006068594290283141
0.008141525696788993,3.014420298491106,0.0009482997977485336
0.008145705696788994,3.01819237710971,0.0006068594290283141
0.008149885696788994,3.006876141253898,0.001289740166468739
0.008154065696788993,3.010648219872502,0.0009482997977485336
0.008158245696788993,3.01819237710971,0.0006068594290283141
0.008162425696788994,3.010648219872502,0.0009482997977485336
0.008166605696788993,3.014420298491106,0.0006068594290283141
0.008170785696788994,3.014420298491106,0.0006068594290283141
0.008174965696788994,3.014420298491106,0.0006068594290283141
0.008179145696788993,3.014420298491106,0.001289740166468739
0.008183325696788993,3.014420298491106,0.0009482997977485336
0.008187505696788994,3.010648219872502,0.0009482997977485336
0.008191685696788993,3.014420298491106,0.001289740166468739
0.008195865696788993,3.014420298491106,0.0009482997977485336
0.008200045696788994,3.014420298491106,0.0009482997977485336
0.008204225696788994,3.010648219872502,0.0009482997977485336
0.008208405696788993,3.014420298491106,0.0009482997977485336
0.008212585696788993,3.010648219872502,0.0009482997977485336
0.008216765696788994,3.014420298491106,0.0006068594290283141
0.008220945696788993,3.014420298491106,0.001289740166468739
0.008225125696788994,3.014420298491106,0.0006068594290283141
0.008229305696788994,3.014420298491106,0.0009482997977485336
0.008233485696788993,3.014420298491106,0.0009482997977485336
0.008237665696788993,3.006876141253898,0.0009482997977485336
0.008241845696788994,3.014420298491106,0.0009482997977485336
0.008246025696788993,3.014420298491106,0.0009482997977485336
0.008250205696788993,3.010648219872502,0.001631180535188959
0.008254385696788994,3.014420298491106,0.0009482997977485336
0.008258565696788994,3.014420298491106,0.0009482997977485336
0.008262745696788993,3.010648219872502,0.0009482997977485336
0.008266925696788994,3.006876141253898,0.0009482997977485336
0.008271105696788994,3.014420298491106,0.0006068594290283141
0.008275285696788993,3.014420298491106,0.0009482997977485336
0.008279465696788994,3.014420298491106,0.001289740166468739
0.008283645696788994,3.010648219872502,0.0009482997977485336
0.008287825696788993,3.010648219872502,0.0009482997977485336
0.008292005696788993,3.010648219872502,0.0009482997977485336
0.008296185696788994,3.010648219872502,0.001289740166468739
0.008300365696788993,3.014420298491106,0.0009482997977485336
0.008304545696788993,3.010648219872502,0.0009482997977485336
0.008308725696788994,3.014420298491106,0.0009482997977485336
0.008312905696788993,3.014420298491106,0.0009482997977485336
0.008317085696788993,3.010648219872502,0.0009482997977485336
0.008321265696788994,3.014420298491106,0.0006068594290283141
0.008325445696788994,3.010648219872502,0.0009482997977485336
0.008329625696788993,3.006876141253898,0.0006068594290283141
0.008333805696788994,3.014420298491106,0.001289740166468739
0.008337985696788994,3.010648219872502,0.0009482997977485336
0.008342165696788993,3.014420298491106,0.0006068594290283141
0.008346345696788993,3.014420298491106,0.0009482997977485336
0.008350525696788994,3.010648219872502,0.0006068594290283141
0.008354705696788993,3.021964455728313,0.0009482997977485336
0.008358885696788993,3.010648219872502,0.0009482997977485336
0.008363065696788994,3.010648219872502,0.0009482997977485336
0.008367245696788993,3.014420298491106,0.0009482997977485336
0.008371425696788993,3.010648219872502,0.0009482997977485336
0.008375605696788994,3.014420298491106,0.0009482997977485336
0.008379785696788994,3.010648219872502,0.0009482997977485336
0.008383965696788993,3.014420298491106,0.0009482997977485336
0.008388145696788994,3.014420298491106,0.001289740166468739
0.008392325696788994,3.01819237710971,0.0009482997977485336
0.008396505696788993,3.014420298491106,0.0006068594290283141
0.008400685696788993,3.014420298491106,0.0009482997977485336
0.008404865696788994,3.014420298491106,0.001289740166468739
0.008409045696788993,3.010648219872502,0.0009482997977485336
0.008413225696788994,3.010648219872502,0.0009482997977485336
0.008417405696788994,3.014420298491106,0.0006068594290283141
0.008421585696788993,3.010648219872502,0.0009482997977485336
0.008425765696788993,3.014420298491106,0.0009482997977485336
0.008429945696788994,3.014420298491106,0.0009482997977485336
0.008434125696788993,3.006876141253898,0.0006068594290283141
0.008438305696788993,3.010648219872502,0.0009482997977485336
0.008442485696788994,3.014420298491106,0.0009482997977485336
0.008446665696788994,3.010648219872502,0.0006068594290283141
0.008450845696788993,3.010648219872502,0.001289740166468739
0.008455025696788993,3.010648219872502,0.0009482997977485336
0.008459205696788994,3.01819237710971,0.0009482997977485336
0.008463385696788993,3.014420298491106,0.0009482997977485336
0.008467565696788994,3.014420298491106,0.0009482997977485336
0.008471745696788994,3.014420298491106,0.0009482997977485336
0.008475925696788993,3.014420298491106,0.0009482997977485336
0.008480105696788993,3.014420298491106,0.0009482997977485336
0.008484285696788994,3.014420298491106,0.001289740166468739
0.008488465696788993,3.010648219872502,0.0006068594290283141
0.008492645696788993,3.014420298491106,0.0009482997977485336
0.008496825696788994,3.014420298491106,0.0009482997977485336
0.008501005696788994,3.014420298491106,0.001289740166468739
0.008505185696788993,3.010648219872502,0.0006068594290283141
0.008509365696788994,3.01819237710971,0.001289740166468739
0.008513545696788994,3.014420298491106,0.0009482997977485336
0.008517725696788993,3.010648219872502,0.001289740166468739
0.008521905696788994,3.014420298491106,0.0009482997977485336
0.008526085696788994,3.014420298491106,0.0006068594290283141
0.008530265696788993,3.014420298491106,0.0006068594290283141
0.008534445696788993,3.014420298491106,0.0009482997977485336
0.008538625696788994,3.014420298491106,0.0009482997977485336
0.008542805696788993,3.014420298491106,0.001289740166468739
0.008546985696788993,3.010648219872502,0.001289740166468739
0.008551165696788994,3.010648219872502,0.0006068594290283141
0.008555345696788993,3.014420298491106,0.0009482997977485336
0.008559525696788993,3.010648219872502,0.0009482997977485336
0.008563705696788994,3.010648219872502,0.001289740166468739
0.008567885696788994,3.010648219872502,0.0006068594290283141
0.008572065696788993,3.01819237710971,0.001289740166468739
0.008576245696788994,3.014420298491106,0.0006068594290283141
0.008580425696788994,3.010648219872502,0.0009482997977485336
0.008584605696788993,3.014420298491106,0.001289740166468739
0.008588785696788993,3.010648219872502,0.001289740166468739
0.008592965696788994,3.014420298491106,0.0002654190603080947
0.008597145696788993,3.010648219872502,0.0009482997977485336
0.008601325696788993,3.014420298491106,0.0009482997977485336
0.008605505696788994,3.010648219872502,0.0009482997977485336
0.008609685696788993,3.006876141253898,0.0009482997977485336
0.008613865696788993,3.021964455728313,0.0009482997977485336
0.008618045696788994,3.010648219872502,0.0009482997977485336
0.008622225696788994,3.010648219872502,0.001289740166468739
0.008626405696788993,3.014420298491106,0.001289740166468739
0.008630585696788994,3.014420298491106,0.0006068594290283141
0.008634765696788994,3.010648219872502,0.001289740166468739
0.008638945696788993,3.014420298491106,0.0006068594290283141
0.008643125696788993,3.014420298491106,0.0006068594290283141
0.008647305696788994,3.014420298491106,0.0009482997977485336
0.008651485696788993,3.014420298491106,0.0006068594290283141
0.008655665696788994,3.014420298491106,0.0009482997977485336
0.008659845696788994,3.010648219872502,0.0009482997977485336
0.008664025696788993,3.010648219872502,0.001289740166468739
0.008668205696788993,3.014420298491106,0.0006068594290283141
0.008672385696788994,3.01819237710971,0.0009482997977485336
0.008676565696788993,3.010648219872502,0.0009482997977485336
0.008680745696788993,3.014420298491106,0.0006068594290283141
0.008684925696788994,3.010648219872502,0.0009482997977485336
0.008689105696788994,3.014420298491106,0.001289740166468739
0.008693285696788993,3.01819237710971,0.0006068594290283141
0.008697465696788993,3.014420298491106,0.0009482997977485336
0.008701645696788994,3.014420298491106,0.001631180535188959
0.008705825696788993,3.010648219872502,0.0009482997977485336
0.008710005696788994,3.010648219872502,0.0009482997977485336
0.008714185696788994,3.01819237710971,0.0009482997977485336
0.008718365696788993,3.014420298491106,0.0006068594290283141
0.008722545696788993,3.010648219872502,0.001289740166468739
0.008726725696788994,3.014420298491106,0.0009482997977485336
0.008730905696788993,3.010648219872502,0.0009482997977485336
0.008735085696788993,3.01819237710971,0.0009482997977485336
0.008739265696788994,3.010648219872502,0.0009482997977485336
0.008743445696788994,3.014420298491106,0.0009482997977485336
0.008747625696788993,3.010648219872502,0.001289740166468739
0.008751805696788994,3.014420298491106,0.0009482997977485336
0.008755985696788994,3.010648219872502,0.001289740166468739
0.008760165696788993,3.014420298491106,0.0009482997977485336
0.008764345696788994,3.014420298491106,0.0006068594290283141
0.008768525696788994,3.014420298491106,0.0009482997977485336
0.008772705696788993,3.014420298491106,0.0006068594290283141
0.008776885696788993,3.014420298491106,0.001289740166468739
0.008781065696788994,3.01819237710971,0.0006068594290283141
0.008785245696788993,3.010648219872502,0.0009482997977485336
0.008789425696788993,3.010648219872502,0.0009482997977485336
0.008793605696788994,3.014420298491106,0.001289740166468739
0.008797785696788993,3.014420298491106,0.0009482997977485336
0.008801965696788993,3.010648219872502,0.0009482997977485336
0.008806145696788994,3.010648219872502,0.0009482997977485336
0.008810325696788994,3.014420298491106,0.0006068594290283141
0.008814505696788993,3.010648219872502,0.001289740166468739
0.008818685696788994,3.010648219872502,0.0009482997977485336
0.008822865696788994,3.014420298491106,0.001289740166468739
0.008827045696788993,3.010648219872502,0.0009482997977485336
0.008831225696788993,3.014420298491106,0.0009482997977485336
0.008835405696788994,3.014420298491106,0.0009482997977485336
0.008839585696788993,3.014420298491106,0.0009482997977485336
0.008843765696788995,3.014420298491106,0.0009482997977485336
0.008847945696788994,3.014420298491106,0.001289740166468739
0.008852125696788993,3.014420298491106,0.001289740166468739
0.008856305696788993,3.014420298491106,0.001289740166468739
0.008860485696788994,3.014420298491106,0.0006068594290283141
0.008864665696788994,3.01819237710971,0.001289740166468739
0.008868845696788993,3.010648219872502,0.001289740166468739
0.008873025696788994,3.010648219872502,0.001289740166468739
0.008877205696788994,3.01819237710971,0.0006068594290283141
0.008881385696788993,3.010648219872502,0.0009482997977485336
0.008885565696788993,3.014420298491106,0.0006068594290283141
0.008889745696788994,3.01819237710971,0.0009482997977485336
0.008893925696788993,3.010648219872502,0.0009482997977485336
0.008898105696788994,3.014420298491106,0.0006068594290283141
0.008902285696788994,3.014420298491106,0.0009482997977485336
0.008906465696788993,3.010648219872502,0.0009482997977485336
0.008910645696788993,3.014420298491106,0.0009482997977485336
0.008914825696788994,3.014420298491106,0.0009482997977485336
0.008919005696788994,3.01819237710971,0.0009482997977485336
0.008923185696788993,3.010648219872502,0.0009482997977485336
0.008927365696788994,3.014420298491106,0.0009482997977485336
0.008931545696788994,3.010648219872502,0.0009482997977485336
0.008935725696788993,3.010648219872502,0.0009482997977485336
0.008939905696788993,3.014420298491106,0.001289740166468739
0.008944085696788994,3.014420298491106,0.001289740166468739
0.008948265696788993,3.010648219872502,0.0009482997977485336
0.008952445696788994,3.014420298491106,0.0006068594290283141
0.008956625696788994,3.014420298491106,0.0009482997977485336
0.008960805696788993,3.01819237710971,0.0006068594290283141
0.008964985696788993,3.01819237710971,0.0009482997977485336
0.008969165696788994,3.014420298491106,0.0009482997977485336
0.008973345696788993,3.014420298491106,0.0009482997977485336
0.008977525696788993,3.010648219872502,0.0009482997977485336
0.008981705696788994,3.010648219872502,0.0006068594290283141
0.008985885696788994,3.014420298491106,0.0009482997977485336
0.008990065696788993,3.014420298491106,0.0009482997977485336
0.008994245696788992,3.01819237710971,0.0009482997977485336
0.008998425696788994,3.01819237710971,0.001289740166468739
0.009002605696788993,3.010648219872502,0.001289740166468739
0.009006785696788994,3.014420298491106,0.0006068594290283141
0.009010965696788994,3.014420298491106,0.0009482997977485336
0.009015145696788993,3.010648219872502,0.001289740166468739
0.009019325696788993,3.014420298491106,0.0006068594290283141
0.009023505696788994,3.010648219872502,0.0006068594290283141
0.009027685696788993,3.014420298491106,0.0009482997977485336
0.009031865696788993,3.014420298491106,0.0009482997977485336
0.009036045696788994,3.010648219872502,0.0009482997977485336
0.009040225696788994,3.01819237710971,0.0009482997977485336
0.009044405696788993,3.010648219872502,0.0009482997977485336
0.009048585696788992,3.014420298491106,0.0006068594290283141
0.009052765696788994,3.010648219872502,0.0009482997977485336
0.009056945696788993,3.014420298491106,0.0009482997977485336
0.009061125696788994,3.014420298491106,0.0006068594290283141
0.009065305696788994,3.01819237710971,0.0009482997977485336
0.009069485696788993,3.006876141253898,0.001631180535188959
0.009073665696788993,3.014420298491106,0.0009482997977485336
0.009077845696788994,3.014420298491106,0.0009482997977485336
0.009082025696788993,3.014420298491106,0.0006068594290283141
0.009086205696788995,3.014420298491106,0.0009482997977485336
0.009090385696788994,3.010648219872502,0.0009482997977485336
0.009094565696788993,3.010648219872502,0.001289740166468739
0.009098745696788993,3.014420298491106,0.0009482997977485336
0.009102925696788994,3.010648219872502,0.0009482997977485336
0.009107105696788994,3.014420298491106,0.001631180535188959
0.009111285696788993,3.010648219872502,0.0006068594290283141
0.009115465696788994,3.010648219872502,0.001289740166468739
0.009119645696788994,3.014420298491106,0.001289740166468739
0.009123825696788993,3.014420298491106,0.0006068594290283141
0.009128005696788993,3.010648219872502,0.0009482997977485336
0.009132185696788994,3.014420298491106,0.001289740166468739
0.009136365696788993,3.014420298491106,0.0009482997977485336
0.009140545696788994,3.010648219872502,0.001289740166468739
0.009144725696788994,3.014420298491106,0.0009482997977485336
0.009148905696788993,3.014420298491106,0.0009482997977485336
0.009153085696788993,3.010648219872502,0.0009482997977485336
0.009157265696788994,3.014420298491106,0.001289740166468739
0.009161445696788994,3.01819237710971,0.0009482997977485336
0.009165625696788993,3.006876141253898,0.0006068594290283141
0.009169805696788994,3.014420298491106,0.0009482997977485336
0.009173985696788994,3.010648219872502,0.0006068594290283141
0.009178165696788993,3.014420298491106,0.0009482997977485336
0.009182345696788993,3.010648219872502,0.001289740166468739
0.009186525696788994,3.01819237710971,0.0009482997977485336
0.009190705696788993,3.010648219872502,0.0009482997977485336
0.009194885696788994,3.014420298491106,0.0006068594290283141
0.009199065696788994,3.010648219872502,0.0009482997977485336
0.009203245696788993,3.010648219872502,0.0009482997977485336
0.009207425696788993,3.010648219872502,0.001289740166468739
0.009211605696788994,3.010648219872502,0.001289740166468739
0.009215785696788993,3.01819237710971,0.0006068594290283141
0.009219965696788993,3.010648219872502,0.0009482997977485336
0.009224145696788994,3.014420298491106,0.0009482997977485336
0.009228325696788994,3.006876141253898,0.0009482997977485336
0.009232505696788993,3.014420298491106,0.0009482997977485336
0.009236685696788993,3.010648219872502,0.0009482997977485336
0.009240865696788994,3.014420298491106,0.0006068594290283141
0.009245045696788993,3.010648219872502,0.0009482997977485336
0.009249225696788994,3.006876141253898,0.0006068594290283141
0.009253405696788994,3.014420298491106,0.0009482997977485336
0.009257585696788993,3.010648219872502,0.0009482997977485336
0.009261765696788993,3.010648219872502,0.0006068594290283141
0.009265945696788994,3.010648219872502,0.0006068594290283141
0.009270125696788993,3.010648219872502,0.0009482997977485336
0.009274305696788993,3.014420298491106,0.0009482997977485336
0.009278485696788994,3.010648219872502,0.0009482997977485336
0.009282665696788994,3.014420298491106,0.0006068594290283141
0.009286845696788993,3.014420298491106,0.001289740166468739
0.009291025696788992,3.010648219872502,0.0009482997977485336
0.009295205696788994,3.010648219872502,0.0009482997977485336
0.009299385696788993,3.006876141253898,0.0009482997977485336
0.009303565696788994,3.014420298491106,0.0006068594290283141
0.009307745696788994,3.010648219872502,0.001289740166468739
0.009311925696788993,3.006876141253898,0.0009482997977485336
0.009316105696788993,3.010648219872502,0.0009482997977485336
0.009320285696788994,3.014420298491106,0.001289740166468739
0.009324465696788993,3.014420298491106,0.0009482997977485336
0.009328645696788995,3.010648219872502,0.0006068594290283141
0.009332825696788994,3.010648219872502,0.001289740166468739
0.009337005696788993,3.010648219872502,0.0009482997977485336
0.009341185696788993,3.01819237710971,0.0009482997977485336
0.009345365696788994,3.010648219872502,0.001289740166468739
0.009349545696788994,3.014420298491106,0.001289740166468739
0.009353725696788993,3.010648219872502,0.001289740166468739
0.009357905696788994,3.01819237710971,0.0009482997977485336
0.009362085696788994,3.010648219872502,0.001289740166468739
0.009366265696788993,3.010648219872502,0.0009482997977485336
0.009370445696788993,3.014420298491106,0.001289740166468739
0.009374625696788994,3.010648219872502,0.0009482997977485336
0.009378805696788993,3.01819237710971,0.001289740166468739
0.009382985696788994,3.014420298491106,0.001289740166468739
0.009387165696788994,3.010648219872502,0.001289740166468739
0.009391345696788993,3.01819237710971,0.0009482997977485336
0.009395525696788993,3.010648219872502,0.0009482997977485336
0.009399705696788994,3.010648219872502,0.001289740166468739
0.009403885696788994,3.014420298491106,0.0009482997977485336
0.009408065696788993,3.010648219872502,0.001289740166468739
0.009412245696788994,3.010648219872502,0.001289740166468739
0.009416425696788994,3.014420298491106,0.0009482997977485336
0.009420605696788993,3.010648219872502,0.001289740166468739
0.009424785696788993,3.010648219872502,0.0009482997977485336
0.009428965696788994,3.014420298491106,0.001289740166468739
0.009433145696788993,3.010648219872502,0.001289740166468739
0.009437325696788994,3.014420298491106,0.001289740166468739
0.009441505696788994,3.014420298491106,0.001289740166468739
0.009445685696788993,3.010648219872502,0.0009482997977485336
0.009449865696788993,3.01819237710971,0.001631180535188959
0.009454045696788994,3.010648219872502,0.0009482997977485336
0.009458225696788993,3.014420298491106,0.0009482997977485336
0.009462405696788993,3.010648219872502,0.0009482997977485336
0.009466585696788994,3.014420298491106,0.001289740166468739
0.009470765696788994,3.014420298491106,0.0009482997977485336
0.009474945696788993,3.014420298491106,0.001289740166468739
0.009479125696788993,3.010648219872502,0.0009482997977485336
0.009483305696788994,3.010648219872502,0.0009482997977485336
0.009487485696788993,3.01819237710971,0.001289740166468739
0.009491665696788994,3.010648219872502,0.0009482997977485336
0.009495845696788994,3.010648219872502,0.001289740166468739
0.009500025696788993,3.010648219872502,0.0006068594290283141
0.009504205696788993,3.010648219872502,0.0009482997977485336
0.009508385696788994,3.010648219872502,0.001289740166468739
0.009512565696788993,3.010648219872502,0.0009482997977485336
0.009516745696788993,3.014420298491106,0.001289740166468739
0.009520925696788994,3.014420298491106,0.001289740166468739
0.009525105696788994,3.014420298491106,0.0009482997977485336
0.009529285696788993,3.010648219872502,0.0009482997977485336
0.009533465696788992,3.014420298491106,0.001289740166468739
0.009537645696788994,3.014420298491106,0.0009482997977485336
0.009541825696788993,3.010648219872502,0.001289740166468739
0.009546005696788994,3.014420298491106,0.0009482997977485336
0.009550185696788994,3.014420298491106,0.0009482997977485336
0.009554365696788993,3.006876141253898,0.001289740166468739
0.009558545696788993,3.010648219872502,0.0009482997977485336
0.009562725696788994,3.010648219872502,0.0009482997977485336
0.009566905696788993,3.01819237710971,0.001289740166468739
0.009571085696788995,3.014420298491106,0.0009482997977485336
0.009575265696788994,3.010648219872502,0.001289740166468739
0.009579445696788993,3.010648219872502,0.001289740166468739
0.009583625696788993,3.014420298491106,0.001289740166468739
0.009587805696788994,3.010648219872502,0.0009482997977485336
0.009591985696788994,3.014420298491106,0.001289740166468739
0.009596165696788993,3.010648219872502,0.0009482997977485336
0.009600345696788994,3.014420298491106,0.001289740166468739
0.009604525696788994,3.01819237710971,0.001289740166468739
0.009608705696788993,3.010648219872502,0.0009482997977485336
0.009612885696788993,3.014420298491106,0.001289740166468739
0.009617065696788994,3.014420298491106,0.001289740166468739
0.009621245696788993,3.006876141253898,0.0009482997977485336
0.009625425696788995,3.01819237710971,0.0009482997977485336
0.009629605696788994,3.010648219872502,0.001289740166468739
0.009633785696788993,3.014420298491106,0.001289740166468739
0.009637965696788993,3.010648219872502,0.001289740166468739
0.009642145696788994,3.014420298491106,0.0009482997977485336
0.009646325696788994,3.010648219872502,0.001289740166468739
0.009650505696788993,3.01819237710971,0.0009482997977485336
0.009654685696788994,3.014420298491106,0.001289740166468739
0.009658865696788994,3.010648219872502,0.001289740166468739
0.009663045696788993,3.014420298491106,0.001631180535188959
0.009667225696788993,3.014420298491106,0.0009482997977485336
0.009671405696788994,3.010648219872502,0.001289740166468739
0.009675585696788993,3.014420298491106,0.0009482997977485336
0.009679765696788994,3.01819237710971,0.001289740166468739
0.009683945696788994,3.010648219872502,0.001289740166468739
0.009688125696788993,3.014420298491106,0.0009482997977485336
0.009692305696788993,3.010648219872502,0.001289740166468739
0.009696485696788994,3.006876141253898,0.001289740166468739
0.009700665696788994,3.01819237710971,0.001289740166468739
0.009704845696788993,3.014420298491106,0.0009482997977485336
0.009709025696788994,3.010648219872502,0.0009482997977485336
0.009713205696788994,3.014420298491106,0.001289740166468739
0.009717385696788993,3.010648219872502,0.001289740166468739
0.009721565696788993,3.010648219872502,0.0009482997977485336
0.009725745696788994,3.010648219872502,0.0009482997977485336
0.009729925696788993,3.01819237710971,0.0009482997977485336
0.009734105696788994,3.010648219872502,0.001289740166468739
0.009738285696788994,3.014420298491106,0.001289740166468739
0.009742465696788993,3.010648219872502,0.0009482997977485336
0.009746645696788993,3.010648219872502,0.001289740166468739
0.009750825696788994,3.014420298491106,0.0009482997977485336
0.009755005696788993,3.014420298491106,0.001289740166468739
0.009759185696788993,3.01819237710971,0.0009482997977485336
0.009763365696788994,3.014420298491106,0.001289740166468739
0.009767545696788994,3.006876141253898,0.0006068594290283141
0.009771725696788993,3.014420298491106,0.001289740166468739
0.009775905696788992,3.010648219872502,0.0009482997977485336
0.009780085696788994,3.014420298491106,0.0009482997977485336
0.009784265696788993,3.014420298491106,0.001289740166468739
0.009788445696788994,3.010648219872502,0.0006068594290283141
0.009792625696788994,3.010648219872502,0.001289740166468739
0.009796805696788993,3.010648219872502,0.001289740166468739
0.009800985696788993,3.014420298491106,0.001289740166468739
0.009805165696788994,3.014420298491106,0.0009482997977485336
0.009809345696788993,3.010648219872502,0.0009482997977485336
0.009813525696788995,3.014420298491106,0.0009482997977485336
0.009817705696788994,3.010648219872502,0.0009482997977485336
0.009821885696788994,3.014420298491106,0.0009482997977485336
0.009826065696788993,3.010648219872502,0.001289740166468739
0.009830245696788994,3.014420298491106,0.0009482997977485336
0.009834425696788994,3.014420298491106,0.001289740166468739
0.009838605696788993,3.010648219872502,0.0009482997977485336
0.009842785696788994,3.014420298491106,0.0009482997977485336
0.009846965696788994,3.006876141253898,0.0006068594290283141
0.009851145696788993,3.010648219872502,0.0009482997977485336
0.009855325696788993,3.010648219872502,0.0009482997977485336
0.009859505696788994,3.014420298491106,0.0009482997977485336
0.009863685696788993,3.010648219872502,0.0009482997977485336
0.009867865696788995,3.014420298491106,0.0009482997977485336
0.009872045696788994,3.010648219872502,0.001289740166468739
0.009876225696788993,3.014420298491106,0.0009482997977485336
0.009880405696788993,3.014420298491106,0.0009482997977485336
0.009884585696788994,3.014420298491106,0.0009482997977485336
0.009888765696788994,3.010648219872502,0.001289740166468739
0.009892945696788993,3.01819237710971,0.0009482997977485336
0.009897125696788994,3.006876141253898,0.0009482997977485336
0.009901305696788994,3.014420298491106,0.001289740166468739
0.009905485696788993,3.014420298491106,0.0006068594290283141
0.009909665696788993,3.010648219872502,0.0009482997977485336
0.009913845696788994,3.014420298491106,0.0009482997977485336
0.009918025696788993,3.010648219872502,0.0009482997977485336
0.009922205696788994,3.014420298491106,0.0009482997977485336
0.009926385696788994,3.014420298491106,0.0006068594290283141
0.009930565696788993,3.010648219872502,0.001289740166468739
0.009934745696788993,3.010648219872502,0.0006068594290283141
0.009938925696788994,3.014420298491106,0.0009482997977485336
0.009943105696788994,3.01819237710971,0.0009482997977485336
0.009947285696788993,3.010648219872502,0.001289740166468739
0.009951465696788994,3.014420298491106,0.0006068594290283141
0.009955645696788994,3.010648219872502,0.0009482997977485336
0.009959825696788993,3.010648219872502,0.0009482997977485336
0.009964005696788993,3.014420298491106,0.0009482997977485336
0.009968185696788994,3.01819237710971,0.001631180535188959
0.009972365696788993,3.010648219872502,0.0009482997977485336
0.009976545696788994,3.014420298491106,0.001289740166468739
0.009980725696788994,3.010648219872502,0.0009482997977485336
0.009984905696788993,3.010648219872502,0.0009482997977485336
0.009989085696788993,3.010648219872502,0.001289740166468739
0.009993265696788994,3.010648219872502,0.001289740166468739
0.009997445696788993,3.014420298491106,0.0009482997977485336
0.01000162569678899,3.010648219872502,0.0009482997977485336
0.01000580569678899,3.010648219872502,0.001289740166468739
0.01000998569678899,3.014420298491106,0.001289740166468739
0.01001416569678899,3.010648219872502,0.001289740166468739
0.01001834569678899,3.010648219872502,0.0009482997977485336
0.01002252569678899,3.014420298491106,0.0006068594290283141
0.01002670569678899,3.014420298491106,0.0009482997977485336
0.01003088569678899,3.010648219872502,0.0009482997977485336
0.01003506569678899,3.014420298491106,0.001289740166468739
0.01003924569678899,3.014420298491106,0.001289740166468739
0.01004342569678899,3.010648219872502,0.001289740166468739
0.01004760569678899,3.01819237710971,0.001289740166468739
0.01005178569678899,3.010648219872502,0.0009482997977485336
0.01005596569678899,3.014420298491106,0.0009482997977485336
0.01006014569678899,3.014420298491106,0.001289740166468739
0.01006432569678899,3.014420298491106,0.001289740166468739
0.01006850569678899,3.010648219872502,0.0009482997977485336
0.01007268569678899,3.014420298491106,0.0009482997977485336
0.01007686569678899,3.014420298491106,0.0009482997977485336
0.01008104569678899,3.010648219872502,0.0006068594290283141
0.01008522569678899,3.010648219872502,0.0009482997977485336
0.01008940569678899,3.014420298491106,0.001289740166468739
0.01009358569678899,3.014420298491106,0.0009482997977485336
0.01009776569678899,3.006876141253898,0.0009482997977485336
0.01010194569678899,3.01819237710971,0.0009482997977485336
0.01010612569678899,3.010648219872502,0.0009482997977485336
0.01011030569678899,3.006876141253898,0.0009482997977485336
0.01011448569678899,3.021964455728313,0.0009482997977485336
0.01011866569678899,3.010648219872502,0.001289740166468739
0.01012284569678899,3.014420298491106,0.0009482997977485336
0.01012702569678899,3.010648219872502,0.0009482997977485336
0.01013120569678899,3.010648219872502,0.0009482997977485336
0.01013538569678899,3.010648219872502,0.0009482997977485336
0.01013956569678899,3.010648219872502,0.001289740166468739
0.01014374569678899,3.014420298491106,0.0009482997977485336
0.01014792569678899,3.014420298491106,0.0009482997977485336
0.01015210569678899,3.014420298491106,0.0009482997977485336
0.01015628569678899,3.010648219872502,0.001289740166468739
0.01016046569678899,3.014420298491106,0.0009482997977485336
0.01016464569678899,3.010648219872502,0.001289740166468739
0.01016882569678899,3.010648219872502,0.0009482997977485336
0.01017300569678899,3.010648219872502,0.001289740166468739
0.01017718569678899,3.014420298491106,0.0009482997977485336
0.01018136569678899,3.010648219872502,0.0009482997977485336
0.01018554569678899,3.010648219872502,0.0006068594290283141
0.01018972569678899,3.014420298491106,0.0009482997977485336
0.01019390569678899,3.010648219872502,0.0009482997977485336
0.01019808569678899,3.010648219872502,0.001289740166468739
0.01020226569678899,3.006876141253898,0.001289740166468739
0.01020644569678899,3.014420298491106,0.0009482997977485336
0.01021062569678899,3.014420298491106,0.0009482997977485336
0.01021480569678899,3.010648219872502,0.001289740166468739
0.01021898569678899,3.014420298491106,0.0009482997977485336
0.01022316569678899,3.010648219872502,0.0009482997977485336
0.01022734569678899,3.010648219872502,0.001289740166468739
0.01023152569678899,3.010648219872502,0.0006068594290283141
0.01023570569678899,3.010648219872502,0.0009482997977485336
0.01023988569678899,3.010648219872502,0.0006068594290283141
0.01024406569678899,3.014420298491106,0.0009482997977485336
0.01024824569678899,3.010648219872502,0.0009482997977485336
0.01025242569678899,3.014420298491106,0.0009482997977485336
0.01025660569678899,3.010648219872502,0.0009482997977485336
0.01026078569678899,3.014420298491106,0.001289740166468739
0.01026496569678899,3.010648219872502,0.0006068594290283141
0.01026914569678899,3.010648219872502,0.0009482997977485336
0.01027332569678899,3.014420298491106,0.0009482997977485336
0.01027750569678899,3.014420298491106,0.0009482997977485336
0.01028168569678899,3.006876141253898,0.0009482997977485336
0.01028586569678899,3.010648219872502,0.0009482997977485336
0.01029004569678899,3.014420298491106,0.0006068594290283141
0.01029422569678899,3.010648219872502,0.0009482997977485336
0.01029840569678899,3.014420298491106,0.0009482997977485336
0.01030258569678899,3.010648219872502,0.001289740166468739
0.01030676569678899,3.006876141253898,0.0002654190603080947
0.01031094569678899,3.014420298491106,0.0006068594290283141
0.01031512569678899,3.014420298491106,0.0009482997977485336
0.01031930569678899,3.010648219872502,0.0006068594290283141
0.01032348569678899,3.014420298491106,0.0009482997977485336
0.01032766569678899,3.010648219872502,0.0006068594290283141
0.01033184569678899,3.01819237710971,0.0009482997977485336
0.01033602569678899,3.010648219872502,0.0006068594290283141
0.01034020569678899,3.014420298491106,0.001289740166468739
0.01034438569678899,3.014420298491106,0.0009482997977485336
0.01034856569678899,3.014420298491106,0.0006068594290283141
0.01035274569678899,3.010648219872502,0.0009482997977485336
0.01035692569678899,3.010648219872502,0.0009482997977485336
0.01036110569678899,3.010648219872502,0.0006068594290283141
0.01036528569678899,3.014420298491106,0.001289740166468739
0.01036946569678899,3.010648219872502,0.0006068594290283141
0.01037364569678899,3.010648219872502,0.0006068594290283141
0.01037782569678899,3.014420298491106,0.0009482997977485336
0.01038200569678899,3.014420298491106,0.0009482997977485336
0.01038618569678899,3.010648219872502,0.0002654190603080947
0.01039036569678899,3.014420298491106,0.0006068594290283141
0.01039454569678899,3.01819237710971,0.0006068594290283141
0.01039872569678899,3.014420298491106,0.0006068594290283141
0.01040290569678899,3.014420298491106,0.0009482997977485336
0.01040708569678899,3.010648219872502,0.0006068594290283141
0.01041126569678899,3.010648219872502,0.0006068594290283141
0.01041544569678899,3.010648219872502,0.0006068594290283141
0.01041962569678899,3.014420298491106,0.0006068594290283141
0.01042380569678899,3.010648219872502,0.0006068594290283141
0.01042798569678899,3.01819237710971,0.0006068594290283141
0.01043216569678899,3.010648219872502,0.0006068594290283141
0.01043634569678899,3.010648219872502,0.0006068594290283141
0.01044052569678899,3.010648219872502,0.0006068594290283141
0.01044470569678899,3.010648219872502,0.0009482997977485336
0.01044888569678899,3.010648219872502,0.0006068594290283141
0.01045306569678899,3.014420298491106,0.0009482997977485336
0.01045724569678899,3.010648219872502,0.0002654190603080947
0.01046142569678899,3.010648219872502,0.0009482997977485336
0.01046560569678899,3.010648219872502,0.0006068594290283141
0.01046978569678899,3.014420298491106,0.0006068594290283141
0.01047396569678899,3.014420298491106,0.0006068594290283141
0.01047814569678899,3.014420298491106,0.0006068594290283141
0.01048232569678899,3.010648219872502,0.0006068594290283141
0.01048650569678899,3.014420298491106,0.0006068594290283141
0.01049068569678899,3.010648219872502,0.0009482997977485336
0.01049486569678899,3.014420298491106,0.0009482997977485336
0.01049904569678899,3.014420298491106,0.0006068594290283141
0.01050322569678899,3.006876141253898,0.0006068594290283141
0.01050740569678899,3.006876141253898,0.0006068594290283141
0.01051158569678899,3.014420298491106,0.0009482997977485336
0.01051576569678899,3.010648219872502,0.0006068594290283141
0.01051994569678899,3.01819237710971,0.0009482997977485336
0.01052412569678899,3.010648219872502,0.0009482997977485336
0.01052830569678899,3.010648219872502,0.0006068594290283141
0.01053248569678899,3.014420298491106,0.0006068594290283141
0.01053666569678899,3.014420298491106,0.0002654190603080947
0.01054084569678899,3.006876141253898,0.0006068594290283141
0.01054502569678899,3.010648219872502,0.0009482997977485336
0.01054920569678899,3.01819237710971,0.0009482997977485336
0.01055338569678899,3.014420298491106,0.0009482997977485336
0.01055756569678899,3.01819237710971,0.0006068594290283141
0.01056174569678899,3.010648219872502,0.0006068594290283141
0.01056592569678899,3.014420298491106,0.0006068594290283141
0.01057010569678899,3.014420298491106,0.0009482997977485336
0.01057428569678899,3.014420298491106,0.0009482997977485336
0.01057846569678899,3.010648219872502,0.0006068594290283141
0.01058264569678899,3.014420298491106,0.0009482997977485336
0.01058682569678899,3.010648219872502,0.0009482997977485336
0.01059100569678899,3.014420298491106,0.0009482997977485336
0.01059518569678899,3.010648219872502,0.001289740166468739
0.01059936569678899,3.014420298491106,0.0009482997977485336
0.01060354569678899,3.014420298491106,0.0009482997977485336
0.01060772569678899,3.014420298491106,0.0009482997977485336
0.01061190569678899,3.010648219872502,0.0009482997977485336
0.01061608569678899,3.014420298491106,0.0006068594290283141
0.01062026569678899,3.010648219872502,0.0006068594290283141
0.01062444569678899,3.014420298491106,0.001289740166468739
0.01062862569678899,3.010648219872502,0.0009482997977485336
0.01063280569678899,3.014420298491106,0.0009482997977485336
0.01063698569678899,3.014420298491106,0.0006068594290283141
0.01064116569678899,3.014420298491106,0.0006068594290283141
0.01064534569678899,3.010648219872502,0.0009482997977485336
0.01064952569678899,3.014420298491106,0.0006068594290283141
0.01065370569678899,3.010648219872502,0.0009482997977485336
0.01065788569678899,3.010648219872502,0.0009482997977485336
0.01066206569678899,3.014420298491106,0.0006068594290283141
0.01066624569678899,3.006876141253898,0.0006068594290283141
0.01067042569678899,3.01819237710971,0.0009482997977485336
0.01067460569678899,3.014420298491106,0.0006068594290283141
0.01067878569678899,3.010648219872502,0.0006068594290283141
0.01068296569678899,3.014420298491106,0.001289740166468739
0.01068714569678899,3.010648219872502,0.0006068594290283141
0.01069132569678899,3.014420298491106,0.0009482997977485336
0.01069550569678899,3.014420298491106,0.0006068594290283141
0.01069968569678899,3.010648219872502,0.0009482997977485336
0.01070386569678899,3.014420298491106,0.0006068594290283141
0.01070804569678899,3.014420298491106,0.0006068594290283141
0.01071222569678899,3.010648219872502,0.0009482997977485336
0.01071640569678899,3.014420298491106,0.0009482997977485336
0.01072058569678899,3.006876141253898,0.0006068594290283141
0.01072476569678899,3.014420298491106,0.0006068594290283141
0.01072894569678899,3.014420298491106,0.001289740166468739
0.01073312569678899,3.014420298491106,0.0009482997977485336
0.01073730569678899,3.006876141253898,0.0006068594290283141
0.01074148569678899,3.010648219872502,0.0009482997977485336
0.01074566569678899,3.014420298491106,0.0009482997977485336
0.01074984569678899,3.010648219872502,0.0009482997977485336
0.01075402569678899,3.014420298491106,0.0006068594290283141
0.01075820569678899,3.006876141253898,0.0009482997977485336
0.01076238569678899,3.014420298491106,0.0006068594290283141
0.01076656569678899,3.014420298491106,0.0009482997977485336
0.01077074569678899,3.014420298491106,0.0006068594290283141
0.01077492569678899,3.010648219872502,0.0006068594290283141
0.01077910569678899,3.010648219872502,0.0006068594290283141
0.01078328569678899,3.014420298491106,0.0009482997977485336
0.01078746569678899,3.010648219872502,0.0006068594290283141
0.01079164569678899,3.014420298491106,0.0009482997977485336
0.01079582569678899,3.010648219872502,0.0006068594290283141
0.01080000569678899,3.014420298491106,0.0009482997977485336
0.01080418569678899,3.014420298491106,0.0009482997977485336
0.01080836569678899,3.014420298491106,0.0009482997977485336
0.01081254569678899,3.014420298491106,0.0009482997977485336
0.01081672569678899,3.006876141253898,0.0009482997977485336
0.01082090569678899,3.014420298491106,0.0006068594290283141
0.01082508569678899,3.014420298491106,0.0002654190603080947
0.01082926569678899,3.006876141253898,0.0009482997977485336
0.01083344569678899,3.014420298491106,0.0009482997977485336
0.01083762569678899,3.014420298491106,0.0009482997977485336
0.01084180569678899,3.014420298491106,0.0006068594290283141
0.01084598569678899,3.010648219872502,0.001289740166468739
0.01085016569678899,3.014420298491106,0.0006068594290283141
0.01085434569678899,3.014420298491106,0.0009482997977485336
0.01085852569678899,3.010648219872502,0.0009482997977485336
0.01086270569678899,3.010648219872502,0.0009482997977485336
0.01086688569678899,3.010648219872502,0.0009482997977485336
0.01087106569678899,3.014420298491106,0.0006068594290283141
0.01087524569678899,3.010648219872502,0.0009482997977485336
0.01087942569678899,3.010648219872502,0.0006068594290283141
0.01088360569678899,3.014420298491106,0.0006068594290283141
0.01088778569678899,3.010648219872502,0.0009482997977485336
0.01089196569678899,3.014420298491106,0.0006068594290283141
0.01089614569678899,3.010648219872502,0.0006068594290283141
0.01090032569678899,3.006876141253898,0.0009482997977485336
0.01090450569678899,3.01819237710971,0.0006068594290283141
0.01090868569678899,3.010648219872502,0.0006068594290283141
0.01091286569678899,3.014420298491106,0.0009482997977485336
0.01091704569678899,3.010648219872502,0.0006068594290283141
0.01092122569678899,3.014420298491106,0.0009482997977485336
0.01092540569678899,3.010648219872502,0.0009482997977485336
0.01092958569678899,3.010648219872502,0.0006068594290283141
0.01093376569678899,3.010648219872502,0.0009482997977485336
0.01093794569678899,3.014420298491106,0.0009482997977485336
0.01094212569678899,3.006876141253898,0.0006068594290283141
0.01094630569678899,3.010648219872502,0.0009482997977485336
0.01095048569678899,3.006876141253898,0.0006068594290283141
0.01095466569678899,3.010648219872502,0.0009482997977485336
0.01095884569678899,3.014420298491106,0.0009482997977485336
0.01096302569678899,3.01819237710971,0.001289740166468739
0.01096720569678899,3.010648219872502,0.0006068594290283141
0.01097138569678899,3.010648219872502,0.0006068594290283141
0.01097556569678899,3.014420298491106,0.0009482997977485336
0.01097974569678899,3.010648219872502,0.001289740166468739
0.01098392569678899,3.014420298491106,0.0006068594290283141
0.01098810569678899,3.014420298491106,0.0009482997977485336
0.01099228569678899,3.010648219872502,0.0009482997977485336
0.01099646569678899,3.014420298491106,0.001289740166468739
0.01100064569678899,3.014420298491106,0.0009482997977485336
0.01100482569678899,3.006876141253898,0.0006068594290283141
0.01100900569678899,3.014420298491106,0.001289740166468739
0.01101318569678899,3.014420298491106,0.0006068594290283141
0.01101736569678899,3.010648219872502,0.0009482997977485336
0.01102154569678899,3.014420298491106,0.0009482997977485336
0.01102572569678899,3.010648219872502,0.0006068594290283141
0.01102990569678899,3.010648219872502,0.0009482997977485336
0.01103408569678899,3.014420298491106,0.0009482997977485336
0.01103826569678899,3.010648219872502,0.0002654190603080947
0.01104244569678899,3.014420298491106,0.0006068594290283141
0.01104662569678899,3.014420298491106,0.0006068594290283141
0.01105080569678899,3.01819237710971,0.001289740166468739
0.01105498569678899,3.010648219872502,0.0006068594290283141
0.01105916569678899,3.010648219872502,0.0006068594290283141
0.01106334569678899,3.014420298491106,0.0009482997977485336
0.01106752569678899,3.006876141253898,0.0009482997977485336
0.01107170569678899,3.014420298491106,0.0006068594290283141
0.01107588569678899,3.01819237710971,0.0006068594290283141
0.01108006569678899,3.010648219872502,0.001289740166468739
0.01108424569678899,3.010648219872502,0.0006068594290283141
0.01108842569678899,3.01819237710971,0.0009482997977485336
0.01109260569678899,3.014420298491106,0.0009482997977485336
0.01109678569678899,3.014420298491106,0.0009482997977485336
0.01110096569678899,3.014420298491106,0.0009482997977485336
0.01110514569678899,3.014420298491106,0.0009482997977485336
0.01110932569678899,3.014420298491106,0.0009482997977485336
0.01111350569678899,3.01819237710971,0.0006068594290283141
0.01111768569678899,3.014420298491106,0.0009482997977485336
0.01112186569678899,3.014420298491106,0.0006068594290283141
0.01112604569678899,3.01819237710971,0.0006068594290283141
0.01113022569678899,3.014420298491106,0.0006068594290283141
0.01113440569678899,3.014420298491106,0.0009482997977485336
0.01113858569678899,3.014420298491106,0.0006068594290283141
0.01114276569678899,3.010648219872502,0.0009482997977485336
0.01114694569678899,3.010648219872502,0.0009482997977485336
0.01115112569678899,3.014420298491106,0.0006068594290283141
0.01115530569678899,3.010648219872502,0.001289740166468739
0.01115948569678899,3.010648219872502,0.0002654190603080947
0.01116366569678899,3.014420298491106,0.0009482997977485336
0.01116784569678899,3.014420298491106,0.001289740166468739
0.01117202569678899,3.014420298491106,0.0006068594290283141
0.01117620569678899,3.014420298491106,0.0006068594290283141
0.01118038569678899,3.014420298491106,0.0006068594290283141
0.01118456569678899,3.014420298491106,0.0009482997977485336
0.01118874569678899,3.010648219872502,0.0006068594290283141
0.01119292569678899,3.014420298491106,0.0006068594290283141
0.01119710569678899,3.014420298491106,0.0002654190603080947
0.01120128569678899,3.010648219872502,0.0006068594290283141
0.01120546569678899,3.010648219872502,0.0006068594290283141
0.01120964569678899,3.010648219872502,0.0009482997977485336
0.01121382569678899,3.010648219872502,0.0006068594290283141
0.01121800569678899,3.014420298491106,0.0009482997977485336
0.01122218569678899,3.010648219872502,0.0006068594290283141
0.01122636569678899,3.014420298491106,0.0009482997977485336
0.01123054569678899,3.010648219872502,0.0006068594290283141
0.01123472569678899,3.014420298491106,0.0006068594290283141
0.01123890569678899,3.010648219872502,0.0006068594290283141
0.01124308569678899,3.014420298491106,0.0006068594290283141
0.01124726569678899,3.010648219872502,0.0009482997977485336
0.01125144569678899,3.010648219872502,0.0009482997977485336
0.01125562569678899,3.010648219872502,0.0009482997977485336
0.01125980569678899,3.010648219872502,0.0006068594290283141
0.01126398569678899,3.014420298491106,0.0006068594290283141
0.01126816569678899,3.014420298491106,0.0009482997977485336
0.01127234569678899,3.014420298491106,0.0006068594290283141
0.01127652569678899,3.014420298491106,0.0009482997977485336
0.01128070569678899,3.014420298491106,0.0009482997977485336
0.01128488569678899,3.010648219872502,0.0009482997977485336
0.01128906569678899,3.014420298491106,0.001289740166468739
0.01129324569678899,3.014420298491106,0.0006068594290283141
0.01129742569678899,3.010648219872502,0.0009482997977485336
0.01130160569678899,3.014420298491106,0.0009482997977485336
0.01130578569678899,3.014420298491106,0.0009482997977485336
0.01130996569678899,3.01819237710971,0.0006068594290283141
0.01131414569678899,3.014420298491106,0.0006068594290283141
0.01131832569678899,3.010648219872502,0.0006068594290283141
0.01132250569678899,3.01819237710971,0.0006068594290283141
0.01132668569678899,3.014420298491106,0.001289740166468739
0.01133086569678899,3.014420298491106,0.0006068594290283141
0.01133504569678899,3.010648219872502,0.0009482997977485336
0.01133922569678899,3.014420298491106,0.0009482997977485336
0.01134340569678899,3.014420298491106,0.0006068594290283141
0.01134758569678899,3.014420298491106,0.0009482997977485336
0.01135176569678899,3.014420298491106,0.0009482997977485336
0.01135594569678899,3.010648219872502,0.0009482997977485336
0.01136012569678899,3.014420298491106,0.0006068594290283141
0.01136430569678899,3.01819237710971,0.0006068594290283141
0.01136848569678899,3.006876141253898,0.0009482997977485336
0.01137266569678899,3.014420298491106,0.001289740166468739
0.01137684569678899,3.021964455728313,0.0006068594290283141
0.01138102569678899,3.010648219872502,0.0009482997977485336
0.01138520569678899,3.014420298491106,0.0009482997977485336
0.01138938569678899,3.010648219872502,0.0009482997977485336
0.01139356569678899,3.010648219872502,0.0009482997977485336
0.01139774569678899,3.014420298491106,0.0006068594290283141
0.01140192569678899,3.010648219872502,0.0006068594290283141
0.01140610569678899,3.014420298491106,0.0009482997977485336
0.01141028569678899,3.01819237710971,0.0009482997977485336
0.01141446569678899,3.014420298491106,0.0009482997977485336
0.01141864569678899,3.010648219872502,0.0006068594290283141
0.01142282569678899,3.006876141253898,0.0006068594290283141
0.01142700569678899,3.014420298491106,0.0006068594290283141
0.01143118569678899,3.014420298491106,0.0009482997977485336
0.01143536569678899,3.006876141253898,0.0006068594290283141
0.01143954569678899,3.01819237710971,0.0002654190603080947
0.01144372569678899,3.010648219872502,0.0009482997977485336
0.01144790569678899,3.010648219872502,0.0006068594290283141
0.01145208569678899,3.014420298491106,0.0009482997977485336
0.01145626569678899,3.010648219872502,0.0009482997977485336
0.01146044569678899,3.010648219872502,0.0006068594290283141
0.01146462569678899,3.010648219872502,0.0009482997977485336
0.01146880569678899,3.010648219872502,0.001289740166468739
0.01147298569678899,3.014420298491106,0.0006068594290283141
0.01147716569678899,3.014420298491106,0.0006068594290283141
0.01148134569678899,3.010648219872502,0.0009482997977485336
0.01148552569678899,3.01819237710971,0.0009482997977485336
0.01148970569678899,3.010648219872502,0.0006068594290283141
0.01149388569678899,3.010648219872502,0.0009482997977485336
0.01149806569678899,3.006876141253898,0.0009482997977485336
0.01150224569678899,3.014420298491106,0.0009482997977485336
0.01150642569678899,3.010648219872502,0.0009482997977485336
0.01151060569678899,3.010648219872502,0.001289740166468739
0.01151478569678899,3.014420298491106,0.0006068594290283141
0.01151896569678899,3.010648219872502,0.0009482997977485336
0.01152314569678899,3.010648219872502,0.0009482997977485336
0.01152732569678899,3.01819237710971,0.0009482997977485336
0.01153150569678899,3.010648219872502,0.0009482997977485336
0.01153568569678899,3.010648219872502,0.0009482997977485336
0.01153986569678899,3.014420298491106,0.0006068594290283141
0.01154404569678899,3.014420298491106,0.0009482997977485336
0.01154822569678899,3.014420298491106,0.0006068594290283141
0.01155240569678899,3.01819237710971,0.0009482997977485336
0.01155658569678899,3.014420298491106,0.0009482997977485336
0.01156076569678899,3.010648219872502,0.0006068594290283141
0.01156494569678899,3.014420298491106,0.0006068594290283141
0.01156912569678899,3.010648219872502,0.0006068594290283141
0.01157330569678899,3.014420298491106,0.0009482997977485336
0.01157748569678899,3.014420298491106,0.0009482997977485336
0.01158166569678899,3.010648219872502,0.0006068594290283141
0.01158584569678899,3.014420298491106,0.0009482997977485336
0.01159002569678899,3.014420298491106,0.0009482997977485336
0.01159420569678899,3.010648219872502,0.0006068594290283141
0.01159838569678899,3.014420298491106,0.001289740166468739
0.01160256569678899,3.010648219872502,0.0009482997977485336
0.01160674569678899,3.01819237710971,0.0006068594290283141
0.01161092569678899,3.014420298491106,0.0006068594290283141
0.01161510569678899,3.01819237710971,0.0009482997977485336
0.01161928569678899,3.014420298491106,0.0009482997977485336
0.01162346569678899,3.010648219872502,0.0006068594290283141
0.01162764569678899,3.01819237710971,0.001289740166468739
0.01163182569678899,3.010648219872502,0.0009482997977485336
0.01163600569678899,3.014420298491106,0.0006068594290283141
0.01164018569678899,3.010648219872502,0.0009482997977485336
0.01164436569678899,3.010648219872502,0.0002654190603080947
0.01164854569678899,3.01819237710971,0.001289740166468739
0.01165272569678899,3.014420298491106,0.0009482997977485336
0.01165690569678899,3.014420298491106,0.0006068594290283141
0.01166108569678899,3.014420298491106,0.0006068594290283141
0.01166526569678899,3.014420298491106,0.0006068594290283141
0.01166944569678899,3.010648219872502,0.0006068594290283141
0.01167362569678899,3.010648219872502,0.0006068594290283141
0.01167780569678899,3.014420298491106,0.0006068594290283141
0.01168198569678899,3.010648219872502,0.0006068594290283141
0.01168616569678899,3.010648219872502,0.0006068594290283141
0.01169034569678899,3.014420298491106,0.0006068594290283141
0.01169452569678899,3.010648219872502,0.0006068594290283141
0.01169870569678899,3.014420298491106,0.0006068594290283141
0.01170288569678899,3.014420298491106,0.0006068594290283141
0.01170706569678899,3.014420298491106,0.0006068594290283141
0.01171124569678899,3.010648219872502,0.0002654190603080947
0.01171542569678899,3.01819237710971,0.0009482997977485336
0.01171960569678899,3.014420298491106,0.0006068594290283141
0.01172378569678899,3.010648219872502,0.0009482997977485336
0.01172796569678899,3.014420298491106,0.0002654190603080947
0.01173214569678899,3.014420298491106,0.0006068594290283141
0.01173632569678899,3.010648219872502,0.0009482997977485336
0.01174050569678899,3.021964455728313,0.0002654190603080947
0.01174468569678899,3.010648219872502,0.0006068594290283141
0.01174886569678899,3.010648219872502,0.0009482997977485336
0.01175304569678899,3.014420298491106,0.0009482997977485336
0.01175722569678899,3.006876141253898,0.0006068594290283141
0.01176140569678899,3.014420298491106,0.0006068594290283141
0.01176558569678899,3.014420298491106,0.0002654190603080947
0.01176976569678899,3.014420298491106,0.0006068594290283141
0.01177394569678899,3.01819237710971,0.0006068594290283141
0.01177812569678899,3.01819237710971,0.0009482997977485336
0.01178230569678899,3.010648219872502,0.0002654190603080947
0.01178648569678899,3.014420298491106,0.0009482997977485336
0.01179066569678899,3.010648219872502,0.0002654190603080947
0.01179484569678899,3.010648219872502,0.0009482997977485336
0.01179902569678899,3.006876141253898,0.0009482997977485336
0.01180320569678899,3.014420298491106,0.0006068594290283141
0.01180738569678899,3.014420298491106,0.0009482997977485336
0.01181156569678899,3.014420298491106,0.0009482997977485336
0.01181574569678899,3.014420298491106,0.0009482997977485336
0.01181992569678899,3.010648219872502,0.0006068594290283141
0.01182410569678899,3.010648219872502,0.0009482997977485336
0.01182828569678899,3.010648219872502,0.0006068594290283141
0.01183246569678899,3.010648219872502,0.0006068594290283141
0.01183664569678899,3.014420298491106,0.0006068594290283141
0.01184082569678899,3.014420298491106,0.0002654190603080947
0.01184500569678899,3.010648219872502,0.0006068594290283141
0.01184918569678899,3.010648219872502,0.0009482997977485336
0.01185336569678899,3.006876141253898,0.0006068594290283141
0.01185754569678899,3.010648219872502,0.001289740166468739
0.01186172569678899,3.010648219872502,0.0002654190603080947
0.01186590569678899,3.014420298491106,0.0009482997977485336
0.01187008569678899,3.014420298491106,0.0009482997977485336
0.01187426569678899,3.010648219872502,0.001289740166468739
0.01187844569678899,3.014420298491106,0.0009482997977485336
0.01188262569678899,3.014420298491106,0.0006068594290283141
0.01188680569678899,3.010648219872502,0.0009482997977485336
0.01189098569678899,3.014420298491106,0.0006068594290283141
0.01189516569678899,3.014420298491106,0.0006068594290283141
0.01189934569678899,3.006876141253898,0.0006068594290283141
0.01190352569678899,3.014420298491106,0.0006068594290283141
0.01190770569678899,3.010648219872502,0.0006068594290283141
0.01191188569678899,3.014420298491106,0.0006068594290283141
0.01191606569678899,3.010648219872502,0.0006068594290283141
0.01192024569678899,3.010648219872502,0.0009482997977485336
0.01192442569678899,3.014420298491106,0.0006068594290283141
0.01192860569678899,3.014420298491106,0.0006068594290283141
0.01193278569678899,3.006876141253898,0.0006068594290283141
0.01193696569678899,3.014420298491106,0.0006068594290283141
0.01194114569678899,3.010648219872502,0.0009482997977485336
0.01194532569678899,3.01819237710971,0.0006068594290283141
0.01194950569678899,3.014420298491106,0.0006068594290283141
0.01195368569678899,3.014420298491106,0.0009482997977485336
0.01195786569678899,3.006876141253898,0.0006068594290283141
0.01196204569678899,3.014420298491106,0.0009482997977485336
0.01196622569678899,3.014420298491106,0.0009482997977485336
0.01197040569678899,3.010648219872502,0.0009482997977485336
0.01197458569678899,3.014420298491106,0.0006068594290283141
0.01197876569678899,3.010648219872502,0.0006068594290283141
0.01198294569678899,3.010648219872502,0.0009482997977485336
0.01198712569678899,3.010648219872502,0.0006068594290283141
0.01199130569678899,3.010648219872502,0.0009482997977485336
0.01199548569678899,3.014420298491106,0.0009482997977485336
0.01199966569678899,3.010648219872502,0.001289740166468739
0.01200384569678899,3.014420298491106,0.0006068594290283141
0.01200802569678899,3.014420298491106,0.0002654190603080947
0.01201220569678899,3.014420298491106,0.001289740166468739
0.01201638569678899,3.014420298491106,0.0006068594290283141
0.01202056569678899,3.014420298491106,0.0009482997977485336
0.01202474569678899,3.010648219872502,0.001289740166468739
0.01202892569678899,3.014420298491106,0.0009482997977485336
0.01203310569678899,3.010648219872502,0.0006068594290283141
0.01203728569678899,3.014420298491106,0.0009482997977485336
0.01204146569678899,3.014420298491106,0.0006068594290283141
0.01204564569678899,3.010648219872502,0.0006068594290283141
0.01204982569678899,3.014420298491106,0.0009482997977485336
0.01205400569678899,3.014420298491106,0.0006068594290283141
0.01205818569678899,3.014420298491106,0.0009482997977485336
0.01206236569678899,3.010648219872502,0.0009482997977485336
0.01206654569678899,3.014420298491106,0.0009482997977485336
0.01207072569678899,3.014420298491106,0.0002654190603080947
0.01207490569678899,3.010648219872502,0.0009482997977485336
0.01207908569678899,3.01819237710971,0.0006068594290283141
0.01208326569678899,3.014420298491106,0.0006068594290283141
0.01208744569678899,3.014420298491106,0.0009482997977485336
0.01209162569678899,3.006876141253898,0.0009482997977485336
0.01209580569678899,3.010648219872502,0.0009482997977485336
0.01209998569678899,3.010648219872502,0.0006068594290283141
0.01210416569678899,3.010648219872502,0.001289740166468739
0.01210834569678899,3.01819237710971,0.0009482997977485336
0.01211252569678899,3.014420298491106,0.0009482997977485336
0.01211670569678899,3.010648219872502,0.0006068594290283141
0.01212088569678899,3.006876141253898,0.0002654190603080947
0.01212506569678899,3.014420298491106,0.0009482997977485336
0.01212924569678899,3.014420298491106,0.0006068594290283141
0.01213342569678899,3.010648219872502,0.0009482997977485336
0.01213760569678899,3.010648219872502,0.0009482997977485336
0.01214178569678899,3.010648219872502,-7.602130841211086e-05
0.01214596569678899,3.010648219872502,0.0009482997977485336
0.01215014569678899,3.010648219872502,0.0009482997977485336
0.01215432569678899,3.014420298491106,0.0009482997977485336
0.01215850569678899,3.014420298491106,0.0002654190603080947
0.01216268569678899,3.010648219872502,0.0006068594290283141
0.01216686569678899,3.010648219872502,0.0009482997977485336
0.01217104569678899,3.01819237710971,0.0006068594290283141
0.01217522569678899,3.014420298491106,0.0009482997977485336
0.01217940569678899,3.010648219872502,0.001289740166468739
0.01218358569678899,3.014420298491106,0.0006068594290283141
0.01218776569678899,3.010648219872502,0.0009482997977485336
0.01219194569678899,3.010648219872502,0.0009482997977485336
0.01219612569678899,3.014420298491106,0.0006068594290283141
0.01220030569678899,3.010648219872502,0.0009482997977485336
0.01220448569678899,3.014420298491106,0.0009482997977485336
0.01220866569678899,3.014420298491106,0.0009482997977485336
0.01221284569678899,3.014420298491106,0.0006068594290283141
0.01221702569678899,3.006876141253898,0.0009482997977485336
0.01222120569678899,3.010648219872502,0.0006068594290283141
0.01222538569678899,3.014420298491106,0.0009482997977485336
0.01222956569678899,3.010648219872502,0.0009482997977485336
0.01223374569678899,3.014420298491106,0.0006068594290283141
0.01223792569678899,3.010648219872502,0.0009482997977485336
0.01224210569678899,3.010648219872502,0.0009482997977485336
0.01224628569678899,3.014420298491106,0.0006068594290283141
0.01225046569678899,3.014420298491106,0.0006068594290283141
0.01225464569678899,3.014420298491106,0.0009482997977485336
0.01225882569678899,3.014420298491106,0.0009482997977485336
0.01226300569678899,3.010648219872502,0.0002654190603080947
0.01226718569678899,3.006876141253898,0.0006068594290283141
0.01227136569678899,3.014420298491106,0.0009482997977485336
0.01227554569678899,3.014420298491106,0.0006068594290283141
0.01227972569678899,3.010648219872502,0.0009482997977485336
0.01228390569678899,3.010648219872502,0.0009482997977485336
0.01228808569678899,3.014420298491106,0.0009482997977485336
0.01229226569678899,3.014420298491106,0.0009482997977485336
0.01229644569678899,3.01819237710971,0.0009482997977485336
0.01230062569678899,3.014420298491106,0.001289740166468739
0.01230480569678899,3.010648219872502,0.001289740166468739
0.01230898569678899,3.014420298491106,0.0006068594290283141
0.01231316569678899,3.010648219872502,0.0009482997977485336
0.01231734569678899,3.014420298491106,0.0009482997977485336
0.01232152569678899,3.014420298491106,0.0009482997977485336
0.01232570569678899,3.014420298491106,0.0009482997977485336
0.01232988569678899,3.010648219872502,0.0006068594290283141
0.01233406569678899,3.014420298491106,0.0009482997977485336
0.01233824569678899,3.01819237710971,0.0009482997977485336
0.01234242569678899,3.010648219872502,0.001289740166468739
0.01234660569678899,3.01819237710971,0.0009482997977485336
0.01235078569678899,3.014420298491106,0.001289740166468739
0.01235496569678899,3.010648219872502,0.0006068594290283141
0.01235914569678899,3.014420298491106,0.0009482997977485336
0.01236332569678899,3.014420298491106,0.0009482997977485336
0.01236750569678899,3.010648219872502,0.0009482997977485336
0.01237168569678899,3.014420298491106,0.0006068594290283141
0.01237586569678899,3.014420298491106,0.001289740166468739
0.01238004569678899,3.010648219872502,0.001289740166468739
0.01238422569678899,3.010648219872502,0.0006068594290283141
0.01238840569678899,3.014420298491106,0.0009482997977485336
0.01239258569678899,3.014420298491106,0.001289740166468739
0.01239676569678899,3.014420298491106,0.0009482997977485336
0.01240094569678899,3.010648219872502,0.0009482997977485336
0.01240512569678899,3.014420298491106,0.001289740166468739
0.01240930569678899,3.014420298491106,0.0009482997977485336
0.01241348569678899,3.014420298491106,0.0009482997977485336
0.01241766569678899,3.014420298491106,0.001289740166468739
0.01242184569678899,3.010648219872502,0.001289740166468739
0.01242602569678899,3.010648219872502,0.001289740166468739
0.01243020569678899,3.014420298491106,0.0009482997977485336
0.01243438569678899,3.014420298491106,0.0009482997977485336
0.01243856569678899,3.01819237710971,0.001289740166468739
0.01244274569678899,3.010648219872502,0.001289740166468739
0.01244692569678899,3.014420298491106,0.001289740166468739
0.01245110569678899,3.014420298491106,0.0009482997977485336
0.01245528569678899,3.014420298491106,0.0009482997977485336
0.01245946569678899,3.006876141253898,0.0006068594290283141
0.01246364569678899,3.014420298491106,0.001289740166468739
0.01246782569678899,3.014420298491106,0.0009482997977485336
0.01247200569678899,3.010648219872502,0.0009482997977485336
0.01247618569678899,3.014420298491106,0.001289740166468739
0.01248036569678899,3.014420298491106,0.0006068594290283141
0.01248454569678899,3.014420298491106,0.001289740166468739
0.01248872569678899,3.01819237710971,0.001289740166468739
0.01249290569678899,3.010648219872502,0.001289740166468739
0.01249708569678899,3.014420298491106,0.0009482997977485336
0.01250126569678899,3.010648219872502,0.0006068594290283141
0.012505445696789,3.014420298491106,0.0009482997977485336
0.01250962569678899,3.010648219872502,0.001289740166468739
0.01251380569678899,3.014420298491106,0.001631180535188959
0.01251798569678899,3.014420298491106,0.0009482997977485336
0.01252216569678899,3.010648219872502,0.0009482997977485336
0.01252634569678899,3.014420298491106,0.0009482997977485336
0.01253052569678899,3.014420298491106,0.0009482997977485336
0.01253470569678899,3.010648219872502,0.0009482997977485336
0.01253888569678899,3.010648219872502,0.0009482997977485336
0.01254306569678899,3.01819237710971,0.001631180535188959
0.01254724569678899,3.010648219872502,0.0009482997977485336
0.01255142569678899,3.010648219872502,0.001289740166468739
0.01255560569678899,3.01819237710971,0.001289740166468739
0.01255978569678899,3.014420298491106,0.0009482997977485336
0.01256396569678899,3.010648219872502,0.0009482997977485336
0.01256814569678899,3.010648219872502,0.0009482997977485336
0.01257232569678899,3.014420298491106,0.001289740166468739
0.01257650569678899,3.010648219872502,0.001289740166468739
0.01258068569678899,3.010648219872502,0.001289740166468739
0.01258486569678899,3.014420298491106,0.0009482997977485336
0.01258904569678899,3.01819237710971,0.0009482997977485336
0.01259322569678899,3.010648219872502,0.001289740166468739
0.01259740569678899,3.014420298491106,0.001289740166468739
0.01260158569678899,3.010648219872502,0.0009482997977485336
0.01260576569678899,3.014420298491106,0.0009482997977485336
0.01260994569678899,3.014420298491106,0.001289740166468739
0.01261412569678899,3.010648219872502,0.0009482997977485336
0.01261830569678899,3.010648219872502,0.001289740166468739
0.01262248569678899,3.01819237710971,0.001289740166468739
0.01262666569678899,3.010648219872502,0.0006068594290283141
0.01263084569678899,3.014420298491106,0.0009482997977485336
0.01263502569678899,3.014420298491106,0.0009482997977485336
0.01263920569678899,3.014420298491106,0.001289740166468739
0.01264338569678899,3.010648219872502,0.0009482997977485336
0.01264756569678899,3.014420298491106,0.001631180535188959
0.01265174569678899,3.010648219872502,0.0009482997977485336
0.01265592569678899,3.014420298491106,0.0009482997977485336
0.01266010569678899,3.014420298491106,0.001289740166468739
0.01266428569678899,3.010648219872502,0.0009482997977485336
0.01266846569678899,3.010648219872502,0.0009482997977485336
0.01267264569678899,3.01819237710971,0.0009482997977485336
0.01267682569678899,3.010648219872502,0.001289740166468739
0.01268100569678899,3.014420298491106,0.0009482997977485336
0.01268518569678899,3.014420298491106,0.0006068594290283141
0.01268936569678899,3.006876141253898,0.001289740166468739
0.01269354569678899,3.014420298491106,0.001289740166468739
0.01269772569678899,3.010648219872502,0.0006068594290283141
0.01270190569678899,3.014420298491106,0.0009482997977485336
0.01270608569678899,3.014420298491106,0.001289740166468739
0.01271026569678899,3.010648219872502,0.0009482997977485336
0.01271444569678899,3.014420298491106,0.0009482997977485336
0.01271862569678899,3.014420298491106,0.0006068594290283141
0.01272280569678899,3.014420298491106,0.001631180535188959
0.01272698569678899,3.014420298491106,0.0009482997977485336
0.01273116569678899,3.010648219872502,0.0009482997977485336
0.01273534569678899,3.010648219872502,0.001289740166468739
0.01273952569678899,3.014420298491106,0.001289740166468739
0.01274370569678899,3.014420298491106,0.0009482997977485336
0.01274788569678899,3.014420298491106,0.001289740166468739
0.01275206569678899,3.014420298491106,0.0009482997977485336
0.01275624569678899,3.014420298491106,0.001289740166468739
0.01276042569678899,3.010648219872502,0.0009482997977485336
0.01276460569678899,3.014420298491106,0.0009482997977485336
0.01276878569678899,3.014420298491106,0.0009482997977485336
0.01277296569678899,3.014420298491106,0.0009482997977485336
0.01277714569678899,3.014420298491106,0.001289740166468739
0.01278132569678899,3.014420298491106,0.0009482997977485336
0.01278550569678899,3.014420298491106,0.001289740166468739
0.01278968569678899,3.014420298491106,0.0009482997977485336
0.01279386569678899,3.010648219872502,0.0006068594290283141
0.01279804569678899,3.01819237710971,0.001631180535188959
0.01280222569678899,3.010648219872502,0.0009482997977485336
0.01280640569678899,3.010648219872502,0.0009482997977485336
0.01281058569678899,3.014420298491106,0.0009482997977485336
0.01281476569678899,3.01819237710971,0.0009482997977485336
0.01281894569678899,3.014420298491106,0.0006068594290283141
0.01282312569678899,3.010648219872502,0.0009482997977485336
0.01282730569678899,3.010648219872502,0.001289740166468739
0.01283148569678899,3.010648219872502,0.0009482997977485336
0.01283566569678899,3.014420298491106,0.0006068594290283141
0.01283984569678899,3.014420298491106,0.0009482997977485336
0.01284402569678899,3.014420298491106,0.0006068594290283141
0.01284820569678899,3.014420298491106,0.0009482997977485336
0.01285238569678899,3.010648219872502,0.001289740166468739
0.01285656569678899,3.014420298491106,0.0009482997977485336
0.01286074569678899,3.014420298491106,0.0009482997977485336
0.01286492569678899,3.010648219872502,0.0009482997977485336
0.01286910569678899,3.014420298491106,0.0009482997977485336
0.01287328569678899,3.014420298491106,0.001289740166468739
0.01287746569678899,3.01819237710971,0.001289740166468739
0.01288164569678899,3.010648219872502,0.001289740166468739
0.01288582569678899,3.014420298491106,0.0009482997977485336
0.01289000569678899,3.010648219872502,0.0009482997977485336
0.01289418569678899,3.01819237710971,0.0009482997977485336
0.01289836569678899,3.010648219872502,0.001289740166468739
0.01290254569678899,3.010648219872502,0.0009482997977485336
0.01290672569678899,3.014420298491106,0.0009482997977485336
0.01291090569678899,3.010648219872502,0.001289740166468739
0.01291508569678899,3.010648219872502,0.0009482997977485336
0.01291926569678899,3.010648219872502,0.001289740166468739
0.01292344569678899,3.014420298491106,0.0009482997977485336
0.01292762569678899,3.014420298491106,0.0009482997977485336
0.01293180569678899,3.010648219872502,0.0006068594290283141
0.01293598569678899,3.006876141253898,0.001289740166468739
0.01294016569678899,3.014420298491106,0.0009482997977485336
0.01294434569678899,3.010648219872502,0.001289740166468739
0.01294852569678899,3.014420298491106,0.0009482997977485336
0.01295270569678899,3.014420298491106,0.0009482997977485336
0.01295688569678899,3.010648219872502,0.0009482997977485336
0.01296106569678899,3.014420298491106,0.001289740166468739
0.01296524569678899,3.006876141253898,0.0009482997977485336
0.01296942569678899,3.010648219872502,0.001289740166468739
0.01297360569678899,3.014420298491106,0.001289740166468739
0.01297778569678899,3.010648219872502,0.001289740166468739
0.01298196569678899,3.014420298491106,0.0006068594290283141
0.01298614569678899,3.010648219872502,0.0009482997977485336
0.01299032569678899,3.010648219872502,0.0009482997977485336
0.01299450569678899,3.014420298491106,0.001289740166468739
0.01299868569678899,3.014420298491106,0.0009482997977485336
0.01300286569678899,3.010648219872502,0.0009482997977485336
0.01300704569678899,3.010648219872502,0.0009482997977485336
0.01301122569678899,3.010648219872502,0.0006068594290283141
0.01301540569678899,3.010648219872502,0.0009482997977485336
0.01301958569678899,3.014420298491106,0.0009482997977485336
0.01302376569678899,3.010648219872502,0.001289740166468739
0.01302794569678899,3.014420298491106,0.001289740166468739
0.01303212569678899,3.010648219872502,0.001289740166468739
0.01303630569678899,3.014420298491106,0.0009482997977485336
0.01304048569678899,3.014420298491106,0.0009482997977485336
0.01304466569678899,3.010648219872502,0.0009482997977485336
0.01304884569678899,3.014420298491106,0.0009482997977485336
0.01305302569678899,3.010648219872502,0.0009482997977485336
0.01305720569678899,3.010648219872502,0.001289740166468739
0.01306138569678899,3.014420298491106,0.001289740166468739
0.01306556569678899,3.014420298491106,0.001289740166468739
0.01306974569678899,3.010648219872502,0.001289740166468739
0.01307392569678899,3.010648219872502,0.0009482997977485336
0.01307810569678899,3.014420298491106,0.001289740166468739
0.01308228569678899,3.014420298491106,0.0006068594290283141
0.01308646569678899,3.014420298491106,0.001289740166468739
0.01309064569678899,3.01819237710971,0.0009482997977485336
0.01309482569678899,3.006876141253898,0.0009482997977485336
0.01309900569678899,3.014420298491106,0.001289740166468739
0.01310318569678899,3.014420298491106,0.001289740166468739
0.01310736569678899,3.010648219872502,0.0009482997977485336
0.01311154569678899,3.014420298491106,0.0009482997977485336
0.01311572569678899,3.014420298491106,0.0009482997977485336
0.01311990569678899,3.014420298491106,0.001289740166468739
0.01312408569678899,3.010648219872502,0.0009482997977485336
0.01312826569678899,3.010648219872502,0.0009482997977485336
0.01313244569678899,3.010648219872502,0.0009482997977485336
0.01313662569678899,3.01819237710971,0.001289740166468739
0.01314080569678899,3.014420298491106,0.001289740166468739
0.01314498569678899,3.010648219872502,0.0009482997977485336
0.01314916569678899,3.01819237710971,0.001289740166468739
0.01315334569678899,3.010648219872502,0.0006068594290283141
0.01315752569678899,3.014420298491106,0.001289740166468739
0.01316170569678899,3.014420298491106,0.001289740166468739
0.01316588569678899,3.014420298491106,0.0009482997977485336
0.01317006569678899,3.010648219872502,0.0009482997977485336
0.01317424569678899,3.014420298491106,0.001289740166468739
0.01317842569678899,3.014420298491106,0.0006068594290283141
0.01318260569678899,3.010648219872502,0.001289740166468739
0.01318678569678899,3.014420298491106,0.0006068594290283141
0.01319096569678899,3.01819237710971,0.0006068594290283141
0.01319514569678899,3.014420298491106,0.0009482997977485336
0.01319932569678899,3.010648219872502,0.001289740166468739
0.01320350569678899,3.014420298491106,0.0009482997977485336
0.01320768569678899,3.01819237710971,0.0009482997977485336
0.01321186569678899,3.014420298491106,0.0009482997977485336
0.01321604569678899,3.014420298491106,0.0009482997977485336
0.01322022569678899,3.014420298491106,0.0009482997977485336
0.01322440569678899,3.010648219872502,0.0006068594290283141
0.01322858569678899,3.01819237710971,0.0009482997977485336
0.01323276569678899,3.010648219872502,0.0009482997977485336
0.01323694569678899,3.014420298491106,0.0009482997977485336
0.01324112569678899,3.01819237710971,0.0009482997977485336
0.01324530569678899,3.010648219872502,0.0009482997977485336
0.01324948569678899,3.010648219872502,0.001289740166468739
0.01325366569678899,3.014420298491106,0.0006068594290283141
0.01325784569678899,3.014420298491106,0.0009482997977485336
0.01326202569678899,3.014420298491106,0.001289740166468739
0.01326620569678899,3.010648219872502,0.0009482997977485336
0.01327038569678899,3.014420298491106,0.0009482997977485336
0.01327456569678899,3.014420298491106,0.0009482997977485336
0.01327874569678899,3.014420298491106,0.0009482997977485336
0.01328292569678899,3.014420298491106,0.0009482997977485336
0.013287105696789,3.010648219872502,0.0009482997977485336
0.01329128569678899,3.010648219872502,0.0009482997977485336
0.01329546569678899,3.014420298491106,0.001289740166468739
0.01329964569678899,3.01819237710971,0.001289740166468739
0.01330382569678899,3.010648219872502,0.0006068594290283141
0.01330800569678899,3.014420298491106,0.001289740166468739
0.01331218569678899,3.014420298491106,0.001289740166468739
0.01331636569678899,3.014420298491106,0.001289740166468739
0.01332054569678899,3.014420298491106,0.0009482997977485336
0.01332472569678899,3.010648219872502,0.0009482997977485336
0.01332890569678899,3.014420298491106,0.001289740166468739
0.01333308569678899,3.010648219872502,0.0009482997977485336
0.01333726569678899,3.014420298491106,0.0009482997977485336
0.01334144569678899,3.014420298491106,0.001289740166468739
0.01334562569678899,3.006876141253898,0.001289740166468739
0.01334980569678899,3.014420298491106,0.001289740166468739
0.01335398569678899,3.014420298491106,0.0009482997977485336
0.01335816569678899,3.014420298491106,0.001289740166468739
0.01336234569678899,3.014420298491106,0.0009482997977485336
0.01336652569678899,3.014420298491106,0.001289740166468739
0.01337070569678899,3.010648219872502,0.001289740166468739
0.01337488569678899,3.014420298491106,0.0006068594290283141
0.01337906569678899,3.014420298491106,0.001289740166468739
0.01338324569678899,3.014420298491106,0.001289740166468739
0.01338742569678899,3.014420298491106,0.0009482997977485336
0.01339160569678899,3.010648219872502,0.0009482997977485336
0.01339578569678899,3.014420298491106,0.0009482997977485336
0.01339996569678899,3.010648219872502,0.001289740166468739
0.01340414569678899,3.010648219872502,0.001289740166468739
0.01340832569678899,3.014420298491106,0.0009482997977485336
0.01341250569678899,3.014420298491106,0.001289740166468739
0.01341668569678899,3.006876141253898,0.0009482997977485336
0.01342086569678899,3.014420298491106,0.001289740166468739
0.01342504569678899,3.014420298491106,0.0009482997977485336
0.01342922569678899,3.010648219872502,0.0009482997977485336
0.01343340569678899,3.014420298491106,0.001289740166468739
0.01343758569678899,3.010648219872502,0.0009482997977485336
0.01344176569678899,3.014420298491106,0.001289740166468739
0.01344594569678899,3.014420298491106,0.0009482997977485336
0.01345012569678899,3.014420298491106,0.001289740166468739
0.01345430569678899,3.010648219872502,0.001289740166468739
0.01345848569678899,3.01819237710971,0.001289740166468739
0.01346266569678899,3.010648219872502,0.0006068594290283141
0.01346684569678899,3.014420298491106,0.0009482997977485336
0.01347102569678899,3.014420298491106,0.0009482997977485336
0.01347520569678899,3.014420298491106,0.0009482997977485336
0.01347938569678899,3.014420298491106,0.001289740166468739
0.01348356569678899,3.010648219872502,0.0009482997977485336
0.01348774569678899,3.014420298491106,0.0006068594290283141
0.01349192569678899,3.006876141253898,0.0009482997977485336
0.01349610569678899,3.014420298491106,0.0009482997977485336
0.01350028569678899,3.014420298491106,0.001289740166468739
0.01350446569678899,3.01819237710971,0.001289740166468739
0.01350864569678899,3.014420298491106,0.0009482997977485336
0.01351282569678899,3.010648219872502,0.0009482997977485336
0.01351700569678899,3.01819237710971,0.001289740166468739
0.01352118569678899,3.014420298491106,0.0009482997977485336
0.01352536569678899,3.01819237710971,0.0009482997977485336
0.013529545696789,3.006876141253898,0.001289740166468739
0.01353372569678899,3.014420298491106,0.0009482997977485336
0.01353790569678899,3.010648219872502,0.001289740166468739
0.01354208569678899,3.010648219872502,0.001631180535188959
0.01354626569678899,3.01819237710971,0.0009482997977485336
0.01355044569678899,3.014420298491106,0.001631180535188959
0.01355462569678899,3.014420298491106,0.001289740166468739
0.01355880569678899,3.010648219872502,0.0009482997977485336
0.01356298569678899,3.014420298491106,0.001289740166468739
0.01356716569678899,3.010648219872502,0.001289740166468739
0.01357134569678899,3.014420298491106,0.0009482997977485336
0.01357552569678899,3.014420298491106,0.001289740166468739
0.01357970569678899,3.014420298491106,0.001289740166468739
0.01358388569678899,3.014420298491106,0.001289740166468739
0.01358806569678899,3.006876141253898,0.0009482997977485336
0.01359224569678899,3.010648219872502,0.0009482997977485336
0.01359642569678899,3.01819237710971,0.0009482997977485336
0.01360060569678899,3.010648219872502,0.001631180535188959
0.01360478569678899,3.014420298491106,0.0009482997977485336
0.01360896569678899,3.014420298491106,0.0006068594290283141
0.01361314569678899,3.014420298491106,0.0009482997977485336
0.01361732569678899,3.014420298491106,0.0009482997977485336
0.01362150569678899,3.014420298491106,0.001289740166468739
0.01362568569678899,3.010648219872502,0.0009482997977485336
0.01362986569678899,3.014420298491106,0.0009482997977485336
0.01363404569678899,3.014420298491106,0.001289740166468739
0.01363822569678899,3.014420298491106,0.001289740166468739
0.01364240569678899,3.010648219872502,0.001289740166468739
0.01364658569678899,3.01819237710971,0.0009482997977485336
0.01365076569678899,3.014420298491106,0.001289740166468739
0.01365494569678899,3.014420298491106,0.0006068594290283141
0.01365912569678899,3.010648219872502,0.001631180535188959
0.01366330569678899,3.014420298491106,0.001289740166468739
0.01366748569678899,3.010648219872502,0.0009482997977485336
0.01367166569678899,3.010648219872502,0.0009482997977485336
0.01367584569678899,3.014420298491106,0.0009482997977485336
0.01368002569678899,3.01819237710971,0.001289740166468739
0.01368420569678899,3.014420298491106,0.0006068594290283141
0.01368838569678899,3.010648219872502,0.0009482997977485336
0.01369256569678899,3.014420298491106,0.001289740166468739
0.01369674569678899,3.014420298491106,0.001631180535188959
0.01370092569678899,3.014420298491106,0.0002654190603080947
0.01370510569678899,3.010648219872502,0.001289740166468739
0.01370928569678899,3.010648219872502,0.001289740166468739
0.01371346569678899,3.010648219872502,0.001289740166468739
0.01371764569678899,3.010648219872502,0.001289740166468739
0.01372182569678899,3.014420298491106,0.0009482997977485336
0.01372600569678899,3.014420298491106,0.001289740166468739
0.01373018569678899,3.010648219872502,0.001289740166468739
0.01373436569678899,3.014420298491106,0.0009482997977485336
0.01373854569678899,3.010648219872502,0.0006068594290283141
0.01374272569678899,3.010648219872502,0.0009482997977485336
0.01374690569678899,3.014420298491106,0.001289740166468739
0.01375108569678899,3.014420298491106,0.0009482997977485336
0.01375526569678899,3.014420298491106,0.001289740166468739
0.01375944569678899,3.014420298491106,0.0009482997977485336
0.01376362569678899,3.010648219872502,0.0009482997977485336
0.01376780569678899,3.014420298491106,0.0009482997977485336
0.013771985696789,3.010648219872502,0.001289740166468739
0.01377616569678899,3.010648219872502,0.0009482997977485336
0.01378034569678899,3.01819237710971,0.0009482997977485336
0.01378452569678899,3.010648219872502,0.001289740166468739
0.01378870569678899,3.014420298491106,0.001289740166468739
0.01379288569678899,3.006876141253898,0.001289740166468739
0.01379706569678899,3.021964455728313,0.0009482997977485336
0.01380124569678899,3.014420298491106,0.001289740166468739
0.01380542569678899,3.014420298491106,0.001289740166468739
0.01380960569678899,3.010648219872502,0.0009482997977485336
0.01381378569678899,3.010648219872502,0.0009482997977485336
0.01381796569678899,3.014420298491106,0.001289740166468739
0.01382214569678899,3.01819237710971,0.0009482997977485336
0.01382632569678899,3.010648219872502,0.001289740166468739
0.01383050569678899,3.014420298491106,0.001289740166468739
0.01383468569678899,3.014420298491106,0.0009482997977485336
0.01383886569678899,3.014420298491106,0.001289740166468739
0.01384304569678899,3.014420298491106,0.0009482997977485336
0.01384722569678899,3.010648219872502,0.001289740166468739
0.01385140569678899,3.014420298491106,0.001289740166468739
0.01385558569678899,3.014420298491106,0.0006068594290283141
0.01385976569678899,3.014420298491106,0.001289740166468739
0.01386394569678899,3.014420298491106,0.0009482997977485336
0.01386812569678899,3.014420298491106,0.0009482997977485336
0.01387230569678899,3.010648219872502,0.001631180535188959
0.01387648569678899,3.014420298491106,0.001289740166468739
0.01388066569678899,3.014420298491106,0.001289740166468739
0.01388484569678899,3.010648219872502,0.0009482997977485336
0.01388902569678899,3.014420298491106,0.0009482997977485336
0.01389320569678899,3.010648219872502,0.001289740166468739
0.01389738569678899,3.006876141253898,0.001289740166468739
0.01390156569678899,3.014420298491106,0.001289740166468739
0.01390574569678899,3.014420298491106,0.001289740166468739
0.01390992569678899,3.010648219872502,0.001289740166468739
0.01391410569678899,3.010648219872502,0.0009482997977485336
0.01391828569678899,3.010648219872502,0.0009482997977485336
0.01392246569678899,3.014420298491106,0.001631180535188959
0.01392664569678899,3.01819237710971,0.0009482997977485336
0.01393082569678899,3.010648219872502,0.001631180535188959
0.01393500569678899,3.014420298491106,0.0009482997977485336
0.01393918569678899,3.014420298491106,0.001289740166468739
0.01394336569678899,3.014420298491106,0.0009482997977485336
0.01394754569678899,3.014420298491106,0.0006068594290283141
0.01395172569678899,3.014420298491106,0.001631180535188959
0.01395590569678899,3.010648219872502,0.0009482997977485336
0.01396008569678899,3.010648219872502,0.001289740166468739
0.01396426569678899,3.014420298491106,0.001289740166468739
0.01396844569678899,3.014420298491106,0.0009482997977485336
0.01397262569678899,3.010648219872502,0.001289740166468739
0.01397680569678899,3.014420298491106,0.001289740166468739
0.01398098569678899,3.014420298491106,0.001289740166468739
0.01398516569678899,3.014420298491106,0.001289740166468739
0.01398934569678899,3.014420298491106,0.0009482997977485336
0.01399352569678899,3.010648219872502,0.0009482997977485336
0.01399770569678899,3.014420298491106,0.0009482997977485336
0.01400188569678899,3.006876141253898,0.0009482997977485336
0.01400606569678899,3.014420298491106,0.001289740166468739
0.01401024569678899,3.014420298491106,0.0009482997977485336
0.014014425696789,3.014420298491106,0.001631180535188959
0.01401860569678899,3.014420298491106,0.0009482997977485336
0.01402278569678899,3.014420298491106,0.0009482997977485336
0.01402696569678899,3.014420298491106,0.0009482997977485336
0.01403114569678899,3.010648219872502,0.001289740166468739
0.01403532569678899,3.014420298491106,0.0009482997977485336
0.01403950569678899,3.014420298491106,0.0009482997977485336
0.01404368569678899,3.010648219872502,0.0006068594290283141
0.01404786569678899,3.014420298491106,0.001289740166468739
0.01405204569678899,3.014420298491106,0.001289740166468739
0.01405622569678899,3.01819237710971,0.0009482997977485336
0.01406040569678899,3.006876141253898,0.001289740166468739
0.01406458569678899,3.01819237710971,0.0009482997977485336
0.01406876569678899,3.014420298491106,0.0009482997977485336
0.01407294569678899,3.010648219872502,0.0009482997977485336
0.01407712569678899,3.014420298491106,0.0009482997977485336
0.01408130569678899,3.010648219872502,0.001289740166468739
0.01408548569678899,3.014420298491106,0.0009482997977485336
0.01408966569678899,3.010648219872502,0.0009482997977485336
0.01409384569678899,3.014420298491106,0.001289740166468739
0.01409802569678899,3.014420298491106,0.0009482997977485336
0.01410220569678899,3.010648219872502,0.0009482997977485336
0.01410638569678899,3.01819237710971,0.0009482997977485336
0.01411056569678899,3.014420298491106,0.0009482997977485336
0.01411474569678899,3.010648219872502,0.001289740166468739
0.01411892569678899,3.010648219872502,0.001289740166468739
0.01412310569678899,3.010648219872502,0.001289740166468739
0.01412728569678899,3.014420298491106,0.0009482997977485336
0.01413146569678899,3.010648219872502,0.0009482997977485336
0.01413564569678899,3.014420298491106,0.001289740166468739
0.01413982569678899,3.014420298491106,0.001289740166468739
0.01414400569678899,3.014420298491106,0.001289740166468739
0.01414818569678899,3.014420298491106,0.0009482997977485336
0.01415236569678899,3.010648219872502,0.0009482997977485336
0.01415654569678899,3.010648219872502,0.001289740166468739
0.01416072569678899,3.010648219872502,0.001289740166468739
0.01416490569678899,3.014420298491106,0.0009482997977485336
0.01416908569678899,3.010648219872502,0.001289740166468739
0.01417326569678899,3.010648219872502,0.001289740166468739
0.01417744569678899,3.014420298491106,0.0009482997977485336
0.01418162569678899,3.010648219872502,0.001289740166468739
0.01418580569678899,3.014420298491106,0.0009482997977485336
0.01418998569678899,3.014420298491106,0.001289740166468739
0.01419416569678899,3.010648219872502,0.0009482997977485336
0.01419834569678899,3.014420298491106,0.001289740166468739
0.01420252569678899,3.014420298491106,0.001289740166468739
0.01420670569678899,3.014420298491106,0.001289740166468739
0.01421088569678899,3.014420298491106,0.0009482997977485336
0.01421506569678899,3.014420298491106,0.0009482997977485336
0.01421924569678899,3.010648219872502,0.001289740166468739
0.01422342569678899,3.010648219872502,0.001289740166468739
0.01422760569678899,3.014420298491106,0.001631180535188959
0.01423178569678899,3.014420298491106,0.001289740166468739
0.01423596569678899,3.006876141253898,0.001289740166468739
0.01424014569678899,3.014420298491106,0.001289740166468739
0.01424432569678899,3.014420298491106,0.001289740166468739
0.01424850569678899,3.014420298491106,0.0009482997977485336
0.01425268569678899,3.006876141253898,0.0009482997977485336
0.014256865696789,3.014420298491106,0.0009482997977485336
0.01426104569678899,3.01819237710971,0.001289740166468739
0.01426522569678899,3.010648219872502,0.0009482997977485336
0.01426940569678899,3.014420298491106,0.0009482997977485336
0.01427358569678899,3.014420298491106,0.0009482997977485336
0.01427776569678899,3.014420298491106,0.001631180535188959
0.01428194569678899,3.010648219872502,0.0009482997977485336
0.01428612569678899,3.014420298491106,0.0009482997977485336
0.01429030569678899,3.006876141253898,0.001289740166468739
0.01429448569678899,3.01819237710971,0.001289740166468739
0.01429866569678899,3.014420298491106,0.001289740166468739
0.01430284569678899,3.006876141253898,0.0009482997977485336
0.01430702569678899,3.01819237710971,0.0009482997977485336
0.014311205696789,3.010648219872502,0.0009482997977485336
0.01431538569678899,3.014420298491106,0.001631180535188959
0.01431956569678899,3.014420298491106,0.0006068594290283141
0.01432374569678899,3.010648219872502,0.001289740166468739
0.01432792569678899,3.014420298491106,0.0009482997977485336
0.01433210569678899,3.01819237710971,0.001289740166468739
0.01433628569678899,3.010648219872502,0.001289740166468739
0.01434046569678899,3.01819237710971,0.0009482997977485336
0.01434464569678899,3.010648219872502,0.0009482997977485336
0.01434882569678899,3.014420298491106,0.0009482997977485336
0.01435300569678899,3.014420298491106,0.0009482997977485336
0.01435718569678899,3.010648219872502,0.001289740166468739
0.01436136569678899,3.014420298491106,0.001289740166468739
0.01436554569678899,3.006876141253898,0.0009482997977485336
0.01436972569678899,3.010648219872502,0.0006068594290283141
0.01437390569678899,3.006876141253898,0.0009482997977485336
0.01437808569678899,3.01819237710971,0.0006068594290283141
0.01438226569678899,3.010648219872502,0.001289740166468739
0.01438644569678899,3.014420298491106,0.0009482997977485336
0.01439062569678899,3.014420298491106,0.0009482997977485336
0.01439480569678899,3.014420298491106,0.0006068594290283141
0.01439898569678899,3.014420298491106,0.001289740166468739
0.01440316569678899,3.006876141253898,0.001289740166468739
0.01440734569678899,3.014420298491106,0.0009482997977485336
0.01441152569678899,3.014420298491106,0.001289740166468739
0.01441570569678899,3.014420298491106,0.001289740166468739
0.01441988569678899,3.010648219872502,0.001289740166468739
0.01442406569678899,3.014420298491106,0.0006068594290283141
0.01442824569678899,3.014420298491106,0.0009482997977485336
0.01443242569678899,3.01819237710971,0.0006068594290283141
0.01443660569678899,3.010648219872502,0.0009482997977485336
0.01444078569678899,3.014420298491106,0.0009482997977485336
0.01444496569678899,3.010648219872502,0.0009482997977485336
0.01444914569678899,3.014420298491106,0.001289740166468739
0.01445332569678899,3.014420298491106,0.0009482997977485336
0.01445750569678899,3.010648219872502,0.0009482997977485336
0.01446168569678899,3.010648219872502,0.0009482997977485336
0.01446586569678899,3.010648219872502,0.0009482997977485336
0.01447004569678899,3.014420298491106,0.0009482997977485336
0.01447422569678899,3.014420298491106,0.0009482997977485336
0.01447840569678899,3.006876141253898,0.0009482997977485336
0.01448258569678899,3.014420298491106,0.001289740166468739
0.01448676569678899,3.014420298491106,0.0009482997977485336
0.01449094569678899,3.010648219872502,0.0006068594290283141
0.01449512569678899,3.01819237710971,0.001289740166468739
0.014499305696789,3.014420298491106,0.001289740166468739
0.01450348569678899,3.010648219872502,0.0009482997977485336
0.01450766569678899,3.014420298491106,0.0009482997977485336
0.01451184569678899,3.014420298491106,0.0009482997977485336
0.01451602569678899,3.014420298491106,0.0009482997977485336
0.01452020569678899,3.01819237710971,0.001289740166468739
0.01452438569678899,3.010648219872502,0.0009482997977485336
0.01452856569678899,3.014420298491106,0.0009482997977485336
0.01453274569678899,3.014420298491106,0.0002654190603080947
0.01453692569678899,3.010648219872502,0.001289740166468739
0.01454110569678899,3.014420298491106,0.0009482997977485336
0.01454528569678899,3.010648219872502,0.0009482997977485336
0.01454946569678899,3.010648219872502,0.0009482997977485336
0.014553645696789,3.021964455728313,0.0009482997977485336
0.01455782569678899,3.010648219872502,0.0009482997977485336
0.01456200569678899,3.010648219872502,0.0009482997977485336
0.01456618569678899,3.021964455728313,0.001289740166468739
0.01457036569678899,3.010648219872502,0.001289740166468739
0.01457454569678899,3.014420298491106,0.001289740166468739
0.01457872569678899,3.010648219872502,0.0009482997977485336
0.01458290569678899,3.014420298491106,0.001289740166468739
0.01458708569678899,3.01819237710971,0.0009482997977485336
0.01459126569678899,3.014420298491106,0.0009482997977485336
0.01459544569678899,3.014420298491106,0.001289740166468739
0.01459962569678899,3.010648219872502,0.0009482997977485336
0.01460380569678899,3.014420298491106,0.001289740166468739
0.01460798569678899,3.010648219872502,0.001289740166468739
0.01461216569678899,3.01819237710971,0.0009482997977485336
0.01461634569678899,3.010648219872502,0.0009482997977485336
0.01462052569678899,3.01819237710971,0.001289740166468739
0.01462470569678899,3.014420298491106,0.0006068594290283141
0.01462888569678899,3.01819237710971,0.001289740166468739
0.01463306569678899,3.014420298491106,0.0009482997977485336
0.01463724569678899,3.014420298491106,0.0009482997977485336
0.01464142569678899,3.014420298491106,0.001289740166468739
0.01464560569678899,3.010648219872502,0.0009482997977485336
0.01464978569678899,3.010648219872502,0.0009482997977485336
0.01465396569678899,3.01819237710971,0.001289740166468739
0.01465814569678899,3.014420298491106,0.0009482997977485336
0.01466232569678899,3.010648219872502,0.001289740166468739
0.01466650569678899,3.014420298491106,0.0009482997977485336
0.01467068569678899,3.010648219872502,0.001289740166468739
0.01467486569678899,3.014420298491106,0.0009482997977485336
0.01467904569678899,3.014420298491106,0.0006068594290283141
0.01468322569678899,3.010648219872502,0.001289740166468739
0.01468740569678899,3.014420298491106,0.0006068594290283141
0.01469158569678899,3.010648219872502,0.001631180535188959
0.01469576569678899,3.014420298491106,0.0009482997977485336
0.01469994569678899,3.003104062635295,0.001289740166468739
0.01470412569678899,3.01819237710971,0.0006068594290283141
0.01470830569678899,3.014420298491106,0.0009482997977485336
0.01471248569678899,3.014420298491106,0.001289740166468739
0.01471666569678899,3.010648219872502,0.0006068594290283141
0.01472084569678899,3.014420298491106,0.0009482997977485336
0.01472502569678899,3.014420298491106,0.0009482997977485336
0.01472920569678899,3.014420298491106,0.001289740166468739
0.01473338569678899,3.010648219872502,0.0009482997977485336
0.01473756569678899,3.01819237710971,0.0009482997977485336
0.01474174569678899,3.01819237710971,0.0009482997977485336
0.01474592569678899,3.014420298491106,0.0009482997977485336
0.01475010569678899,3.014420298491106,0.001631180535188959
0.01475428569678899,3.010648219872502,0.0006068594290283141
0.01475846569678899,3.014420298491106,0.0009482997977485336
0.01476264569678899,3.01819237710971,0.0006068594290283141
0.01476682569678899,3.010648219872502,0.0009482997977485336
0.01477100569678899,3.014420298491106,0.001289740166468739
0.01477518569678899,3.014420298491106,0.0009482997977485336
0.01477936569678899,3.006876141253898,0.0006068594290283141
0.01478354569678899,3.014420298491106,0.001289740166468739
0.01478772569678899,3.010648219872502,0.001289740166468739
0.01479190569678899,3.014420298491106,0.0009482997977485336
0.01479608569678899,3.014420298491106,0.0009482997977485336
0.01480026569678899,3.010648219872502,0.0009482997977485336
0.01480444569678899,3.014420298491106,0.001289740166468739
0.01480862569678899,3.006876141253898,0.001289740166468739
0.01481280569678899,3.01819237710971,0.0009482997977485336
0.01481698569678899,3.014420298491106,0.001289740166468739
0.01482116569678899,3.010648219872502,0.0009482997977485336
0.01482534569678899,3.010648219872502,0.0009482997977485336
0.01482952569678899,3.014420298491106,0.001289740166468739
0.01483370569678899,3.014420298491106,0.0006068594290283141
0.01483788569678899,3.014420298491106,0.0009482997977485336
0.01484206569678899,3.01819237710971,0.0006068594290283141
0.01484624569678899,3.014420298491106,0.001289740166468739
0.01485042569678899,3.014420298491106,0.0009482997977485336
0.01485460569678899,3.014420298491106,0.0009482997977485336
0.01485878569678899,3.006876141253898,0.0009482997977485336
0.01486296569678899,3.010648219872502,0.0009482997977485336
0.01486714569678899,3.014420298491106,0.001289740166468739
0.01487132569678899,3.014420298491106,0.001289740166468739
0.01487550569678899,3.014420298491106,0.0009482997977485336
0.01487968569678899,3.010648219872502,0.001289740166468739
0.01488386569678899,3.014420298491106,0.0009482997977485336
0.01488804569678899,3.014420298491106,0.0009482997977485336
0.01489222569678899,3.014420298491106,0.001289740166468739
0.01489640569678899,3.01819237710971,0.001289740166468739
0.01490058569678899,3.01819237710971,0.0009482997977485336
0.01490476569678899,3.010648219872502,0.0009482997977485336
0.01490894569678899,3.01819237710971,0.001289740166468739
0.01491312569678899,3.010648219872502,0.001289740166468739
0.01491730569678899,3.010648219872502,0.001289740166468739
0.01492148569678899,3.014420298491106,0.0009482997977485336
0.01492566569678899,3.010648219872502,0.0009482997977485336
0.01492984569678899,3.014420298491106,0.001289740166468739
0.01493402569678899,3.014420298491106,0.001289740166468739
0.01493820569678899,3.014420298491106,0.0009482997977485336
0.01494238569678899,3.010648219872502,0.001289740166468739
0.01494656569678899,3.010648219872502,0.001289740166468739
0.01495074569678899,3.014420298491106,0.0009482997977485336
0.01495492569678899,3.01819237710971,0.0009482997977485336
0.01495910569678899,3.014420298491106,0.001289740166468739
0.01496328569678899,3.010648219872502,0.0009482997977485336
0.01496746569678899,3.014420298491106,0.0009482997977485336
0.01497164569678899,3.014420298491106,0.001289740166468739
0.01497582569678899,3.010648219872502,0.0009482997977485336
0.01498000569678899,3.010648219872502,0.001289740166468739
0.01498418569678899,3.014420298491106,0.0009482997977485336
0.01498836569678899,3.014420298491106,0.0009482997977485336
0.01499254569678899,3.014420298491106,0.0009482997977485336
0.01499672569678899,3.014420298491106,0.001289740166468739
0.01500090569678899,3.01819237710971,0.001289740166468739
0.01500508569678899,3.010648219872502,0.001289740166468739
0.01500926569678899,3.014420298491106,0.001289740166468739
0.01501344569678899,3.010648219872502,0.001289740166468739
0.01501762569678899,3.014420298491106,0.001289740166468739
0.01502180569678899,3.010648219872502,0.0006068594290283141
0.01502598569678899,3.010648219872502,0.0009482997977485336
0.01503016569678899,3.014420298491106,0.001289740166468739
0.01503434569678899,3.006876141253898,0.0009482997977485336
0.01503852569678899,3.014420298491106,0.001289740166468739
0.01504270569678899,3.014420298491106,0.001289740166468739
0.01504688569678899,3.010648219872502,0.001289740166468739
0.01505106569678899,3.010648219872502,0.0009482997977485336
0.01505524569678899,3.014420298491106,0.0009482997977485336
0.01505942569678899,3.014420298491106,0.0009482997977485336
0.01506360569678899,3.010648219872502,0.0006068594290283141
0.01506778569678899,3.014420298491106,0.001289740166468739
0.01507196569678899,3.010648219872502,0.0006068594290283141
0.01507614569678899,3.01819237710971,0.0009482997977485336
0.01508032569678899,3.010648219872502,0.0009482997977485336
0.01508450569678899,3.010648219872502,0.0009482997977485336
0.01508868569678899,3.010648219872502,0.001289740166468739
0.01509286569678899,3.010648219872502,0.001289740166468739
0.01509704569678899,3.014420298491106,0.0009482997977485336
0.01510122569678899,3.010648219872502,0.001289740166468739
0.01510540569678899,3.014420298491106,0.0009482997977485336
0.01510958569678899,3.014420298491106,0.0009482997977485336
0.01511376569678899,3.014420298491106,0.001289740166468739
0.01511794569678899,3.006876141253898,0.0009482997977485336
0.01512212569678899,3.014420298491106,0.0006068594290283141
0.01512630569678899,3.014420298491106,0.0009482997977485336
0.01513048569678899,3.014420298491106,0.001289740166468739
0.01513466569678899,3.014420298491106,0.0009482997977485336
0.01513884569678899,3.014420298491106,0.0009482997977485336
0.01514302569678899,3.014420298491106,0.0009482997977485336
0.01514720569678899,3.014420298491106,0.001289740166468739
0.01515138569678899,3.01819237710971,0.001289740166468739
0.01515556569678899,3.010648219872502,0.001289740166468739
0.01515974569678899,3.01819237710971,0.0009482997977485336
0.01516392569678899,3.014420298491106,0.001289740166468739
0.01516810569678899,3.014420298491106,0.0009482997977485336
0.01517228569678899,3.010648219872502,0.0006068594290283141
0.01517646569678899,3.01819237710971,0.0009482997977485336
0.01518064569678899,3.006876141253898,0.0009482997977485336
0.01518482569678899,3.010648219872502,0.0009482997977485336
0.01518900569678899,3.014420298491106,0.0009482997977485336
0.01519318569678899,3.010648219872502,0.0009482997977485336
0.01519736569678899,3.01819237710971,0.0009482997977485336
0.01520154569678899,3.014420298491106,0.001289740166468739
0.01520572569678899,3.014420298491106,0.0006068594290283141
0.01520990569678899,3.014420298491106,0.0009482997977485336
0.01521408569678899,3.014420298491106,0.0009482997977485336
0.01521826569678899,3.014420298491106,0.001289740166468739
0.01522244569678899,3.014420298491106,0.0009482997977485336
0.01522662569678899,3.014420298491106,0.001289740166468739
0.01523080569678899,3.014420298491106,0.0006068594290283141
0.01523498569678899,3.010648219872502,0.001289740166468739
0.01523916569678899,3.014420298491106,0.0009482997977485336
0.01524334569678899,3.010648219872502,0.0006068594290283141
0.01524752569678899,3.010648219872502,0.0009482997977485336
0.01525170569678899,3.014420298491106,0.001289740166468739
0.01525588569678899,3.010648219872502,0.0009482997977485336
0.01526006569678899,3.010648219872502,0.0009482997977485336
0.01526424569678899,3.01819237710971,0.001289740166468739
0.01526842569678899,3.014420298491106,0.0009482997977485336
0.01527260569678899,3.014420298491106,0.001289740166468739
0.01527678569678899,3.014420298491106,0.001289740166468739
0.01528096569678899,3.010648219872502,0.0006068594290283141
0.01528514569678899,3.010648219872502,0.001289740166468739
0.01528932569678899,3.010648219872502,0.0006068594290283141
0.01529350569678899,3.01819237710971,0.001289740166468739
0.01529768569678899,3.014420298491106,0.0009482997977485336
0.01530186569678899,3.010648219872502,0.0009482997977485336
0.01530604569678899,3.014420298491106,0.0009482997977485336
0.01531022569678899,3.010648219872502,0.0009482997977485336
0.01531440569678899,3.010648219872502,0.0009482997977485336
0.01531858569678899,3.010648219872502,0.0009482997977485336
0.01532276569678899,3.010648219872502,0.0006068594290283141
0.01532694569678899,3.014420298491106,0.0009482997977485336
0.01533112569678899,3.014420298491106,0.0009482997977485336
0.01533530569678899,3.010648219872502,0.0006068594290283141
0.01533948569678899,3.014420298491106,0.0009482997977485336
0.01534366569678899,3.014420298491106,0.0002654190603080947
0.01534784569678899,3.014420298491106,0.0009482997977485336
0.01535202569678899,3.010648219872502,0.0009482997977485336
0.01535620569678899,3.014420298491106,0.0009482997977485336
0.01536038569678899,3.010648219872502,0.0006068594290283141
0.01536456569678899,3.010648219872502,0.0002654190603080947
0.01536874569678899,3.010648219872502,0.0006068594290283141
0.01537292569678899,3.014420298491106,0.0009482997977485336
0.01537710569678899,3.010648219872502,0.0006068594290283141
0.01538128569678899,3.014420298491106,0.0009482997977485336
0.01538546569678899,3.014420298491106,0.0006068594290283141
0.01538964569678899,3.014420298491106,0.0006068594290283141
0.01539382569678899,3.014420298491106,0.0006068594290283141
0.01539800569678899,3.014420298491106,0.0009482997977485336
0.01540218569678899,3.010648219872502,0.0009482997977485336
0.01540636569678899,3.014420298491106,0.0006068594290283141
0.01541054569678899,3.014420298491106,0.0009482997977485336
0.01541472569678899,3.014420298491106,0.0006068594290283141
0.01541890569678899,3.014420298491106,0.0006068594290283141
0.01542308569678899,3.010648219872502,0.0006068594290283141
0.01542726569678899,3.01819237710971,0.0006068594290283141
0.01543144569678899,3.010648219872502,0.0006068594290283141
0.01543562569678899,3.010648219872502,0.0006068594290283141
0.01543980569678899,3.014420298491106,0.0009482997977485336
0.01544398569678899,3.014420298491106,0.0006068594290283141
0.01544816569678899,3.014420298491106,0.0002654190603080947
0.01545234569678899,3.014420298491106,0.0009482997977485336
0.01545652569678899,3.010648219872502,0.0006068594290283141
0.01546070569678899,3.014420298491106,0.0009482997977485336
0.01546488569678899,3.014420298491106,0.0009482997977485336
0.01546906569678899,3.010648219872502,0.0009482997977485336
0.01547324569678899,3.010648219872502,0.0006068594290283141
0.01547742569678899,3.014420298491106,0.0006068594290283141
0.01548160569678899,3.010648219872502,0.0006068594290283141
0.01548578569678899,3.014420298491106,0.0006068594290283141
0.01548996569678899,3.010648219872502,0.0009482997977485336
0.01549414569678899,3.014420298491106,0.0006068594290283141
0.01549832569678899,3.010648219872502,0.0006068594290283141
0.01550250569678899,3.010648219872502,0.0009482997977485336
0.01550668569678899,3.014420298491106,0.0009482997977485336
0.01551086569678899,3.006876141253898,0.0002654190603080947
0.01551504569678899,3.01819237710971,0.0006068594290283141
0.01551922569678899,3.010648219872502,0.0006068594290283141
0.01552340569678899,3.014420298491106,0.0006068594290283141
0.01552758569678899,3.010648219872502,0.0006068594290283141
0.01553176569678899,3.014420298491106,0.0009482997977485336
0.01553594569678899,3.010648219872502,0.0009482997977485336
0.01554012569678899,3.014420298491106,0.0006068594290283141
0.01554430569678899,3.010648219872502,0.0009482997977485336
0.01554848569678899,3.014420298491106,0.0006068594290283141
0.01555266569678899,3.014420298491106,0.0006068594290283141
0.01555684569678899,3.010648219872502,0.0006068594290283141
0.01556102569678899,3.010648219872502,0.0009482997977485336
0.01556520569678899,3.014420298491106,0.0009482997977485336
0.01556938569678899,3.014420298491106,0.0006068594290283141
0.01557356569678899,3.014420298491106,0.0006068594290283141
0.01557774569678899,3.010648219872502,0.0006068594290283141
0.01558192569678899,3.010648219872502,0.0006068594290283141
0.01558610569678899,3.014420298491106,0.0009482997977485336
0.01559028569678899,3.01819237710971,0.0009482997977485336
0.01559446569678899,3.014420298491106,0.0006068594290283141
0.01559864569678899,3.014420298491106,0.0009482997977485336
0.01560282569678899,3.010648219872502,0.0006068594290283141
0.01560700569678899,3.010648219872502,0.001289740166468739
0.01561118569678899,3.010648219872502,0.0009482997977485336
0.01561536569678899,3.014420298491106,0.0006068594290283141
0.01561954569678899,3.014420298491106,0.0006068594290283141
0.01562372569678899,3.01819237710971,0.0009482997977485336
0.01562790569678899,3.014420298491106,0.0009482997977485336
0.01563208569678899,3.014420298491106,0.0006068594290283141
0.01563626569678899,3.014420298491106,0.0002654190603080947
0.01564044569678899,3.014420298491106,0.0009482997977485336
0.01564462569678899,3.014420298491106,0.0006068594290283141
0.015648805696789,3.010648219872502,0.0009482997977485336
0.015652985696789,3.014420298491106,0.0006068594290283141
0.015657165696789,3.01819237710971,0.0006068594290283141
0.01566134569678899,3.014420298491106,0.0006068594290283141
0.01566552569678899,3.01819237710971,0.0009482997977485336
0.01566970569678899,3.014420298491106,0.0002654190603080947
0.01567388569678899,3.010648219872502,0.0009482997977485336
0.01567806569678899,3.010648219872502,0.0006068594290283141
0.01568224569678899,3.014420298491106,0.0009482997977485336
0.01568642569678899,3.014420298491106,0.0009482997977485336
0.01569060569678899,3.006876141253898,0.0002654190603080947
0.01569478569678899,3.014420298491106,0.0006068594290283141
0.01569896569678899,3.014420298491106,0.0009482997977485336
0.015703145696789,3.010648219872502,0.0006068594290283141
0.015707325696789,3.010648219872502,0.0009482997977485336
0.015711505696789,3.014420298491106,0.0009482997977485336
0.01571568569678899,3.014420298491106,0.0002654190603080947
0.01571986569678899,3.014420298491106,0.0006068594290283141
0.01572404569678899,3.006876141253898,0.0009482997977485336
0.01572822569678899,3.014420298491106,0.0006068594290283141
0.01573240569678899,3.01819237710971,0.0009482997977485336
0.01573658569678899,3.010648219872502,0.0006068594290283141
0.01574076569678899,3.014420298491106,0.0009482997977485336
0.01574494569678899,3.014420298491106,0.0002654190603080947
0.01574912569678899,3.01819237710971,0.0009482997977485336
0.01575330569678899,3.006876141253898,0.0009482997977485336
0.015757485696789,3.01819237710971,0.0006068594290283141
0.015761665696789,3.010648219872502,0.0009482997977485336
0.015765845696789,3.014420298491106,0.0006068594290283141
0.01577002569678899,3.010648219872502,0.0009482997977485336
0.01577420569678899,3.014420298491106,0.0002654190603080947
0.01577838569678899,3.014420298491106,0.0009482997977485336
0.01578256569678899,3.010648219872502,0.0006068594290283141
0.01578674569678899,3.014420298491106,0.0009482997977485336
0.01579092569678899,3.014420298491106,0.0006068594290283141
0.01579510569678899,3.014420298491106,0.0009482997977485336
0.01579928569678899,3.014420298491106,0.0002654190603080947
0.01580346569678899,3.014420298491106,0.0009482997977485336
0.01580764569678899,3.010648219872502,0.0009482997977485336
0.015811825696789,3.014420298491106,0.0006068594290283141
0.015816005696789,3.01819237710971,0.0006068594290283141
0.015820185696789,3.014420298491106,0.0006068594290283141
0.01582436569678899,3.014420298491106,-7.602130841211086e-05
0.01582854569678899,3.014420298491106,0.0009482997977485336
0.01583272569678899,3.010648219872502,0.0006068594290283141
0.01583690569678899,3.014420298491106,0.0009482997977485336
0.01584108569678899,3.010648219872502,0.0009482997977485336
0.01584526569678899,3.010648219872502,0.0006068594290283141
0.01584944569678899,3.010648219872502,0.0006068594290283141
0.01585362569678899,3.014420298491106,0.0006068594290283141
0.01585780569678899,3.010648219872502,0.0009482997977485336
0.01586198569678899,3.014420298491106,0.0009482997977485336
0.015866165696789,3.010648219872502,0.0009482997977485336
0.015870345696789,3.014420298491106,0.0002654190603080947
0.01587452569678899,3.010648219872502,0.001289740166468739
0.01587870569678899,3.010648219872502,0.0009482997977485336
0.01588288569678899,3.010648219872502,0.0006068594290283141
0.01588706569678899,3.014420298491106,0.0006068594290283141
0.01589124569678899,3.010648219872502,0.0009482997977485336
0.01589542569678899,3.014420298491106,0.0006068594290283141
0.01589960569678899,3.010648219872502,0.0006068594290283141
0.01590378569678899,3.010648219872502,0.0009482997977485336
0.01590796569678899,3.010648219872502,0.0002654190603080947
0.01591214569678899,3.014420298491106,0.0009482997977485336
0.01591632569678899,3.006876141253898,0.0009482997977485336
0.015920505696789,3.010648219872502,0.0006068594290283141
0.015924685696789,3.010648219872502,0.0006068594290283141
0.01592886569678899,3.010648219872502,0.0006068594290283141
0.01593304569678899,3.014420298491106,0.001289740166468739
0.01593722569678899,3.014420298491106,0.0006068594290283141
0.01594140569678899,3.010648219872502,0.0006068594290283141
0.01594558569678899,3.014420298491106,0.0006068594290283141
0.01594976569678899,3.010648219872502,0.0006068594290283141
0.01595394569678899,3.014420298491106,0.0006068594290283141
0.01595812569678899,3.014420298491106,0.0006068594290283141
0.01596230569678899,3.010648219872502,0.0009482997977485336
0.01596648569678899,3.010648219872502,0.0006068594290283141
0.015970665696789,3.014420298491106,0.0006068594290283141
0.015974845696789,3.014420298491106,0.0009482997977485336
0.015979025696789,3.014420298491106,0.0009482997977485336
0.01598320569678899,3.014420298491106,0.0006068594290283141
0.01598738569678899,3.010648219872502,0.0006068594290283141
0.01599156569678899,3.014420298491106,0.0009482997977485336
0.01599574569678899,3.010648219872502,0.0006068594290283141
0.01599992569678899,3.014420298491106,0.0006068594290283141
0.01600410569678899,3.006876141253898,0.0009482997977485336
0.01600828569678899,3.010648219872502,0.0009482997977485336
0.01601246569678899,3.014420298491106,0.0009482997977485336
0.01601664569678899,3.014420298491106,0.0006068594290283141
0.01602082569678899,3.014420298491106,0.0009482997977485336
0.016025005696789,3.014420298491106,0.0009482997977485336
0.016029185696789,3.014420298491106,0.0006068594290283141
0.016033365696789,3.014420298491106,0.0009482997977485336
0.01603754569678899,3.014420298491106,0.0006068594290283141
0.01604172569678899,3.010648219872502,0.0002654190603080947
0.01604590569678899,3.014420298491106,0.0009482997977485336
0.01605008569678899,3.014420298491106,0.0006068594290283141
0.01605426569678899,3.010648219872502,0.0002654190603080947
0.01605844569678899,3.010648219872502,0.0009482997977485336
0.01606262569678899,3.010648219872502,0.0006068594290283141
0.01606680569678899,3.014420298491106,0.0006068594290283141
0.01607098569678899,3.014420298491106,0.0006068594290283141
0.01607516569678899,3.014420298491106,0.0009482997977485336
0.016079345696789,3.010648219872502,0.0006068594290283141
0.016083525696789,3.014420298491106,0.0006068594290283141
0.016087705696789,3.010648219872502,0.0006068594290283141
0.01609188569678899,3.014420298491106,0.0006068594290283141
0.01609606569678899,3.014420298491106,0.0009482997977485336
0.01610024569678899,3.006876141253898,0.0006068594290283141
0.01610442569678899,3.010648219872502,0.0002654190603080947
0.01610860569678899,3.010648219872502,0.0009482997977485336
0.01611278569678899,3.010648219872502,0.0006068594290283141
0.01611696569678899,3.014420298491106,0.0006068594290283141
0.01612114569678899,3.014420298491106,0.0006068594290283141
0.01612532569678899,3.014420298491106,0.0006068594290283141
0.01612950569678899,3.010648219872502,0.0006068594290283141
0.016133685696789,3.014420298491106,0.0009482997977485336
0.016137865696789,3.010648219872502,0.0002654190603080947
0.016142045696789,3.014420298491106,0.0009482997977485336
0.01614622569678899,3.014420298491106,0.0009482997977485336
0.01615040569678899,3.014420298491106,0.0006068594290283141
0.01615458569678899,3.01819237710971,0.0006068594290283141
0.01615876569678899,3.010648219872502,0.0009482997977485336
0.01616294569678899,3.010648219872502,0.0006068594290283141
0.01616712569678899,3.010648219872502,0.0009482997977485336
0.01617130569678899,3.010648219872502,0.0009482997977485336
0.01617548569678899,3.014420298491106,0.0006068594290283141
0.01617966569678899,3.014420298491106,0.0009482997977485336
0.01618384569678899,3.014420298491106,0.0002654190603080947
0.016188025696789,3.014420298491106,0.0006068594290283141
0.016192205696789,3.010648219872502,0.0009482997977485336
0.016196385696789,3.014420298491106,0.0009482997977485336
0.01620056569678899,3.010648219872502,0.0009482997977485336
0.01620474569678899,3.014420298491106,0.0006068594290283141
0.01620892569678899,3.010648219872502,0.0009482997977485336
0.01621310569678899,3.01819237710971,0.0006068594290283141
0.01621728569678899,3.014420298491106,0.0009482997977485336
0.01622146569678899,3.014420298491106,0.0006068594290283141
0.01622564569678899,3.01819237710971,0.0009482997977485336
0.01622982569678899,3.014420298491106,0.0006068594290283141
0.01623400569678899,3.014420298491106,0.0009482997977485336
0.01623818569678899,3.014420298491106,0.0006068594290283141
0.016242365696789,3.010648219872502,0.0006068594290283141
0.016246545696789,3.014420298491106,0.0006068594290283141
0.016250725696789,3.01819237710971,0.0009482997977485336
0.01625490569678899,3.010648219872502,0.0009482997977485336
0.01625908569678899,3.014420298491106,0.0009482997977485336
0.01626326569678899,3.014420298491106,0.0006068594290283141
0.01626744569678899,3.014420298491106,0.0006068594290283141
0.01627162569678899,3.014420298491106,0.0006068594290283141
0.01627580569678899,3.014420298491106,0.0009482997977485336
0.01627998569678899,3.014420298491106,0.0006068594290283141
0.01628416569678899,3.014420298491106,0.0006068594290283141
0.01628834569678899,3.014420298491106,0.001289740166468739
0.01629252569678899,3.01819237710971,0.0006068594290283141
0.016296705696789,3.010648219872502,0.0009482997977485336
0.016300885696789,3.010648219872502,0.0009482997977485336
0.016305065696789,3.010648219872502,0.0009482997977485336
0.01630924569678899,3.010648219872502,0.0009482997977485336
0.01631342569678899,3.010648219872502,0.0009482997977485336
0.01631760569678899,3.014420298491106,0.0006068594290283141
0.01632178569678899,3.010648219872502,0.001289740166468739
0.01632596569678899,3.014420298491106,0.001289740166468739
0.01633014569678899,3.014420298491106,0.0006068594290283141
0.01633432569678899,3.010648219872502,0.0009482997977485336
0.01633850569678899,3.014420298491106,0.001289740166468739
0.01634268569678899,3.014420298491106,0.001289740166468739
0.01634686569678899,3.014420298491106,0.0009482997977485336
0.016351045696789,3.010648219872502,0.0006068594290283141
0.016355225696789,3.014420298491106,0.0009482997977485336
0.016359405696789,3.010648219872502,0.0009482997977485336
0.01636358569678899,3.014420298491106,0.0009482997977485336
0.01636776569678899,3.010648219872502,0.0006068594290283141
0.01637194569678899,3.014420298491106,0.0006068594290283141
0.01637612569678899,3.010648219872502,0.0006068594290283141
0.01638030569678899,3.014420298491106,0.001289740166468739
0.01638448569678899,3.014420298491106,0.0009482997977485336
0.01638866569678899,3.010648219872502,0.0009482997977485336
0.01639284569678899,3.01819237710971,0.0006068594290283141
0.01639702569678899,3.010648219872502,0.001631180535188959
0.01640120569678899,3.014420298491106,0.0006068594290283141
0.016405385696789,3.014420298491106,0.0009482997977485336
0.016409565696789,3.006876141253898,0.0009482997977485336
0.01641374569678899,3.01819237710971,0.001289740166468739
0.01641792569678899,3.014420298491106,0.001289740166468739
0.01642210569678899,3.010648219872502,0.0006068594290283141
0.01642628569678899,3.014420298491106,0.0009482997977485336
0.01643046569678899,3.014420298491106,0.0009482997977485336
0.01643464569678899,3.014420298491106,0.0009482997977485336
0.01643882569678899,3.014420298491106,0.0009482997977485336
0.01644300569678899,3.006876141253898,0.001289740166468739
0.01644718569678899,3.01819237710971,0.001289740166468739
0.01645136569678899,3.014420298491106,0.0009482997977485336
0.016455545696789,3.010648219872502,0.001289740166468739
0.016459725696789,3.010648219872502,0.0006068594290283141
0.016463905696789,3.014420298491106,0.001289740166468739
0.01646808569678899,3.014420298491106,0.0009482997977485336
0.01647226569678899,3.010648219872502,0.001289740166468739
0.01647644569678899,3.01819237710971,0.0006068594290283141
0.01648062569678899,3.010648219872502,0.0006068594290283141
0.01648480569678899,3.014420298491106,0.0009482997977485336
0.01648898569678899,3.014420298491106,0.0009482997977485336
0.01649316569678899,3.014420298491106,0.0006068594290283141
0.01649734569678899,3.01819237710971,0.0009482997977485336
0.01650152569678899,3.010648219872502,0.0006068594290283141
0.01650570569678899,3.014420298491106,0.0009482997977485336
0.016509885696789,3.014420298491106,0.0009482997977485336
0.016514065696789,3.010648219872502,0.001289740166468739
0.016518245696789,3.01819237710971,0.0009482997977485336
0.01652242569678899,3.010648219872502,0.0009482997977485336
0.01652660569678899,3.01819237710971,0.0006068594290283141
0.01653078569678899,3.014420298491106,0.0009482997977485336
0.01653496569678899,3.014420298491106,0.0009482997977485336
0.01653914569678899,3.01819237710971,0.0006068594290283141
0.01654332569678899,3.014420298491106,0.0009482997977485336
0.01654750569678899,3.010648219872502,0.0009482997977485336
0.01655168569678899,3.014420298491106,0.0009482997977485336
0.01655586569678899,3.014420298491106,0.0009482997977485336
0.01656004569678899,3.014420298491106,0.0006068594290283141
0.016564225696789,3.014420298491106,0.001289740166468739
0.016568405696789,3.014420298491106,0.001289740166468739
0.016572585696789,3.006876141253898,0.001289740166468739
0.01657676569678899,3.014420298491106,0.0006068594290283141
0.01658094569678899,3.014420298491106,0.0009482997977485336
0.01658512569678899,3.014420298491106,0.0006068594290283141
0.01658930569678899,3.010648219872502,0.0009482997977485336
0.01659348569678899,3.014420298491106,0.0009482997977485336
0.01659766569678899,3.010648219872502,0.0009482997977485336
0.01660184569678899,3.010648219872502,0.001289740166468739
0.01660602569678899,3.014420298491106,0.0009482997977485336
0.01661020569678899,3.014420298491106,0.0009482997977485336
0.01661438569678899,3.014420298491106,0.001289740166468739
0.016618565696789,3.014420298491106,0.0009482997977485336
0.016622745696789,3.010648219872502,0.0009482997977485336
0.016626925696789,3.014420298491106,0.0009482997977485336
0.01663110569678899,3.014420298491106,0.001289740166468739
0.01663528569678899,3.014420298491106,0.001289740166468739
0.01663946569678899,3.014420298491106,0.001289740166468739
0.01664364569678899,3.01819237710971,0.0009482997977485336
0.01664782569678899,3.014420298491106,0.0009482997977485336
0.01665200569678899,3.010648219872502,0.0009482997977485336
0.01665618569678899,3.014420298491106,0.0009482997977485336
0.01666036569678899,3.014420298491106,0.0009482997977485336
0.01666454569678899,3.010648219872502,0.0006068594290283141
0.01666872569678899,3.014420298491106,0.0009482997977485336
0.016672905696789,3.01819237710971,0.001289740166468739
0.016677085696789,3.014420298491106,0.0009482997977485336
0.016681265696789,3.01819237710971,0.0009482997977485336
0.01668544569678899,3.010648219872502,0.001631180535188959
0.01668962569678899,3.01819237710971,0.0009482997977485336
0.01669380569678899,3.01819237710971,0.0009482997977485336
0.01669798569678899,3.010648219872502,0.0009482997977485336
0.01670216569678899,3.014420298491106,0.0009482997977485336
0.01670634569678899,3.014420298491106,0.0009482997977485336
0.01671052569678899,3.014420298491106,0.0006068594290283141
0.01671470569678899,3.014420298491106,0.0009482997977485336
0.01671888569678899,3.014420298491106,0.0006068594290283141
0.01672306569678899,3.014420298491106,0.0006068594290283141
0.016727245696789,3.006876141253898,0.0009482997977485336
0.016731425696789,3.014420298491106,0.0009482997977485336
0.016735605696789,3.014420298491106,0.001289740166468739
0.01673978569678899,3.014420298491106,0.0009482997977485336
0.01674396569678899,3.014420298491106,0.001289740166468739
0.01674814569678899,3.014420298491106,0.0009482997977485336
0.01675232569678899,3.014420298491106,0.0009482997977485336
0.01675650569678899,3.010648219872502,0.0006068594290283141
0.01676068569678899,3.014420298491106,0.0009482997977485336
0.01676486569678899,3.010648219872502,0.0009482997977485336
0.01676904569678899,3.010648219872502,0.001289740166468739
0.01677322569678899,3.010648219872502,0.0002654190603080947
0.01677740569678899,3.010648219872502,0.0006068594290283141
0.016781585696789,3.01819237710971,0.0009482997977485336
0.016785765696789,3.010648219872502,0.0009482997977485336
0.016789945696789,3.010648219872502,0.0009482997977485336
0.01679412569678899,3.010648219872502,0.0009482997977485336
0.01679830569678899,3.010648219872502,0.0009482997977485336
0.01680248569678899,3.01819237710971,0.0009482997977485336
0.01680666569678899,3.014420298491106,0.001289740166468739
0.01681084569678899,3.010648219872502,0.001289740166468739
0.01681502569678899,3.014420298491106,0.0006068594290283141
0.01681920569678899,3.01819237710971,0.0009482997977485336
0.01682338569678899,3.014420298491106,0.001289740166468739
0.01682756569678899,3.010648219872502,0.0009482997977485336
0.01683174569678899,3.014420298491106,0.0009482997977485336
0.016835925696789,3.010648219872502,0.001289740166468739
0.016840105696789,3.014420298491106,0.0009482997977485336
0.016844285696789,3.01819237710971,0.001289740166468739
0.01684846569678899,3.014420298491106,0.0009482997977485336
0.01685264569678899,3.014420298491106,0.001289740166468739
0.01685682569678899,3.010648219872502,0.001289740166468739
0.01686100569678899,3.014420298491106,0.001289740166468739
0.01686518569678899,3.014420298491106,0.0009482997977485336
0.01686936569678899,3.01819237710971,0.0009482997977485336
0.01687354569678899,3.010648219872502,0.001289740166468739
0.01687772569678899,3.014420298491106,0.001289740166468739
0.01688190569678899,3.014420298491106,0.0009482997977485336
0.01688608569678899,3.014420298491106,0.0009482997977485336
0.016890265696789,3.014420298491106,0.001289740166468739
0.016894445696789,3.014420298491106,0.0009482997977485336
0.016898625696789,3.014420298491106,0.001289740166468739
0.01690280569678899,3.014420298491106,0.0006068594290283141
0.01690698569678899,3.010648219872502,0.0009482997977485336
0.01691116569678899,3.014420298491106,0.001289740166468739
0.01691534569678899,3.014420298491106,0.001289740166468739
0.01691952569678899,3.010648219872502,0.001289740166468739
0.01692370569678899,3.014420298491106,0.0009482997977485336
0.01692788569678899,3.014420298491106,0.0009482997977485336
0.01693206569678899,3.014420298491106,0.001289740166468739
0.01693624569678899,3.010648219872502,0.0009482997977485336
0.016940425696789,3.01819237710971,0.0009482997977485336
0.016944605696789,3.010648219872502,0.001289740166468739
0.016948785696789,3.01819237710971,0.0009482997977485336
0.01695296569678899,3.010648219872502,0.0009482997977485336
0.01695714569678899,3.01819237710971,0.001289740166468739
0.01696132569678899,3.014420298491106,0.0009482997977485336
0.01696550569678899,3.010648219872502,0.0009482997977485336
0.01696968569678899,3.010648219872502,0.0006068594290283141
0.01697386569678899,3.014420298491106,0.0009482997977485336
0.01697804569678899,3.014420298491106,0.001289740166468739
0.01698222569678899,3.01819237710971,0.0009482997977485336
0.01698640569678899,3.010648219872502,0.0009482997977485336
0.01699058569678899,3.014420298491106,0.0009482997977485336
0.016994765696789,3.014420298491106,0.001289740166468739
0.016998945696789,3.014420298491106,0.001289740166468739
0.017003125696789,3.014420298491106,0.0009482997977485336
0.01700730569678899,3.01819237710971,0.001289740166468739
0.01701148569678899,3.014420298491106,0.001289740166468739
0.01701566569678899,3.01819237710971,0.0009482997977485336
0.01701984569678899,3.010648219872502,0.001289740166468739
0.01702402569678899,3.014420298491106,0.0009482997977485336
0.01702820569678899,3.014420298491106,0.0009482997977485336
0.01703238569678899,3.01819237710971,0.001631180535188959
0.01703656569678899,3.014420298491106,0.0009482997977485336
0.01704074569678899,3.014420298491106,0.001289740166468739
0.01704492569678899,3.006876141253898,0.0009482997977485336
0.017049105696789,3.01819237710971,0.0009482997977485336
0.017053285696789,3.010648219872502,0.0006068594290283141
0.017057465696789,3.014420298491106,0.001289740166468739
0.01706164569678899,3.010648219872502,0.0006068594290283141
0.01706582569678899,3.01819237710971,0.0009482997977485336
0.01707000569678899,3.010648219872502,0.0009482997977485336
0.01707418569678899,3.014420298491106,0.001289740166468739
0.01707836569678899,3.010648219872502,0.0009482997977485336
0.01708254569678899,3.010648219872502,0.0006068594290283141
0.01708672569678899,3.01819237710971,0.0009482997977485336
0.01709090569678899,3.010648219872502,0.0009482997977485336
0.01709508569678899,3.014420298491106,0.0009482997977485336
0.01709926569678899,3.014420298491106,0.0009482997977485336
0.017103445696789,3.01819237710971,0.001289740166468739
0.017107625696789,3.014420298491106,0.0006068594290283141
0.017111805696789,3.014420298491106,0.001289740166468739
0.01711598569678899,3.014420298491106,0.0009482997977485336
0.01712016569678899,3.014420298491106,0.0009482997977485336
0.01712434569678899,3.014420298491106,0.0009482997977485336
0.01712852569678899,3.014420298491106,0.0009482997977485336
0.01713270569678899,3.014420298491106,0.001289740166468739
0.01713688569678899,3.006876141253898,0.0009482997977485336
0.01714106569678899,3.01819237710971,0.0009482997977485336
0.01714524569678899,3.014420298491106,0.0009482997977485336
0.01714942569678899,3.014420298491106,0.0009482997977485336
0.01715360569678899,3.014420298491106,0.0009482997977485336
0.017157785696789,3.01819237710971,0.0009482997977485336
0.017161965696789,3.010648219872502,0.0009482997977485336
0.017166145696789,3.014420298491106,0.0006068594290283141
0.01717032569678899,3.010648219872502,0.0009482997977485336
0.01717450569678899,3.010648219872502,0.001289740166468739
0.01717868569678899,3.006876141253898,0.001289740166468739
0.01718286569678899,3.014420298491106,0.001289740166468739
0.01718704569678899,3.014420298491106,0.001289740166468739
0.01719122569678899,3.010648219872502,0.0006068594290283141
0.01719540569678899,3.01819237710971,0.001289740166468739
0.01719958569678899,3.014420298491106,0.0009482997977485336
0.01720376569678899,3.014420298491106,0.0009482997977485336
0.01720794569678899,3.014420298491106,0.001289740166468739
0.017212125696789,3.014420298491106,0.0009482997977485336
0.017216305696789,3.010648219872502,0.0009482997977485336
0.017220485696789,3.014420298491106,0.001289740166468739
0.01722466569678899,3.014420298491106,0.001289740166468739
0.01722884569678899,3.014420298491106,0.0006068594290283141
0.01723302569678899,3.014420298491106,0.0009482997977485336
0.01723720569678899,3.014420298491106,0.0009482997977485336
0.01724138569678899,3.014420298491106,0.0009482997977485336
0.01724556569678899,3.014420298491106,0.001289740166468739
0.01724974569678899,3.014420298491106,0.0009482997977485336
0.01725392569678899,3.014420298491106,0.001289740166468739
0.01725810569678899,3.010648219872502,0.0009482997977485336
0.01726228569678899,3.014420298491106,0.0009482997977485336
0.017266465696789,3.014420298491106,0.001289740166468739
0.017270645696789,3.010648219872502,0.0009482997977485336
0.017274825696789,3.014420298491106,0.0009482997977485336
0.01727900569678899,3.014420298491106,0.0009482997977485336
0.01728318569678899,3.010648219872502,0.001289740166468739
0.01728736569678899,3.014420298491106,0.0009482997977485336
0.01729154569678899,3.014420298491106,0.0006068594290283141
0.01729572569678899,3.01819237710971,0.001631180535188959
0.01729990569678899,3.01819237710971,0.0006068594290283141
0.01730408569678899,3.010648219872502,0.0009482997977485336
0.01730826569678899,3.010648219872502,0.001289740166468739
0.01731244569678899,3.014420298491106,0.001289740166468739
0.01731662569678899,3.014420298491106,0.0006068594290283141
0.017320805696789,3.014420298491106,0.0009482997977485336
0.017324985696789,3.014420298491106,0.0009482997977485336
0.017329165696789,3.014420298491106,0.0009482997977485336
0.01733334569678899,3.01819237710971,0.0006068594290283141
0.01733752569678899,3.014420298491106,0.0009482997977485336
0.01734170569678899,3.010648219872502,0.0009482997977485336
0.01734588569678899,3.014420298491106,0.0009482997977485336
0.01735006569678899,3.010648219872502,0.0009482997977485336
0.01735424569678899,3.014420298491106,0.0009482997977485336
0.01735842569678899,3.014420298491106,0.0009482997977485336
0.01736260569678899,3.010648219872502,0.0009482997977485336
0.01736678569678899,3.01819237710971,0.0009482997977485336
0.01737096569678899,3.010648219872502,0.0009482997977485336
0.017375145696789,3.01819237710971,0.0009482997977485336
0.017379325696789,3.014420298491106,0.0009482997977485336
0.017383505696789,3.014420298491106,0.0009482997977485336
0.01738768569678899,3.01819237710971,0.0006068594290283141
0.01739186569678899,3.01819237710971,0.0009482997977485336
0.01739604569678899,3.010648219872502,0.001289740166468739
0.01740022569678899,3.010648219872502,0.0009482997977485336
0.01740440569678899,3.014420298491106,0.001289740166468739
0.01740858569678899,3.014420298491106,0.001289740166468739
0.01741276569678899,3.014420298491106,0.0009482997977485336
0.01741694569678899,3.010648219872502,0.0009482997977485336
0.01742112569678899,3.010648219872502,0.001289740166468739
0.017425305696789,3.010648219872502,0.001289740166468739
0.017429485696789,3.010648219872502,0.0009482997977485336
0.017433665696789,3.014420298491106,0.0009482997977485336
0.01743784569678899,3.014420298491106,0.001289740166468739
0.01744202569678899,3.006876141253898,0.001289740166468739
0.01744620569678899,3.014420298491106,0.0006068594290283141
0.01745038569678899,3.014420298491106,0.001289740166468739
0.01745456569678899,3.014420298491106,0.0006068594290283141
0.01745874569678899,3.014420298491106,0.001289740166468739
0.01746292569678899,3.014420298491106,0.0009482997977485336
0.01746710569678899,3.014420298491106,0.0009482997977485336
0.01747128569678899,3.010648219872502,0.0009482997977485336
0.01747546569678899,3.01819237710971,0.0009482997977485336
0.017479645696789,3.014420298491106,0.001289740166468739
0.017483825696789,3.014420298491106,0.0009482997977485336
0.017488005696789,3.014420298491106,0.0009482997977485336
0.01749218569678899,3.010648219872502,0.0009482997977485336
0.01749636569678899,3.014420298491106,0.0009482997977485336
0.01750054569678899,3.01819237710971,0.0009482997977485336
0.01750472569678899,3.010648219872502,0.0009482997977485336
0.01750890569678899,3.010648219872502,0.0006068594290283141
0.01751308569678899,3.010648219872502,0.0009482997977485336
0.01751726569678899,3.014420298491106,0.001289740166468739
0.01752144569678899,3.014420298491106,0.0006068594290283141
0.01752562569678899,3.014420298491106,0.0006068594290283141
0.01752980569678899,3.014420298491106,0.0009482997977485336
0.017533985696789,3.014420298491106,0.0009482997977485336
0.017538165696789,3.010648219872502,0.0006068594290283141
0.017542345696789,3.014420298491106,0.0009482997977485336
0.01754652569678899,3.010648219872502,0.0009482997977485336
0.01755070569678899,3.014420298491106,0.0009482997977485336
0.01755488569678899,3.014420298491106,0.0006068594290283141
0.01755906569678899,3.014420298491106,0.0009482997977485336
0.01756324569678899,3.014420298491106,0.001289740166468739
0.01756742569678899,3.010648219872502,0.0009482997977485336
0.01757160569678899,3.010648219872502,0.0009482997977485336
0.01757578569678899,3.014420298491106,0.0006068594290283141
0.01757996569678899,3.014420298491106,0.0006068594290283141
0.01758414569678899,3.006876141253898,0.001289740166468739
0.017588325696789,3.01819237710971,0.0009482997977485336
0.017592505696789,3.010648219872502,0.001289740166468739
0.017596685696789,3.006876141253898,0.001289740166468739
0.01760086569678899,3.014420298491106,0.001289740166468739
0.01760504569678899,3.014420298491106,0.0009482997977485336
0.01760922569678899,3.010648219872502,0.0006068594290283141
0.01761340569678899,3.014420298491106,0.0009482997977485336
0.01761758569678899,3.014420298491106,0.0009482997977485336
0.01762176569678899,3.014420298491106,0.0009482997977485336
0.01762594569678899,3.014420298491106,0.001289740166468739
0.01763012569678899,3.010648219872502,0.0009482997977485336
0.01763430569678899,3.014420298491106,0.0009482997977485336
0.01763848569678899,3.014420298491106,0.0009482997977485336
0.017642665696789,3.01819237710971,0.001289740166468739
0.017646845696789,3.014420298491106,0.001289740166468739
0.017651025696789,3.010648219872502,0.0009482997977485336
0.01765520569678899,3.014420298491106,0.0009482997977485336
0.01765938569678899,3.01819237710971,0.001289740166468739
0.01766356569678899,3.014420298491106,0.001289740166468739
0.01766774569678899,3.010648219872502,0.0009482997977485336
0.01767192569678899,3.010648219872502,0.001289740166468739
0.01767610569678899,3.014420298491106,0.0009482997977485336
0.01768028569678899,3.01819237710971,0.001289740166468739
0.01768446569678899,3.010648219872502,0.0009482997977485336
0.01768864569678899,3.014420298491106,0.0006068594290283141
0.01769282569678899,3.014420298491106,0.001289740166468739
0.017697005696789,3.010648219872502,0.0006068594290283141
0.017701185696789,3.014420298491106,0.0006068594290283141
0.017705365696789,3.014420298491106,0.0009482997977485336
0.01770954569678899,3.010648219872502,0.001289740166468739
0.01771372569678899,3.01819237710971,0.0009482997977485336
0.01771790569678899,3.014420298491106,0.001289740166468739
0.01772208569678899,3.010648219872502,0.0009482997977485336
0.01772626569678899,3.01819237710971,0.0006068594290283141
0.01773044569678899,3.014420298491106,0.001631180535188959
0.01773462569678899,3.014420298491106,0.0009482997977485336
0.01773880569678899,3.014420298491106,0.0009482997977485336
0.01774298569678899,3.014420298491106,0.0009482997977485336
0.01774716569678899,3.010648219872502,0.0009482997977485336
0.017751345696789,3.014420298491106,0.0009482997977485336
0.017755525696789,3.01819237710971,0.0009482997977485336
0.017759705696789,3.010648219872502,0.001289740166468739
0.01776388569678899,3.010648219872502,0.0009482997977485336
0.01776806569678899,3.01819237710971,0.001289740166468739
0.01777224569678899,3.010648219872502,0.0009482997977485336
0.01777642569678899,3.010648219872502,0.0009482997977485336
0.01778060569678899,3.014420298491106,0.0009482997977485336
0.01778478569678899,3.010648219872502,0.0006068594290283141
0.01778896569678899,3.014420298491106,0.0009482997977485336
0.01779314569678899,3.010648219872502,0.0009482997977485336
0.01779732569678899,3.010648219872502,0.0006068594290283141
0.01780150569678899,3.014420298491106,0.001289740166468739
0.017805685696789,3.014420298491106,0.0009482997977485336
0.017809865696789,3.010648219872502,0.0009482997977485336
0.017814045696789,3.01819237710971,0.0009482997977485336
0.01781822569678899,3.006876141253898,0.0009482997977485336
0.01782240569678899,3.014420298491106,0.0009482997977485336
0.01782658569678899,3.010648219872502,0.0006068594290283141
0.01783076569678899,3.014420298491106,0.001289740166468739
0.01783494569678899,3.014420298491106,0.001289740166468739
0.01783912569678899,3.010648219872502,0.001289740166468739
0.01784330569678899,3.01819237710971,0.001289740166468739
0.01784748569678899,3.010648219872502,0.001289740166468739
0.01785166569678899,3.010648219872502,0.0009482997977485336
0.01785584569678899,3.01819237710971,0.0006068594290283141
0.017860025696789,3.010648219872502,0.0009482997977485336
0.017864205696789,3.014420298491106,0.001631180535188959
0.017868385696789,3.010648219872502,0.0006068594290283141
0.01787256569678899,3.01819237710971,0.0009482997977485336
0.01787674569678899,3.014420298491106,0.0009482997977485336
0.01788092569678899,3.014420298491106,0.001631180535188959
0.01788510569678899,3.010648219872502,0.0009482997977485336
0.01788928569678899,3.014420298491106,0.0009482997977485336
0.01789346569678899,3.014420298491106,0.0009482997977485336
0.01789764569678899,3.010648219872502,0.0009482997977485336
0.01790182569678899,3.014420298491106,0.0006068594290283141
0.01790600569678899,3.014420298491106,0.0009482997977485336
0.017910185696789,3.010648219872502,0.0009482997977485336
0.017914365696789,3.010648219872502,0.0009482997977485336
0.017918545696789,3.010648219872502,0.0009482997977485336
0.017922725696789,3.01819237710971,0.0009482997977485336
0.01792690569678899,3.014420298491106,0.0006068594290283141
0.01793108569678899,3.014420298491106,0.001289740166468739
0.01793526569678899,3.014420298491106,0.0009482997977485336
0.01793944569678899,3.014420298491106,0.0009482997977485336
0.01794362569678899,3.014420298491106,0.0009482997977485336
0.01794780569678899,3.006876141253898,0.001289740166468739
0.01795198569678899,3.010648219872502,0.0009482997977485336
0.01795616569678899,3.014420298491106,0.0009482997977485336
0.01796034569678899,3.010648219872502,0.001289740166468739
0.017964525696789,3.010648219872502,0.001289740166468739
0.017968705696789,3.014420298491106,0.0009482997977485336
0.017972885696789,3.014420298491106,0.001631180535188959
0.01797706569678899,3.014420298491106,0.001289740166468739
0.01798124569678899,3.014420298491106,0.0009482997977485336
0.01798542569678899,3.010648219872502,0.0009482997977485336
0.01798960569678899,3.014420298491106,0.0009482997977485336
0.01799378569678899,3.014420298491106,0.001289740166468739
0.01799796569678899,3.010648219872502,0.001289740166468739
0.01800214569678899,3.014420298491106,0.0006068594290283141
0.01800632569678899,3.010648219872502,0.0009482997977485336
0.01801050569678899,3.014420298491106,0.0009482997977485336
0.01801468569678899,3.014420298491106,0.0009482997977485336
0.018018865696789,3.014420298491106,0.0009482997977485336
0.018023045696789,3.010648219872502,0.0009482997977485336
0.018027225696789,3.010648219872502,0.0009482997977485336
0.01803140569678899,3.01819237710971,0.0006068594290283141
0.01803558569678899,3.006876141253898,0.0009482997977485336
0.01803976569678899,3.01819237710971,0.0009482997977485336
0.01804394569678899,3.014420298491106,0.0006068594290283141
0.01804812569678899,3.014420298491106,0.0009482997977485336
0.01805230569678899,3.014420298491106,0.0009482997977485336
0.01805648569678899,3.010648219872502,0.0009482997977485336
0.01806066569678899,3.010648219872502,0.0009482997977485336
0.01806484569678899,3.014420298491106,0.0009482997977485336
0.01806902569678899,3.01819237710971,0.0009482997977485336
0.018073205696789,3.014420298491106,0.0009482997977485336
0.018077385696789,3.010648219872502,0.0006068594290283141
0.018081565696789,3.014420298491106,0.0009482997977485336
0.01808574569678899,3.010648219872502,0.0006068594290283141
0.01808992569678899,3.014420298491106,0.0009482997977485336
0.01809410569678899,3.014420298491106,0.0009482997977485336
0.01809828569678899,3.010648219872502,0.0009482997977485336
0.01810246569678899,3.014420298491106,0.0009482997977485336
0.01810664569678899,3.014420298491106,0.001289740166468739
0.01811082569678899,3.010648219872502,0.0009482997977485336
0.01811500569678899,3.014420298491106,0.001631180535188959
0.01811918569678899,3.014420298491106,0.0009482997977485336
0.01812336569678899,3.010648219872502,0.0009482997977485336
0.018127545696789,3.014420298491106,0.0009482997977485336
0.018131725696789,3.014420298491106,0.001289740166468739
0.018135905696789,3.014420298491106,0.0006068594290283141
0.01814008569678899,3.010648219872502,0.001289740166468739
0.01814426569678899,3.010648219872502,0.0006068594290283141
0.01814844569678899,3.010648219872502,0.001289740166468739
0.01815262569678899,3.014420298491106,0.001631180535188959
0.01815680569678899,3.010648219872502,0.0009482997977485336
0.01816098569678899,3.014420298491106,0.0009482997977485336
0.01816516569678899,3.014420298491106,0.001289740166468739
0.01816934569678899,3.010648219872502,0.0009482997977485336
0.01817352569678899,3.014420298491106,0.001631180535188959
0.01817770569678899,3.014420298491106,0.0009482997977485336
0.018181885696789,3.014420298491106,0.0009482997977485336
0.018186065696789,3.014420298491106,0.001289740166468739
0.018190245696789,3.014420298491106,0.001289740166468739
0.01819442569678899,3.014420298491106,0.0009482997977485336
0.01819860569678899,3.014420298491106,0.0009482997977485336
0.01820278569678899,3.010648219872502,0.0009482997977485336
0.01820696569678899,3.014420298491106,0.0009482997977485336
0.01821114569678899,3.014420298491106,0.0009482997977485336
0.01821532569678899,3.014420298491106,0.001289740166468739
0.01821950569678899,3.014420298491106,0.0006068594290283141
0.01822368569678899,3.014420298491106,0.0009482997977485336
0.01822786569678899,3.014420298491106,0.001631180535188959
0.01823204569678899,3.010648219872502,0.001289740166468739
0.018236225696789,3.010648219872502,0.0009482997977485336
0.018240405696789,3.014420298491106,0.001289740166468739
0.018244585696789,3.014420298491106,0.0009482997977485336
0.01824876569678899,3.010648219872502,0.0009482997977485336
0.01825294569678899,3.014420298491106,0.0009482997977485336
0.01825712569678899,3.010648219872502,0.0009482997977485336
0.01826130569678899,3.010648219872502,0.0006068594290283141
0.01826548569678899,3.014420298491106,0.001289740166468739
0.01826966569678899,3.014420298491106,0.0006068594290283141
0.01827384569678899,3.010648219872502,0.0009482997977485336
0.01827802569678899,3.014420298491106,0.001289740166468739
0.01828220569678899,3.014420298491106,0.0009482997977485336
0.01828638569678899,3.010648219872502,0.0006068594290283141
0.018290565696789,3.014420298491106,0.001289740166468739
0.018294745696789,3.010648219872502,0.0009482997977485336
0.018298925696789,3.014420298491106,0.0009482997977485336
0.01830310569678899,3.010648219872502,0.0009482997977485336
0.01830728569678899,3.014420298491106,0.001289740166468739
0.01831146569678899,3.01819237710971,0.001289740166468739
0.01831564569678899,3.010648219872502,0.001289740166468739
0.01831982569678899,3.01819237710971,0.0009482997977485336
0.01832400569678899,3.010648219872502,0.001289740166468739
0.01832818569678899,3.006876141253898,0.0009482997977485336
0.01833236569678899,3.014420298491106,0.0009482997977485336
0.01833654569678899,3.014420298491106,0.001631180535188959
0.01834072569678899,3.010648219872502,0.0006068594290283141
0.018344905696789,3.014420298491106,0.0009482997977485336
0.018349085696789,3.014420298491106,0.0009482997977485336
0.018353265696789,3.014420298491106,0.0009482997977485336
0.01835744569678899,3.010648219872502,0.0009482997977485336
0.01836162569678899,3.010648219872502,0.0009482997977485336
0.01836580569678899,3.014420298491106,0.0006068594290283141
0.01836998569678899,3.010648219872502,0.001289740166468739
0.01837416569678899,3.014420298491106,0.0009482997977485336
0.01837834569678899,3.01819237710971,0.0009482997977485336
0.01838252569678899,3.010648219872502,0.0009482997977485336
0.01838670569678899,3.01819237710971,0.001289740166468739
0.01839088569678899,3.014420298491106,0.0006068594290283141
0.01839506569678899,3.010648219872502,0.001289740166468739
0.018399245696789,3.014420298491106,0.001289740166468739
0.018403425696789,3.014420298491106,0.0009482997977485336
0.018407605696789,3.010648219872502,0.0009482997977485336
0.01841178569678899,3.014420298491106,0.0009482997977485336
0.01841596569678899,3.006876141253898,0.0009482997977485336
0.01842014569678899,3.01819237710971,0.0009482997977485336
0.01842432569678899,3.010648219872502,0.001289740166468739
0.01842850569678899,3.014420298491106,0.0009482997977485336
0.01843268569678899,3.010648219872502,0.001289740166468739
0.01843686569678899,3.01819237710971,0.001289740166468739
0.01844104569678899,3.006876141253898,0.0009482997977485336
0.01844522569678899,3.014420298491106,0.001289740166468739
0.018449405696789,3.010648219872502,0.001289740166468739
0.018453585696789,3.014420298491106,0.001289740166468739
0.018457765696789,3.010648219872502,0.0009482997977485336
0.01846194569678899,3.010648219872502,0.0009482997977485336
0.01846612569678899,3.014420298491106,0.001289740166468739
0.01847030569678899,3.014420298491106,0.001289740166468739
0.01847448569678899,3.014420298491106,0.0009482997977485336
0.01847866569678899,3.014420298491106,0.0009482997977485336
0.01848284569678899,3.014420298491106,0.001289740166468739
0.01848702569678899,3.014420298491106,0.0009482997977485336
0.01849120569678899,3.010648219872502,0.0009482997977485336
0.01849538569678899,3.010648219872502,0.001289740166468739
0.01849956569678899,3.006876141253898,0.0009482997977485336
0.018503745696789,3.014420298491106,0.0009482997977485336
0.018507925696789,3.014420298491106,0.0009482997977485336
0.018512105696789,3.01819237710971,0.0009482997977485336
0.01851628569678899,3.010648219872502,0.0009482997977485336
0.01852046569678899,3.01819237710971,0.0009482997977485336
0.01852464569678899,3.010648219872502,0.0009482997977485336
0.01852882569678899,3.01819237710971,0.001631180535188959
0.01853300569678899,3.014420298491106,0.0006068594290283141
0.01853718569678899,3.014420298491106,0.0009482997977485336
0.01854136569678899,3.014420298491106,0.0009482997977485336
0.01854554569678899,3.01819237710971,0.0009482997977485336
0.01854972569678899,3.014420298491106,0.0009482997977485336
0.01855390569678899,3.014420298491106,0.0009482997977485336
0.018558085696789,3.014420298491106,0.0009482997977485336
0.018562265696789,3.014420298491106,0.001289740166468739
0.018566445696789,3.014420298491106,0.0006068594290283141
0.01857062569678899,3.01819237710971,0.0009482997977485336
0.01857480569678899,3.014420298491106,0.0009482997977485336
0.01857898569678899,3.014420298491106,0.0009482997977485336
0.01858316569678899,3.014420298491106,0.001289740166468739
0.01858734569678899,3.014420298491106,0.0006068594290283141
0.01859152569678899,3.014420298491106,0.0009482997977485336
0.01859570569678899,3.01819237710971,0.0009482997977485336
0.01859988569678899,3.006876141253898,0.0009482997977485336
0.01860406569678899,3.014420298491106,0.001289740166468739
0.01860824569678899,3.014420298491106,0.0009482997977485336
0.018612425696789,3.01819237710971,0.001289740166468739
0.018616605696789,3.010648219872502,0.0009482997977485336
0.018620785696789,3.010648219872502,0.001289740166468739
0.01862496569678899,3.014420298491106,0.001289740166468739
0.01862914569678899,3.014420298491106,0.001289740166468739
0.01863332569678899,3.014420298491106,0.0009482997977485336
0.01863750569678899,3.014420298491106,0.001631180535188959
0.01864168569678899,3.014420298491106,0.0009482997977485336
0.01864586569678899,3.01819237710971,0.001289740166468739
0.01865004569678899,3.014420298491106,0.0009482997977485336
0.01865422569678899,3.010648219872502,0.0006068594290283141
0.01865840569678899,3.014420298491106,0.001289740166468739
0.01866258569678899,3.010648219872502,0.0006068594290283141
0.018666765696789,3.01819237710971,0.001289740166468739
0.018670945696789,3.014420298491106,0.001289740166468739
0.018675125696789,3.010648219872502,0.0006068594290283141
0.01867930569678899,3.01819237710971,0.001289740166468739
0.01868348569678899,3.010648219872502,0.001289740166468739
0.01868766569678899,3.01819237710971,0.0009482997977485336
0.01869184569678899,3.010648219872502,0.0009482997977485336
0.01869602569678899,3.014420298491106,0.001289740166468739
0.01870020569678899,3.014420298491106,0.0009482997977485336
0.01870438569678899,3.014420298491106,0.001289740166468739
0.01870856569678899,3.010648219872502,0.0009482997977485336
0.01871274569678899,3.014420298491106,0.0009482997977485336
0.01871692569678899,3.014420298491106,0.0009482997977485336
0.018721105696789,3.01819237710971,0.0009482997977485336
0.018725285696789,3.01819237710971,0.0009482997977485336
0.018729465696789,3.014420298491106,0.0009482997977485336
0.01873364569678899,3.014420298491106,0.0006068594290283141
0.01873782569678899,3.010648219872502,0.0006068594290283141
0.01874200569678899,3.014420298491106,0.0009482997977485336
0.01874618569678899,3.010648219872502,0.0009482997977485336
0.01875036569678899,3.014420298491106,0.0009482997977485336
0.01875454569678899,3.014420298491106,0.0009482997977485336
0.01875872569678899,3.014420298491106,0.0009482997977485336
0.01876290569678899,3.010648219872502,0.0009482997977485336
0.01876708569678899,3.014420298491106,0.0009482997977485336
0.01877126569678899,3.014420298491106,0.0009482997977485336
0.018775445696789,3.014420298491106,0.0009482997977485336
0.018779625696789,3.014420298491106,0.001289740166468739
0.018783805696789,3.014420298491106,0.001289740166468739
0.01878798569678899,3.010648219872502,0.0009482997977485336
0.01879216569678899,3.014420298491106,0.001289740166468739
0.01879634569678899,3.006876141253898,0.0009482997977485336
0.01880052569678899,3.014420298491106,0.0009482997977485336
0.01880470569678899,3.01819237710971,0.0009482997977485336
0.01880888569678899,3.010648219872502,0.001289740166468739
0.01881306569678899,3.014420298491106,0.0006068594290283141
0.01881724569678899,3.014420298491106,0.0009482997977485336
0.01882142569678899,3.014420298491106,0.001289740166468739
0.01882560569678899,3.006876141253898,0.001289740166468739
0.018829785696789,3.010648219872502,0.0009482997977485336
0.018833965696789,3.014420298491106,0.0009482997977485336
0.018838145696789,3.010648219872502,0.001289740166468739
0.01884232569678899,3.010648219872502,0.0009482997977485336
0.01884650569678899,3.014420298491106,0.0006068594290283141
0.01885068569678899,3.014420298491106,0.0006068594290283141
0.01885486569678899,3.010648219872502,0.001289740166468739
0.01885904569678899,3.014420298491106,0.0009482997977485336
0.01886322569678899,3.01819237710971,0.0009482997977485336
0.01886740569678899,3.014420298491106,0.0006068594290283141
0.01887158569678899,3.014420298491106,0.001289740166468739
0.01887576569678899,3.014420298491106,0.0009482997977485336
0.01887994569678899,3.014420298491106,0.0009482997977485336
0.018884125696789,3.014420298491106,0.0009482997977485336
0.018888305696789,3.010648219872502,0.0009482997977485336
0.018892485696789,3.014420298491106,0.0009482997977485336
0.01889666569678899,3.006876141253898,0.0009482997977485336
0.01890084569678899,3.014420298491106,0.0009482997977485336
0.01890502569678899,3.006876141253898,0.0009482997977485336
0.01890920569678899,3.014420298491106,0.0009482997977485336
0.01891338569678899,3.010648219872502,0.0009482997977485336
0.01891756569678899,3.014420298491106,0.0009482997977485336
0.01892174569678899,3.010648219872502,0.0006068594290283141
0.01892592569678899,3.014420298491106,0.001289740166468739
0.01893010569678899,3.006876141253898,0.0006068594290283141
0.018934285696789,3.014420298491106,0.0009482997977485336
0.018938465696789,3.014420298491106,0.0009482997977485336
0.018942645696789,3.014420298491106,0.0009482997977485336
0.018946825696789,3.014420298491106,0.0006068594290283141
0.01895100569678899,3.014420298491106,0.0009482997977485336
0.01895518569678899,3.014420298491106,0.0006068594290283141
0.01895936569678899,3.014420298491106,0.0009482997977485336
0.01896354569678899,3.014420298491106,0.0009482997977485336
0.01896772569678899,3.010648219872502,0.001289740166468739
0.01897190569678899,3.014420298491106,0.0009482997977485336
0.01897608569678899,3.010648219872502,0.0009482997977485336
0.01898026569678899,3.014420298491106,0.0006068594290283141
0.01898444569678899,3.010648219872502,0.0009482997977485336
0.018988625696789,3.010648219872502,0.001289740166468739
0.018992805696789,3.014420298491106,0.001631180535188959
0.018996985696789,3.006876141253898,0.0006068594290283141
0.01900116569678899,3.010648219872502,0.0009482997977485336
0.01900534569678899,3.014420298491106,0.0006068594290283141
0.01900952569678899,3.014420298491106,0.0009482997977485336
0.01901370569678899,3.010648219872502,0.0009482997977485336
0.01901788569678899,3.014420298491106,0.0009482997977485336
0.01902206569678899,3.010648219872502,0.0009482997977485336
0.01902624569678899,3.010648219872502,0.0009482997977485336
0.01903042569678899,3.010648219872502,0.0009482997977485336
0.01903460569678899,3.014420298491106,0.0006068594290283141
0.01903878569678899,3.014420298491106,0.001289740166468739
0.019042965696789,3.010648219872502,0.0009482997977485336
0.019047145696789,3.014420298491106,0.0009482997977485336
0.019051325696789,3.006876141253898,0.0009482997977485336
0.01905550569678899,3.01819237710971,0.0006068594290283141
0.01905968569678899,3.014420298491106,0.0006068594290283141
0.01906386569678899,3.014420298491106,0.001289740166468739
0.01906804569678899,3.010648219872502,0.0006068594290283141
0.01907222569678899,3.014420298491106,0.0009482997977485336
0.01907640569678899,3.010648219872502,0.0009482997977485336
0.01908058569678899,3.014420298491106,0.0009482997977485336
0.01908476569678899,3.014420298491106,0.0009482997977485336
0.01908894569678899,3.010648219872502,0.0006068594290283141
0.01909312569678899,3.010648219872502,0.0006068594290283141
0.019097305696789,3.014420298491106,0.0009482997977485336
0.019101485696789,3.010648219872502,0.0009482997977485336
0.019105665696789,3.010648219872502,0.0009482997977485336
0.01910984569678899,3.014420298491106,0.0009482997977485336
0.01911402569678899,3.014420298491106,0.0009482997977485336
0.01911820569678899,3.010648219872502,0.0009482997977485336
0.01912238569678899,3.014420298491106,0.0009482997977485336
0.01912656569678899,3.014420298491106,0.0009482997977485336
0.01913074569678899,3.014420298491106,0.0009482997977485336
0.01913492569678899,3.014420298491106,0.0009482997977485336
0.01913910569678899,3.014420298491106,0.0009482997977485336
0.01914328569678899,3.014420298491106,0.0009482997977485336
0.01914746569678899,3.01819237710971,0.0009482997977485336
0.019151645696789,3.014420298491106,0.0006068594290283141
0.019155825696789,3.014420298491106,0.0009482997977485336
0.019160005696789,3.010648219872502,0.0006068594290283141
0.01916418569678899,3.014420298491106,0.0009482997977485336
0.01916836569678899,3.014420298491106,0.0009482997977485336
0.01917254569678899,3.014420298491106,0.0009482997977485336
0.01917672569678899,3.014420298491106,0.0009482997977485336
0.01918090569678899,3.006876141253898,0.0006068594290283141
0.01918508569678899,3.014420298491106,0.0009482997977485336
0.01918926569678899,3.01819237710971,0.0009482997977485336
0.01919344569678899,3.010648219872502,0.0009482997977485336
0.01919762569678899,3.014420298491106,0.0009482997977485336
0.01920180569678899,3.014420298491106,0.0009482997977485336
0.019205985696789,3.014420298491106,0.0009482997977485336
0.019210165696789,3.006876141253898,0.0006068594290283141
0.019214345696789,3.014420298491106,0.0006068594290283141
0.01921852569678899,3.014420298491106,0.0009482997977485336
0.01922270569678899,3.014420298491106,0.0009482997977485336
0.01922688569678899,3.014420298491106,0.0009482997977485336
0.01923106569678899,3.014420298491106,0.0009482997977485336
0.01923524569678899,3.014420298491106,0.0009482997977485336
0.01923942569678899,3.014420298491106,0.001289740166468739
0.01924360569678899,3.014420298491106,0.0009482997977485336
0.01924778569678899,3.014420298491106,0.0006068594290283141
0.01925196569678899,3.014420298491106,0.0009482997977485336
0.01925614569678899,3.010648219872502,0.0009482997977485336
0.019260325696789,3.010648219872502,0.0002654190603080947
0.019264505696789,3.014420298491106,0.0009482997977485336
0.019268685696789,3.014420298491106,0.0009482997977485336
0.01927286569678899,3.014420298491106,0.0006068594290283141
0.01927704569678899,3.014420298491106,0.0006068594290283141
0.01928122569678899,3.010648219872502,0.001289740166468739
0.01928540569678899,3.010648219872502,0.001289740166468739
0.01928958569678899,3.014420298491106,0.0002654190603080947
0.01929376569678899,3.014420298491106,0.0009482997977485336
0.01929794569678899,3.010648219872502,0.0009482997977485336
0.01930212569678899,3.014420298491106,0.0006068594290283141
0.01930630569678899,3.014420298491106,0.0006068594290283141
0.01931048569678899,3.010648219872502,0.0006068594290283141
0.019314665696789,3.014420298491106,0.0006068594290283141
0.019318845696789,3.014420298491106,0.0009482997977485336
0.019323025696789,3.01819237710971,0.0006068594290283141
0.01932720569678899,3.014420298491106,0.0002654190603080947
0.01933138569678899,3.01819237710971,0.0006068594290283141
0.01933556569678899,3.010648219872502,0.0006068594290283141
0.01933974569678899,3.010648219872502,0.0006068594290283141
0.01934392569678899,3.014420298491106,0.0002654190603080947
0.01934810569678899,3.010648219872502,0.0006068594290283141
0.01935228569678899,3.014420298491106,0.0009482997977485336
0.01935646569678899,3.014420298491106,0.0006068594290283141
0.01936064569678899,3.010648219872502,0.0002654190603080947
0.01936482569678899,3.010648219872502,0.0009482997977485336
0.019369005696789,3.010648219872502,0.0006068594290283141
0.019373185696789,3.010648219872502,0.0006068594290283141
0.019377365696789,3.014420298491106,0.001289740166468739
0.01938154569678899,3.014420298491106,0.0002654190603080947
0.01938572569678899,3.010648219872502,0.0009482997977485336
0.01938990569678899,3.010648219872502,0.0009482997977485336
0.01939408569678899,3.014420298491106,0.0006068594290283141
0.01939826569678899,3.01819237710971,0.0006068594290283141
0.01940244569678899,3.006876141253898,0.0009482997977485336
0.01940662569678899,3.014420298491106,0.0002654190603080947
0.01941080569678899,3.014420298491106,0.0009482997977485336
0.01941498569678899,3.010648219872502,0.0009482997977485336
0.019419165696789,3.010648219872502,0.0002654190603080947
0.019423345696789,3.006876141253898,0.0009482997977485336
0.019427525696789,3.014420298491106,0.0009482997977485336
0.019431705696789,3.014420298491106,0.0006068594290283141
0.01943588569678899,3.014420298491106,0.0006068594290283141
0.01944006569678899,3.010648219872502,0.0006068594290283141
0.01944424569678899,3.010648219872502,0.0006068594290283141
0.01944842569678899,3.010648219872502,0.0009482997977485336
0.01945260569678899,3.014420298491106,0.0006068594290283141
0.01945678569678899,3.014420298491106,0.0006068594290283141
0.01946096569678899,3.014420298491106,0.001289740166468739
0.01946514569678899,3.014420298491106,0.0006068594290283141
0.01946932569678899,3.014420298491106,0.0006068594290283141
0.019473505696789,3.014420298491106,0.0009482997977485336
0.019477685696789,3.014420298491106,0.0009482997977485336
0.019481865696789,3.014420298491106,0.0009482997977485336
0.019486045696789,3.010648219872502,0.0006068594290283141
0.01949022569678899,3.014420298491106,0.0009482997977485336
0.01949440569678899,3.01819237710971,0.0006068594290283141
0.01949858569678899,3.014420298491106,0.0009482997977485336
0.01950276569678899,3.014420298491106,0.0006068594290283141
0.01950694569678899,3.014420298491106,0.0009482997977485336
0.01951112569678899,3.010648219872502,0.0006068594290283141
0.01951530569678899,3.010648219872502,0.0006068594290283141
0.01951948569678899,3.014420298491106,0.001289740166468739
0.01952366569678899,3.014420298491106,0.0006068594290283141
0.019527845696789,3.01819237710971,0.0009482997977485336
0.019532025696789,3.006876141253898,0.0006068594290283141
0.019536205696789,3.01819237710971,0.0009482997977485336
0.01954038569678899,3.014420298491106,0.0006068594290283141
0.01954456569678899,3.014420298491106,0.0006068594290283141
0.01954874569678899,3.014420298491106,0.0006068594290283141
0.01955292569678899,3.010648219872502,0.0006068594290283141
0.01955710569678899,3.014420298491106,0.0009482997977485336
0.01956128569678899,3.014420298491106,0.0009482997977485336
0.01956546569678899,3.014420298491106,0.0009482997977485336
0.01956964569678899,3.010648219872502,0.0006068594290283141
0.01957382569678899,3.01819237710971,0.0006068594290283141
0.01957800569678899,3.010648219872502,0.0009482997977485336
0.019582185696789,3.010648219872502,0.0009482997977485336
0.019586365696789,3.01819237710971,0.0006068594290283141
0.019590545696789,3.010648219872502,0.0006068594290283141
0.01959472569678899,3.010648219872502,0.0009482997977485336
0.01959890569678899,3.010648219872502,0.0006068594290283141
0.01960308569678899,3.010648219872502,0.0006068594290283141
0.01960726569678899,3.014420298491106,0.0009482997977485336
0.01961144569678899,3.010648219872502,0.0009482997977485336
0.01961562569678899,3.01819237710971,0.0006068594290283141
0.01961980569678899,3.010648219872502,0.0009482997977485336
0.01962398569678899,3.014420298491106,0.0009482997977485336
0.01962816569678899,3.010648219872502,0.0006068594290283141
0.01963234569678899,3.014420298491106,0.0006068594290283141
0.019636525696789,3.01819237710971,0.0006068594290283141
0.019640705696789,3.014420298491106,0.0009482997977485336
0.019644885696789,3.01819237710971,0.0009482997977485336
0.01964906569678899,3.010648219872502,0.0009482997977485336
0.01965324569678899,3.014420298491106,0.0002654190603080947
0.01965742569678899,3.014420298491106,0.0009482997977485336
0.01966160569678899,3.010648219872502,0.0006068594290283141
0.01966578569678899,3.014420298491106,0.0009482997977485336
0.01966996569678899,3.014420298491106,0.0006068594290283141
0.01967414569678899,3.01819237710971,0.0009482997977485336
0.01967832569678899,3.01819237710971,0.0009482997977485336
0.01968250569678899,3.010648219872502,0.0009482997977485336
0.01968668569678899,3.014420298491106,0.0006068594290283141
0.019690865696789,3.01819237710971,0.0006068594290283141
0.019695045696789,3.010648219872502,0.0009482997977485336
0.019699225696789,3.01819237710971,0.0006068594290283141
0.01970340569678899,3.014420298491106,0.0009482997977485336
0.01970758569678899,3.010648219872502,-7.602130841211086e-05
0.01971176569678899,3.01819237710971,0.001289740166468739
0.01971594569678899,3.010648219872502,0.0006068594290283141
0.01972012569678899,3.014420298491106,0.0002654190603080947
0.01972430569678899,3.014420298491106,0.0006068594290283141
0.01972848569678899,3.014420298491106,0.0009482997977485336
0.01973266569678899,3.014420298491106,0.0002654190603080947
0.01973684569678899,3.01819237710971,0.0009482997977485336
0.01974102569678899,3.010648219872502,0.0006068594290283141
0.019745205696789,3.014420298491106,0.0006068594290283141
0.019749385696789,3.014420298491106,0.0006068594290283141
0.019753565696789,3.014420298491106,0.0009482997977485336
0.01975774569678899,3.014420298491106,0.0002654190603080947
0.01976192569678899,3.014420298491106,0.0006068594290283141
0.01976610569678899,3.010648219872502,0.0006068594290283141
0.01977028569678899,3.014420298491106,0.0006068594290283141
0.01977446569678899,3.01819237710971,0.0009482997977485336
0.01977864569678899,3.014420298491106,0.0009482997977485336
0.01978282569678899,3.006876141253898,0.0006068594290283141
0.01978700569678899,3.014420298491106,0.0006068594290283141
0.01979118569678899,3.014420298491106,0.0009482997977485336
0.01979536569678899,3.014420298491106,0.0002654190603080947
0.019799545696789,3.010648219872502,0.0009482997977485336
0.019803725696789,3.010648219872502,0.0009482997977485336
0.019807905696789,3.006876141253898,0.0006068594290283141
0.01981208569678899,3.006876141253898,0.0006068594290283141
0.01981626569678899,3.014420298491106,0.0002654190603080947
0.01982044569678899,3.010648219872502,0.0009482997977485336
0.01982462569678899,3.014420298491106,0.0006068594290283141
0.01982880569678899,3.010648219872502,0.0006068594290283141
0.01983298569678899,3.010648219872502,0.0009482997977485336
0.01983716569678899,3.014420298491106,0.0009482997977485336
0.01984134569678899,3.014420298491106,0.0006068594290283141
0.01984552569678899,3.014420298491106,0.0009482997977485336
0.01984970569678899,3.014420298491106,0.0006068594290283141
0.019853885696789,3.010648219872502,0.0006068594290283141
0.019858065696789,3.014420298491106,0.0009482997977485336
0.019862245696789,3.014420298491106,0.0006068594290283141
0.01986642569678899,3.014420298491106,0.0009482997977485336
0.01987060569678899,3.010648219872502,0.0009482997977485336
0.01987478569678899,3.014420298491106,0.0006068594290283141
0.01987896569678899,3.006876141253898,0.0009482997977485336
0.01988314569678899,3.01819237710971,0.0009482997977485336
0.01988732569678899,3.014420298491106,0.0006068594290283141
0.01989150569678899,3.014420298491106,0.0006068594290283141
0.01989568569678899,3.014420298491106,0.0006068594290283141
0.01989986569678899,3.014420298491106,0.0009482997977485336
0.019904045696789,3.014420298491106,0.0006068594290283141
0.019908225696789,3.014420298491106,0.0006068594290283141
0.019912405696789,3.014420298491106,0.001289740166468739
0.019916585696789,3.014420298491106,0.0006068594290283141
0.01992076569678899,3.014420298491106,0.0006068594290283141
0.01992494569678899,3.014420298491106,0.0009482997977485336
0.01992912569678899,3.010648219872502,0.0006068594290283141
0.01993330569678899,3.014420298491106,0.0006068594290283141
0.01993748569678899,3.010648219872502,0.0006068594290283141
0.01994166569678899,3.010648219872502,0.0006068594290283141
0.01994584569678899,3.01819237710971,0.0009482997977485336
0.01995002569678899,3.010648219872502,0.0006068594290283141
0.01995420569678899,3.010648219872502,0.0006068594290283141
0.019958385696789,3.006876141253898,0.0009482997977485336
0.019962565696789,3.014420298491106,0.0006068594290283141
0.019966745696789,3.014420298491106,0.0006068594290283141
0.019970925696789,3.010648219872502,0.0006068594290283141
0.01997510569678899,3.014420298491106,0.0009482997977485336
0.01997928569678899,3.010648219872502,0.0006068594290283141
0.01998346569678899,3.014420298491106,0.0009482997977485336
0.01998764569678899,3.014420298491106,0.0006068594290283141
0.01999182569678899,3.010648219872502,0.0006068594290283141
0.01999600569678899,3.014420298491106,0.0009482997977485336
0.02000018569678899,3.014420298491106,0.0006068594290283141
0.02000436569678899,3.010648219872502,0.0006068594290283141
0.02000854569678899,3.014420298491106,0.0006068594290283141
0.020012725696789,3.010648219872502,0.0009482997977485336
0.020016905696789,3.010648219872502,0.0006068594290283141
0.020021085696789,3.014420298491106,0.0009482997977485336
0.02002526569678899,3.014420298491106,0.0009482997977485336
0.02002944569678899,3.014420298491106,0.0006068594290283141
0.02003362569678899,3.010648219872502,0.0006068594290283141
0.02003780569678899,3.014420298491106,0.0009482997977485336
0.02004198569678899,3.010648219872502,0.0009482997977485336
0.02004616569678899,3.010648219872502,0.0006068594290283141
0.02005034569678899,3.014420298491106,0.0006068594290283141
0.02005452569678899,3.010648219872502,0.0006068594290283141
0.02005870569678899,3.010648219872502,0.0009482997977485336
0.02006288569678899,3.010648219872502,0.0006068594290283141
0.020067065696789,3.014420298491106,0.0006068594290283141
0.020071245696789,3.010648219872502,0.0009482997977485336
0.020075425696789,3.010648219872502,0.0006068594290283141
0.02007960569678899,3.014420298491106,0.0009482997977485336
0.02008378569678899,3.010648219872502,0.0006068594290283141
0.02008796569678899,3.014420298491106,0.0009482997977485336
0.02009214569678899,3.01819237710971,0.001289740166468739
0.02009632569678899,3.010648219872502,0.0006068594290283141
0.02010050569678899,3.01819237710971,0.0006068594290283141
0.02010468569678899,3.014420298491106,0.0009482997977485336
0.02010886569678899,3.014420298491106,0.0002654190603080947
0.02011304569678899,3.014420298491106,0.0009482997977485336
0.02011722569678899,3.014420298491106,0.0006068594290283141
0.020121405696789,3.010648219872502,0.0006068594290283141
0.020125585696789,3.014420298491106,0.0006068594290283141
0.020129765696789,3.010648219872502,0.0009482997977485336
0.02013394569678899,3.014420298491106,0.0009482997977485336
0.02013812569678899,3.014420298491106,0.0006068594290283141
0.02014230569678899,3.014420298491106,0.0009482997977485336
0.02014648569678899,3.006876141253898,0.0006068594290283141
0.02015066569678899,3.010648219872502,0.0006068594290283141
0.02015484569678899,3.01819237710971,0.0009482997977485336
0.02015902569678899,3.010648219872502,0.0006068594290283141
0.02016320569678899,3.014420298491106,0.0009482997977485336
0.02016738569678899,3.014420298491106,0.0009482997977485336
0.02017156569678899,3.014420298491106,0.0006068594290283141
0.020175745696789,3.010648219872502,0.0002654190603080947
0.020179925696789,3.014420298491106,0.0009482997977485336
0.020184105696789,3.014420298491106,0.0006068594290283141
0.02018828569678899,3.010648219872502,0.0009482997977485336
0.02019246569678899,3.014420298491106,0.0006068594290283141
0.02019664569678899,3.014420298491106,0.0006068594290283141
0.02020082569678899,3.014420298491106,0.0009482997977485336
0.02020500569678899,3.014420298491106,0.0006068594290283141
0.02020918569678899,3.014420298491106,0.0009482997977485336
0.02021336569678899,3.014420298491106,0.0006068594290283141
0.02021754569678899,3.010648219872502,0.0009482997977485336
0.02022172569678899,3.006876141253898,0.0002654190603080947
0.02022590569678899,3.01819237710971,0.0009482997977485336
0.020230085696789,3.010648219872502,0.0006068594290283141
0.020234265696789,3.014420298491106,0.0009482997977485336
0.020238445696789,3.01819237710971,0.001289740166468739
0.02024262569678899,3.006876141253898,0.0009482997977485336
0.02024680569678899,3.014420298491106,0.0006068594290283141
0.02025098569678899,3.014420298491106,0.0006068594290283141
0.02025516569678899,3.014420298491106,0.0006068594290283141
0.02025934569678899,3.010648219872502,0.0009482997977485336
0.02026352569678899,3.014420298491106,0.0009482997977485336
0.020267705696789,3.006876141253898,0.0009482997977485336
0.02027188569678899,3.01819237710971,0.0002654190603080947
0.02027606569678899,3.010648219872502,0.0006068594290283141
0.02028024569678899,3.010648219872502,0.0006068594290283141
0.020284425696789,3.014420298491106,0.0009482997977485336
0.020288605696789,3.010648219872502,0.0006068594290283141
0.020292785696789,3.014420298491106,0.0006068594290283141
0.02029696569678899,3.014420298491106,0.0009482997977485336
0.02030114569678899,3.014420298491106,0.0009482997977485336
0.02030532569678899,3.010648219872502,0.0009482997977485336
0.02030950569678899,3.01819237710971,0.0006068594290283141
0.02031368569678899,3.010648219872502,0.0009482997977485336
0.02031786569678899,3.014420298491106,0.0009482997977485336
0.02032204569678899,3.014420298491106,0.0009482997977485336
0.02032622569678899,3.010648219872502,0.0009482997977485336
0.02033040569678899,3.014420298491106,0.001289740166468739
0.02033458569678899,3.014420298491106,0.0009482997977485336
0.020338765696789,3.01819237710971,0.0009482997977485336
0.020342945696789,3.010648219872502,0.0009482997977485336
0.020347125696789,3.014420298491106,0.001631180535188959
0.02035130569678899,3.014420298491106,0.0006068594290283141
0.02035548569678899,3.010648219872502,0.0009482997977485336
0.02035966569678899,3.014420298491106,0.0009482997977485336
0.02036384569678899,3.010648219872502,0.0009482997977485336
0.02036802569678899,3.014420298491106,0.0006068594290283141
0.02037220569678899,3.014420298491106,0.0009482997977485336
0.02037638569678899,3.014420298491106,0.0009482997977485336
0.02038056569678899,3.010648219872502,0.0006068594290283141
0.02038474569678899,3.014420298491106,0.001289740166468739
0.020388925696789,3.010648219872502,0.0009482997977485336
0.020393105696789,3.014420298491106,0.0009482997977485336
0.020397285696789,3.014420298491106,0.0009482997977485336
0.020401465696789,3.010648219872502,0.0009482997977485336
0.02040564569678899,3.014420298491106,0.0009482997977485336
0.02040982569678899,3.014420298491106,0.001289740166468739
0.02041400569678899,3.010648219872502,0.001289740166468739
0.02041818569678899,3.014420298491106,0.0009482997977485336
0.02042236569678899,3.010648219872502,0.0009482997977485336
0.02042654569678899,3.014420298491106,0.0009482997977485336
0.02043072569678899,1.743229804021659,-0.02261108564394623
0.02043490569678899,-0.03719130395928749,-0.05231639772260482
0.02043908569678899,-0.04096338257789123,-0.04719479219180162
0.020443265696789,-0.03719130395928749,-0.04275606739843885
0.020447445696789,-0.03719130395928749,-0.03865878297379627
0.020451625696789,-0.03341922534068376,-0.03558581965531435
0.020455805696789,-0.02964714672208002,-0.03217141596811221
0.02045998569678899,-0.02964714672208002,-0.02909845264963029
0.02046416569678899,-0.02587506810347628,-0.02602548933114837
0.02046834569678899,-0.02210298948487299,-0.02363540675010686
0.02047252569678899,-0.01455883224766552,-0.02192820490650579
0.02047670569678899,-0.01078675362906178,-0.0195381223254643
0.02048088569678899,-0.01455883224766552,-0.01783092048186323
0.02048506569678899,-0.007014675010458049,-0.01646515900698238
0.02048924569678899,-0.007014675010458049,-0.01475795716338131
0.02049342569678899,-0.003242596391854313,-0.01339219568850045
0.020497605696789,-0.003242596391854313,-0.0120264342136196
0.020501785696789,0.0005294822267494226,-0.01031923237001853
0.020505965696789,0.004301560845353158,-0.009636351632578102
0.020510145696789,0.004301560845353158,-0.008612030526417458
0.02051432569678899,0.008073639463956894,-0.007929149788977033
0.02051850569678899,0.004301560845353158,-0.007246269051536608
0.02052268569678899,0.01184571808256063,-0.006563388314096169
0.02052686569678899,0.008073639463956894,-0.006221947945375964
0.02053104569678899,0.008073639463956894,-0.0048561864704951
0.02053522569678899,0.01184571808256063,-0.004514746101774894
0.02053940569678899,0.01561779670116437,-0.004173305733054675
0.02054358569678899,0.01184571808256063,-0.00349042499561425
0.02054776569678899,0.008073639463956894,-0.00349042499561425
0.020551945696789,0.01184571808256063,-0.002807544258173825
0.020556125696789,0.01561779670116437,-0.002466103889453605
0.020560305696789,0.01184571808256063,-0.00178322315201318
0.02056448569678899,0.01184571808256063,-0.00178322315201318
0.02056866569678899,0.01184571808256063,-0.00178322315201318
0.02057284569678899,0.01561779670116437,-0.00178322315201318
0.02057702569678899,0.008073639463956894,-0.001100342414572755
0.02058120569678899,0.01561779670116437,-0.001441782783292975
0.02058538569678899,0.01184571808256063,-0.0007589020458525358
0.02058956569678899,0.01184571808256063,-0.001100342414572755
0.02059374569678899,0.008073639463956894,-0.0004174616771323303
0.02059792569678899,0.01561779670116437,-0.0007589020458525358
0.02060210569678899,0.01561779670116437,-7.602130841211086e-05
0.020606285696789,0.01184571808256063,-7.602130841211086e-05
0.020610465696789,0.01561779670116437,-7.602130841211086e-05
0.020614645696789,0.01184571808256063,-7.602130841211086e-05
0.02061882569678899,0.01184571808256063,-7.602130841211086e-05
0.02062300569678899,0.008073639463956894,-7.602130841211086e-05
0.02062718569678899,0.01561779670116437,-7.602130841211086e-05
0.02063136569678899,0.01561779670116437,0.0002654190603080947
0.02063554569678899,0.01561779670116437,0.0002654190603080947
0.02063972569678899,0.0193898753197681,-7.602130841211086e-05
0.02064390569678899,0.01184571808256063,0.0002654190603080947
0.02064808569678899,0.0193898753197681,0.0006068594290283141
0.02065226569678899,0.01561779670116437,0.0002654190603080947
0.02065644569678899,0.01184571808256063,0.0002654190603080947
0.020660625696789,0.01561779670116437,0.0006068594290283141
0.020664805696789,0.01561779670116437,0.0006068594290283141
0.020668985696789,0.01561779670116437,0.0006068594290283141
0.02067316569678899,0.01561779670116437,0.0006068594290283141
0.02067734569678899,0.01561779670116437,0.0006068594290283141
0.02068152569678899,0.0193898753197681,0.0006068594290283141
0.02068570569678899,0.008073639463956894,0.0009482997977485336
0.02068988569678899,0.01561779670116437,0.0006068594290283141
0.02069406569678899,0.01561779670116437,0.0006068594290283141
0.02069824569678899,0.01561779670116437,0.0006068594290283141
0.02070242569678899,0.01561779670116437,0.0006068594290283141
0.02070660569678899,0.01561779670116437,0.0006068594290283141
0.02071078569678899,0.01184571808256063,0.0006068594290283141
0.020714965696789,0.01561779670116437,0.0006068594290283141
0.020719145696789,0.008073639463956894,0.0009482997977485336
0.020723325696789,0.01561779670116437,0.0009482997977485336
0.02072750569678899,0.01561779670116437,0.0009482997977485336
0.02073168569678899,0.01561779670116437,0.0006068594290283141
0.02073586569678899,0.01184571808256063,0.0006068594290283141
0.02074004569678899,0.01184571808256063,0.0006068594290283141
0.02074422569678899,0.01561779670116437,0.0009482997977485336
0.02074840569678899,0.01561779670116437,0.0006068594290283141
0.020752585696789,0.01184571808256063,0.0006068594290283141
0.02075676569678899,0.01184571808256063,0.0009482997977485336
0.02076094569678899,0.01561779670116437,0.0009482997977485336
0.02076512569678899,0.01561779670116437,0.0006068594290283141
0.020769305696789,0.008073639463956894,0.0009482997977485336
0.020773485696789,0.01184571808256063,0.0006068594290283141
0.020777665696789,0.0193898753197681,0.0009482997977485336
0.02078184569678899,0.01561779670116437,0.0006068594290283141
0.02078602569678899,0.01561779670116437,0.0009482997977485336
0.02079020569678899,0.01561779670116437,0.001289740166468739
0.02079438569678899,0.01184571808256063,0.0006068594290283141
0.02079856569678899,0.0193898753197681,0.0002654190603080947
0.02080274569678899,0.01184571808256063,0.0009482997977485336
0.02080692569678899,0.01561779670116437,0.0006068594290283141
0.02081110569678899,0.01561779670116437,0.0009482997977485336
0.02081528569678899,0.01561779670116437,0.0006068594290283141
0.02081946569678899,0.01561779670116437,0.0009482997977485336
0.020823645696789,0.0193898753197681,0.0009482997977485336
0.020827825696789,0.01184571808256063,0.0006068594290283141
0.020832005696789,0.01561779670116437,0.0009482997977485336
0.02083618569678899,0.01561779670116437,0.001289740166468739
0.02084036569678899,0.01184571808256063,0.0009482997977485336
0.02084454569678899,0.01561779670116437,0.0006068594290283141
0.02084872569678899,0.01184571808256063,0.0006068594290283141
0.02085290569678899,0.0193898753197681,0.0009482997977485336
0.02085708569678899,0.01184571808256063,0.0006068594290283141
0.02086126569678899,0.01184571808256063,0.0009482997977485336
0.02086544569678899,0.01561779670116437,0.001289740166468739
0.02086962569678899,0.01184571808256063,0.0009482997977485336
0.020873805696789,0.01561779670116437,0.0009482997977485336
0.020877985696789,0.01561779670116437,0.0009482997977485336
0.020882165696789,0.01561779670116437,0.001289740166468739
0.020886345696789,0.01184571808256063,0.0006068594290283141
0.02089052569678899,0.0193898753197681,0.001289740166468739
0.02089470569678899,0.01561779670116437,0.0006068594290283141
0.02089888569678899,0.01184571808256063,0.001289740166468739
0.02090306569678899,0.01561779670116437,0.0009482997977485336
0.02090724569678899,0.01184571808256063,0.0009482997977485336
0.02091142569678899,0.0193898753197681,0.0009482997977485336
0.02091560569678899,0.008073639463956894,0.0009482997977485336
0.02091978569678899,0.01561779670116437,0.0009482997977485336
0.02092396569678899,0.01561779670116437,0.0009482997977485336
0.020928145696789,0.01561779670116437,0.001289740166468739
0.020932325696789,0.01184571808256063,0.0009482997977485336
0.020936505696789,0.0193898753197681,0.0009482997977485336
0.020940685696789,0.01561779670116437,0.001289740166468739
0.02094486569678899,0.01184571808256063,0.0006068594290283141
0.02094904569678899,0.01561779670116437,0.001289740166468739
0.02095322569678899,0.01561779670116437,0.0009482997977485336
0.02095740569678899,0.01561779670116437,0.0006068594290283141
0.02096158569678899,0.01561779670116437,0.001289740166468739
0.02096576569678899,0.01561779670116437,0.0009482997977485336
0.02096994569678899,0.0193898753197681,0.001289740166468739
0.02097412569678899,0.01184571808256063,0.0009482997977485336
0.02097830569678899,0.01561779670116437,0.0009482997977485336
0.020982485696789,0.01561779670116437,0.001289740166468739
0.020986665696789,0.01561779670116437,0.001289740166468739
0.020990845696789,0.01184571808256063,0.0009482997977485336
0.020995025696789,0.01184571808256063,0.001289740166468739
0.02099920569678899,0.01184571808256063,0.001289740166468739
0.02100338569678899,0.01184571808256063,0.0009482997977485336
0.02100756569678899,0.01561779670116437,0.0009482997977485336
0.02101174569678899,0.01184571808256063,0.0009482997977485336
0.02101592569678899,0.01561779670116437,0.0009482997977485336
0.02102010569678899,0.01184571808256063,0.001289740166468739
0.02102428569678899,0.01561779670116437,0.0006068594290283141
0.02102846569678899,0.01561779670116437,0.0009482997977485336
0.02103264569678899,0.01184571808256063,0.001289740166468739
0.021036825696789,0.0193898753197681,0.0009482997977485336
0.021041005696789,0.01561779670116437,0.0009482997977485336
0.021045185696789,0.01184571808256063,0.0009482997977485336
0.02104936569678899,0.01561779670116437,0.0006068594290283141
0.02105354569678899,0.01184571808256063,0.001289740166468739
0.02105772569678899,0.01184571808256063,0.0006068594290283141
0.02106190569678899,0.01561779670116437,0.001289740166468739
0.02106608569678899,0.01184571808256063,0.0009482997977485336
0.02107026569678899,0.01561779670116437,0.0009482997977485336
0.02107444569678899,0.0193898753197681,0.0009482997977485336
0.02107862569678899,0.008073639463956894,0.0009482997977485336
0.02108280569678899,0.01561779670116437,0.0009482997977485336
0.02108698569678899,0.01561779670116437,0.0006068594290283141
0.021091165696789,0.01184571808256063,0.0009482997977485336
0.021095345696789,0.01561779670116437,0.001289740166468739
0.021099525696789,0.01184571808256063,0.0009482997977485336
0.02110370569678899,0.01561779670116437,0.0009482997977485336
0.02110788569678899,0.01184571808256063,0.0006068594290283141
0.02111206569678899,0.01561779670116437,0.0009482997977485336
0.02111624569678899,0.01184571808256063,0.0006068594290283141
0.02112042569678899,0.0193898753197681,0.0006068594290283141
0.02112460569678899,0.01184571808256063,0.0009482997977485336
0.02112878569678899,0.0193898753197681,0.0009482997977485336
0.02113296569678899,0.0193898753197681,0.0009482997977485336
0.02113714569678899,0.01561779670116437,0.0009482997977485336
0.02114132569678899,0.01561779670116437,0.0006068594290283141
0.021145505696789,0.0193898753197681,0.0009482997977485336
0.021149685696789,0.01561779670116437,0.0009482997977485336
0.021153865696789,0.01561779670116437,0.0006068594290283141
0.02115804569678899,0.01561779670116437,0.0009482997977485336
0.02116222569678899,0.008073639463956894,0.0006068594290283141
0.02116640569678899,0.01184571808256063,0.0009482997977485336
0.02117058569678899,0.01561779670116437,0.0009482997977485336
0.02117476569678899,0.01184571808256063,0.0009482997977485336
0.02117894569678899,0.01184571808256063,0.0009482997977485336
0.02118312569678899,0.02316195393837184,0.0009482997977485336
0.02118730569678899,0.01184571808256063,0.001289740166468739
0.02119148569678899,0.01184571808256063,0.0009482997977485336
0.02119566569678899,0.01184571808256063,0.001289740166468739
0.021199845696789,0.02316195393837184,0.001289740166468739
0.021204025696789,0.01184571808256063,0.0006068594290283141
0.021208205696789,0.01184571808256063,0.0009482997977485336
0.02121238569678899,0.01561779670116437,0.001289740166468739
0.02121656569678899,0.01184571808256063,0.001631180535188959
0.02122074569678899,0.0193898753197681,0.0009482997977485336
0.02122492569678899,0.01184571808256063,0.0009482997977485336
0.02122910569678899,0.01561779670116437,0.0009482997977485336
0.02123328569678899,0.01561779670116437,0.0009482997977485336
0.021237465696789,0.01184571808256063,0.0009482997977485336
0.02124164569678899,0.01561779670116437,0.0006068594290283141
0.02124582569678899,0.0193898753197681,0.0006068594290283141
0.02125000569678899,0.01561779670116437,0.0009482997977485336
0.021254185696789,0.01561779670116437,0.001289740166468739
0.021258365696789,0.01561779670116437,0.0006068594290283141
0.021262545696789,0.01561779670116437,0.0009482997977485336
0.02126672569678899,0.01561779670116437,0.0009482997977485336
0.02127090569678899,0.0193898753197681,0.0009482997977485336
0.02127508569678899,0.008073639463956894,0.0009482997977485336
0.02127926569678899,0.01561779670116437,0.0009482997977485336
0.02128344569678899,0.01184571808256063,0.0009482997977485336
0.02128762569678899,0.01561779670116437,0.0009482997977485336
0.021291805696789,0.01561779670116437,0.0006068594290283141
0.02129598569678899,0.0193898753197681,0.0009482997977485336
0.02130016569678899,0.01561779670116437,0.0009482997977485336
0.02130434569678899,0.01561779670116437,0.0009482997977485336
0.021308525696789,0.01561779670116437,0.0006068594290283141
0.021312705696789,0.01184571808256063,0.0009482997977485336
0.021316885696789,0.01184571808256063,0.0009482997977485336
0.02132106569678899,0.01561779670116437,0.0006068594290283141
0.02132524569678899,0.01561779670116437,0.0009482997977485336
0.02132942569678899,0.01184571808256063,0.001289740166468739
0.02133360569678899,0.01561779670116437,0.0009482997977485336
0.02133778569678899,0.01561779670116437,0.0009482997977485336
0.02134196569678899,0.01184571808256063,0.001289740166468739
0.02134614569678899,0.01184571808256063,0.0009482997977485336
0.02135032569678899,0.01561779670116437,0.0009482997977485336
0.02135450569678899,0.01184571808256063,0.0009482997977485336
0.021358685696789,0.01561779670116437,0.001289740166468739
0.021362865696789,0.01561779670116437,0.0009482997977485336
0.021367045696789,0.01184571808256063,0.001289740166468739
0.021371225696789,0.01184571808256063,0.0009482997977485336
0.02137540569678899,0.01561779670116437,0.001289740166468739
0.02137958569678899,0.01184571808256063,0.0009482997977485336
0.02138376569678899,0.01561779670116437,0.0009482997977485336
0.02138794569678899,0.01561779670116437,0.0009482997977485336
0.02139212569678899,0.01184571808256063,0.001289740166468739
0.02139630569678899,0.0193898753197681,0.001289740166468739
0.02140048569678899,0.01561779670116437,0.0009482997977485336
0.02140466569678899,0.008073639463956894,0.001289740166468739
0.02140884569678899,0.0193898753197681,0.0009482997977485336
0.021413025696789,0.01561779670116437,0.001289740166468739
0.021417205696789,0.01561779670116437,0.0009482997977485336
0.021421385696789,0.01561779670116437,0.001289740166468739
0.021425565696789,0.01184571808256063,0.001289740166468739
0.02142974569678899,0.01561779670116437,0.0009482997977485336
0.02143392569678899,0.01561779670116437,0.001289740166468739
0.02143810569678899,0.01561779670116437,0.0009482997977485336
0.02144228569678899,0.01561779670116437,0.0006068594290283141
0.02144646569678899,0.01561779670116437,0.001289740166468739
0.02145064569678899,0.0193898753197681,0.0009482997977485336
0.02145482569678899,0.01561779670116437,0.0009482997977485336
0.02145900569678899,0.01561779670116437,0.0009482997977485336
0.02146318569678899,0.01561779670116437,0.0009482997977485336
0.021467365696789,0.0193898753197681,0.001289740166468739
0.021471545696789,0.0193898753197681,0.001289740166468739
0.021475725696789,0.01184571808256063,0.0006068594290283141
0.021479905696789,0.0193898753197681,0.0009482997977485336
0.02148408569678899,0.01184571808256063,0.0009482997977485336
0.02148826569678899,0.01184571808256063,0.001289740166468739
0.02149244569678899,0.0193898753197681,0.001289740166468739
0.02149662569678899,0.01561779670116437,0.001289740166468739
0.02150080569678899,0.01184571808256063,0.0009482997977485336
0.02150498569678899,0.0193898753197681,0.001289740166468739
0.02150916569678899,0.01561779670116437,0.001289740166468739
0.02151334569678899,0.0193898753197681,0.0009482997977485336
0.02151752569678899,0.0193898753197681,0.001289740166468739
0.021521705696789,0.01184571808256063,0.001289740166468739
0.021525885696789,0.01561779670116437,0.001289740166468739
0.021530065696789,0.01561779670116437,0.0009482997977485336
0.021534245696789,0.01561779670116437,0.001289740166468739
0.02153842569678899,0.01561779670116437,0.0009482997977485336
0.02154260569678899,0.0193898753197681,0.0009482997977485336
0.02154678569678899,0.008073639463956894,0.0009482997977485336
0.02155096569678899,0.01561779670116437,0.001289740166468739
0.02155514569678899,0.01561779670116437,0.0009482997977485336
0.02155932569678899,0.01184571808256063,0.0009482997977485336
0.02156350569678899,0.01561779670116437,0.0009482997977485336
0.02156768569678899,0.01561779670116437,0.0009482997977485336
0.02157186569678899,0.01561779670116437,0.0009482997977485336
0.021576045696789,0.01184571808256063,0.0009482997977485336
0.021580225696789,0.01561779670116437,0.0009482997977485336
0.021584405696789,0.01561779670116437,0.001289740166468739
0.02158858569678899,0.01184571808256063,0.001289740166468739
0.02159276569678899,0.01184571808256063,0.0009482997977485336
0.02159694569678899,0.01561779670116437,0.0009482997977485336
0.02160112569678899,0.01561779670116437,0.001289740166468739
0.02160530569678899,0.0193898753197681,0.001289740166468739
0.02160948569678899,0.01561779670116437,0.0009482997977485336
0.02161366569678899,0.01561779670116437,0.001289740166468739
0.02161784569678899,0.01561779670116437,0.0009482997977485336
0.02162202569678899,0.01561779670116437,0.0009482997977485336
0.02162620569678899,0.01184571808256063,0.001289740166468739
0.021630385696789,0.01561779670116437,0.0006068594290283141
0.021634565696789,0.0193898753197681,0.0006068594290283141
0.021638745696789,0.01561779670116437,0.0009482997977485336
0.02164292569678899,0.01561779670116437,0.001289740166468739
0.02164710569678899,0.01184571808256063,0.001289740166468739
0.02165128569678899,0.01184571808256063,0.0006068594290283141
0.02165546569678899,0.0193898753197681,0.001289740166468739
0.02165964569678899,0.01561779670116437,0.0006068594290283141
0.02166382569678899,0.01561779670116437,0.0009482997977485336
0.02166800569678899,0.01561779670116437,0.0009482997977485336
0.02167218569678899,0.01184571808256063,0.0009482997977485336
0.02167636569678899,0.01561779670116437,0.001289740166468739
0.02168054569678899,0.01561779670116437,0.0009482997977485336
0.021684725696789,0.01184571808256063,0.0009482997977485336
0.021688905696789,0.01561779670116437,0.0009482997977485336
0.021693085696789,0.01561779670116437,0.0009482997977485336
0.02169726569678899,0.0193898753197681,0.0009482997977485336
0.02170144569678899,0.01561779670116437,0.0009482997977485336
0.02170562569678899,0.01184571808256063,0.0009482997977485336
0.02170980569678899,0.01561779670116437,0.001289740166468739
0.02171398569678899,0.01561779670116437,0.0009482997977485336
0.02171816569678899,0.01184571808256063,0.0009482997977485336
0.021722345696789,0.01561779670116437,0.0009482997977485336
0.02172652569678899,0.01561779670116437,0.0009482997977485336
0.02173070569678899,0.02316195393837184,0.001289740166468739
0.02173488569678899,0.01184571808256063,0.0009482997977485336
0.021739065696789,0.0193898753197681,0.001289740166468739
0.021743245696789,0.01561779670116437,0.001289740166468739
0.021747425696789,0.01184571808256063,0.001289740166468739
0.02175160569678899,0.01561779670116437,0.0006068594290283141
0.02175578569678899,0.01184571808256063,0.0009482997977485336
0.02175996569678899,0.01561779670116437,0.001289740166468739
0.02176414569678899,0.01184571808256063,0.0009482997977485336
0.02176832569678899,0.01561779670116437,0.0009482997977485336
0.02177250569678899,0.0193898753197681,0.0009482997977485336
0.021776685696789,0.01561779670116437,0.001289740166468739
0.02178086569678899,0.01561779670116437,0.0009482997977485336
0.02178504569678899,0.0193898753197681,0.001289740166468739
0.02178922569678899,0.01561779670116437,0.001289740166468739
0.021793405696789,0.01184571808256063,0.0009482997977485336
0.021797585696789,0.01561779670116437,0.001289740166468739
0.021801765696789,0.01561779670116437,0.0009482997977485336
0.02180594569678899,0.01561779670116437,0.0006068594290283141
0.02181012569678899,0.01561779670116437,0.001289740166468739
0.02181430569678899,0.01561779670116437,0.001631180535188959
0.02181848569678899,0.01184571808256063,0.001289740166468739
0.02182266569678899,0.01561779670116437,0.0006068594290283141
0.02182684569678899,0.01561779670116437,0.001289740166468739
0.02183102569678899,0.0193898753197681,0.001289740166468739
0.02183520569678899,0.01184571808256063,0.001289740166468739
0.02183938569678899,0.01561779670116437,0.001289740166468739
0.021843565696789,0.01561779670116437,0.001289740166468739
0.021847745696789,0.01561779670116437,0.0009482997977485336
0.021851925696789,0.01561779670116437,0.0009482997977485336
0.021856105696789,0.01561779670116437,0.001289740166468739
0.02186028569678899,0.01561779670116437,0.0009482997977485336
0.02186446569678899,0.0193898753197681,0.001289740166468739
0.02186864569678899,0.01184571808256063,0.0009482997977485336
0.02187282569678899,0.008073639463956894,0.001289740166468739
0.02187700569678899,0.01561779670116437,0.001289740166468739
0.02188118569678899,0.01561779670116437,0.001289740166468739
0.02188536569678899,0.01184571808256063,0.001631180535188959
0.02188954569678899,0.01184571808256063,0.0009482997977485336
0.02189372569678899,0.01561779670116437,0.001289740166468739
0.021897905696789,0.01561779670116437,0.001289740166468739
0.021902085696789,0.01561779670116437,0.0009482997977485336
0.021906265696789,0.01561779670116437,0.0009482997977485336
0.021910445696789,0.01184571808256063,0.0009482997977485336
0.02191462569678899,0.0193898753197681,0.0009482997977485336
0.02191880569678899,0.01561779670116437,0.001289740166468739
0.02192298569678899,0.01561779670116437,0.001289740166468739
0.02192716569678899,0.0193898753197681,0.0006068594290283141
0.02193134569678899,0.01184571808256063,0.001289740166468739
0.02193552569678899,0.0193898753197681,0.0009482997977485336
0.02193970569678899,0.01561779670116437,0.001289740166468739
0.02194388569678899,0.01561779670116437,0.0009482997977485336
0.02194806569678899,0.01561779670116437,0.0009482997977485336
0.021952245696789,0.01561779670116437,0.0009482997977485336
0.021956425696789,0.01561779670116437,0.0009482997977485336
0.021960605696789,0.01561779670116437,0.001289740166468739
0.021964785696789,0.01184571808256063,0.0009482997977485336
0.02196896569678899,0.01184571808256063,0.0009482997977485336
0.02197314569678899,0.01184571808256063,0.001289740166468739
0.02197732569678899,0.01561779670116437,0.001289740166468739
0.02198150569678899,0.01561779670116437,0.0006068594290283141
0.02198568569678899,0.01561779670116437,0.0009482997977485336
0.02198986569678899,0.01561779670116437,0.0009482997977485336
0.02199404569678899,0.01184571808256063,0.0006068594290283141
0.02199822569678899,0.01184571808256063,0.0009482997977485336
0.02200240569678899,0.0193898753197681,0.001289740166468739
0.022006585696789,0.01561779670116437,0.0009482997977485336
0.022010765696789,0.01184571808256063,0.0009482997977485336
0.022014945696789,0.01561779670116437,0.0009482997977485336
0.022019125696789,0.01561779670116437,0.001289740166468739
0.02202330569678899,0.01561779670116437,0.0006068594290283141
0.02202748569678899,0.01561779670116437,0.001289740166468739
0.02203166569678899,0.01561779670116437,0.0009482997977485336
0.02203584569678899,0.01184571808256063,0.0009482997977485336
0.02204002569678899,0.0193898753197681,0.0009482997977485336
0.02204420569678899,0.01561779670116437,0.001289740166468739
0.02204838569678899,0.01561779670116437,0.0006068594290283141
0.02205256569678899,0.0193898753197681,0.0009482997977485336
0.02205674569678899,0.008073639463956894,0.0009482997977485336
0.022060925696789,0.01561779670116437,0.0009482997977485336
0.022065105696789,0.01561779670116437,0.0009482997977485336
0.022069285696789,0.01184571808256063,0.0009482997977485336
0.022073465696789,0.0193898753197681,0.001289740166468739
0.02207764569678899,0.01184571808256063,0.0009482997977485336
0.02208182569678899,0.0193898753197681,0.001289740166468739
0.02208600569678899,0.0193898753197681,0.0009482997977485336
0.02209018569678899,0.01184571808256063,0.0009482997977485336
0.02209436569678899,0.01561779670116437,0.001289740166468739
0.02209854569678899,0.01561779670116437,0.0009482997977485336
0.02210272569678899,0.0193898753197681,0.0009482997977485336
0.02210690569678899,0.01561779670116437,0.001289740166468739
0.02211108569678899,0.0193898753197681,0.0009482997977485336
0.022115265696789,0.01184571808256063,0.0009482997977485336
0.022119445696789,0.01561779670116437,0.0009482997977485336
0.022123625696789,0.01561779670116437,0.0009482997977485336
0.02212780569678899,0.0193898753197681,0.001289740166468739
0.02213198569678899,0.01561779670116437,0.001289740166468739
0.02213616569678899,0.0193898753197681,0.0006068594290283141
0.02214034569678899,0.0193898753197681,0.001289740166468739
0.02214452569678899,0.01184571808256063,0.0009482997977485336
0.02214870569678899,0.01561779670116437,0.0009482997977485336
0.02215288569678899,0.01561779670116437,0.001289740166468739
0.02215706569678899,0.01561779670116437,0.001289740166468739
0.02216124569678899,0.01561779670116437,0.001289740166468739
0.02216542569678899,0.01561779670116437,0.001631180535188959
0.022169605696789,0.01561779670116437,0.0009482997977485336
0.022173785696789,0.01561779670116437,0.0009482997977485336
0.022177965696789,0.01561779670116437,0.0009482997977485336
0.02218214569678899,0.01184571808256063,0.0009482997977485336
0.02218632569678899,0.01561779670116437,0.0009482997977485336
0.02219050569678899,0.01561779670116437,0.0009482997977485336
0.02219468569678899,0.01561779670116437,0.0009482997977485336
0.02219886569678899,0.01561779670116437,0.0009482997977485336
0.02220304569678899,0.01561779670116437,0.001289740166468739
0.022207225696789,0.01561779670116437,0.0006068594290283141
0.02221140569678899,0.008073639463956894,0.001289740166468739
0.02221558569678899,0.01184571808256063,0.0009482997977485336
0.02221976569678899,0.01561779670116437,0.0006068594290283141
0.022223945696789,0.01561779670116437,0.0009482997977485336
0.022228125696789,0.01184571808256063,0.0009482997977485336
0.022232305696789,0.01561779670116437,0.001289740166468739
0.02223648569678899,0.0193898753197681,0.0009482997977485336
0.02224066569678899,0.01561779670116437,0.001289740166468739
0.02224484569678899,0.01561779670116437,0.0009482997977485336
0.02224902569678899,0.01561779670116437,0.001289740166468739
0.02225320569678899,0.01561779670116437,0.0009482997977485336
0.02225738569678899,0.01184571808256063,0.001289740166468739
0.022261565696789,0.01561779670116437,0.0009482997977485336
0.02226574569678899,0.01561779670116437,0.0006068594290283141
0.02226992569678899,0.01184571808256063,0.0009482997977485336
0.02227410569678899,0.01184571808256063,0.0009482997977485336
0.022278285696789,0.01184571808256063,0.0006068594290283141
0.022282465696789,0.01561779670116437,0.001289740166468739
0.022286645696789,0.0193898753197681,0.0009482997977485336
0.02229082569678899,0.01184571808256063,0.0006068594290283141
0.02229500569678899,0.01561779670116437,0.0009482997977485336
0.02229918569678899,0.01561779670116437,0.001289740166468739
0.02230336569678899,0.01184571808256063,0.0009482997977485336
0.02230754569678899,0.01561779670116437,0.0009482997977485336
0.02231172569678899,0.01561779670116437,0.0009482997977485336
0.022315905696789,0.01561779670116437,0.0006068594290283141
0.02232008569678899,0.01184571808256063,0.0009482997977485336
0.02232426569678899,0.01561779670116437,0.001289740166468739
0.022328445696789,0.0193898753197681,0.001289740166468739
0.022332625696789,0.01561779670116437,0.0009482997977485336
0.022336805696789,0.01184571808256063,0.001289740166468739
0.022340985696789,0.01561779670116437,0.001289740166468739
0.02234516569678899,0.01561779670116437,0.001289740166468739
0.02234934569678899,0.01184571808256063,0.0006068594290283141
0.02235352569678899,0.01561779670116437,0.0009482997977485336
0.02235770569678899,0.01561779670116437,0.001631180535188959
0.02236188569678899,0.01561779670116437,0.0009482997977485336
0.02236606569678899,0.01561779670116437,0.0009482997977485336
0.02237024569678899,0.01561779670116437,0.0009482997977485336
0.02237442569678899,0.01561779670116437,0.0009482997977485336
0.02237860569678899,0.01561779670116437,0.001289740166468739
0.022382785696789,0.01561779670116437,0.0009482997977485336
0.022386965696789,0.01561779670116437,0.0009482997977485336
0.022391145696789,0.01561779670116437,0.0009482997977485336
0.022395325696789,0.01561779670116437,0.0006068594290283141
0.02239950569678899,0.01184571808256063,0.0009482997977485336
0.02240368569678899,0.01561779670116437,0.001631180535188959
0.02240786569678899,0.01184571808256063,0.0009482997977485336
0.02241204569678899,0.01561779670116437,0.001289740166468739
0.02241622569678899,0.0193898753197681,0.0009482997977485336
0.02242040569678899,0.01184571808256063,0.001289740166468739
0.02242458569678899,0.01561779670116437,0.001289740166468739
0.02242876569678899,0.01184571808256063,0.0009482997977485336
0.02243294569678899,0.01561779670116437,0.0009482997977485336
0.022437125696789,0.01561779670116437,0.0009482997977485336
0.022441305696789,0.01184571808256063,0.0009482997977485336
0.022445485696789,0.01561779670116437,0.0009482997977485336
0.022449665696789,0.01561779670116437,0.0009482997977485336
0.02245384569678899,0.01561779670116437,0.001289740166468739
0.02245802569678899,0.01184571808256063,0.0002654190603080947
0.02246220569678899,0.01561779670116437,0.0009482997977485336
0.02246638569678899,0.01561779670116437,0.0009482997977485336
0.02247056569678899,0.01184571808256063,0.0009482997977485336
0.02247474569678899,0.01184571808256063,0.001289740166468739
0.02247892569678899,0.01561779670116437,0.001289740166468739
0.02248310569678899,0.01184571808256063,0.0009482997977485336
0.02248728569678899,0.0193898753197681,0.0009482997977485336
0.02249146569678899,0.01561779670116437,0.0009482997977485336
0.02249564569678899,0.01561779670116437,0.001289740166468739
0.022499825696789,0.01561779670116437,0.001289740166468739
0.022504005696789,0.01184571808256063,0.0009482997977485336
0.02250818569678899,0.01184571808256063,0.001289740166468739
0.02251236569678899,0.01561779670116437,0.0006068594290283141
0.02251654569678899,0.01184571808256063,0.001289740166468739
0.02252072569678899,0.01561779670116437,0.001289740166468739
0.022524905696789,0.01561779670116437,0.0006068594290283141
0.022529085696789,0.01561779670116437,0.0009482997977485336
0.02253326569678899,0.01561779670116437,0.0009482997977485336
0.02253744569678899,0.01561779670116437,0.0009482997977485336
0.02254162569678899,0.01561779670116437,0.0009482997977485336
0.02254580569678899,0.0193898753197681,0.0006068594290283141
0.02254998569678899,0.01561779670116437,0.001289740166468739
0.022554165696789,0.01561779670116437,0.0006068594290283141
0.022558345696789,0.01561779670116437,0.0009482997977485336
0.02256252569678899,0.01561779670116437,0.001289740166468739
0.02256670569678899,0.01184571808256063,0.0009482997977485336
0.02257088569678899,0.01184571808256063,0.001289740166468739
0.02257506569678899,0.01561779670116437,0.0006068594290283141
0.022579245696789,0.01184571808256063,0.0009482997977485336
0.022583425696789,0.01561779670116437,0.001289740166468739
0.02258760569678899,0.01561779670116437,0.001289740166468739
0.02259178569678899,0.01184571808256063,0.0006068594290283141
0.02259596569678899,0.01561779670116437,0.0009482997977485336
0.02260014569678899,0.01561779670116437,0.0009482997977485336
0.02260432569678899,0.01561779670116437,0.0009482997977485336
0.022608505696789,0.01184571808256063,0.0006068594290283141
0.02261268569678899,0.01561779670116437,0.001289740166468739
0.02261686569678899,0.01184571808256063,0.0006068594290283141
0.02262104569678899,0.0193898753197681,0.0009482997977485336
0.02262522569678899,0.01561779670116437,0.001289740166468739
0.02262940569678899,0.01184571808256063,0.0009482997977485336
0.022633585696789,0.01184571808256063,0.0009482997977485336
0.022637765696789,0.01184571808256063,0.0009482997977485336
0.02264194569678899,0.01561779670116437,0.0009482997977485336
0.02264612569678899,0.0193898753197681,0.001289740166468739
0.02265030569678899,0.01561779670116437,0.0009482997977485336
0.02265448569678899,0.0193898753197681,0.0009482997977485336
0.022658665696789,0.01184571808256063,0.0009482997977485336
0.022662845696789,0.01561779670116437,0.0009482997977485336
0.02266702569678899,0.01561779670116437,0.0009482997977485336
0.02267120569678899,0.01561779670116437,0.0009482997977485336
0.02267538569678899,0.0193898753197681,0.0009482997977485336
0.02267956569678899,0.01184571808256063,0.001289740166468739
0.02268374569678899,0.01184571808256063,0.0009482997977485336
0.022687925696789,0.01561779670116437,0.001289740166468739
0.022692105696789,0.01561779670116437,0.0009482997977485336
0.02269628569678899,0.0193898753197681,0.0009482997977485336
0.02270046569678899,0.01184571808256063,0.001289740166468739
0.02270464569678899,0.01184571808256063,0.0009482997977485336
0.02270882569678899,0.01184571808256063,0.0009482997977485336
0.022713005696789,0.01561779670116437,0.0009482997977485336
0.022717185696789,0.01184571808256063,0.0009482997977485336
0.02272136569678899,0.01561779670116437,0.001289740166468739
0.02272554569678899,0.01561779670116437,0.0006068594290283141
0.02272972569678899,0.0193898753197681,0.0009482997977485336
0.02273390569678899,0.01184571808256063,0.0009482997977485336
0.02273808569678899,0.01184571808256063,0.0009482997977485336
0.022742265696789,0.01561779670116437,0.0006068594290283141
0.022746445696789,0.01184571808256063,0.0006068594290283141
0.02275062569678899,0.01561779670116437,0.0009482997977485336
0.02275480569678899,0.01561779670116437,0.001289740166468739
0.02275898569678899,0.01184571808256063,0.0006068594290283141
0.02276316569678899,0.0193898753197681,0.0006068594290283141
0.022767345696789,0.01561779670116437,0.0009482997977485336
0.022771525696789,0.0193898753197681,0.0006068594290283141
0.02277570569678899,0.01561779670116437,0.001289740166468739
0.02277988569678899,0.0193898753197681,0.001289740166468739
0.02278406569678899,0.01184571808256063,0.0006068594290283141
0.02278824569678899,0.0193898753197681,0.0009482997977485336
0.02279242569678899,0.01561779670116437,0.0009482997977485336
0.022796605696789,0.01184571808256063,0.0009482997977485336
0.022800785696789,0.01561779670116437,0.0009482997977485336
0.02280496569678899,0.01561779670116437,0.0009482997977485336
0.02280914569678899,0.01184571808256063,0.0006068594290283141
0.02281332569678899,0.01561779670116437,0.0009482997977485336
0.02281750569678899,0.01184571808256063,0.0009482997977485336
0.022821685696789,0.01561779670116437,0.0006068594290283141
0.022825865696789,0.01561779670116437,0.001289740166468739
0.02283004569678899,0.01561779670116437,0.0009482997977485336
0.02283422569678899,0.01184571808256063,0.0009482997977485336
0.02283840569678899,0.0193898753197681,0.0009482997977485336
0.02284258569678899,0.01184571808256063,0.0006068594290283141
0.02284676569678899,0.01184571808256063,0.0006068594290283141
0.022850945696789,0.01561779670116437,0.0006068594290283141
0.02285512569678899,0.0193898753197681,0.0009482997977485336
0.02285930569678899,0.01561779670116437,0.0006068594290283141
0.02286348569678899,0.01561779670116437,0.0009482997977485336
0.02286766569678899,0.01561779670116437,0.0006068594290283141
0.02287184569678899,0.01561779670116437,0.001289740166468739
0.022876025696789,0.01561779670116437,0.0009482997977485336
0.022880205696789,0.01561779670116437,0.001289740166468739
0.02288438569678899,0.01561779670116437,0.0006068594290283141
0.02288856569678899,0.0193898753197681,0.001289740166468739
0.02289274569678899,0.01561779670116437,0.0006068594290283141
0.02289692569678899,0.01184571808256063,0.001289740166468739
0.022901105696789,0.01561779670116437,0.0009482997977485336
0.022905285696789,0.01184571808256063,0.0009482997977485336
0.02290946569678899,0.01184571808256063,0.0009482997977485336
0.02291364569678899,0.01561779670116437,0.0009482997977485336
0.02291782569678899,0.01561779670116437,0.0009482997977485336
0.02292200569678899,0.01184571808256063,0.0009482997977485336
0.02292618569678899,0.0193898753197681,0.001289740166468739
0.022930365696789,0.01561779670116437,0.0009482997977485336
0.022934545696789,0.01561779670116437,0.0009482997977485336
0.02293872569678899,0.01561779670116437,0.0009482997977485336
0.02294290569678899,0.01561779670116437,0.0009482997977485336
0.02294708569678899,0.01184571808256063,0.001289740166468739
0.02295126569678899,0.01184571808256063,0.0009482997977485336
0.022955445696789,0.01561779670116437,0.001289740166468739
0.022959625696789,0.01184571808256063,0.0009482997977485336
0.02296380569678899,0.01561779670116437,0.0009482997977485336
0.02296798569678899,0.01184571808256063,0.001289740166468739
0.02297216569678899,0.01561779670116437,0.001631180535188959
0.02297634569678899,0.01184571808256063,0.001289740166468739
0.02298052569678899,0.0193898753197681,0.0009482997977485336
0.022984705696789,0.01561779670116437,0.001289740166468739
0.022988885696789,0.0193898753197681,0.0009482997977485336
0.02299306569678899,0.01184571808256063,0.0009482997977485336
0.02299724569678899,0.01561779670116437,0.001289740166468739
0.02300142569678899,0.01184571808256063,0.0006068594290283141
0.02300560569678899,0.01184571808256063,0.001289740166468739
0.023009785696789,0.01561779670116437,0.0009482997977485336
0.023013965696789,0.01184571808256063,0.001289740166468739
0.02301814569678899,0.01184571808256063,0.001289740166468739
0.02302232569678899,0.01184571808256063,0.001289740166468739
0.02302650569678899,0.0193898753197681,0.0006068594290283141
0.02303068569678899,0.01184571808256063,0.001289740166468739
0.02303486569678899,0.01184571808256063,0.001289740166468739
0.023039045696789,0.02316195393837184,0.0009482997977485336
0.023043225696789,0.01561779670116437,0.001289740166468739
0.02304740569678899,0.01184571808256063,0.0009482997977485336
0.02305158569678899,0.01184571808256063,0.0009482997977485336
0.02305576569678899,0.01561779670116437,0.0009482997977485336
0.02305994569678899,0.01561779670116437,0.0009482997977485336
0.023064125696789,0.01561779670116437,0.0009482997977485336
0.023068305696789,0.01561779670116437,0.0009482997977485336
0.02307248569678899,0.0193898753197681,0.001289740166468739
0.02307666569678899,0.01184571808256063,0.0006068594290283141
0.02308084569678899,0.01184571808256063,0.0009482997977485336
0.02308502569678899,0.01184571808256063,0.001289740166468739
0.02308920569678899,0.01184571808256063,0.0006068594290283141
0.023093385696789,0.01561779670116437,0.0009482997977485336
0.023097565696789,0.01561779670116437,0.0009482997977485336
0.02310174569678899,0.0193898753197681,0.0006068594290283141
0.02310592569678899,0.01561779670116437,0.001289740166468739
0.02311010569678899,0.01184571808256063,0.001289740166468739
0.02311428569678899,0.01184571808256063,0.0009482997977485336
0.023118465696789,0.01561779670116437,0.001631180535188959
0.023122645696789,0.01561779670116437,0.0009482997977485336
0.02312682569678899,0.01184571808256063,0.0009482997977485336
0.02313100569678899,0.01561779670116437,0.0009482997977485336
0.02313518569678899,0.0193898753197681,0.001289740166468739
0.02313936569678899,0.01561779670116437,0.0009482997977485336
0.023143545696789,0.01184571808256063,0.0009482997977485336
0.023147725696789,0.01561779670116437,0.0009482997977485336
0.02315190569678899,0.01561779670116437,0.001289740166468739
0.02315608569678899,0.01561779670116437,0.0009482997977485336
0.02316026569678899,0.01561779670116437,0.0009482997977485336
0.02316444569678899,0.01184571808256063,0.001289740166468739
0.02316862569678899,0.01184571808256063,0.0006068594290283141
0.023172805696789,0.0193898753197681,0.001289740166468739
0.023176985696789,0.01184571808256063,0.0009482997977485336
0.02318116569678899,0.0193898753197681,0.0009482997977485336
0.02318534569678899,0.008073639463956894,0.0009482997977485336
0.02318952569678899,0.01561779670116437,0.001289740166468739
0.02319370569678899,0.01561779670116437,0.0009482997977485336
0.023197885696789,0.01561779670116437,0.0009482997977485336
0.023202065696789,0.01184571808256063,0.0009482997977485336
0.02320624569678899,0.01561779670116437,0.0009482997977485336
0.02321042569678899,0.01184571808256063,0.0009482997977485336
0.02321460569678899,0.0193898753197681,0.001289740166468739
0.02321878569678899,0.01561779670116437,0.0009482997977485336
0.02322296569678899,0.0193898753197681,0.0006068594290283141
0.023227145696789,0.01561779670116437,0.0009482997977485336
0.023231325696789,0.01561779670116437,0.0009482997977485336
0.02323550569678899,0.01184571808256063,0.0009482997977485336
0.02323968569678899,0.0193898753197681,0.001289740166468739
0.02324386569678899,0.0193898753197681,0.0006068594290283141
0.02324804569678899,0.01561779670116437,0.0009482997977485336
0.023252225696789,0.01184571808256063,0.001289740166468739
0.023256405696789,0.01561779670116437,0.001289740166468739
0.02326058569678899,0.01561779670116437,0.001289740166468739
0.02326476569678899,0.01561779670116437,0.0009482997977485336
0.02326894569678899,0.01184571808256063,0.001289740166468739
0.02327312569678899,0.01184571808256063,0.0009482997977485336
0.02327730569678899,0.01561779670116437,0.001289740166468739
0.023281485696789,0.0193898753197681,0.0006068594290283141
0.023285665696789,0.01561779670116437,0.001289740166468739
0.02328984569678899,0.01184571808256063,0.001289740166468739
0.02329402569678899,0.01561779670116437,0.0009482997977485336
0.02329820569678899,0.01561779670116437,0.001289740166468739
0.02330238569678899,0.0193898753197681,0.0009482997977485336
0.023306565696789,0.01561779670116437,0.0009482997977485336
0.023310745696789,0.01184571808256063,0.001289740166468739
0.02331492569678899,0.01561779670116437,0.0009482997977485336
0.02331910569678899,0.01561779670116437,0.0006068594290283141
0.02332328569678899,0.01561779670116437,0.001289740166468739
0.02332746569678899,0.01561779670116437,0.0009482997977485336
0.02333164569678899,0.01561779670116437,0.001289740166468739
0.023335825696789,0.01184571808256063,0.0009482997977485336
0.023340005696789,0.01184571808256063,0.0009482997977485336
0.02334418569678899,0.01561779670116437,0.001289740166468739
0.02334836569678899,0.01561779670116437,0.0009482997977485336
0.02335254569678899,0.01561779670116437,0.0009482997977485336
0.02335672569678899,0.01184571808256063,0.0009482997977485336
0.023360905696789,0.01184571808256063,0.0009482997977485336
0.023365085696789,0.0193898753197681,0.0009482997977485336
0.02336926569678899,0.01561779670116437,0.0009482997977485336
0.02337344569678899,0.01561779670116437,0.0009482997977485336
0.02337762569678899,0.01561779670116437,0.0009482997977485336
0.02338180569678899,0.01184571808256063,0.0006068594290283141
0.023385985696789,0.01561779670116437,0.001289740166468739
0.023390165696789,0.01561779670116437,0.0006068594290283141
0.02339434569678899,0.01561779670116437,0.0006068594290283141
0.02339852569678899,0.01184571808256063,0.0009482997977485336
0.02340270569678899,0.01561779670116437,0.001289740166468739
0.02340688569678899,0.01184571808256063,0.0006068594290283141
0.02341106569678899,0.01184571808256063,0.0009482997977485336
0.023415245696789,0.0193898753197681,0.001289740166468739
0.023419425696789,0.01561779670116437,0.0009482997977485336
0.02342360569678899,0.01561779670116437,0.0006068594290283141
0.02342778569678899,0.01561779670116437,0.0009482997977485336
0.02343196569678899,0.01561779670116437,0.001289740166468739
0.02343614569678899,0.01561779670116437,0.0009482997977485336
0.023440325696789,0.01561779670116437,0.0006068594290283141
0.023444505696789,0.01561779670116437,0.0009482997977485336
0.02344868569678899,0.0193898753197681,0.0009482997977485336
0.02345286569678899,0.01184571808256063,0.001289740166468739
0.02345704569678899,0.0193898753197681,0.0009482997977485336
0.02346122569678899,0.01561779670116437,0.0006068594290283141
0.02346540569678899,0.01561779670116437,0.0009482997977485336
0.023469585696789,0.01184571808256063,0.0009482997977485336
0.023473765696789,0.01561779670116437,0.0009482997977485336
0.02347794569678899,0.01561779670116437,0.0009482997977485336
0.02348212569678899,0.01561779670116437,0.0009482997977485336
0.02348630569678899,0.01184571808256063,0.001289740166468739
0.02349048569678899,0.01561779670116437,0.0009482997977485336
0.023494665696789,0.01561779670116437,0.0009482997977485336
0.023498845696789,0.01561779670116437,0.0006068594290283141
0.02350302569678899,0.01561779670116437,0.0009482997977485336
0.02350720569678899,0.01184571808256063,0.0006068594290283141
0.02351138569678899,0.01184571808256063,0.001289740166468739
0.02351556569678899,0.0193898753197681,0.0009482997977485336
0.02351974569678899,0.01561779670116437,0.0009482997977485336
0.023523925696789,0.0193898753197681,0.0006068594290283141
0.023528105696789,0.01184571808256063,0.0006068594290283141
0.02353228569678899,0.008073639463956894,0.001289740166468739
0.02353646569678899,0.01561779670116437,0.0009482997977485336
0.02354064569678899,0.01561779670116437,0.0009482997977485336
0.02354482569678899,0.01184571808256063,0.0009482997977485336
0.023549005696789,0.01561779670116437,0.0006068594290283141
0.023553185696789,0.01561779670116437,0.001289740166468739
0.02355736569678899,0.008073639463956894,0.0009482997977485336
0.02356154569678899,0.01561779670116437,0.001289740166468739
0.02356572569678899,0.01184571808256063,0.0006068594290283141
0.02356990569678899,0.0193898753197681,0.001289740166468739
0.02357408569678899,0.01184571808256063,0.0009482997977485336
0.023578265696789,0.01561779670116437,0.0009482997977485336
0.023582445696789,0.01184571808256063,0.0009482997977485336
0.02358662569678899,0.01184571808256063,0.0009482997977485336
0.02359080569678899,0.01184571808256063,0.001289740166468739
0.02359498569678899,0.01561779670116437,0.0009482997977485336
0.02359916569678899,0.01561779670116437,0.0009482997977485336
0.023603345696789,0.01561779670116437,0.0009482997977485336
0.023607525696789,0.008073639463956894,0.0009482997977485336
0.02361170569678899,0.01561779670116437,0.001289740166468739
0.02361588569678899,0.01561779670116437,0.0009482997977485336
0.02362006569678899,0.01184571808256063,0.0009482997977485336
0.02362424569678899,0.0193898753197681,0.0009482997977485336
0.023628425696789,0.01184571808256063,0.0009482997977485336
0.023632605696789,0.01561779670116437,0.001289740166468739
0.02363678569678899,0.01561779670116437,0.0009482997977485336
0.02364096569678899,0.01561779670116437,0.0009482997977485336
0.02364514569678899,0.0193898753197681,0.0006068594290283141
0.02364932569678899,0.01561779670116437,0.0009482997977485336
0.02365350569678899,0.0193898753197681,0.001289740166468739
0.023657685696789,0.01184571808256063,0.0006068594290283141
0.023661865696789,0.01561779670116437,0.0009482997977485336
0.02366604569678899,0.0193898753197681,0.0009482997977485336
0.02367022569678899,0.01561779670116437,0.0009482997977485336
0.02367440569678899,0.01184571808256063,0.0009482997977485336
0.02367858569678899,0.0193898753197681,0.001289740166468739
0.023682765696789,0.01561779670116437,0.0009482997977485336
0.023686945696789,0.01561779670116437,0.0006068594290283141
0.02369112569678899,0.0193898753197681,0.001289740166468739
0.02369530569678899,0.01184571808256063,0.0006068594290283141
0.02369948569678899,0.01561779670116437,0.001289740166468739
0.02370366569678899,0.01561779670116437,0.0009482997977485336
0.02370784569678899,0.01561779670116437,0.0009482997977485336
0.023712025696789,0.008073639463956894,0.0009482997977485336
0.023716205696789,0.01184571808256063,0.001289740166468739
0.02372038569678899,0.01561779670116437,0.0009482997977485336
0.02372456569678899,0.01561779670116437,0.001289740166468739
0.02372874569678899,0.01561779670116437,0.001289740166468739
0.02373292569678899,0.01561779670116437,0.0009482997977485336
0.023737105696789,0.01561779670116437,0.001289740166468739
0.023741285696789,0.01184571808256063,0.0006068594290283141
0.02374546569678899,0.0193898753197681,0.001289740166468739
0.02374964569678899,0.01561779670116437,0.0009482997977485336
0.02375382569678899,0.01561779670116437,0.001289740166468739
0.02375800569678899,0.01184571808256063,0.0009482997977485336
0.02376218569678899,0.01561779670116437,0.0009482997977485336
0.023766365696789,0.01561779670116437,0.0006068594290283141
0.023770545696789,0.01561779670116437,0.0009482997977485336
0.02377472569678899,0.01561779670116437,0.0009482997977485336
0.02377890569678899,0.008073639463956894,0.0009482997977485336
0.02378308569678899,0.01184571808256063,0.0009482997977485336
0.02378726569678899,0.01184571808256063,0.001289740166468739
0.023791445696789,0.01184571808256063,0.0006068594290283141
0.023795625696789,0.01561779670116437,0.001289740166468739
0.02379980569678899,0.01184571808256063,0.0009482997977485336
0.02380398569678899,0.01561779670116437,0.0009482997977485336
0.02380816569678899,0.01184571808256063,0.001289740166468739
0.02381234569678899,0.01561779670116437,0.001289740166468739
0.02381652569678899,0.0193898753197681,0.0006068594290283141
0.023820705696789,0.01561779670116437,0.001289740166468739
0.023824885696789,0.01561779670116437,0.0009482997977485336
0.02382906569678899,0.01184571808256063,0.0009482997977485336
0.02383324569678899,0.01561779670116437,0.0009482997977485336
0.02383742569678899,0.01184571808256063,0.0009482997977485336
0.02384160569678899,0.0193898753197681,0.0006068594290283141
0.023845785696789,0.01561779670116437,0.0009482997977485336
0.023849965696789,0.01561779670116437,0.0009482997977485336
0.02385414569678899,0.01561779670116437,0.001289740166468739
0.02385832569678899,0.01184571808256063,0.0009482997977485336
0.02386250569678899,0.01561779670116437,0.0009482997977485336
0.02386668569678899,0.01561779670116437,0.0009482997977485336
0.023870865696789,0.0193898753197681,0.001289740166468739
0.023875045696789,0.01561779670116437,0.0006068594290283141
0.023879225696789,0.01561779670116437,0.0009482997977485336
0.02388340569678899,0.01184571808256063,0.0009482997977485336
0.02388758569678899,0.01561779670116437,0.0006068594290283141
0.02389176569678899,0.01561779670116437,0.001289740166468739
0.02389594569678899,0.01561779670116437,0.001289740166468739
0.023900125696789,0.01561779670116437,0.0009482997977485336
0.023904305696789,0.01184571808256063,0.0009482997977485336
0.02390848569678899,0.01184571808256063,0.001631180535188959
0.02391266569678899,0.01561779670116437,0.0009482997977485336
0.02391684569678899,0.01184571808256063,0.0009482997977485336
0.02392102569678899,0.01561779670116437,0.0009482997977485336
0.023925205696789,0.01561779670116437,0.0006068594290283141
0.023929385696789,0.01184571808256063,0.0009482997977485336
0.02393356569678899,0.01184571808256063,0.0009482997977485336
0.02393774569678899,0.0193898753197681,0.0009482997977485336
0.02394192569678899,0.01184571808256063,0.001289740166468739
0.02394610569678899,0.01561779670116437,0.0006068594290283141
0.02395028569678899,0.01561779670116437,0.0009482997977485336
0.023954465696789,0.01184571808256063,0.0009482997977485336
0.023958645696789,0.01184571808256063,0.0006068594290283141
0.02396282569678899,0.01561779670116437,0.001631180535188959
0.02396700569678899,0.01561779670116437,0.0006068594290283141
0.02397118569678899,0.01561779670116437,0.001289740166468739
0.02397536569678899,0.01561779670116437,0.0009482997977485336
