Time (s),Channel 1 (V),Channel 2 (V)
-1.370917770611085,3.021964455728313,0.001972620903909164
-1.370444060611085,3.021964455728313,0.001972620903909164
-1.369970350611085,3.021964455728313,0.001631180535188959
-1.369496640611085,3.021964455728313,0.001631180535188959
-1.369022930611085,3.021964455728313,0.001289740166468739
-1.368549220611085,3.021964455728313,0.001289740166468739
-1.368075510611085,3.021964455728313,0.001289740166468739
-1.367601800611085,3.021964455728313,0.0009482997977485336
-1.367128090611085,3.021964455728313,0.001289740166468739
-1.366654380611085,3.021964455728313,0.001289740166468739
-1.366180670611085,3.021964455728313,0.0009482997977485336
-1.365706960611085,3.021964455728313,0.0009482997977485336
-1.365233250611085,3.021964455728313,0.0006068594290283141
-1.364759540611085,3.021964455728313,0.0006068594290283141
-1.364285830611085,3.021964455728313,0.0006068594290283141
-1.363812120611085,3.021964455728313,0.0006068594290283141
-1.363338410611085,3.021964455728313,0.0006068594290283141
-1.362864700611085,3.021964455728313,0.0002654190603080947
-1.362390990611085,3.021964455728313,0.0002654190603080947
-1.361917280611085,3.021964455728313,0.0002654190603080947
-1.361443570611085,3.021964455728313,0.0002654190603080947
-1.360969860611085,3.021964455728313,0.0002654190603080947
-1.360496150611085,3.021964455728313,0.0006068594290283141
-1.360022440611085,3.021964455728313,0.0006068594290283141
-1.359548730611085,3.021964455728313,0.0002654190603080947
-1.359075020611085,3.021964455728313,0.0002654190603080947
-1.358601310611085,3.021964455728313,0.0002654190603080947
-1.358127600611085,3.021964455728313,0.0002654190603080947
-1.357653890611085,3.021964455728313,0.0006068594290283141
-1.357180180611085,3.021964455728313,0.0009482997977483783
-1.356706470611085,3.021964455728313,0.0009482997977485336
-1.356232760611085,3.021964455728313,0.0009482997977485336
-1.355759050611085,3.021964455728313,0.001289740166468739
-1.355285340611085,3.021964455728313,0.001289740166468739
-1.354811630611085,3.021964455728313,0.001289740166468739
-1.354337920611085,3.021964455728313,0.001631180535188959
-1.353864210611085,3.021964455728313,0.001289740166468739
-1.353390500611085,3.021964455728313,0.001631180535188959
-1.352916790611085,3.021964455728313,0.001631180535188959
-1.352443080611085,3.021964455728313,0.001631180535188959
-1.351969370611085,3.021964455728313,0.001972620903909164
-1.351495660611085,3.021964455728313,0.001972620903909164
-1.351021950611085,3.021964455728313,0.001972620903909164
-1.350548240611085,3.021964455728313,0.001972620903909164
-1.350074530611085,3.021964455728313,0.001972620903909164
-1.349600820611085,3.021964455728313,0.001631180535188959
-1.349127110611085,3.021964455728313,0.001631180535188959
-1.348653400611085,3.021964455728313,0.001631180535188959
-1.348179690611085,3.021964455728313,0.001631180535188959
-1.347705980611085,3.021964455728313,0.001289740166468739
-1.347232270611085,3.021964455728313,0.001289740166468739
-1.346758560611085,3.021964455728313,0.0009482997977485336
-1.346284850611085,3.021964455728313,0.0009482997977485336
-1.345811140611085,3.021964455728313,0.0009482997977485336
-1.345337430611085,3.021964455728313,0.0009482997977485336
-1.344863720611085,3.021964455728313,0.0006068594290283141
-1.344390010611085,3.021964455728313,0.0002654190603080947
-1.343916300611085,3.021964455728313,0.0006068594290283141
-1.343442590611085,3.021964455728313,0.0006068594290283141
-1.342968880611085,3.021964455728313,0.0002654190603080947
-1.342495170611085,3.021964455728313,0.0002654190603080947
-1.342021460611085,3.021964455728313,0.0002654190603080947
-1.341547750611085,3.021964455728313,0.0002654190603080947
-1.341074040611085,3.021964455728313,0.0002654190603080947
-1.340600330611085,3.021964455728313,0.0002654190603080947
-1.340126620611085,3.021964455728313,0.0006068594290283141
-1.339652910611085,3.021964455728313,0.0002654190603080947
-1.339179200611085,3.021964455728313,0.0002654190603080947
-1.338705490611085,3.021964455728313,0.0002654190603080947
-1.338231780611085,3.021964455728313,0.0002654190603080947
-1.337758070611085,3.021964455728313,0.0006068594290283141
-1.337284360611085,3.021964455728313,0.0006068594290283141
-1.336810650611085,3.021964455728313,0.0006068594290283141
-1.336336940611085,3.021964455728313,0.0009482997977485336
-1.335863230611085,3.021964455728313,0.0009482997977485336
-1.335389520611085,3.021964455728313,0.0009482997977485336
-1.334915810611085,3.021964455728313,0.001289740166468739
-1.334442100611085,3.021964455728313,0.001631180535188959
-1.333968390611085,3.021964455728313,0.001631180535188959
-1.333494680611085,3.021964455728313,0.001631180535188959
-1.333020970611085,3.021964455728313,0.001972620903909164
-1.332547260611085,3.021964455728313,0.001972620903909164
-1.332073550611085,3.021964455728313,0.001972620903909164
-1.331599840611085,3.021964455728313,0.001972620903909164
-1.331126130611085,3.021964455728313,0.001972620903909164
-1.330652420611085,3.021964455728313,0.001631180535188959
-1.330178710611085,3.021964455728313,0.001631180535188959
-1.329705000611085,3.021964455728313,0.001631180535188959
-1.329231290611085,3.021964455728313,0.001631180535188959
-1.328757580611085,3.021964455728313,0.001289740166468739
-1.328283870611085,3.021964455728313,0.001289740166468739
-1.327810160611085,3.021964455728313,0.001289740166468584
-1.327336450611085,3.021964455728313,0.0009482997977485336
-1.326862740611085,3.021964455728313,0.001289740166468739
-1.326389030611085,3.021964455728313,0.001289740166468739
-1.325915320611085,3.021964455728313,0.0009482997977485336
-1.325441610611085,3.021964455728313,0.0009482997977485336
-1.324967900611085,3.021964455728313,0.0006068594290283141
-1.324494190611085,3.021964455728313,0.0006068594290283141
-1.324020480611085,3.021964455728313,0.0006068594290283141
-1.323546770611085,3.021964455728313,0.0006068594290283141
-1.323073060611085,3.021964455728313,0.0006068594290283141
-1.322599350611085,3.021964455728313,0.0006068594290283141
-1.322125640611085,3.021964455728313,0.0006068594290283141
-1.321651930611085,3.021964455728313,0.0002654190603080947
-1.321178220611085,3.021964455728313,0.0002654190603080947
-1.320704510611085,3.021964455728313,0.0002654190603080947
-1.320230800611085,3.021964455728313,0.0006068594290283141
-1.319757090611085,3.021964455728313,0.0002654190603080947
-1.319283380611085,3.021964455728313,0.0002654190603080947
-1.318809670611085,3.021964455728313,0.0002654190603080947
-1.318335960611085,3.021964455728313,0.0002654190603080947
-1.317862250611085,3.021964455728313,0.0006068594290283141
-1.317388540611085,3.021964455728313,0.0006068594290283141
-1.316914830611085,3.021964455728313,0.0009482997977485336
-1.316441120611085,3.021964455728313,0.0009482997977485336
-1.315967410611085,3.021964455728313,0.0009482997977485336
-1.315493700611085,3.021964455728313,0.0009482997977485336
-1.315019990611085,3.021964455728313,0.001289740166468739
-1.314546280611085,3.021964455728313,0.001289740166468739
-1.314072570611085,3.021964455728313,0.001631180535188959
-1.313598860611085,3.021964455728313,0.001631180535188959
-1.313125150611085,3.021964455728313,0.001972620903909009
-1.312651440611085,3.021964455728313,0.001631180535188959
-1.312177730611085,3.025736534346916,0.001631180535188959
-1.311704020611085,3.021964455728313,0.001631180535188959
-1.311230310611085,3.021964455728313,0.001972620903909164
-1.310756600611085,3.021964455728313,0.001972620903909164
-1.310282890611085,3.021964455728313,0.001972620903909164
-1.309809180611085,3.021964455728313,0.001631180535188959
-1.309335470611085,3.021964455728313,0.001631180535188959
-1.308861760611085,3.021964455728313,0.001631180535188959
-1.308388050611085,3.021964455728313,0.001631180535188959
-1.307914340611085,3.021964455728313,0.001289740166468739
-1.307440630611085,3.021964455728313,0.0009482997977485336
-1.306966920611085,3.021964455728313,0.0009482997977485336
-1.306493210611085,3.021964455728313,0.0009482997977485336
-1.306019500611085,3.021964455728313,0.0009482997977485336
-1.305545790611085,3.021964455728313,0.0009482997977485336
-1.305072080611085,3.021964455728313,0.0009482997977485336
-1.304598370611085,3.021964455728313,0.0006068594290283141
-1.304124660611085,3.021964455728313,0.0006068594290283141
-1.303650950611085,3.021964455728313,0.0006068594290283141
-1.303177240611085,3.021964455728313,0.0002654190603080947
-1.302703530611085,3.021964455728313,0.0002654190603080947
-1.302229820611085,3.021964455728313,0.0002654190603080947
-1.301756110611085,3.021964455728313,-7.602130841211086e-05
-1.301282400611085,3.021964455728313,-7.602130841211086e-05
-1.300808690611085,3.021964455728313,0.0002654190603080947
-1.300334980611085,3.021964455728313,0.0002654190603080947
-1.299861270611085,3.021964455728313,0.0002654190603080947
-1.299387560611085,3.021964455728313,0.0002654190603080947
-1.298913850611085,3.021964455728313,0.0006068594290283141
-1.298440140611085,3.021964455728313,0.0006068594290283141
-1.297966430611085,3.021964455728313,0.0006068594290283141
-1.297492720611085,3.021964455728313,0.0006068594290283141
-1.297019010611085,3.021964455728313,0.001289740166468739
-1.296545300611085,3.021964455728313,0.0009482997977485336
-1.296071590611085,3.021964455728313,0.0009482997977485336
-1.295597880611085,3.021964455728313,0.0009482997977485336
-1.295124170611085,3.021964455728313,0.001289740166468739
-1.294650460611085,3.021964455728313,0.001289740166468739
-1.294176750611085,3.021964455728313,0.001631180535188959
-1.293703040611085,3.021964455728313,0.001631180535188959
-1.293229330611085,3.021964455728313,0.001972620903909164
-1.292755620611085,3.021964455728313,0.001972620903909164
-1.292281910611085,3.021964455728313,0.001972620903909164
-1.291808200611085,3.021964455728313,0.001972620903909164
-1.291334490611085,3.021964455728313,0.001972620903909164
-1.290860780611085,3.021964455728313,0.001631180535188959
-1.290387070611085,3.021964455728313,0.001631180535188959
-1.289913360611085,3.021964455728313,0.001631180535188959
-1.289439650611085,3.021964455728313,0.001631180535188959
-1.288965940611085,3.021964455728313,0.001631180535188959
-1.288492230611085,3.021964455728313,0.001631180535188959
-1.288018520611085,3.021964455728313,0.001631180535188959
-1.287544810611085,3.021964455728313,0.001289740166468739
-1.287071100611085,3.021964455728313,0.001289740166468739
-1.286597390611085,3.021964455728313,0.001289740166468739
-1.286123680611085,3.021964455728313,0.001289740166468739
-1.285649970611085,3.021964455728313,0.0009482997977485336
-1.285176260611085,3.021964455728313,0.0009482997977485336
-1.284702550611085,3.021964455728313,0.0009482997977485336
-1.284228840611085,3.021964455728313,0.0006068594290283141
-1.283755130611085,3.021964455728313,0.0009482997977485336
-1.283281420611085,3.021964455728313,0.0006068594290283141
-1.282807710611085,3.021964455728313,0.0002654190603080947
-1.282334000611085,3.021964455728313,0.0002654190603080947
-1.281860290611085,3.021964455728313,0.0002654190603080947
-1.281386580611085,3.021964455728313,-7.602130841211086e-05
-1.280912870611085,3.021964455728313,-7.602130841211086e-05
-1.280439160611085,3.021964455728313,0.0002654190603080947
-1.279965450611085,3.021964455728313,0.0002654190603080947
-1.279491740611085,3.021964455728313,0.0002654190603080947
-1.279018030611085,3.021964455728313,0.0002654190603080947
-1.278544320611085,3.021964455728313,0.0002654190603080947
-1.278070610611085,3.021964455728313,0.0006068594290283141
-1.277596900611085,3.021964455728313,0.0009482997977485336
-1.277123190611085,3.021964455728313,0.0009482997977485336
-1.276649480611085,3.021964455728313,0.0009482997977485336
-1.276175770611085,3.021964455728313,0.0009482997977485336
-1.275702060611085,3.021964455728313,0.0009482997977485336
-1.275228350611085,3.021964455728313,0.001289740166468739
-1.274754640611085,3.021964455728313,0.001289740166468739
-1.274280930611085,3.021964455728313,0.001631180535188959
-1.273807220611085,3.021964455728313,0.001289740166468739
-1.273333510611085,3.021964455728313,0.001631180535188959
-1.272859800611085,3.021964455728313,0.001631180535188959
-1.272386090611085,3.021964455728313,0.001631180535188959
-1.271912380611085,3.021964455728313,0.001972620903909164
-1.271438670611085,3.025736534346916,0.001972620903909164
-1.270964960611085,3.025736534346916,0.001972620903909164
-1.270491250611085,3.025736534346916,0.001972620903909164
-1.270017540611085,3.021964455728313,0.001972620903909164
-1.269543830611085,3.021964455728313,0.001972620903909164
-1.269070120611085,3.021964455728313,0.001631180535188959
-1.268596410611085,3.021964455728313,0.001289740166468739
-1.268122700611085,3.021964455728313,0.001289740166468739
-1.267648990611085,3.021964455728313,0.0009482997977485336
-1.267175280611085,3.021964455728313,0.0009482997977485336
-1.266701570611085,3.021964455728313,0.0009482997977485336
-1.266227860611085,3.021964455728313,0.0009482997977485336
-1.265754150611085,3.021964455728313,0.001289740166468739
-1.265280440611085,3.021964455728313,0.0009482997977485336
-1.264806730611085,3.021964455728313,0.0009482997977485336
-1.264333020611085,3.021964455728313,0.0006068594290283141
-1.263859310611085,3.021964455728313,0.0006068594290283141
-1.263385600611085,3.021964455728313,0.0006068594290283141
-1.262911890611085,3.021964455728313,0.0002654190603080947
-1.262438180611085,3.021964455728313,0.0002654190603080947
-1.261964470611085,3.021964455728313,0.0002654190603080947
-1.261490760611085,3.021964455728313,-7.602130841211086e-05
-1.261017050611085,3.021964455728313,0.0002654190603080947
-1.260543340611085,3.021964455728313,0.0002654190603080947
-1.260069630611085,3.021964455728313,0.0002654190603080947
-1.259595920611085,3.021964455728313,0.0002654190603080947
-1.259122210611085,3.021964455728313,0.0006068594290283141
-1.258648500611085,3.021964455728313,0.0002654190603080947
-1.258174790611085,3.021964455728313,0.0006068594290283141
-1.257701080611085,3.021964455728313,0.0006068594290283141
-1.257227370611085,3.021964455728313,0.0006068594290283141
-1.256753660611085,3.021964455728313,0.0006068594290283141
-1.256279950611085,3.021964455728313,0.0006068594290283141
-1.255806240611085,3.021964455728313,0.0009482997977483783
-1.255332530611085,3.021964455728313,0.0009482997977485336
-1.254858820611085,3.021964455728313,0.001289740166468739
-1.254385110611085,3.021964455728313,0.001289740166468739
-1.253911400611085,3.021964455728313,0.001972620903909164
-1.253437690611085,3.021964455728313,0.001972620903909164
-1.252963980611085,3.021964455728313,0.001631180535188959
-1.252490270611085,3.021964455728313,0.001631180535188959
-1.252016560611085,3.021964455728313,0.001972620903909164
-1.251542850611085,3.021964455728313,0.001972620903909164
-1.251069140611085,3.021964455728313,0.001972620903909164
-1.250595430611085,3.021964455728313,0.001972620903909164
-1.250121720611085,3.021964455728313,0.001631180535188959
-1.249648010611085,3.021964455728313,0.001631180535188959
-1.249174300611085,3.021964455728313,0.001631180535188959
-1.248700590611085,3.021964455728313,0.001631180535188959
-1.248226880611085,3.021964455728313,0.001289740166468739
-1.247753170611085,3.021964455728313,0.001289740166468739
-1.247279460611085,3.021964455728313,0.0009482997977485336
-1.246805750611085,3.021964455728313,0.0009482997977485336
-1.246332040611085,3.021964455728313,0.0009482997977485336
-1.245858330611085,3.021964455728313,0.0009482997977485336
-1.245384620611085,3.021964455728313,0.0009482997977485336
-1.244910910611085,3.021964455728313,0.0006068594290283141
-1.244437200611085,3.021964455728313,0.0006068594290283141
-1.243963490611085,3.021964455728313,0.0006068594290283141
-1.243489780611085,3.021964455728313,0.0002654190603080947
-1.243016070611085,3.021964455728313,0.0002654190603080947
-1.242542360611085,3.021964455728313,0.0002654190603080947
-1.242068650611085,3.021964455728313,0.0002654190603080947
-1.241594940611085,3.021964455728313,0.0002654190603080947
-1.241121230611085,3.021964455728313,0.0002654190603080947
-1.240647520611085,3.021964455728313,0.0006068594290283141
-1.240173810611085,3.021964455728313,0.0006068594290283141
-1.239700100611085,3.021964455728313,0.0002654190603080947
-1.239226390611085,3.021964455728313,0.0002654190603080947
-1.238752680611085,3.021964455728313,0.0002654190603080947
-1.238278970611085,3.021964455728313,0.0002654190603080947
-1.237805260611085,3.021964455728313,0.0006068594290283141
-1.237331550611085,3.021964455728313,0.0006068594290283141
-1.236857840611085,3.021964455728313,0.0006068594290283141
-1.236384130611085,3.021964455728313,0.0009482997977485336
-1.235910420611085,3.021964455728313,0.0009482997977485336
-1.235436710611085,3.021964455728313,0.0009482997977485336
-1.234963000611085,3.021964455728313,0.001289740166468739
-1.234489290611085,3.021964455728313,0.001631180535188959
-1.234015580611085,3.021964455728313,0.001631180535188959
-1.233541870611085,3.021964455728313,0.001631180535188959
-1.233068160611085,3.021964455728313,0.001972620903909164
-1.232594450611085,3.021964455728313,0.001972620903909164
-1.232120740611085,3.021964455728313,0.001972620903909164
-1.231647030611085,3.021964455728313,0.001972620903909164
-1.231173320611085,3.021964455728313,0.001972620903909164
-1.230699610611085,3.021964455728313,0.001972620903909164
-1.230225900611085,3.021964455728313,0.001631180535188959
-1.229752190611085,3.021964455728313,0.001631180535188959
-1.229278480611085,3.025736534346916,0.001289740166468739
-1.228804770611085,3.021964455728313,0.001631180535188959
-1.228331060611085,3.021964455728313,0.001631180535188959
-1.227857350611085,3.021964455728313,0.001289740166468739
-1.227383640611085,3.021964455728313,0.001289740166468739
-1.226909930611085,3.021964455728313,0.001289740166468739
-1.226436220611085,3.021964455728313,0.0009482997977486888
-1.225962510611085,3.025736534346916,0.0009482997977485336
-1.225488800611085,3.021964455728313,0.0009482997977485336
-1.225015090611085,3.021964455728313,0.0009482997977485336
-1.224541380611085,3.021964455728313,0.0006068594290283141
-1.224067670611085,3.021964455728313,0.0006068594290283141
-1.223593960611085,3.021964455728313,0.0009482997977485336
-1.223120250611085,3.021964455728313,0.0006068594290283141
-1.222646540611085,3.021964455728313,0.0006068594290283141
-1.222172830611085,3.021964455728313,0.0002654190603080947
-1.221699120611085,3.021964455728313,0.0006068594290283141
-1.221225410611085,3.021964455728313,0.0002654190603080947
-1.220751700611085,3.021964455728313,0.0002654190603080947
-1.220277990611085,3.021964455728313,0.0002654190603080947
-1.219804280611085,3.021964455728313,-7.602130841211086e-05
-1.219330570611085,3.021964455728313,-7.602130841211086e-05
-1.218856860611085,3.021964455728313,0.0002654190603080947
-1.218383150611085,3.021964455728313,0.0002654190603080947
-1.217909440611085,3.021964455728313,0.0006068594290283141
-1.217435730611085,3.021964455728313,0.0009482997977485336
-1.216962020611085,3.021964455728313,0.0009482997977485336
-1.216488310611085,3.021964455728313,0.0009482997977485336
-1.216014600611085,3.021964455728313,0.0009482997977485336
-1.215540890611085,3.021964455728313,0.0009482997977485336
-1.215067180611085,3.021964455728313,0.001289740166468739
-1.214593470611085,3.021964455728313,0.001631180535188959
-1.214119760611085,3.021964455728313,0.001631180535188959
-1.213646050611085,3.021964455728313,0.001289740166468739
-1.213172340611085,3.021964455728313,0.001631180535188959
-1.212698630611085,3.021964455728313,0.001972620903909164
-1.212224920611085,3.021964455728313,0.001972620903909164
-1.211751210611085,3.021964455728313,0.001631180535189114
-1.211277500611085,3.021964455728313,0.001631180535188959
-1.210803790611085,3.021964455728313,0.001972620903909164
-1.210330080611085,3.021964455728313,0.001972620903909164
-1.209856370611085,3.021964455728313,0.001631180535188959
-1.209382660611085,3.025736534346916,0.001289740166468739
-1.208908950611085,3.021964455728313,0.001289740166468739
-1.208435240611085,3.021964455728313,0.001289740166468739
-1.207961530611085,3.021964455728313,0.001631180535188959
-1.207487820611085,3.021964455728313,0.001289740166468739
-1.207014110611085,3.021964455728313,0.001289740166468739
-1.206540400611085,3.021964455728313,0.001289740166468739
-1.206066690611085,3.021964455728313,0.0009482997977485336
-1.205592980611085,3.021964455728313,0.0009482997977485336
-1.205119270611085,3.021964455728313,0.0009482997977485336
-1.204645560611085,3.021964455728313,0.0009482997977485336
-1.204171850611085,3.021964455728313,0.0006068594290283141
-1.203698140611085,3.021964455728313,0.0006068594290283141
-1.203224430611085,3.021964455728313,0.0002654190603080947
-1.202750720611085,3.021964455728313,0.0002654190603080947
-1.202277010611085,3.021964455728313,0.0002654190603080947
-1.201803300611085,3.021964455728313,0.0002654190603080947
-1.201329590611085,3.021964455728313,0.0002654190603080947
-1.200855880611085,3.021964455728313,0.0002654190603080947
-1.200382170611085,3.021964455728313,0.0002654190603080947
-1.199908460611085,3.021964455728313,0.0002654190603080947
-1.199434750611085,3.021964455728313,0.0002654190603080947
-1.198961040611085,3.021964455728313,0.0002654190603080947
-1.198487330611085,3.021964455728313,0.0002654190603080947
-1.198013620611085,3.021964455728313,0.0006068594290283141
-1.197539910611085,3.021964455728313,0.0006068594290283141
-1.197066200611085,1.313212841500247,-0.002124663520732002
-1.196592490611085,0.01561779670116437,0.0009482997977485336
-1.196118780611085,0.01561779670116437,0.001289740166468739
-1.195645070611085,0.01561779670116437,0.001289740166468739
-1.195171360611085,0.01561779670116437,0.001289740166468739
-1.194697650611085,0.01561779670116437,0.001289740166468739
-1.194223940611085,0.01561779670116437,0.001631180535188959
-1.193750230611085,0.01561779670116437,0.001631180535188959
-1.193276520611085,0.01561779670116437,0.001972620903909164
-1.192802810611085,0.0193898753197681,0.001972620903909164
-1.192329100611085,0.0193898753197681,0.001972620903909164
-1.191855390611085,0.0193898753197681,0.001972620903909164
-1.191381680611085,0.01561779670116437,0.001972620903909164
-1.190907970611085,0.01561779670116437,0.001631180535188959
-1.190434260611085,0.0193898753197681,0.001631180535188959
-1.189960550611085,0.01561779670116437,0.001631180535188959
-1.189486840611085,0.01561779670116437,0.001972620903909164
-1.189013130611085,0.01561779670116437,0.001631180535188959
-1.188539420611085,0.01561779670116437,0.001631180535188959
-1.188065710611085,0.01561779670116437,0.001631180535188959
-1.187592000611085,0.01561779670116437,0.001289740166468739
-1.187118290611085,0.01561779670116437,0.001289740166468739
-1.186644580611085,0.01561779670116437,0.0009482997977485336
-1.186170870611085,0.01561779670116437,0.0009482997977485336
-1.185697160611085,0.01561779670116437,0.001289740166468739
-1.185223450611085,0.01561779670116437,0.0009482997977485336
-1.184749740611085,0.01561779670116437,0.0006068594290283141
-1.184276030611085,0.01561779670116437,0.0002654190603080947
-1.183802320611085,0.01561779670116437,0.0006068594290283141
-1.183328610611085,0.01561779670116437,0.0002654190603080947
-1.182854900611085,0.01561779670116437,0.0002654190603080947
-1.182381190611085,0.01561779670116437,0.00026541906030825
-1.181907480611085,0.01561779670116437,0.0006068594290283141
-1.181433770611085,0.01561779670116437,0.0002654190603080947
-1.180960060611085,0.01561779670116437,-7.602130841211086e-05
-1.180486350611085,0.01561779670116437,-7.602130841211086e-05
-1.180012640611085,0.01561779670116437,0.0002654190603080947
-1.179538930611085,0.01561779670116437,0.0006068594290283141
-1.179065220611085,0.01561779670116437,0.0002654190603080947
-1.178591510611085,0.01561779670116437,0.0006068594290283141
-1.178117800611085,0.01561779670116437,0.0006068594290283141
-1.177644090611085,0.01561779670116437,0.0006068594290283141
-1.177170380611085,0.01561779670116437,0.0006068594290283141
-1.176696670611085,0.01561779670116437,0.0006068594290283141
-1.176222960611085,0.01561779670116437,0.0006068594290283141
-1.175749250611085,0.01561779670116437,0.0009482997977485336
-1.175275540611085,0.01561779670116437,0.0009482997977485336
-1.174801830611085,0.01561779670116437,0.001289740166468739
-1.174328120611085,0.01561779670116437,0.001289740166468739
-1.173854410611085,0.01561779670116437,0.001631180535188959
-1.173380700611085,0.01561779670116437,0.001631180535188959
-1.172906990611085,0.01561779670116437,0.001972620903909164
-1.172433280611085,0.01561779670116437,0.001972620903909164
-1.171959570611085,0.01561779670116437,0.001631180535188959
-1.171485860611085,0.01561779670116437,0.001631180535188959
-1.171012150611085,0.01561779670116437,0.001631180535188959
-1.170538440611085,0.01561779670116437,0.001631180535188959
-1.170064730611085,0.01561779670116437,0.001289740166468739
-1.169591020611085,0.01561779670116437,0.001289740166468739
-1.169117310611085,0.01561779670116437,0.001289740166468739
-1.168643600611085,0.01561779670116437,0.001631180535188959
-1.168169890611085,0.01561779670116437,0.001289740166468739
-1.167696180611085,0.01561779670116437,0.001289740166468584
-1.167222470611085,0.01561779670116437,0.0009482997977485336
-1.166748760611085,0.01561779670116437,0.0009482997977485336
-1.166275050611085,0.01561779670116437,0.0009482997977485336
-1.165801340611085,0.01561779670116437,0.0009482997977485336
-1.165327630611085,0.01561779670116437,0.0009482997977485336
-1.164853920611085,0.01561779670116437,0.0009482997977485336
-1.164380210611085,0.01561779670116437,0.0006068594290283141
-1.163906500611085,0.01561779670116437,0.0006068594290283141
-1.163432790611085,0.01561779670116437,0.0006068594290283141
-1.162959080611085,0.01561779670116437,0.0002654190603080947
-1.162485370611085,0.01561779670116437,0.0002654190603080947
-1.162011660611085,0.01561779670116437,0.0002654190603080947
-1.161537950611085,0.01561779670116437,-7.602130841211086e-05
-1.161064240611085,0.01561779670116437,0.0002654190603080947
-1.160590530611085,0.01561779670116437,0.0002654190603080947
-1.160116820611085,1.807355140537922,0.003338382378790028
-1.159643110611085,3.014420298491106,0.0006068594290283141
-1.159169400611085,3.01819237710971,0.0002654190603080947
-1.158695690611085,3.01819237710971,0.0002654190603080947
-1.158221980611085,3.01819237710971,0.0002654190603080947
-1.157748270611085,3.01819237710971,0.0006068594290283141
-1.157274560611085,3.01819237710971,0.0006068594290283141
-1.156800850611085,3.021964455728313,0.0006068594290283141
-1.156327140611085,3.021964455728313,0.0009482997977485336
-1.155853430611085,3.021964455728313,0.0009482997977485336
-1.155379720611085,3.021964455728313,0.0009482997977485336
-1.154906010611085,3.021964455728313,0.001289740166468739
-1.154432300611085,3.021964455728313,0.001631180535188959
-1.153958590611085,3.021964455728313,0.001631180535188959
-1.153484880611085,3.021964455728313,0.001631180535188959
-1.153011170611085,3.021964455728313,0.001972620903909164
-1.152537460611085,3.021964455728313,0.001972620903909164
-1.152063750611085,3.021964455728313,0.001972620903909164
-1.151590040611085,3.021964455728313,0.001631180535188959
-1.151116330611085,3.021964455728313,0.001972620903909164
-1.150642620611085,3.021964455728313,0.001631180535188959
-1.150168910611085,3.021964455728313,0.001631180535188959
-1.149695200611085,3.021964455728313,0.001631180535188959
-1.149221490611085,3.021964455728313,0.001289740166468739
-1.148747780611085,3.025736534346916,0.001631180535188959
-1.148274070611085,3.021964455728313,0.001631180535188959
-1.147800360611085,3.021964455728313,0.001631180535188959
-1.147326650611085,3.021964455728313,0.001289740166468739
-1.146852940611085,3.021964455728313,0.0006068594290283141
-1.146379230611085,3.021964455728313,0.0009482997977485336
-1.145905520611085,3.021964455728313,0.001289740166468739
-1.145431810611085,3.021964455728313,0.001289740166468739
-1.144958100611085,3.021964455728313,0.0009482997977485336
-1.144484390611085,3.025736534346916,0.0009482997977485336
-1.144010680611085,3.021964455728313,0.0006068594290283141
-1.143536970611085,3.021964455728313,0.0002654190603080947
-1.143063260611085,3.021964455728313,0.0002654190603080947
-1.142589550611085,3.021964455728313,0.0006068594290283141
-1.142115840611085,3.021964455728313,0.0006068594290283141
-1.141642130611085,3.021964455728313,0.0002654190603080947
-1.141168420611085,3.021964455728313,0.0002654190603080947
-1.140694710611085,3.021964455728313,0.0002654190603080947
-1.140221000611085,3.021964455728313,0.0002654190603080947
-1.139747290611085,3.021964455728313,0.0002654190603080947
-1.139273580611085,3.021964455728313,0.0002654190603080947
-1.138799870611085,3.021964455728313,0.0002654190603080947
-1.138326160611085,3.021964455728313,0.0002654190603080947
-1.137852450611085,3.021964455728313,0.0002654190603080947
-1.137378740611085,3.021964455728313,0.0006068594290283141
-1.136905030611085,3.025736534346916,0.0006068594290283141
-1.136431320611085,3.021964455728313,0.0009482997977485336
-1.135957610611085,3.021964455728313,0.0009482997977485336
-1.135483900611085,3.021964455728313,0.001289740166468739
-1.135010190611085,3.021964455728313,0.001289740166468739
-1.134536480611085,3.021964455728313,0.001631180535188959
-1.134062770611085,3.021964455728313,0.001631180535188959
-1.133589060611085,3.021964455728313,0.001631180535188959
-1.133115350611085,3.021964455728313,0.001972620903909164
-1.132641640611085,3.021964455728313,0.001972620903909164
-1.132167930611085,3.021964455728313,0.001972620903909164
-1.131694220611085,3.021964455728313,0.001631180535188959
-1.131220510611085,3.021964455728313,0.001972620903909164
-1.130746800611085,3.021964455728313,0.001631180535188959
-1.130273090611085,3.021964455728313,0.001631180535188959
-1.129799380611085,3.021964455728313,0.001972620903909164
-1.129325670611085,3.025736534346916,0.001972620903909164
-1.128851960611085,3.025736534346916,0.001631180535188959
-1.128378250611085,3.021964455728313,0.001289740166468739
-1.127904540611085,3.021964455728313,0.001289740166468739
-1.127430830611085,3.021964455728313,0.0009482997977485336
-1.126957120611085,3.021964455728313,0.001289740166468739
-1.126483410611085,3.021964455728313,0.001289740166468739
-1.126009700611085,3.021964455728313,0.0009482997977485336
-1.125535990611085,3.021964455728313,0.0009482997977485336
-1.125062280611085,3.021964455728313,0.0006068594290284694
-1.124588570611085,3.021964455728313,0.0006068594290283141
-1.124114860611085,3.021964455728313,0.0006068594290283141
-1.123641150611085,3.021964455728313,0.0006068594290283141
-1.123167440611085,3.021964455728313,0.0002654190603080947
-1.122693730611085,3.021964455728313,0.0002654190603080947
-1.122220020611085,3.021964455728313,0.0002654190603080947
-1.121746310611085,3.021964455728313,0.0002654190603080947
-1.121272600611085,3.021964455728313,-7.602130841211086e-05
-1.120798890611085,3.021964455728313,0.0002654190603080947
-1.120325180611085,3.021964455728313,0.0002654190603080947
-1.119851470611085,3.021964455728313,0.0002654190603080947
-1.119377760611085,3.021964455728313,-7.602130841211086e-05
-1.118904050611085,3.021964455728313,0.0006068594290283141
-1.118430340611085,3.021964455728313,0.0006068594290283141
-1.117956630611085,3.021964455728313,0.0006068594290283141
-1.117482920611085,3.021964455728313,0.0009482997977485336
-1.117009210611085,3.021964455728313,0.0006068594290283141
-1.116535500611085,3.021964455728313,0.0006068594290283141
-1.116061790611085,3.021964455728313,0.0006068594290283141
-1.115588080611085,3.021964455728313,0.0009482997977485336
-1.115114370611085,3.021964455728313,0.001289740166468739
-1.114640660611085,3.021964455728313,0.001631180535188959
-1.114166950611085,3.021964455728313,0.001631180535188959
-1.113693240611085,3.021964455728313,0.001631180535188959
-1.113219530611085,3.021964455728313,0.001972620903909164
-1.112745820611085,3.025736534346916,0.001972620903909164
-1.112272110611085,3.021964455728313,0.001972620903909164
-1.111798400611085,3.021964455728313,0.001972620903909164
-1.111324690611085,3.021964455728313,0.001972620903909164
-1.110850980611085,3.021964455728313,0.001631180535188959
-1.110377270611085,3.021964455728313,0.001631180535188959
-1.109903560611085,3.025736534346916,0.001289740166468739
-1.109429850611085,3.025736534346916,0.001289740166468739
-1.108956140611085,3.021964455728313,0.001631180535188959
-1.108482430611085,3.021964455728313,0.001631180535188959
-1.108008720611085,3.021964455728313,0.001631180535188959
-1.107535010611085,3.021964455728313,0.001289740166468739
-1.107061300611085,3.025736534346916,0.001289740166468739
-1.106587590611085,3.025736534346916,0.001289740166468739
-1.106113880611085,3.021964455728313,0.0009482997977485336
-1.105640170611085,3.021964455728313,0.0009482997977485336
-1.105166460611085,3.021964455728313,0.0006068594290283141
-1.104692750611085,3.021964455728313,0.0006068594290283141
-1.104219040611085,3.021964455728313,0.0006068594290283141
-1.103745330611085,3.021964455728313,0.0006068594290283141
-1.103271620611085,3.021964455728313,0.0009482997977485336
-1.102797910611085,3.021964455728313,0.0006068594290283141
-1.102324200611085,3.021964455728313,0.0002654190603080947
-1.101850490611085,3.021964455728313,-7.602130841211086e-05
-1.101376780611085,3.021964455728313,-7.602130841211086e-05
-1.100903070611085,3.021964455728313,0.0002654190603080947
-1.100429360611085,3.021964455728313,0.0002654190603080947
-1.099955650611085,3.021964455728313,0.0002654190603080947
-1.099481940611085,3.021964455728313,0.0002654190603080947
-1.099008230611085,3.021964455728313,0.0002654190603080947
-1.098534520611085,3.021964455728313,0.0002654190603080947
-1.098060810611085,3.021964455728313,0.0002654190603080947
-1.097587100611085,3.021964455728313,0.0006068594290283141
-1.097113390611085,3.021964455728313,0.0006068594290283141
-1.096639680611085,3.021964455728313,0.0009482997977485336
-1.096165970611085,3.021964455728313,0.0009482997977485336
-1.095692260611085,3.021964455728313,0.0009482997977485336
-1.095218550611085,3.021964455728313,0.001289740166468739
-1.094744840611085,3.021964455728313,0.001289740166468739
-1.094271130611085,3.021964455728313,0.001631180535188959
-1.093797420611085,3.021964455728313,0.001289740166468739
-1.093323710611085,3.021964455728313,0.001631180535188959
-1.092850000611085,3.021964455728313,0.001631180535188959
-1.092376290611085,3.021964455728313,0.001631180535188959
-1.091902580611085,3.021964455728313,0.001631180535188959
-1.091428870611085,3.021964455728313,0.001631180535188959
-1.090955160611085,3.021964455728313,0.001972620903909164
-1.090481450611085,3.021964455728313,0.001972620903909164
-1.090007740611085,3.021964455728313,0.001631180535188959
-1.089534030611085,3.021964455728313,0.001631180535188959
-1.089060320611085,3.025736534346916,0.001631180535188959
-1.088586610611085,3.021964455728313,0.001631180535188959
-1.088112900611085,3.021964455728313,0.001289740166468739
-1.087639190611085,3.021964455728313,0.0009482997977485336
-1.087165480611085,3.021964455728313,0.0009482997977485336
-1.086691770611085,3.021964455728313,0.001289740166468739
-1.086218060611085,3.021964455728313,0.001289740166468739
-1.085744350611085,3.021964455728313,0.001289740166468739
-1.085270640611085,3.025736534346916,0.0009482997977485336
-1.084796930611085,3.021964455728313,0.0006068594290283141
-1.084323220611085,3.021964455728313,0.0006068594290283141
-1.083849510611085,3.021964455728313,0.0006068594290283141
-1.083375800611085,3.021964455728313,0.0006068594290283141
-1.082902090611085,3.021964455728313,0.0002654190603080947
-1.082428380611085,3.021964455728313,0.0002654190603080947
-1.081954670611085,3.021964455728313,0.0002654190603080947
-1.081480960611085,3.021964455728313,-7.602130841211086e-05
-1.081007250611085,3.021964455728313,0.0002654190603079394
-1.080533540611085,3.025736534346916,0.0002654190603080947
-1.080059830611085,3.021964455728313,0.0002654190603080947
-1.079586120611085,3.021964455728313,-7.602130841211086e-05
-1.079112410611085,3.021964455728313,-7.602130841211086e-05
-1.078638700611085,3.021964455728313,0.0002654190603080947
-1.078164990611085,3.021964455728313,0.0002654190603080947
-1.077691280611085,3.021964455728313,0.0006068594290283141
-1.077217570611085,3.021964455728313,0.0006068594290283141
-1.076743860611085,3.021964455728313,0.0006068594290283141
-1.076270150611085,3.021964455728313,0.0006068594290283141
-1.075796440611085,3.021964455728313,0.0009482997977485336
-1.075322730611085,3.021964455728313,0.001289740166468739
-1.074849020611085,3.021964455728313,0.001289740166468739
-1.074375310611085,3.021964455728313,0.001631180535188959
-1.073901600611085,3.021964455728313,0.001289740166468739
-1.073427890611085,3.021964455728313,0.001631180535188959
-1.072954180611085,3.021964455728313,0.001972620903909164
-1.072480470611085,3.021964455728313,0.001972620903909164
-1.072006760611085,3.021964455728313,0.001972620903909164
-1.071533050611085,3.021964455728313,0.001631180535188959
-1.071059340611085,3.021964455728313,0.002314061272629384
-1.070585630611085,3.021964455728313,0.001972620903909164
-1.070111920611085,3.021964455728313,0.001631180535188959
-1.069638210611085,3.021964455728313,0.001631180535188959
-1.069164500611085,3.021964455728313,0.001289740166468739
-1.068690790611085,3.021964455728313,0.001289740166468739
-1.068217080611085,3.021964455728313,0.001289740166468739
-1.067743370611085,3.021964455728313,0.001289740166468739
-1.067269660611085,3.021964455728313,0.0009482997977485336
-1.066795950611085,3.021964455728313,0.0009482997977485336
-1.066322240611085,3.021964455728313,0.0009482997977485336
-1.065848530611085,3.021964455728313,0.001289740166468739
-1.065374820611085,3.021964455728313,0.001289740166468739
-1.064901110611085,3.021964455728313,0.0006068594290283141
-1.064427400611085,3.021964455728313,0.0006068594290283141
-1.063953690611085,3.021964455728313,0.0006068594290283141
-1.063479980611085,3.021964455728313,0.0006068594290283141
-1.063006270611085,3.021964455728313,0.0002654190603080947
-1.062532560611085,3.021964455728313,0.0002654190603080947
-1.062058850611085,3.021964455728313,0.0002654190603080947
-1.061585140611085,3.021964455728313,0.0002654190603080947
-1.061111430611085,3.021964455728313,0.0002654190603080947
-1.060637720611085,3.021964455728313,0.0002654190603080947
-1.060164010611085,3.021964455728313,0.0006068594290283141
-1.059690300611085,3.021964455728313,0.0006068594290283141
-1.059216590611085,3.021964455728313,0.0002654190603080947
-1.058742880611085,3.021964455728313,0.0002654190603080947
-1.058269170611085,3.021964455728313,0.0002654190603080947
-1.057795460611085,3.021964455728313,0.0002654190603080947
-1.057321750611085,3.021964455728313,0.0006068594290283141
-1.056848040611085,3.021964455728313,0.0006068594290283141
-1.056374330611085,3.021964455728313,0.0006068594290283141
-1.055900620611085,3.021964455728313,0.0009482997977485336
-1.055426910611085,3.021964455728313,0.0009482997977485336
-1.054953200611085,3.021964455728313,0.001289740166468739
-1.054479490611085,3.025736534346916,0.001631180535188959
-1.054005780611085,3.021964455728313,0.001631180535188959
-1.053532070611085,3.021964455728313,0.001631180535188959
-1.053058360611085,3.021964455728313,0.001972620903909164
-1.052584650611085,3.025736534346916,0.001972620903909164
-1.052110940611085,3.021964455728313,0.001631180535188959
-1.051637230611085,3.025736534346916,0.001631180535189114
-1.051163520611085,3.025736534346916,0.001972620903909164
-1.050689810611085,3.021964455728313,0.001972620903909164
-1.050216100611085,3.025736534346916,0.001631180535188959
-1.049742390611085,3.025736534346916,0.001289740166468739
-1.049268680611085,3.025736534346916,0.001631180535188959
-1.048794970611085,3.021964455728313,0.001289740166468739
-1.048321260611085,3.021964455728313,0.001289740166468739
-1.047847550611085,3.025736534346916,0.0009482997977485336
-1.047373840611085,3.025736534346916,0.0009482997977485336
-1.046900130611085,3.021964455728313,0.0009482997977485336
-1.046426420611085,3.021964455728313,0.0009482997977485336
-1.045952710611085,3.021964455728313,0.0009482997977485336
-1.045479000611085,3.021964455728313,0.0009482997977485336
-1.045005290611085,3.021964455728313,0.0009482997977485336
-1.044531580611085,3.021964455728313,0.0009482997977485336
-1.044057870611085,3.025736534346916,0.0006068594290283141
-1.043584160611085,3.025736534346916,0.0009482997977485336
-1.043110450611085,3.021964455728313,0.0006068594290283141
-1.042636740611085,3.021964455728313,0.0006068594290283141
-1.042163030611085,3.021964455728313,0.0002654190603080947
-1.041689320611085,3.021964455728313,0.0002654190603080947
-1.041215610611085,3.021964455728313,-7.602130841211086e-05
-1.040741900611085,3.021964455728313,0.0002654190603080947
-1.040268190611085,3.021964455728313,0.0002654190603080947
-1.039794480611085,3.021964455728313,0.0002654190603080947
-1.039320770611085,3.021964455728313,0.0002654190603080947
-1.038847060611085,3.021964455728313,0.0006068594290283141
-1.038373350611085,3.021964455728313,0.0006068594290283141
-1.037899640611085,3.021964455728313,0.0006068594290283141
-1.037425930611085,3.025736534346916,0.0009482997977485336
-1.036952220611085,3.021964455728313,0.0006068594290283141
-1.036478510611085,3.021964455728313,0.0006068594290283141
-1.036004800611085,3.021964455728313,0.0009482997977485336
-1.035531090611085,3.021964455728313,0.001289740166468739
-1.035057380611085,3.021964455728313,0.001289740166468739
-1.034583670611085,3.025736534346916,0.001289740166468739
-1.034109960611085,3.025736534346916,0.001631180535188959
-1.033636250611085,3.025736534346916,0.001631180535188959
-1.033162540611085,3.025736534346916,0.001972620903909164
-1.032688830611085,3.025736534346916,0.001972620903909164
-1.032215120611085,3.025736534346916,0.001972620903909164
-1.031741410611085,3.025736534346916,0.001972620903909164
-1.031267700611085,3.025736534346916,0.001972620903909164
-1.030793990611085,3.021964455728313,0.001972620903909164
-1.030320280611085,3.025736534346916,0.001631180535188959
-1.029846570611085,3.025736534346916,0.001289740166468739
-1.029372860611085,3.021964455728313,0.001289740166468739
-1.028899150611085,3.021964455728313,0.001289740166468739
-1.028425440611085,3.021964455728313,0.001289740166468739
-1.027951730611085,3.021964455728313,0.001631180535188959
-1.027478020611085,3.025736534346916,0.001289740166468739
-1.027004310611085,3.021964455728313,0.0009482997977485336
-1.026530600611085,3.025736534346916,0.0009482997977485336
-1.026056890611085,3.021964455728313,0.0009482997977485336
-1.025583180611085,3.025736534346916,0.0009482997977485336
-1.025109470611085,3.021964455728313,0.0009482997977485336
-1.024635760611085,3.021964455728313,0.0006068594290283141
-1.024162050611085,3.021964455728313,0.0006068594290283141
-1.023688340611085,3.021964455728313,0.0006068594290283141
-1.023214630611085,3.021964455728313,0.0002654190603080947
-1.022740920611085,3.021964455728313,0.0002654190603080947
-1.022267210611085,3.021964455728315,0.0006068594290281589
-1.021793500611085,3.025736534346916,0.0002654190603080947
-1.021319790611085,3.021964455728313,-7.602130841211086e-05
-1.020846080611085,3.021964455728313,0.0002654190603080947
-1.020372370611085,3.021964455728313,0.0002654190603080947
-1.019898660611085,3.021964455728313,0.0002654190603080947
-1.019424950611085,3.021964455728313,0.0002654190603080947
-1.018951240611085,3.021964455728313,0.0002654190603080947
-1.018477530611085,3.021964455728313,0.0002654190603080947
-1.018003820611085,3.021964455728313,0.0006068594290283141
-1.017530110611085,3.021964455728313,0.0006068594290283141
-1.017056400611085,3.021964455728313,0.0009482997977485336
-1.016582690611085,3.021964455728313,0.0009482997977485336
-1.016108980611085,3.021964455728313,0.0009482997977485336
-1.015635270611085,3.021964455728313,0.001289740166468739
-1.015161560611085,3.021964455728313,0.001289740166468739
-1.014687850611085,3.021964455728313,0.001289740166468739
-1.014214140611085,3.021964455728313,0.001631180535188959
-1.013740430611085,3.021964455728313,0.001631180535188959
-1.013266720611085,3.021964455728313,0.001972620903909164
-1.012793010611085,3.021964455728313,0.001972620903909164
-1.012319300611085,3.021964455728313,0.001972620903909164
-1.011845590611085,3.021964455728313,0.001631180535188959
-1.011371880611085,3.021964455728313,0.001631180535188959
-1.010898170611085,3.021964455728313,0.001972620903909164
-1.010424460611085,3.021964455728313,0.001631180535188959
-1.009950750611085,3.025736534346916,0.001631180535188959
-1.009477040611085,3.025736534346916,0.001631180535188959
-1.009003330611085,3.025736534346916,0.001289740166468739
-1.008529620611085,3.025736534346916,0.001289740166468739
-1.008055910611085,3.025736534346916,0.001631180535188959
-1.007582200611085,3.025736534346916,0.001289740166468739
-1.007108490611085,3.025736534346916,0.001289740166468739
-1.006634780611085,3.025736534346916,0.0009482997977485336
-1.006161070611085,3.025736534346916,0.0009482997977485336
-1.005687360611085,3.025736534346916,0.0009482997977485336
-1.005213650611085,3.021964455728313,0.0009482997977485336
-1.004739940611085,3.025736534346916,0.0006068594290283141
-1.004266230611085,3.025736534346916,0.0002654190603080947
-1.003792520611085,3.021964455728313,0.0002654190603080947
-1.003318810611085,3.025736534346916,0.0002654190603080947
-1.002845100611085,3.021964455728313,0.0002654190603080947
-1.002371390611085,3.021964455728313,-7.602130841211086e-05
-1.001897680611085,3.021964455728313,-7.602130841211086e-05
-1.001423970611085,3.021964455728313,-7.602130841211086e-05
-1.000950260611085,3.021964455728313,0.0002654190603080947
-1.000476550611085,3.021964455728313,0.0002654190603080947
-1.000002840611085,3.021964455728313,0.0002654190603080947
-0.9995291306110847,3.021964455728313,0.0002654190603080947
-0.9990554206110847,3.021964455728313,0.0006068594290283141
-0.9985817106110848,3.021964455728313,0.0006068594290283141
-0.9981080006110847,3.021964455728313,0.0002654190603080947
-0.9976342906110847,3.021964455728313,0.0002654190603080947
-0.9971605806110848,3.021964455728313,0.0006068594290283141
-0.9966868706110847,3.021964455728313,0.0006068594290283141
-0.9962131606110847,3.021964455728313,0.0006068594290283141
-0.9957394506110848,3.021964455728313,0.001289740166468739
-0.9952657406110847,3.021964455728313,0.001289740166468739
-0.9947920306110847,3.021964455728313,0.001289740166468739
-0.9943183206110848,3.021964455728313,0.001289740166468739
-0.9938446106110848,3.021964455728313,0.001631180535188959
-0.9933709006110847,3.025736534346916,0.001631180535188959
-0.9928971906110846,3.025736534346916,0.001631180535188959
-0.9924234806110848,3.021964455728313,0.001631180535188959
-0.9919497706110847,3.021964455728313,0.001631180535188959
-0.9914760606110846,3.025736534346916,0.001972620903909164
-0.9910023506110848,3.025736534346916,0.001972620903909164
-0.9905286406110847,3.025736534346916,0.001972620903909164
-0.9900549306110846,3.021964455728313,0.001631180535188959
-0.9895812206110848,3.021964455728313,0.001631180535188959
-0.9891075106110847,3.025736534346916,0.001289740166468739
-0.9886338006110846,3.025736534346916,0.001289740166468739
-0.9881600906110848,3.025736534346916,0.001289740166468739
-0.9876863806110847,3.025736534346916,0.001289740166468739
-0.9872126706110846,3.025736534346916,0.001289740166468739
-0.9867389606110848,3.025736534346916,0.0009482997977485336
-0.9862652506110847,3.021964455728313,0.0009482997977485336
-0.9857915406110846,3.021964455728313,0.0009482997977485336
-0.9853178306110848,3.021964455728313,0.0006068594290283141
-0.9848441206110847,3.025736534346916,0.0009482997977485336
-0.9843704106110847,3.021964455728313,0.0006068594290283141
-0.9838967006110848,3.021964455728313,0.0002654190603080947
-0.9834229906110847,3.021964455728313,0.0002654190603080947
-0.9829492806110847,3.021964455728313,0.0006068594290283141
-0.9824755706110848,3.021964455728313,0.0002654190603080947
-0.9820018606110847,3.021964455728313,0.0002654190603080947
-0.9815281506110847,3.021964455728313,0.0002654190603080947
-0.9810544406110848,3.021964455728313,-7.602130841211086e-05
-0.9805807306110847,3.021964455728313,-7.602130841211086e-05
-0.9801070206110847,3.021964455728313,0.0002654190603080947
-0.9796333106110848,3.021964455728313,0.0002654190603080947
-0.9791596006110848,3.021964455728313,0.0002654190603080947
-0.9786858906110847,3.021964455728313,0.0006068594290283141
-0.9782121806110846,3.021964455728313,0.0006068594290283141
-0.9777384706110848,3.021964455728313,0.0006068594290283141
-0.9772647606110847,3.021964455728313,0.0009482997977485336
-0.9767910506110846,3.021964455728313,0.0006068594290283141
-0.9763173406110848,3.021964455728313,0.0009482997977485336
-0.9758436306110847,3.021964455728313,0.0009482997977485336
-0.9753699206110846,3.021964455728313,0.0009482997977485336
-0.9748962106110848,3.021964455728313,0.001289740166468739
-0.9744225006110847,3.021964455728313,0.001289740166468739
-0.9739487906110846,3.021964455728313,0.001631180535188959
-0.9734750806110848,3.021964455728313,0.001631180535188959
-0.9730013706110847,3.021964455728313,0.001972620903909164
-0.9725276606110846,3.025736534346916,0.001972620903909164
-0.9720539506110848,3.021964455728313,0.001972620903909164
-0.9715802406110847,3.021964455728313,0.001972620903909164
-0.9711065306110847,3.021964455728313,0.001972620903909164
-0.9706328206110848,3.021964455728313,0.001631180535188959
-0.9701591106110847,3.021964455728313,0.001631180535188959
-0.9696854006110847,3.025736534346916,0.001631180535188959
-0.9692116906110848,3.025736534346916,0.001631180535188959
-0.9687379806110847,3.025736534346916,0.001289740166468739
-0.9682642706110847,3.025736534346916,0.001289740166468739
-0.9677905606110848,3.025736534346916,0.001289740166468739
-0.9673168506110847,3.025736534346916,0.0009482997977485336
-0.9668431406110847,3.025736534346916,0.001289740166468739
-0.9663694306110848,3.021964455728313,0.001289740166468739
-0.9658957206110848,3.025736534346916,0.001289740166468739
-0.9654220106110847,3.025736534346916,0.0009482997977485336
-0.9649483006110848,3.021964455728315,0.0006068594290284694
-0.9644745906110848,3.021964455728313,0.0006068594290283141
-0.9640008806110847,3.021964455728313,0.0002654190603080947
-0.9635271706110846,3.021964455728313,0.0006068594290283141
-0.9630534606110848,3.021964455728313,0.0006068594290283141
-0.9625797506110847,3.021964455728313,0.0006068594290283141
-0.9621060406110846,3.021964455728313,0.0002654190603080947
-0.9616323306110848,3.021964455728313,0.0002654190603080947
-0.9611586206110847,3.021964455728313,0.0002654190603080947
-0.9606849106110846,3.021964455728313,0.0002654190603080947
-0.9602112006110848,3.021964455728313,0.0002654190603080947
-0.9597374906110847,3.021964455728313,0.0002654190603080947
-0.9592637806110846,3.021964455728313,0.0002654190603080947
-0.9587900706110848,3.021964455728313,0.0002654190603080947
-0.9583163606110847,3.021964455728313,0.0002654190603080947
-0.9578426506110846,3.021964455728313,0.0002654190603080947
-0.9573689406110848,3.021964455728313,0.0006068594290283141
-0.9568952306110847,3.021964455728313,0.0009482997977485336
-0.9564215206110847,3.021964455728313,0.0009482997977485336
-0.9559478106110848,3.021964455728313,0.0009482997977485336
-0.9554741006110847,3.021964455728313,0.0009482997977485336
-0.9550003906110847,3.021964455728313,0.0009482997977485336
-0.9545266806110848,3.021964455728313,0.001289740166468739
-0.9540529706110847,3.021964455728313,0.001631180535188959
-0.9535792606110847,3.021964455728313,0.001631180535188959
-0.9531055506110848,3.021964455728313,0.001631180535188959
-0.9526318406110847,3.021964455728313,0.001972620903909164
-0.9521581306110847,3.021964455728313,0.001972620903909164
-0.9516844206110848,3.021964455728313,0.001972620903909164
-0.9512107106110848,3.021964455728313,0.001972620903909164
-0.9507370006110847,3.021964455728313,0.001972620903909164
-0.9502632906110848,3.021964455728313,0.001631180535189114
-0.9497895806110848,3.021964455728313,0.001289740166468739
-0.9493158706110847,3.025736534346916,0.001289740166468739
-0.9488421606110846,3.021964455728313,0.001289740166468739
-0.9483684506110848,3.021964455728313,0.001289740166468739
-0.9478947406110847,3.025736534346916,0.001631180535188959
-0.9474210306110846,3.025736534346916,0.001289740166468739
-0.9469473206110848,3.025736534346916,0.001289740166468739
-0.9464736106110847,3.025736534346916,0.001289740166468739
-0.9459999006110846,3.025736534346916,0.0009482997977485336
-0.9455261906110848,3.025736534346916,0.0009482997977485336
-0.9450524806110847,3.025736534346916,0.0006068594290283141
-0.9445787706110846,3.025736534346916,0.0006068594290283141
-0.9441050606110848,3.025736534346916,0.0006068594290283141
-0.9436313506110847,3.025736534346916,0.0006068594290283141
-0.9431576406110846,3.021964455728313,0.0006068594290283141
-0.9426839306110848,3.021964455728313,0.0002654190603080947
-0.9422102206110847,3.021964455728313,-7.602130841211086e-05
-0.9417365106110847,3.021964455728313,0.0002654190603080947
-0.9412628006110848,3.021964455728313,-7.602130841211086e-05
-0.9407890906110847,3.021964455728313,-7.602130841211086e-05
-0.9403153806110847,3.021964455728313,-7.602130841211086e-05
-0.9398416706110848,3.021964455728313,-7.602130841211086e-05
-0.9393679606110847,3.021964455728313,-7.602130841211086e-05
-0.9388942506110847,3.021964455728313,0.0002654190603080947
-0.9384205406110848,3.021964455728313,0.0006068594290283141
-0.9379468306110847,3.021964455728313,0.0006068594290283141
-0.9374731206110847,3.021964455728313,0.0009482997977485336
-0.9369994106110848,3.021964455728313,0.0006068594290283141
-0.9365257006110848,3.021964455728313,0.0006068594290283141
-0.9360519906110847,3.021964455728313,0.0009482997977485336
-0.9355782806110848,3.021964455728313,0.001289740166468584
-0.9351045706110848,3.021964455728313,0.001289740166468739
-0.9346308606110847,3.021964455728313,0.001289740166468739
-0.9341571506110846,3.021964455728313,0.001631180535188959
-0.9336834406110848,3.021964455728313,0.001631180535188959
-0.9332097306110847,3.021964455728313,0.001972620903909164
-0.9327360206110846,3.021964455728313,0.001972620903909164
-0.9322623106110848,3.021964455728313,0.001972620903909164
-0.9317886006110847,3.025736534346916,0.001972620903909164
-0.9313148906110846,3.021964455728313,0.001972620903909164
-0.9308411806110848,3.025736534346916,0.001631180535188959
-0.9303674706110847,3.025736534346916,0.001631180535188959
-0.9298937606110846,3.025736534346916,0.001289740166468739
-0.9294200506110848,3.025736534346916,0.001289740166468739
-0.9289463406110847,3.025736534346916,0.001631180535188959
-0.9284726306110846,3.025736534346916,0.001631180535188959
-0.9279989206110848,3.025736534346916,0.001631180535188959
-0.9275252106110847,3.025736534346916,0.001289740166468739
-0.9270515006110847,3.025736534346916,0.0009482997977485336
-0.9265777906110848,3.021964455728313,0.0009482997977485336
-0.9261040806110847,3.021964455728313,0.0009482997977485336
-0.9256303706110847,3.021964455728313,0.0009482997977485336
-0.9251566606110848,3.021964455728313,0.0009482997977485336
-0.9246829506110847,3.021964455728313,0.0009482997977485336
-0.9242092406110847,3.021964455728313,0.0006068594290283141
-0.9237355306110848,3.021964455728313,0.0006068594290283141
-0.9232618206110847,3.021964455728313,0.0006068594290283141
-0.9227881106110847,3.025736534346916,0.0006068594290283141
-0.9223144006110848,3.021964455728313,0.0006068594290283141
-0.9218406906110848,3.021964455728313,0.0002654190603080947
-0.9213669806110847,3.021964455728313,-7.602130841211086e-05
-0.9208932706110846,3.021964455728313,-7.602130841195558e-05
-0.9204195606110848,3.021964455728313,0.0002654190603080947
-0.9199458506110847,3.021964455728313,0.0002654190603080947
-0.9194721406110846,3.021964455728313,0.0002654190603080947
-0.9189984306110848,3.021964455728313,0.0002654190603080947
-0.9185247206110847,3.021964455728313,0.0002654190603080947
-0.9180510106110846,3.021964455728313,0.0002654190603080947
-0.9175773006110848,3.021964455728313,0.0006068594290283141
-0.9171035906110847,3.021964455728313,0.0009482997977485336
-0.9166298806110846,3.021964455728313,0.0009482997977485336
-0.9161561706110848,3.021964455728313,0.0009482997977485336
-0.9156824606110847,3.021964455728313,0.0009482997977485336
-0.9152087506110846,3.021964455728313,0.001289740166468739
-0.9147350406110848,3.021964455728313,0.001289740166468739
-0.9142613306110847,3.021964455728313,0.001289740166468739
-0.9137876206110846,3.021964455728313,0.001289740166468739
-0.9133139106110848,3.021964455728313,0.001289740166468739
-0.9128402006110847,3.021964455728313,0.001631180535188959
-0.9123664906110847,3.021964455728313,0.001631180535188959
-0.9118927806110848,3.021964455728313,0.001972620903909164
-0.9114190706110847,3.021964455728313,0.001972620903909164
-0.9109453606110847,3.021964455728313,0.001631180535188959
-0.9104716506110848,3.025736534346916,0.001631180535188959
-0.9099979406110847,3.025736534346916,0.001289740166468739
-0.9095242306110847,3.021964455728313,0.001631180535188959
-0.9090505206110848,3.025736534346916,0.001289740166468739
-0.9085768106110848,3.025736534346916,0.001289740166468739
-0.9081031006110847,3.021964455728313,0.001289740166468739
-0.9076293906110848,3.025736534346916,0.001289740166468739
-0.9071556806110848,3.021964455728313,0.001289740166468739
-0.9066819706110847,3.021964455728313,0.001289740166468739
-0.9062082606110846,3.021964455728313,0.0009482997977485336
-0.9057345506110848,3.021964455728313,0.0009482997977485336
-0.9052608406110847,3.021964455728313,0.0009482997977485336
-0.9047871306110846,3.021964455728313,0.0006068594290283141
-0.9043134206110848,3.021964455728313,0.0006068594290283141
-0.9038397106110847,3.021964455728313,0.0002654190603080947
-0.9033660006110846,3.021964455728313,0.0002654190603080947
-0.9028922906110848,3.021964455728313,0.0002654190603080947
-0.9024185806110847,3.021964455728313,0.0002654190603080947
-0.9019448706110846,3.021964455728313,0.0002654190603080947
-0.9014711606110848,3.025736534346916,0.0002654190603080947
-0.9009974506110847,3.021964455728313,0.0002654190603080947
-0.9005237406110846,3.021964455728313,0.0002654190603080947
-0.9000500306110848,3.021964455728313,0.0002654190603080947
-0.8995763206110847,3.021964455728313,0.0002654190603080947
-0.8991026106110847,3.021964455728313,0.0002654190603080947
-0.8986289006110848,3.021964455728313,0.0002654190603080947
-0.8981551906110847,3.021964455728313,0.0002654190603080947
-0.8976814806110847,3.021964455728313,0.0002654190603080947
-0.8972077706110848,3.021964455728313,0.0006068594290283141
-0.8967340606110847,3.025736534346916,0.0009482997977485336
-0.8962603506110847,3.021964455728313,0.0009482997977485336
-0.8957866406110848,3.021964455728313,0.0009482997977485336
-0.8953129306110847,3.021964455728313,0.001289740166468739
-0.8948392206110847,3.021964455728313,0.001289740166468739
-0.8943655106110848,3.025736534346916,0.001631180535188959
-0.8938918006110848,3.025736534346916,0.001631180535188959
-0.8934180906110847,3.021964455728313,0.001289740166468739
-0.8929443806110848,3.021964455728313,0.001631180535188959
-0.8924706706110848,3.025736534346916,0.001631180535188959
-0.8919969606110847,3.025736534346916,0.001631180535188959
-0.8915232506110846,3.021964455728315,0.001972620903909164
-0.8910495406110848,3.025736534346916,0.001972620903909164
-0.8905758306110847,3.025736534346916,0.001972620903909164
-0.8901021206110846,3.025736534346916,0.001631180535188959
-0.8896284106110848,3.025736534346916,0.001631180535188959
-0.8891547006110847,3.021964455728313,0.001631180535188959
-0.8886809906110846,3.021964455728313,0.001631180535188959
-0.8882072806110848,3.025736534346916,0.001631180535188959
-0.8877335706110847,3.025736534346916,0.001631180535188959
-0.8872598606110846,3.021964455728313,0.001289740166468739
-0.8867861506110848,3.021964455728313,0.0009482997977485336
-0.8863124406110847,3.021964455728313,0.0006068594290283141
-0.8858387306110846,3.021964455728313,0.0009482997977485336
-0.8853650206110848,3.021964455728313,0.0009482997977485336
-0.8848913106110847,3.025736534346916,0.0009482997977485336
-0.8844176006110847,3.021964455728313,0.0006068594290283141
-0.8839438906110848,3.021964455728313,0.0006068594290283141
-0.8834701806110847,3.021964455728313,0.0006068594290283141
-0.8829964706110847,3.021964455728313,0.0002654190603080947
-0.8825227606110848,3.021964455728313,0.0002654190603080947
-0.8820490506110847,3.021964455728313,0.0002654190603080947
-0.8815753406110847,3.021964455728313,-7.602130841211086e-05
-0.8811016306110848,3.021964455728313,-7.602130841211086e-05
-0.8806279206110847,3.021964455728313,-7.602130841211086e-05
-0.8801542106110847,3.021964455728313,0.0002654190603080947
-0.8796805006110848,3.021964455728313,-7.602130841211086e-05
-0.8792067906110848,3.021964455728313,0.0002654190603080947
-0.8787330806110847,3.021964455728313,0.0002654190603080947
-0.8782593706110848,3.021964455728313,0.0006068594290283141
-0.8777856606110848,3.021964455728313,0.0002654190603080947
-0.8773119506110847,3.021964455728313,0.0009482997977485336
-0.8768382406110846,3.021964455728313,0.0006068594290283141
-0.8763645306110848,3.021964455728313,0.0006068594290283141
-0.8758908206110847,3.021964455728313,0.0009482997977485336
-0.8754171106110846,3.021964455728313,0.001289740166468739
-0.8749434006110848,3.021964455728313,0.0009482997977485336
-0.8744696906110847,3.021964455728313,0.001289740166468739
-0.8739959806110846,3.021964455728313,0.001289740166468739
-0.8735222706110848,3.021964455728313,0.001289740166468739
-0.8730485606110847,3.021964455728313,0.001631180535188959
-0.8725748506110846,3.021964455728313,0.001972620903909164
-0.8721011406110848,3.021964455728313,0.001972620903909164
-0.8716274306110847,3.021964455728313,0.001972620903909164
-0.8711537206110846,3.021964455728313,0.001972620903909164
-0.8706800106110848,3.021964455728313,0.001631180535188959
-0.8702063006110847,3.021964455728313,0.001631180535188959
-0.8697325906110847,3.021964455728313,0.001631180535188959
-0.8692588806110848,3.021964455728313,0.001631180535188959
-0.8687851706110847,3.021964455728313,0.001631180535188959
-0.8683114606110847,0.4003698157987419,-0.001441782783292975
-0.8678377506110848,0.01561779670116437,0.001631180535188959
-0.8673640406110847,0.01561779670116437,0.001289740166468739
-0.8668903306110847,0.01561779670116437,0.0009482997977485336
-0.8664166206110848,0.01561779670116437,0.0009482997977485336
-0.8659429106110847,0.01561779670116437,0.0009482997977485336
-0.8654692006110847,0.01561779670116437,0.0009482997977485336
-0.8649954906110848,0.01561779670116437,0.0006068594290283141
-0.8645217806110848,0.01561779670116437,0.0006068594290283141
-0.8640480706110847,0.01561779670116437,0.0002654190603080947
-0.8635743606110848,0.01561779670116437,0.0002654190603080947
-0.8631006506110848,0.01561779670116437,0.0006068594290283141
-0.8626269406110847,0.01561779670116437,0.0006068594290283141
-0.8621532306110846,0.01561779670116437,0.0006068594290281589
-0.8616795206110848,0.01561779670116437,0.0002654190603080947
-0.8612058106110847,0.01561779670116437,0.0002654190603080947
-0.8607321006110846,0.01561779670116437,0.0002654190603080947
-0.8602583906110848,0.01561779670116437,0.0002654190603080947
-0.8597846806110847,0.01561779670116437,0.0002654190603080947
-0.8593109706110846,0.01561779670116437,0.0002654190603080947
-0.8588372606110848,0.01561779670116437,-7.602130841211086e-05
-0.8583635506110847,0.01561779670116437,0.0002654190603080947
-0.8578898406110846,0.01561779670116437,0.0006068594290283141
-0.8574161306110848,0.01561779670116437,0.0006068594290283141
-0.8569424206110847,0.01561779670116437,0.0009482997977485336
-0.8564687106110846,0.01561779670116437,0.0009482997977485336
-0.8559950006110848,0.01561779670116437,0.0009482997977485336
-0.8555212906110847,0.01561779670116437,0.001289740166468739
-0.8550475806110847,0.01561779670116437,0.001289740166468739
-0.8545738706110848,0.01561779670116437,0.001289740166468739
-0.8541001606110847,0.01561779670116437,0.001631180535188959
-0.8536264506110847,0.01561779670116437,0.001631180535188959
-0.8531527406110848,0.01561779670116437,0.001631180535188959
-0.8526790306110847,0.01561779670116437,0.001631180535188959
-0.8522053206110847,0.01561779670116437,0.001631180535188959
-0.8517316106110848,0.01561779670116437,0.001972620903909164
-0.8512579006110848,0.01561779670116437,0.001972620903909164
-0.8507841906110847,0.01561779670116437,0.001631180535188959
-0.8503104806110848,0.01561779670116437,0.001631180535188959
-0.8498367706110848,0.01561779670116437,0.001631180535188959
-0.8493630606110847,0.01561779670116437,0.001631180535188959
-0.8488893506110848,0.01561779670116437,0.001289740166468739
-0.8484156406110848,0.01561779670116437,0.001289740166468739
-0.8479419306110847,0.01561779670116437,0.001289740166468739
-0.8474682206110846,0.01561779670116437,0.0009482997977485336
-0.8469945106110848,0.01561779670116437,0.0009482997977485336
-0.8465208006110847,0.01561779670116437,0.0009482997977485336
-0.8460470906110846,0.01561779670116437,0.0009482997977485336
-0.8455733806110848,0.01561779670116437,0.0009482997977485336
-0.8450996706110847,0.01561779670116437,0.0009482997977485336
-0.8446259606110846,0.01561779670116437,0.0006068594290283141
-0.8441522506110848,0.01561779670116437,0.0006068594290283141
-0.8436785406110847,0.01561779670116437,0.0006068594290283141
-0.8432048306110846,0.01561779670116437,0.0006068594290283141
-0.8427311206110848,0.01561779670116437,0.0002654190603080947
-0.8422574106110847,0.01561779670116437,0.0002654190603080947
-0.8417837006110847,0.01561779670116437,0.0002654190603080947
-0.8413099906110848,0.01561779670116437,-7.602130841211086e-05
-0.8408362806110847,0.01561779670116437,0.0002654190603080947
-0.8403625706110847,0.01561779670116437,0.0002654190603080947
-0.8398888606110848,0.01561779670116437,0.0002654190603080947
-0.8394151506110847,0.01561779670116437,0.0002654190603080947
-0.8389414406110847,0.01561779670116437,0.0002654190603080947
-0.8384677306110848,0.01561779670116437,0.0002654190603080947
-0.8379940206110847,0.01561779670116437,0.0002654190603080947
-0.8375203106110847,0.01561779670116437,0.0006068594290283141
-0.8370466006110848,0.01561779670116437,0.0006068594290283141
-0.8365728906110848,0.01561779670116437,0.0006068594290283141
-0.8360991806110847,0.01561779670116437,0.0009482997977485336
-0.8356254706110848,0.01561779670116437,0.001289740166468739
-0.8351517606110848,0.01561779670116437,0.001289740166468739
-0.8346780506110847,0.01561779670116437,0.001289740166468739
-0.8342043406110848,0.01561779670116437,0.001972620903908854
-0.8337306306110848,0.01561779670116437,0.001631180535188959
-0.8332569206110847,0.01561779670116437,0.001631180535188959
-0.8327832106110846,0.01561779670116437,0.001631180535188959
-0.8323095006110848,0.01561779670116437,0.001631180535188959
-0.8318357906110847,0.01561779670116437,0.001972620903909164
-0.8313620806110846,2.663616986960961,0.004704143853670878
-0.8308883706110848,3.014420298491106,0.001631180535188959
-0.8304146606110847,3.01819237710971,0.001631180535188959
-0.8299409506110846,3.01819237710971,0.001631180535188959
-0.8294672406110848,3.01819237710971,0.001631180535188959
-0.8289935306110847,3.01819237710971,0.001631180535188959
-0.8285198206110846,3.01819237710971,0.001631180535188959
-0.8280461106110848,3.01819237710971,0.001631180535188959
-0.8275724006110847,3.01819237710971,0.001631180535188959
-0.8270986906110847,3.01819237710971,0.001289740166468739
-0.8266249806110848,3.021964455728313,0.001289740166468739
-0.8261512706110847,3.021964455728313,0.001289740166468739
-0.8256775606110847,3.021964455728313,0.001289740166468739
-0.8252038506110848,3.021964455728313,0.0009482997977485336
-0.8247301406110847,3.021964455728313,0.0009482997977485336
-0.8242564306110847,3.021964455728313,0.0006068594290283141
-0.8237827206110848,3.021964455728313,0.0002654190603080947
-0.8233090106110847,3.021964455728313,0.0006068594290283141
-0.8228353006110847,3.021964455728313,0.0002654190603080947
-0.8223615906110848,3.021964455728313,0.0002654190603080947
-0.8218878806110848,3.021964455728313,0.0002654190603080947
-0.8214141706110847,3.021964455728313,0.0002654190603080947
-0.8209404606110848,3.021964455728313,-7.602130841211086e-05
-0.8204667506110848,3.021964455728313,-7.602130841211086e-05
-0.8199930406110847,3.021964455728313,0.0002654190603080947
-0.8195193306110848,3.021964455728313,0.0002654190603080947
-0.8190456206110848,3.021964455728313,0.0002654190603080947
-0.8185719106110847,3.021964455728313,0.0002654190603080947
-0.8180982006110846,3.021964455728313,0.0006068594290283141
-0.8176244906110848,3.021964455728313,0.0006068594290283141
-0.8171507806110847,3.025736534346916,0.0009482997977485336
-0.8166770706110846,3.021964455728313,0.0009482997977485336
-0.8162033606110848,3.021964455728313,0.0009482997977485336
-0.8157296506110847,3.021964455728313,0.0009482997977485336
-0.8152559406110846,3.021964455728313,0.0009482997977485336
-0.8147822306110848,3.021964455728313,0.0009482997977485336
-0.8143085206110847,3.021964455728313,0.001289740166468739
-0.8138348106110846,3.021964455728313,0.001289740166468739
-0.8133611006110848,3.021964455728313,0.001289740166468739
-0.8128873906110847,3.021964455728313,0.001631180535188959
-0.8124136806110847,3.021964455728313,0.001631180535188959
-0.8119399706110848,3.021964455728313,0.001631180535188959
-0.8114662606110847,3.021964455728313,0.001972620903909164
-0.8109925506110847,3.021964455728313,0.001972620903909164
-0.8105188406110848,3.021964455728313,0.001631180535188959
-0.8100451306110847,3.021964455728313,0.001631180535188959
-0.8095714206110847,3.021964455728313,0.001972620903909164
-0.8090977106110848,3.021964455728313,0.001631180535188959
-0.8086240006110847,3.021964455728313,0.001631180535188959
-0.8081502906110847,3.021964455728313,0.001631180535188959
-0.8076765806110848,3.021964455728313,0.001289740166468739
-0.8072028706110848,3.021964455728313,0.001289740166468739
-0.8067291606110847,3.021964455728313,0.001289740166468739
-0.8062554506110848,3.021964455728313,0.0009482997977485336
-0.8057817406110848,3.025736534346916,0.001289740166468739
-0.8053080306110847,3.021964455728313,0.0009482997977485336
-0.8048343206110848,3.021964455728313,0.0006068594290284694
-0.8043606106110848,3.021964455728313,0.0002654190603080947
-0.8038869006110847,3.021964455728313,0.0002654190603080947
-0.8034131906110846,3.021964455728313,0.0002654190603080947
-0.8029394806110848,3.021964455728313,0.0002654190603080947
-0.8024657706110847,3.021964455728313,-7.602130841211086e-05
-0.8019920606110846,3.021964455728313,0.0006068594290283141
-0.8015183506110848,3.021964455728313,0.0002654190603080947
-0.8010446406110847,3.021964455728313,0.0002654190603080947
-0.8005709306110846,3.021964455728313,0.0002654190603080947
-0.8000972206110848,3.021964455728313,0.0002654190603080947
-0.7996235106110847,3.021964455728313,0.0002654190603080947
-0.7991498006110846,3.021964455728313,0.0002654190603080947
-0.7986760906110848,3.021964455728313,0.0002654190603080947
-0.7982023806110847,3.021964455728313,0.0002654190603080947
-0.7977286706110847,3.021964455728313,0.0006068594290283141
-0.7972549606110848,3.021964455728313,0.0009482997977485336
-0.7967812506110847,3.021964455728313,0.0006068594290283141
-0.7963075406110847,3.021964455728313,0.0009482997977485336
-0.7958338306110848,3.021964455728313,0.0009482997977485336
-0.7953601206110847,3.021964455728313,0.001289740166468739
-0.7948864106110847,3.021964455728313,0.001289740166468739
-0.7944127006110848,3.021964455728313,0.001289740166468739
-0.7939389906110847,3.021964455728313,0.001631180535188959
-0.7934652806110847,3.021964455728313,0.001631180535188959
-0.7929915706110848,3.021964455728313,0.001631180535188959
-0.7925178606110848,3.021964455728313,0.001631180535188959
-0.7920441506110847,3.021964455728313,0.001631180535188959
-0.7915704406110848,3.025736534346916,0.001631180535188959
-0.7910967306110848,3.021964455728313,0.001972620903909164
-0.7906230206110847,3.021964455728313,0.001972620903909164
-0.7901493106110848,3.021964455728313,0.001631180535189114
-0.7896756006110848,3.021964455728313,0.001631180535188959
-0.7892018906110847,3.025736534346916,0.001631180535188959
-0.7887281806110846,3.021964455728313,0.001631180535188959
-0.7882544706110848,3.021964455728313,0.001631180535188959
-0.7877807606110847,3.021964455728313,0.001631180535188959
-0.7873070506110846,3.021964455728313,0.001289740166468739
-0.7868333406110848,3.021964455728313,0.0009482997977485336
-0.7863596306110847,3.021964455728313,0.0009482997977485336
-0.7858859206110846,3.021964455728313,0.0009482997977485336
-0.7854122106110848,3.021964455728313,0.0009482997977485336
-0.7849385006110847,3.021964455728313,0.0009482997977485336
-0.7844647906110847,3.021964455728313,0.0009482997977485336
-0.7839910806110848,3.021964455728313,0.0006068594290283141
-0.7835173706110847,3.021964455728313,0.0006068594290283141
-0.7830436606110847,3.021964455728313,0.0002654190603080947
-0.7825699506110848,3.021964455728313,-7.602130841211086e-05
-0.7820962406110847,3.025736534346916,-7.602130841211086e-05
-0.7816225306110847,3.021964455728313,0.0002654190603080947
-0.7811488206110848,3.021964455728313,-7.602130841211086e-05
-0.7806751106110847,3.021964455728313,-7.602130841211086e-05
-0.7802014006110847,3.021964455728313,0.0002654190603080947
-0.7797276906110848,3.021964455728313,0.0002654190603080947
-0.7792539806110848,3.021964455728313,0.0002654190603080947
-0.7787802706110847,3.021964455728313,0.0002654190603080947
-0.7783065606110848,3.021964455728313,0.0002654190603080947
-0.7778328506110848,3.021964455728313,0.0002654190603080947
-0.7773591406110847,3.021964455728313,0.0006068594290283141
-0.7768854306110848,3.021964455728313,0.0006068594290283141
-0.7764117206110848,3.021964455728313,0.0006068594290283141
-0.7759380106110847,3.021964455728313,0.0009482997977485336
-0.7754643006110846,3.021964455728313,0.001289740166468739
-0.7749905906110848,3.021964455728313,0.001289740166468739
-0.7745168806110847,3.021964455728313,0.001631180535188959
-0.7740431706110846,3.021964455728313,0.001631180535188959
-0.7735694606110848,3.021964455728313,0.001289740166468739
-0.7730957506110847,3.021964455728313,0.001631180535188959
-0.7726220406110846,3.025736534346916,0.001631180535188959
-0.7721483306110848,3.021964455728313,0.001631180535188959
-0.7716746206110847,3.021964455728313,0.001972620903909164
-0.7712009106110846,3.021964455728313,0.001972620903909164
-0.7707272006110848,3.025736534346916,0.001631180535188959
-0.7702534906110847,3.025736534346916,0.001631180535188959
-0.7697797806110847,3.025736534346916,0.001631180535188959
-0.7693060706110848,3.021964455728313,0.001631180535188959
-0.7688323606110847,3.021964455728313,0.001631180535188959
-0.7683586506110847,3.021964455728313,0.001289740166468739
-0.7678849406110848,3.021964455728313,0.001631180535188959
-0.7674112306110847,3.021964455728313,0.001289740166468739
-0.7669375206110847,3.021964455728313,0.001289740166468739
-0.7664638106110848,3.021964455728313,0.001289740166468739
-0.7659901006110847,3.021964455728313,0.0009482997977485336
-0.7655163906110847,3.021964455728313,0.0009482997977485336
-0.7650426806110848,3.021964455728313,0.0009482997977485336
-0.7645689706110848,3.021964455728313,0.0006068594290283141
-0.7640952606110847,3.021964455728313,0.0006068594290283141
-0.7636215506110848,3.021964455728313,0.0006068594290283141
-0.7631478406110848,3.021964455728313,0.0006068594290283141
-0.7626741306110847,3.021964455728313,0.0002654190603080947
-0.7622004206110848,3.021964455728313,0.0002654190603080947
-0.7617267106110848,3.021964455728313,0.0002654190603080947
-0.7612530006110847,3.021964455728313,0.0002654190603080947
-0.7607792906110846,3.021964455728313,0.0002654190603080947
-0.7603055806110848,3.021964455728313,0.0002654190603080947
-0.7598318706110847,3.021964455728313,0.0002654190603080947
-0.7593581606110846,3.021964455728313,-7.602130841211086e-05
-0.7588844506110848,3.021964455728313,0.0006068594290283141
-0.7584107406110847,3.021964455728313,0.0002654190603080947
-0.7579370306110846,3.021964455728313,0.0002654190603080947
-0.7574633206110848,3.021964455728313,0.0006068594290283141
-0.7569896106110847,3.021964455728313,0.0006068594290283141
-0.7565159006110846,3.021964455728313,0.0006068594290283141
-0.7560421906110848,3.021964455728313,0.0009482997977485336
-0.7555684806110847,3.025736534346916,0.001289740166468739
-0.7550947706110847,3.021964455728313,0.001289740166468739
-0.7546210606110848,3.021964455728313,0.001631180535188959
-0.7541473506110847,3.021964455728313,0.001631180535188959
-0.7536736406110847,3.021964455728313,0.001631180535188959
-0.7531999306110848,3.021964455728313,0.001631180535188959
-0.7527262206110847,3.021964455728313,0.001631180535188959
-0.7522525106110847,3.021964455728313,0.001631180535188959
-0.7517788006110848,3.021964455728313,0.001972620903909164
-0.7513050906110847,3.021964455728313,0.001972620903909164
-0.7508313806110847,3.021964455728313,0.001972620903909164
-0.7503576706110848,3.021964455728313,0.001972620903909164
-0.7498839606110848,3.021964455728313,0.001972620903909164
-0.7494102506110847,3.021964455728313,0.001631180535188959
-0.7489365406110848,3.021964455728313,0.001631180535188959
-0.7484628306110848,3.021964455728313,0.001631180535188959
-0.7479891206110847,3.021964455728313,0.001631180535188959
-0.7475154106110848,3.021964455728313,0.001289740166468739
-0.7470417006110848,3.021964455728313,0.0009482997977485336
-0.7465679906110847,3.021964455728313,0.0009482997977485336
-0.7460942806110846,3.021964455728313,0.0009482997977485336
-0.7456205706110848,3.021964455728313,0.0009482997977485336
-0.7451468606110847,3.021964455728313,0.0009482997977485336
-0.7446731506110846,3.021964455728313,0.0006068594290283141
-0.7441994406110848,3.021964455728313,0.0006068594290283141
-0.7437257306110847,3.021964455728313,0.0006068594290283141
-0.7432520206110846,3.021964455728313,0.0006068594290283141
-0.7427783106110848,3.021964455728313,0.0006068594290283141
-0.7423046006110847,3.021964455728313,0.0006068594290283141
-0.7418308906110846,3.021964455728313,0.0002654190603080947
-0.7413571806110848,3.021964455728313,0.0002654190603080947
-0.7408834706110847,3.021964455728313,-7.602130841211086e-05
-0.7404097606110847,3.021964455728313,-7.602130841211086e-05
-0.7399360506110848,3.021964455728313,-7.602130841211086e-05
-0.7394623406110847,3.021964455728313,0.0002654190603080947
-0.7389886306110847,3.021964455728313,0.0002654190603080947
-0.7385149206110848,3.021964455728313,0.0002654190603080947
-0.7380412106110847,3.021964455728313,0.0002654190603080947
-0.7375675006110847,3.021964455728313,0.0006068594290283141
-0.7370937906110848,3.021964455728313,0.0009482997977485336
-0.7366200806110847,3.021964455728313,0.0009482997977485336
-0.7361463706110847,3.021964455728313,0.0009482997977485336
-0.7356726606110848,3.021964455728313,0.0009482997977485336
-0.7351989506110848,3.021964455728313,0.0009482997977485336
-0.7347252406110847,3.021964455728313,0.001289740166468739
-0.7342515306110848,3.021964455728313,0.001631180535188959
-0.7337778206110848,3.025736534346916,0.001631180535188959
-0.7333041106110847,3.021964455728313,0.001631180535188959
-0.7328304006110848,3.021964455728313,0.001631180535188959
-0.7323566906110848,3.021964455728313,0.001631180535188959
-0.7318829806110847,3.021964455728313,0.001972620903909164
-0.7314092706110846,3.021964455728313,0.001972620903909009
-0.7309355606110848,3.021964455728313,0.001631180535188959
-0.7304618506110847,3.021964455728313,0.001631180535188959
-0.7299881406110846,3.021964455728313,0.001631180535188959
-0.7295144306110848,3.021964455728313,0.001972620903909164
-0.7290407206110847,3.021964455728313,0.001631180535188959
-0.7285670106110846,3.021964455728313,0.001631180535188959
-0.7280933006110848,3.021964455728313,0.001631180535188959
-0.7276195906110847,3.021964455728313,0.001631180535188959
-0.7271458806110846,3.021964455728313,0.0009482997977485336
-0.7266721706110848,3.021964455728313,0.0009482997977485336
-0.7261984606110847,3.021964455728313,0.0009482997977485336
-0.7257247506110847,3.021964455728313,0.0009482997977485336
-0.7252510406110848,3.021964455728313,0.0009482997977485336
-0.7247773306110847,3.021964455728313,0.0009482997977485336
-0.7243036206110847,3.021964455728313,0.0006068594290283141
-0.7238299106110848,3.021964455728313,0.0006068594290283141
-0.7233562006110847,3.021964455728313,0.0009482997977485336
-0.7228824906110847,3.021964455728313,0.0002654190603080947
-0.7224087806110848,3.021964455728313,0.0002654190603080947
-0.7219350706110848,3.021964455728313,0.0002654190603080947
-0.7214613606110847,3.021964455728313,-7.602130841211086e-05
-0.7209876506110848,3.021964455728313,0.0002654190603080947
-0.7205139406110848,3.021964455728313,0.0002654190603080947
-0.7200402306110847,3.021964455728313,0.0002654190603080947
-0.7195665206110848,3.021964455728313,-7.602130841211086e-05
-0.7190928106110848,3.021964455728313,0.0002654190603080947
-0.7186191006110847,3.021964455728313,0.0006068594290283141
-0.7181453906110848,3.021964455728313,0.0006068594290283141
-0.7176716806110848,3.021964455728313,0.0006068594290283141
-0.7171979706110847,3.021964455728313,0.0009482997977485336
-0.7167242606110846,3.021964455728313,0.0009482997977485336
-0.7162505506110848,3.021964455728313,0.0009482997977485336
-0.7157768406110847,3.021964455728313,0.0009482997977485336
-0.7153031306110846,3.021964455728313,0.0009482997977485336
-0.7148294206110848,3.021964455728313,0.001289740166468739
-0.7143557106110847,3.021964455728313,0.001631180535188959
-0.7138820006110846,3.021964455728313,0.001631180535188959
-0.7134082906110848,3.021964455728313,0.001631180535188959
-0.7129345806110847,3.021964455728313,0.001631180535188959
-0.7124608706110847,3.021964455728313,0.001631180535188959
-0.7119871606110848,3.021964455728313,0.001631180535188959
-0.7115134506110847,3.021964455728313,0.001631180535188959
-0.7110397406110847,3.021964455728313,0.001972620903909164
-0.7105660306110848,3.021964455728313,0.001972620903909164
-0.7100923206110847,3.021964455728313,0.001631180535188959
-0.7096186106110847,3.025736534346916,0.001289740166468739
-0.7091449006110848,3.025736534346916,0.001631180535188959
-0.7086711906110847,3.025736534346916,0.001289740166468739
-0.7081974806110847,3.021964455728313,0.001289740166468739
-0.7077237706110848,3.025736534346916,0.001631180535188959
-0.7072500606110848,3.021964455728313,0.001289740166468739
-0.7067763506110847,3.021964455728313,0.001289740166468739
-0.7063026406110848,3.021964455728313,0.001289740166468739
-0.7058289306110848,3.021964455728313,0.0009482997977485336
-0.7053552206110847,3.021964455728313,0.0009482997977485336
-0.7048815106110848,3.021964455728313,0.0006068594290283141
-0.7044078006110848,3.021964455728313,0.0006068594290283141
-0.7039340906110847,3.021964455728313,0.0006068594290283141
-0.7034603806110848,3.021964455728313,0.0006068594290283141
-0.7029866706110848,3.021964455728313,0.0002654190603080947
-0.7025129606110847,3.021964455728313,0.0002654190603080947
-0.7020392506110846,3.021964455728313,0.0002654190603080947
-0.7015655406110848,3.021964455728313,0.0002654190603080947
-0.7010918306110847,3.021964455728313,0.0002654190603080947
-0.7006181206110846,3.021964455728313,0.0002654190603080947
-0.7001444106110848,3.021964455728313,0.0002654190603080947
-0.6996707006110847,3.021964455728313,-7.602130841211086e-05
-0.6991969906110846,3.021964455728313,-7.602130841211086e-05
-0.6987232806110848,3.021964455728313,-7.602130841211086e-05
-0.6982495706110847,3.021964455728313,0.0002654190603080947
-0.6977758606110847,3.021964455728313,0.0002654190603080947
-0.6973021506110848,3.021964455728313,0.0006068594290283141
-0.6968284406110847,3.021964455728313,0.0006068594290283141
-0.6963547306110847,3.021964455728313,0.0006068594290283141
-0.6958810206110848,3.021964455728313,0.001289740166468739
-0.6954073106110847,3.021964455728313,0.001289740166468739
-0.6949336006110847,3.021964455728313,0.001289740166468739
-0.6944598906110848,3.021964455728313,0.001631180535188959
-0.6939861806110847,3.021964455728313,0.001631180535188959
-0.6935124706110847,3.021964455728313,0.001289740166468739
-0.6930387606110848,3.021964455728313,0.001631180535188959
-0.6925650506110848,3.021964455728313,0.001631180535188959
-0.6920913406110847,3.021964455728313,0.001972620903909164
-0.6916176306110848,3.021964455728313,0.001972620903909164
-0.6911439206110848,3.021964455728313,0.001972620903909164
-0.6906702106110847,3.025736534346916,0.001972620903909164
-0.6901965006110848,3.021964455728313,0.001972620903909164
-0.6897227906110848,3.021964455728313,0.001631180535188959
-0.6892490806110847,3.021964455728313,0.001631180535188959
-0.6887753706110848,3.021964455728313,0.001289740166468894
-0.6883016606110848,3.021964455728313,0.001289740166468739
-0.6878279506110847,3.021964455728313,0.001631180535188959
-0.6873542406110846,3.021964455728313,0.001289740166468739
-0.6868805306110848,3.025736534346916,0.0009482997977485336
-0.6864068206110847,3.021964455728313,0.0009482997977485336
-0.6859331106110846,3.021964455728313,0.0006068594290283141
-0.6854594006110848,3.021964455728313,0.0009482997977485336
-0.6849856906110847,3.021964455728313,0.0009482997977485336
-0.6845119806110846,3.021964455728313,0.0009482997977485336
-0.6840382706110848,3.021964455728313,0.0006068594290283141
-0.6835645606110847,3.021964455728313,0.0009482997977485336
-0.6830908506110847,3.021964455728313,0.0006068594290283141
-0.6826171406110848,3.021964455728313,0.0002654190603080947
-0.6821434306110847,3.021964455728313,0.0002654190603080947
-0.6816697206110847,3.021964455728313,0.0002654190603080947
-0.6811960106110848,3.021964455728313,-7.602130841211086e-05
-0.6807223006110847,3.021964455728313,-7.602130841211086e-05
-0.6802485906110847,3.021964455728313,0.0002654190603080947
-0.6797748806110848,3.021964455728313,0.0002654190603080947
-0.6793011706110847,3.021964455728313,0.0002654190603080947
-0.6788274606110847,3.021964455728313,0.0002654190603080947
-0.6783537506110848,3.021964455728313,0.0002654190603080947
-0.6778800406110848,3.021964455728313,0.0002654190603080947
-0.6774063306110847,3.021964455728313,0.0002654190603080947
-0.6769326206110848,3.021964455728313,0.0009482997977485336
-0.6764589106110848,3.021964455728313,0.0009482997977485336
-0.6759852006110847,3.021964455728313,0.0009482997977485336
-0.6755114906110848,3.021964455728313,0.0009482997977485336
-0.6750377806110848,3.021964455728313,0.0009482997977485336
-0.6745640706110847,3.021964455728313,0.0009482997977485336
-0.6740903606110848,3.021964455728313,0.001631180535188648
-0.6736166506110848,3.021964455728313,0.001631180535188959
-0.6731429406110847,3.021964455728313,0.001631180535188959
-0.6726692306110846,3.021964455728313,0.001972620903909164
-0.6721955206110848,3.021964455728313,0.001972620903909164
-0.6717218106110847,3.025736534346916,0.001972620903909164
-0.6712481006110846,3.021964455728313,0.001972620903909164
-0.6707743906110848,3.021964455728313,0.001972620903909164
-0.6703006806110847,3.025736534346916,0.001972620903909164
-0.6698269706110846,3.021964455728313,0.001631180535188959
-0.6693532606110848,3.025736534346916,0.001631180535188959
-0.6688795506110847,3.021964455728313,0.001631180535188959
-0.6684058406110847,3.021964455728313,0.001631180535188959
-0.6679321306110848,3.021964455728313,0.001631180535188959
-0.6674584206110847,3.021964455728313,0.001289740166468739
-0.6669847106110847,3.021964455728313,0.001289740166468739
-0.6665110006110848,3.021964455728313,0.001289740166468739
-0.6660372906110847,3.021964455728313,0.0009482997977485336
-0.6655635806110847,3.021964455728313,0.0009482997977485336
-0.6650898706110848,3.021964455728313,0.0009482997977485336
-0.6646161606110847,3.021964455728313,0.0006068594290283141
-0.6641424506110847,3.021964455728313,0.0006068594290283141
-0.6636687406110848,3.021964455728313,0.0006068594290283141
-0.6631950306110848,3.021964455728313,0.0006068594290283141
-0.6627213206110847,3.021964455728313,0.0006068594290283141
-0.6622476106110848,3.021964455728313,0.0002654190603080947
-0.6617739006110848,3.021964455728313,0.0006068594290283141
-0.6613001906110847,3.021964455728313,0.0002654190603080947
-0.6608264806110848,3.021964455728313,-7.602130841211086e-05
-0.6603527706110848,3.021964455728313,0.0002654190603080947
-0.6598790606110847,3.021964455728313,0.0002654190603080947
-0.6594053506110849,3.021964455728313,0.0002654190603080947
-0.6589316406110848,3.021964455728313,0.0002654190603080947
-0.6584579306110847,3.021964455728313,0.0002654190603080947
-0.6579842206110846,3.021964455728313,0.0006068594290283141
-0.6575105106110848,3.021964455728313,0.0009482997977485336
-0.6570368006110847,3.021964455728313,0.0009482997977485336
-0.6565630906110846,3.021964455728313,0.0009482997977485336
-0.6560893806110848,3.021964455728313,0.0009482997977485336
-0.6556156706110847,3.021964455728313,0.0009482997977485336
-0.6551419606110847,3.021964455728313,0.0009482997977485336
-0.6546682506110848,3.021964455728313,0.0009482997977485336
-0.6541945406110847,3.021964455728313,0.001289740166468739
-0.6537208306110847,3.021964455728313,0.001289740166468739
-0.6532471206110848,3.021964455728313,0.001289740166468739
-0.6527734106110847,3.021964455728313,0.001631180535188959
-0.6522997006110847,3.021964455728313,0.001631180535188959
-0.6518259906110848,3.021964455728313,0.001972620903909164
-0.6513522806110847,3.021964455728313,0.001972620903909164
-0.6508785706110847,3.021964455728313,0.001972620903909164
-0.6504048606110848,3.021964455728313,0.001972620903909164
-0.6499311506110848,3.021964455728313,0.001631180535188959
-0.6494574406110847,3.021964455728313,0.001631180535188959
-0.6489837306110848,3.021964455728313,0.001631180535188959
-0.6485100206110848,3.021964455728313,0.001631180535188959
-0.6480363106110847,3.021964455728313,0.001289740166468739
-0.6475626006110848,3.021964455728313,0.001289740166468739
-0.6470888906110848,3.021964455728313,0.0009482997977485336
-0.6466151806110847,3.021964455728313,0.0009482997977485336
-0.6461414706110848,3.021964455728313,0.0009482997977485336
-0.6456677606110848,3.021964455728313,0.001289740166468739
-0.6451940506110847,3.021964455728313,0.0009482997977485336
-0.6447203406110849,3.021964455728313,0.0006068594290284694
-0.6442466306110848,3.021964455728313,0.0006068594290283141
-0.6437729206110847,3.021964455728313,0.0006068594290283141
-0.6432992106110846,3.021964455728313,0.0006068594290283141
-0.6428255006110848,3.021964455728313,0.0002654190603080947
-0.6423517906110847,3.021964455728313,0.0002654190603080947
-0.6418780806110846,3.021964455728313,0.0002654190603080947
-0.6414043706110848,3.021964455728313,0.0002654190603080947
-0.6409306606110847,3.021964455728313,0.0002654190603080947
-0.6404569506110847,3.021964455728313,0.0006068594290283141
-0.6399832406110848,3.021964455728313,0.0006068594290283141
-0.6395095306110847,3.021964455728313,0.0006068594290283141
-0.6390358206110847,3.021964455728313,0.0006068594290283141
-0.6385621106110848,3.021964455728313,0.0006068594290283141
-0.6380884006110847,3.021964455728313,0.0006068594290283141
-0.6376146906110847,3.021964455728313,0.0006068594290283141
-0.6371409806110848,3.021964455728313,0.0006068594290283141
-0.6366672706110847,3.021964455728313,0.0009482997977485336
-0.6361935606110847,3.021964455728313,0.0009482997977485336
-0.6357198506110848,3.021964455728313,0.0009482997977485336
-0.6352461406110848,3.021964455728313,0.001289740166468739
-0.6347724306110847,3.021964455728313,0.001289740166468739
-0.6342987206110848,3.021964455728313,0.001631180535188959
-0.6338250106110848,3.021964455728313,0.001631180535188959
-0.6333513006110847,3.021964455728313,0.001631180535188959
-0.6328775906110848,3.021964455728313,0.001972620903909164
-0.6324038806110848,3.021964455728313,0.001972620903909164
-0.6319301706110847,3.021964455728313,0.001631180535188959
-0.6314564606110848,3.021964455728313,0.001631180535188959
-0.6309827506110848,3.021964455728313,0.001631180535188959
-0.6305090406110847,3.021964455728313,0.001631180535188959
-0.6300353306110846,3.021964455728313,0.001631180535189114
-0.6295616206110848,3.021964455728313,0.001972620903909164
-0.6290879106110847,3.021964455728313,0.001631180535188959
-0.6286142006110846,3.021964455728313,0.001631180535188959
-0.6281404906110848,3.021964455728313,0.001631180535188959
-0.6276667806110847,3.021964455728313,0.001631180535188959
-0.6271930706110846,3.021964455728313,0.001289740166468739
-0.6267193606110848,3.021964455728313,0.0009482997977485336
-0.6262456506110847,3.021964455728313,0.0009482997977485336
-0.6257719406110847,3.021964455728313,0.0009482997977485336
-0.6252982306110848,3.021964455728313,0.0009482997977485336
-0.6248245206110847,3.021964455728313,0.0009482997977485336
-0.6243508106110847,3.021964455728313,0.0006068594290283141
-0.6238771006110848,3.021964455728313,0.0006068594290283141
-0.6234033906110847,3.021964455728313,0.0006068594290283141
-0.6229296806110847,3.021964455728313,0.0002654190603080947
-0.6224559706110848,3.021964455728313,0.0002654190603080947
-0.6219822606110847,3.021964455728313,0.0006068594290283141
-0.6215085506110847,3.021964455728313,0.0006068594290283141
-0.6210348406110848,3.021964455728313,0.0002654190603080947
-0.6205611306110848,3.021964455728313,0.0002654190603080947
-0.6200874206110847,3.021964455728313,0.0002654190603080947
-0.6196137106110848,3.021964455728313,0.0002654190603080947
-0.6191400006110848,3.021964455728313,0.0002654190603080947
-0.6186662906110847,3.021964455728313,0.0002654190603080947
-0.6181925806110848,3.021964455728313,0.0002654190603080947
-0.6177188706110848,3.021964455728313,0.0002654190603080947
-0.6172451606110847,3.021964455728313,0.0006068594290283141
-0.6167714506110848,3.021964455728313,0.0009482997977485336
-0.6162977406110848,3.021964455728313,0.0009482997977485336
-0.6158240306110847,3.021964455728313,0.0009482997977485336
-0.6153503206110846,3.021964455728313,0.0009482997977486888
-0.6148766106110848,3.021964455728313,0.001289740166468739
-0.6144029006110847,3.021964455728313,0.001631180535188959
-0.6139291906110846,3.021964455728313,0.001972620903909164
-0.6134554806110848,3.021964455728313,0.001631180535188959
-0.6129817706110847,3.021964455728313,0.001631180535188959
-0.6125080606110846,3.021964455728313,0.001631180535188959
-0.6120343506110848,3.021964455728313,0.001972620903909164
-0.6115606406110847,3.021964455728313,0.001972620903909164
-0.6110869306110847,3.021964455728313,0.001972620903909164
-0.6106132206110848,3.021964455728313,0.001972620903909164
-0.6101395106110847,3.021964455728313,0.001631180535188959
-0.6096658006110847,3.021964455728313,0.001631180535188959
-0.6091920906110848,3.021964455728313,0.001972620903909164
-0.6087183806110847,3.021964455728313,0.001631180535188959
-0.6082446706110847,3.021964455728313,0.001631180535188959
-0.6077709606110848,3.021964455728313,0.001289740166468739
-0.6072972506110847,3.021964455728313,0.0009482997977485336
-0.6068235406110847,3.021964455728313,0.0009482997977485336
-0.6063498306110848,3.021964455728313,0.0009482997977485336
-0.6058761206110848,3.021964455728313,0.0009482997977485336
-0.6054024106110847,3.021964455728313,0.0006068594290283141
-0.6049287006110848,3.021964455728313,0.0009482997977485336
-0.6044549906110848,3.021964455728313,0.0006068594290283141
-0.6039812806110847,3.021964455728313,0.0006068594290283141
-0.6035075706110848,3.021964455728313,0.0009482997977485336
-0.6030338606110848,3.021964455728313,0.0002654190603080947
-0.6025601506110847,3.021964455728313,0.0002654190603080947
-0.6020864406110848,3.021964455728313,0.0002654190603080947
-0.6016127306110848,3.021964455728313,0.0002654190603080947
-0.6011390206110847,3.021964455728313,0.0002654190603080947
-0.6006653106110846,3.021964455728313,0.0002654190603080947
-0.6001916006110848,3.021964455728313,0.0002654190603080947
-0.5997178906110847,3.021964455728313,0.0002654190603080947
-0.5992441806110846,3.021964455728313,0.0002654190603080947
-0.5987704706110848,3.021964455728313,0.0006068594290283141
-0.5982967606110847,3.021964455728313,0.0006068594290283141
-0.5978230506110846,3.021964455728313,0.0002654190603080947
-0.5973493406110848,3.021964455728313,0.0006068594290283141
-0.5968756306110847,3.021964455728313,0.0006068594290283141
-0.5964019206110847,3.021964455728313,0.0006068594290283141
-0.5959282106110848,3.021964455728313,0.0009482997977485336
-0.5954545006110847,3.021964455728313,0.001289740166468739
-0.5949807906110847,3.021964455728313,0.001289740166468739
-0.5945070806110848,3.021964455728313,0.001631180535188959
-0.5940333706110847,3.021964455728313,0.001631180535188959
-0.5935596606110847,3.021964455728313,0.001289740166468739
-0.5930859506110848,3.021964455728313,0.001631180535188959
-0.5926122406110848,3.021964455728313,0.001972620903909164
-0.5921385306110847,3.021964455728313,0.001972620903909164
-0.5916648206110848,3.021964455728313,0.001972620903909164
-0.5911911106110848,3.021964455728313,0.001972620903909164
-0.5907174006110847,3.021964455728313,0.001972620903909164
-0.5902436906110848,3.021964455728313,0.001972620903909164
-0.5897699806110848,3.021964455728313,0.001631180535188959
-0.5892962706110847,3.021964455728313,0.001631180535188959
-0.5888225606110848,3.021964455728313,0.001289740166468739
-0.5883488506110848,3.021964455728313,0.001289740166468739
-0.5878751406110847,3.021964455728313,0.001631180535188959
-0.5874014306110849,3.021964455728313,0.001289740166468739
-0.5869277206110848,3.021964455728313,0.001289740166468739
-0.5864540106110847,3.021964455728313,0.001289740166468739
-0.5859803006110846,3.021964455728313,0.0009482997977483783
-0.5855065906110848,3.021964455728313,0.0006068594290283141
-0.5850328806110847,3.021964455728313,0.0006068594290283141
-0.5845591706110846,3.021964455728313,0.0006068594290283141
-0.5840854606110848,3.021964455728313,0.0002654190603080947
-0.5836117506110847,3.021964455728313,0.0006068594290283141
-0.5831380406110847,3.021964455728313,0.0006068594290283141
-0.5826643306110848,3.021964455728313,0.0006068594290283141
-0.5821906206110847,3.021964455728313,0.0006068594290283141
-0.5817169106110847,3.021964455728313,0.0006068594290283141
-0.5812432006110848,3.021964455728313,0.0002654190603080947
-0.5807694906110847,3.021964455728313,0.0002654190603080947
-0.5802957806110847,3.021964455728313,0.0002654190603080947
-0.5798220706110848,3.021964455728313,0.0002654190603080947
-0.5793483606110847,3.021964455728313,0.0002654190603080947
-0.5788746506110847,3.021964455728313,0.0002654190603080947
-0.5784009406110848,3.021964455728313,0.0006068594290283141
-0.5779272306110848,3.021964455728313,0.0006068594290283141
-0.5774535206110847,3.021964455728313,0.0006068594290283141
-0.5769798106110848,3.021964455728313,0.0009482997977485336
-0.5765061006110848,3.021964455728313,0.0009482997977485336
-0.5760323906110847,3.021964455728313,0.001289740166468739
-0.5755586806110848,3.021964455728313,0.001289740166468739
-0.5750849706110848,3.021964455728313,0.001289740166468739
-0.5746112606110847,3.021964455728313,0.001289740166468739
-0.5741375506110848,3.021964455728313,0.001631180535188959
-0.5736638406110848,3.021964455728313,0.001289740166468739
-0.5731901306110847,3.021964455728313,0.001289740166468739
-0.5727164206110849,3.021964455728313,0.001631180535188959
-0.5722427106110848,3.021964455728313,0.001631180535188959
-0.5717690006110847,3.021964455728313,0.001972620903909164
-0.5712952906110846,3.021964455728313,0.001972620903909164
-0.5708215806110848,3.021964455728313,0.001972620903909164
-0.5703478706110847,3.021964455728313,0.001972620903909164
-0.5698741606110846,3.021964455728313,0.001972620903909164
-0.5694004506110848,3.021964455728313,0.001972620903909164
-0.5689267406110847,3.021964455728313,0.001631180535188959
-0.5684530306110847,3.021964455728313,0.001289740166468739
-0.5679793206110848,3.021964455728313,0.001289740166468739
-0.5675056106110847,3.021964455728313,0.001289740166468739
-0.5670319006110847,3.021964455728313,0.0009482997977485336
-0.5665581906110848,3.021964455728313,0.0009482997977485336
-0.5660844806110847,3.021964455728313,0.0009482997977485336
-0.5656107706110847,3.021964455728313,0.0009482997977485336
-0.5651370606110848,3.021964455728313,0.001289740166468739
-0.5646633506110847,3.021964455728313,0.0009482997977485336
-0.5641896406110847,3.021964455728313,0.0006068594290283141
-0.5637159306110848,3.021964455728313,0.0006068594290283141
-0.5632422206110848,3.021964455728313,0.0006068594290283141
-0.5627685106110847,3.021964455728313,0.0006068594290283141
-0.5622948006110848,3.021964455728313,0.0006068594290283141
-0.5618210906110848,3.021964455728313,0.0006068594290283141
-0.5613473806110847,3.021964455728313,0.0002654190603080947
-0.5608736706110848,3.021964455728313,-7.602130841211086e-05
-0.5603999606110848,3.021964455728313,0.0002654190603080947
-0.5599262506110847,3.021964455728313,0.0002654190603080947
-0.5594525406110848,3.021964455728313,0.0002654190603080947
-0.5589788306110848,3.021964455728313,0.0002654190603080947
-0.5585051206110847,3.021964455728313,0.0002654190603080947
-0.5580314106110849,3.021964455728313,0.0002654190603080947
-0.5575577006110848,3.021964455728313,0.0006068594290283141
-0.5570839906110847,3.021964455728313,0.0009482997977485336
-0.5566102806110846,3.021964455728313,0.0009482997977485336
-0.5561365706110848,3.021964455728313,0.0009482997977485336
-0.5556628606110847,3.021964455728313,0.0009482997977485336
-0.5551891506110846,3.021964455728313,0.0009482997977485336
-0.5547154406110848,3.021964455728313,0.0009482997977485336
-0.5542417306110847,3.021964455728313,0.001631180535188959
-0.5537680206110847,3.021964455728313,0.001631180535188959
-0.5532943106110848,3.021964455728313,0.001631180535188959
-0.5528206006110847,3.021964455728313,0.001972620903909164
-0.5523468906110847,3.021964455728313,0.001972620903909164
-0.5518731806110848,3.021964455728313,0.001631180535188959
-0.5513994706110847,3.021964455728313,0.001631180535188959
-0.5509257606110847,3.021964455728313,0.001972620903909164
-0.5504520506110848,3.021964455728313,0.001972620903909164
-0.5499783406110847,3.021964455728313,0.001631180535188959
-0.5495046306110847,3.021964455728313,0.001631180535188959
-0.5490309206110848,3.021964455728313,0.001289740166468739
-0.5485572106110848,3.021964455728313,0.001289740166468739
-0.5480835006110847,3.021964455728313,0.001289740166468739
-0.5476097906110848,3.021964455728313,0.001289740166468739
-0.5471360806110848,3.021964455728313,0.001289740166468739
-0.5466623706110847,3.021964455728313,0.001289740166468739
-0.5461886606110848,3.021964455728313,0.001289740166468739
-0.5457149506110848,3.021964455728313,0.0009482997977485336
-0.5452412406110847,3.021964455728313,0.0009482997977485336
-0.5447675306110848,3.021964455728313,0.0009482997977485336
-0.5442938206110848,3.021964455728313,0.0006068594290283141
-0.5438201106110847,3.021964455728313,0.0002654190603080947
-0.5433464006110849,3.021964455728313,0.0006068594290281589
-0.5428726906110848,3.021964455728313,0.0006068594290283141
-0.5423989806110847,3.021964455728313,0.0006068594290283141
-0.5419252706110846,3.021964455728313,0.0006068594290283141
-0.5414515606110848,3.021964455728313,0.0006068594290283141
-0.5409778506110847,3.021964455728313,0.0002654190603080947
-0.5405041406110846,3.021964455728313,0.0006068594290283141
-0.5400304306110848,2.490101370505191,-0.0021246635207334
-0.5395567206110847,0.01561779670116437,-7.602130841211086e-05
-0.5390830106110847,0.01561779670116437,0.0002654190603080947
-0.5386093006110848,0.01561779670116437,0.0006068594290283141
-0.5381355906110847,0.01561779670116437,0.0002654190603080947
-0.5376618806110847,0.01561779670116437,0.0002654190603080947
-0.5371881706110848,0.01561779670116437,0.0006068594290283141
-0.5367144606110847,0.01561779670116437,0.0006068594290283141
-0.5362407506110847,0.01561779670116437,0.0006068594290283141
-0.5357670406110848,0.01561779670116437,0.0009482997977485336
-0.5352933306110848,0.01561779670116437,0.001289740166468739
-0.5348196206110847,0.01561779670116437,0.001289740166468739
-0.5343459106110848,0.01561779670116437,0.001289740166468739
-0.5338722006110848,0.01561779670116437,0.001631180535188959
-0.5333984906110847,0.01561779670116437,0.0009482997977485336
-0.5329247806110848,0.01561779670116437,0.001631180535188959
-0.5324510706110848,0.01561779670116437,0.001631180535188959
-0.5319773606110847,0.01561779670116437,0.001631180535188959
-0.5315036506110848,0.01561779670116437,0.001631180535188959
-0.5310299406110848,0.01561779670116437,0.001631180535188959
-0.5305562306110847,0.01561779670116437,0.001631180535188959
-0.5300825206110849,0.01561779670116437,0.001631180535188959
-0.5296088106110848,0.01561779670116437,0.001631180535188959
-0.5291351006110847,0.01561779670116437,0.001631180535188959
-0.5286613906110849,0.01561779670116437,0.001631180535188959
-0.5281876806110848,0.01561779670116437,0.001289740166468739
-0.5277139706110847,0.01561779670116437,0.001289740166468739
-0.5272402606110846,0.01561779670116437,0.0009482997977485336
-0.5267665506110848,0.01561779670116437,0.0009482997977485336
-0.5262928406110847,0.01561779670116437,0.0009482997977485336
-0.5258191306110847,0.01561779670116437,0.0009482997977485336
-0.5253454206110848,0.01561779670116437,0.0009482997977485336
-0.5248717106110847,0.01561779670116437,0.0006068594290283141
-0.5243980006110847,0.01561779670116437,0.0006068594290283141
-0.5239242906110848,0.01561779670116437,0.0002654190603080947
-0.5234505806110847,0.01561779670116437,0.0006068594290283141
-0.5229768706110847,0.01561779670116437,0.0006068594290283141
-0.5225031606110848,0.01561779670116437,0.0002654190603080947
-0.5220294506110847,0.01561779670116437,0.0002654190603080947
-0.5215557406110847,0.01561779670116437,-7.602130841211086e-05
-0.5210820306110848,0.01561779670116437,-7.602130841211086e-05
-0.5206083206110848,0.01561779670116437,-7.602130841211086e-05
-0.5201346106110847,0.01561779670116437,-7.602130841211086e-05
-0.5196609006110848,0.01561779670116437,-7.602130841211086e-05
-0.5191871906110848,0.01561779670116437,0.0002654190603080947
-0.5187134806110847,0.01561779670116437,0.0002654190603080947
-0.5182397706110848,0.01561779670116437,0.0002654190603080947
-0.5177660606110848,0.01561779670116437,0.0006068594290283141
-0.5172923506110847,0.01561779670116437,0.0006068594290283141
-0.5168186406110848,0.01561779670116437,0.0009482997977485336
-0.5163449306110848,0.01561779670116437,0.0009482997977485336
-0.5158712206110847,0.01561779670116437,0.0009482997977485336
-0.5153975106110849,0.01561779670116437,0.0009482997977485336
-0.5149238006110848,0.01561779670116437,0.0009482997977485336
-0.5144500906110847,0.01561779670116437,0.001289740166468739
-0.5139763806110849,0.01561779670116437,0.001631180535188803
-0.5135026706110848,0.01561779670116437,0.001289740166468739
-0.5130289606110847,0.01561779670116437,0.001631180535188959
-0.5125552506110846,0.01561779670116437,0.001972620903909164
-0.5120815406110848,0.01561779670116437,0.001972620903909164
-0.5116078306110847,0.01561779670116437,0.001972620903909164
-0.5111341206110847,0.01561779670116437,0.001972620903909164
-0.5106604106110848,0.01561779670116437,0.001972620903909164
-0.5101867006110847,0.01561779670116437,0.001631180535188959
-0.5097129906110847,0.01561779670116437,0.001631180535188959
-0.5092392806110848,0.01561779670116437,0.001631180535188959
-0.5087655706110847,0.01561779670116437,0.001289740166468739
-0.5082918606110847,0.01561779670116437,0.001289740166468739
-0.5078181506110848,0.01561779670116437,0.001289740166468739
-0.5073444406110847,0.01561779670116437,0.001289740166468739
-0.5068707306110847,0.01561779670116437,0.001289740166468739
-0.5063970206110848,0.01561779670116437,0.0009482997977485336
-0.5059233106110848,0.01561779670116437,0.001289740166468739
-0.5054496006110847,0.01561779670116437,0.0009482997977485336
-0.5049758906110848,0.01561779670116437,0.0009482997977485336
-0.5045021806110848,0.01561779670116437,0.0009482997977485336
-0.5040284706110847,0.01561779670116437,0.0006068594290283141
-0.5035547606110848,0.01561779670116437,0.0006068594290283141
-0.5030810506110848,0.6493270046265858,0.003338382378790028
-0.5026073406110847,3.014420298491106,0.0009482997977485336
-0.5021336306110848,3.014420298491106,0.0006068594290283141
-0.5016599206110848,3.014420298491106,0.0006068594290283141
-0.5011862106110847,3.01819237710971,0.0002654190603080947
-0.5007125006110849,3.01819237710971,0.0002654190603080947
-0.5002387906110848,3.01819237710971,0.0002654190603080947
-0.4997650806110847,3.01819237710971,0.0002654190603080947
-0.4992913706110849,3.01819237710971,0.0002654190603080947
-0.4988176606110848,3.021964455728313,0.0002654190603080947
-0.4983439506110847,3.021964455728313,0.0002654190603080947
-0.4978702406110846,3.021964455728313,0.0006068594290283141
-0.4973965306110848,3.021964455728313,0.0006068594290283141
-0.4969228206110847,3.021964455728313,0.0006068594290283141
-0.4964491106110847,3.021964455728313,0.0006068594290283141
-0.4959754006110848,3.021964455728313,0.0009482997977485336
-0.4955016906110847,3.021964455728313,0.0009482997977485336
-0.4950279806110847,3.021964455728313,0.001289740166468739
-0.4945542706110848,3.021964455728313,0.001631180535188959
-0.4940805606110847,3.021964455728313,0.001631180535188959
-0.4936068506110847,3.021964455728313,0.001631180535188959
-0.4931331406110848,3.021964455728313,0.001631180535188959
-0.4926594306110847,3.021964455728313,0.001972620903909164
-0.4921857206110847,3.021964455728313,0.001972620903909164
-0.4917120106110848,3.021964455728313,0.001972620903909164
-0.4912383006110848,3.021964455728313,0.001972620903909164
-0.4907645906110847,3.021964455728313,0.001972620903909164
-0.4902908806110848,3.021964455728313,0.001631180535188959
-0.4898171706110848,3.021964455728313,0.001631180535188959
-0.4893434606110847,3.021964455728313,0.001631180535188959
-0.4888697506110848,3.021964455728313,0.001631180535188959
-0.4883960406110848,3.021964455728313,0.001289740166468739
-0.4879223306110847,3.021964455728313,0.001289740166468739
-0.4874486206110848,3.021964455728313,0.001289740166468739
-0.4869749106110848,3.021964455728313,0.001289740166468739
-0.4865012006110847,3.021964455728313,0.001289740166468739
-0.4860274906110849,3.021964455728313,0.0009482997977485336
-0.4855537806110848,3.021964455728313,0.0009482997977485336
-0.4850800706110847,3.021964455728313,0.0009482997977485336
-0.4846063606110846,3.021964455728313,0.0009482997977485336
-0.4841326506110848,3.021964455728313,0.0009482997977485336
-0.4836589406110847,3.021964455728313,0.0009482997977485336
-0.4831852306110846,3.021964455728313,0.0009482997977485336
-0.4827115206110848,3.021964455728313,0.0006068594290283141
-0.4822378106110847,3.021964455728313,0.0002654190603080947
-0.4817641006110847,3.021964455728313,0.0002654190603080947
-0.4812903906110848,3.021964455728313,0.0002654190603080947
-0.4808166806110847,3.021964455728313,-7.602130841211086e-05
-0.4803429706110847,3.021964455728313,-7.602130841211086e-05
-0.4798692606110848,3.021964455728313,0.0002654190603080947
-0.4793955506110847,3.021964455728313,0.0002654190603080947
-0.4789218406110847,3.021964455728313,0.0006068594290283141
-0.4784481306110848,3.021964455728313,0.0002654190603080947
-0.4779744206110847,3.021964455728313,0.0006068594290283141
-0.4775007106110847,3.021964455728313,0.0006068594290283141
-0.4770270006110848,3.021964455728313,0.0009482997977485336
-0.4765532906110848,3.021964455728313,0.0009482997977485336
-0.4760795806110847,3.021964455728313,0.0009482997977485336
-0.4756058706110848,3.021964455728313,0.0009482997977485336
-0.4751321606110848,3.021964455728313,0.0009482997977485336
-0.4746584506110847,3.021964455728313,0.0009482997977485336
-0.4741847406110848,3.021964455728313,0.001289740166468739
-0.4737110306110848,3.021964455728313,0.001631180535188959
-0.4732373206110847,3.021964455728313,0.001631180535188959
-0.4727636106110849,3.021964455728313,0.001972620903909164
-0.4722899006110848,3.021964455728313,0.001972620903909164
-0.4718161906110847,3.021964455728313,0.001972620903909164
-0.4713424806110849,3.021964455728313,0.001972620903909164
-0.4708687706110848,3.021964455728313,0.001631180535188959
-0.4703950606110847,3.021964455728313,0.001631180535188959
-0.4699213506110846,3.021964455728313,0.001631180535188959
-0.4694476406110848,3.021964455728313,0.001631180535188959
-0.4689739306110847,3.021964455728313,0.001631180535188959
-0.4685002206110847,3.021964455728313,0.001631180535188959
-0.4680265106110848,3.021964455728313,0.001631180535188959
-0.4675528006110847,3.021964455728313,0.001631180535188959
-0.4670790906110847,3.021964455728313,0.001289740166468739
-0.4666053806110848,3.021964455728313,0.001289740166468739
-0.4661316706110847,3.021964455728313,0.001289740166468739
-0.4656579606110847,3.021964455728313,0.001289740166468739
-0.4651842506110848,3.021964455728313,0.0009482997977485336
-0.4647105406110847,3.021964455728313,0.0009482997977485336
-0.4642368306110847,3.021964455728313,0.0006068594290283141
-0.4637631206110848,3.021964455728313,0.0006068594290283141
-0.4632894106110848,3.021964455728313,0.0006068594290283141
-0.4628157006110847,3.021964455728313,0.0002654190603080947
-0.4623419906110848,3.021964455728313,0.0002654190603080947
-0.4618682806110848,3.021964455728313,0.0006068594290283141
-0.4613945706110847,3.021964455728313,0.0006068594290283141
-0.4609208606110848,3.021964455728313,-7.602130841211086e-05
-0.4604471506110848,3.021964455728313,-7.602130841211086e-05
-0.4599734406110847,3.021964455728313,0.0002654190603080947
-0.4594997306110848,3.021964455728313,0.0006068594290283141
-0.4590260206110848,3.021964455728313,0.0006068594290283141
-0.4585523106110847,3.021964455728313,0.0006068594290283141
-0.4580786006110849,3.021964455728313,0.0002654190603080947
-0.4576048906110848,3.021964455728313,0.0006068594290283141
-0.4571311806110847,3.021964455728313,0.0006068594290283141
-0.4566574706110849,3.021964455728313,0.0006068594290283141
-0.4561837606110848,3.021964455728313,0.0006068594290283141
-0.4557100506110847,3.021964455728313,0.0009482997977485336
-0.4552363406110846,3.021964455728313,0.0009482997977486888
-0.4547626306110848,3.021964455728313,0.001289740166468739
-0.4542889206110847,3.021964455728313,0.001631180535188959
-0.4538152106110847,3.021964455728313,0.001631180535188959
-0.4533415006110848,3.021964455728313,0.001289740166468739
-0.4528677906110847,3.021964455728313,0.001631180535188959
-0.4523940806110847,3.021964455728313,0.001631180535188959
-0.4519203706110848,3.021964455728313,0.001631180535188959
-0.4514466606110847,3.021964455728313,0.001631180535188959
-0.4509729506110847,3.021964455728313,0.001972620903909164
-0.4504992406110848,3.021964455728313,0.001972620903909164
-0.4500255306110847,3.021964455728313,0.001631180535188959
-0.4495518206110847,3.021964455728313,0.001631180535188959
-0.4490781106110848,3.021964455728313,0.001289740166468739
-0.4486044006110848,3.021964455728313,0.001289740166468739
-0.4481306906110847,3.021964455728313,0.001289740166468739
-0.4476569806110848,3.021964455728313,0.001289740166468739
-0.4471832706110848,3.021964455728313,0.0009482997977485336
-0.4467095606110847,3.021964455728313,0.001289740166468739
-0.4462358506110848,3.021964455728313,0.0009482997977485336
-0.4457621406110848,3.021964455728313,0.0009482997977485336
-0.4452884306110847,3.021964455728313,0.0006068594290283141
-0.4448147206110848,3.021964455728313,0.0009482997977485336
-0.4443410106110848,3.021964455728313,0.0006068594290283141
-0.4438673006110847,3.021964455728313,0.0009482997977485336
-0.4433935906110849,3.021964455728313,0.0009482997977485336
-0.4429198806110848,3.021964455728313,0.0002654190603080947
-0.4424461706110847,3.021964455728313,0.0002654190603080947
-0.4419724606110849,3.021964455728313,0.0002654190603080947
-0.4414987506110848,3.021964455728313,0.0002654190603080947
-0.4410250406110847,3.021964455728313,0.0002654190603080947
-0.4405513306110846,3.021964455728313,0.0002654190603080947
-0.4400776206110848,3.021964455728313,0.0002654190603080947
-0.4396039106110847,3.021964455728313,0.0006068594290283141
-0.4391302006110847,3.021964455728313,0.0002654190603080947
-0.4386564906110848,3.021964455728313,0.0002654190603080947
-0.4381827806110847,3.021964455728313,0.0002654190603080947
-0.4377090706110847,3.021964455728313,0.0002654190603080947
-0.4372353606110848,3.021964455728313,0.0006068594290283141
-0.4367616506110847,3.021964455728313,0.0009482997977485336
-0.4362879406110847,3.021964455728313,0.0006068594290283141
-0.4358142306110848,3.021964455728313,0.0009482997977485336
-0.4353405206110847,3.021964455728313,0.0009482997977485336
-0.4348668106110847,3.021964455728313,0.0009482997977485336
-0.4343931006110848,3.021964455728313,0.001289740166468739
-0.4339193906110848,3.021964455728313,0.001631180535188959
-0.4334456806110847,3.021964455728313,0.001631180535188959
-0.4329719706110848,3.021964455728313,0.001631180535188959
-0.4324982606110848,3.021964455728313,0.001972620903909164
-0.4320245506110847,3.021964455728313,0.001631180535188959
-0.4315508406110848,3.021964455728313,0.001631180535188959
-0.4310771306110848,3.021964455728313,0.001631180535188959
-0.4306034206110847,3.021964455728313,0.001631180535188959
-0.4301297106110847,3.021964455728313,0.001631180535188959
-0.4296560006110848,3.021964455728313,0.001631180535188959
-0.4291822906110847,3.021964455728313,0.001631180535188959
-0.4287085806110847,3.021964455728313,0.001631180535188959
-0.4282348706110848,3.021964455728313,0.001631180535188959
-0.4277611606110847,3.021964455728313,0.001631180535188959
-0.4272874506110848,3.021964455728313,0.001289740166468739
-0.4268137406110848,3.021964455728313,0.0009482997977485336
-0.4263400306110847,3.021964455728313,0.0009482997977485336
-0.4258663206110848,3.021964455728313,0.001289740166468739
-0.4253926106110848,3.021964455728313,0.001289740166468739
-0.4249189006110847,3.025736534346916,0.0009482997977485336
-0.4244451906110848,3.025736534346916,0.0009482997977485336
-0.4239714806110848,3.021964455728313,0.0006068594290283141
-0.4234977706110847,3.021964455728313,0.0006068594290283141
-0.4230240606110848,3.025736534346916,0.0006068594290283141
-0.4225503506110847,3.021964455728313,0.0006068594290283141
-0.4220766406110847,3.021964455728313,0.0002654190603080947
-0.4216029306110848,3.021964455728313,0.0002654190603080947
-0.4211292206110847,3.021964455728313,-7.602130841211086e-05
-0.4206555106110847,3.021964455728313,-7.602130841211086e-05
-0.4201818006110848,3.021964455728313,-7.602130841211086e-05
-0.4197080906110847,3.021964455728313,0.0006068594290283141
-0.4192343806110848,3.021964455728313,0.0002654190603080947
-0.4187606706110848,3.021964455728313,0.0002654190603080947
-0.4182869606110847,3.021964455728313,0.0002654190603080947
-0.4178132506110848,3.021964455728313,0.0006068594290283141
-0.4173395406110848,3.021964455728313,0.0006068594290283141
-0.4168658306110847,3.021964455728313,0.0006068594290283141
-0.4163921206110848,3.021964455728313,0.0006068594290283141
-0.4159184106110848,3.021964455728313,0.0009482997977485336
-0.4154447006110847,3.021964455728313,0.0009482997977485336
-0.4149709906110848,3.021964455728313,0.0006068594290283141
-0.4144972806110847,3.021964455728313,0.001289740166468739
-0.4140235706110847,3.021964455728313,0.001631180535188959
-0.4135498606110848,3.021964455728313,0.001631180535188959
-0.4130761506110847,3.021964455728313,0.001631180535188959
-0.4126024406110848,3.021964455728313,0.001972620903909164
-0.4121287306110848,3.021964455728313,0.001972620903909164
-0.4116550206110847,3.021964455728313,0.001631180535188959
-0.4111813106110848,3.021964455728313,0.001972620903909164
-0.4107076006110848,3.021964455728313,0.001972620903909164
-0.4102338906110847,3.021964455728313,0.001972620903909164
-0.4097601806110848,3.021964455728313,0.001289740166468739
-0.4092864706110848,3.025736534346916,0.001289740166468739
-0.4088127606110847,3.021964455728313,0.001289740166468739
-0.4083390506110848,3.021964455728313,0.001289740166468739
-0.4078653406110847,3.021964455728313,0.001289740166468739
-0.4073916306110847,3.021964455728313,0.001289740166468739
-0.4069179206110848,3.021964455728313,0.001289740166468739
-0.4064442106110847,3.021964455728313,0.001289740166468739
-0.4059705006110848,3.021964455728313,0.0009482997977485336
-0.4054967906110848,3.021964455728313,0.0009482997977485336
-0.4050230806110847,3.021964455728313,0.0009482997977485336
-0.4045493706110848,3.021964455728313,0.0006068594290283141
-0.4040756606110848,3.021964455728313,0.0002654190603080947
-0.4036019506110847,3.021964455728313,0.0006068594290283141
-0.4031282406110848,3.021964455728313,0.0002654190603080947
-0.4026545306110848,3.021964455728313,0.0002654190603080947
-0.4021808206110847,3.021964455728313,0.0002654190603080947
-0.4017071106110848,3.021964455728313,0.0002654190603080947
-0.4012334006110848,3.021964455728313,0.0002654190603080947
-0.4007596906110847,3.021964455728313,0.0002654190603080947
-0.4002859806110848,3.021964455728313,0.0002654190603080947
-0.3998122706110847,3.021964455728313,0.0002654190603080947
-0.3993385606110847,3.021964455728313,0.0002654190603080947
-0.3988648506110848,3.021964455728313,0.0002654190603080947
-0.3983911406110847,3.021964455728313,0.0002654190603080947
-0.3979174306110848,3.021964455728313,0.0006068594290283141
-0.3974437206110848,3.021964455728313,0.0006068594290283141
-0.3969700106110847,3.021964455728313,0.0006068594290283141
-0.3964963006110848,3.021964455728313,0.0006068594290283141
-0.3960225906110848,3.021964455728313,0.0009482997977485336
-0.3955488806110847,3.021964455728313,0.0009482997977485336
-0.3950751706110848,3.021964455728313,0.001289740166468739
-0.3946014606110848,3.021964455728313,0.001289740166468739
-0.3941277506110847,3.021964455728313,0.001631180535188959
-0.3936540406110848,3.025736534346916,0.001289740166468739
-0.3931803306110847,3.021964455728313,0.001289740166468739
-0.3927066206110847,3.021964455728313,0.001631180535188959
-0.3922329106110848,3.021964455728313,0.001631180535188959
-0.3917592006110847,3.021964455728313,0.001972620903909164
-0.3912854906110848,3.021964455728313,0.001972620903909164
-0.3908117806110848,3.021964455728313,0.001972620903909164
-0.3903380706110847,3.021964455728313,0.001972620903909164
-0.3898643606110848,3.021964455728313,0.001972620903909164
-0.3893906506110848,3.021964455728313,0.001972620903909164
-0.3889169406110847,3.021964455728313,0.001631180535188959
-0.3884432306110848,3.021964455728313,0.001631180535188959
-0.3879695206110848,3.021964455728313,0.001289740166468739
-0.3874958106110847,3.021964455728313,0.001289740166468739
-0.3870221006110848,3.021964455728313,0.001289740166468739
-0.3865483906110847,3.021964455728313,0.0009482997977485336
-0.3860746806110847,3.025736534346916,0.0009482997977485336
-0.3856009706110848,3.021964455728313,0.0009482997977485336
-0.3851272606110847,3.021964455728313,0.0009482997977485336
-0.3846535506110847,3.021964455728313,0.0009482997977485336
-0.3841798406110848,3.021964455728313,0.0009482997977485336
-0.3837061306110847,3.021964455728313,0.0006068594290283141
-0.3832324206110848,3.021964455728313,0.0009482997977485336
-0.3827587106110848,3.021964455728313,0.0006068594290283141
-0.3822850006110847,3.021964455728313,0.0006068594290283141
-0.3818112906110848,3.021964455728313,0.0006068594290283141
-0.3813375806110848,3.021964455728313,0.0002654190603080947
-0.3808638706110847,3.021964455728313,0.0002654190603080947
-0.3803901606110848,3.021964455728313,0.0002654190603080947
-0.3799164506110848,3.021964455728313,0.0002654190603080947
-0.3794427406110847,3.021964455728313,0.0002654190603080947
-0.3789690306110848,3.021964455728313,0.0002654190603080947
-0.3784953206110847,3.021964455728313,0.0002654190603080947
-0.3780216106110847,3.021964455728313,0.0002654190603080947
-0.3775479006110848,3.021964455728313,0.0002654190603080947
-0.3770741906110847,3.021964455728313,0.0006068594290283141
-0.3766004806110848,3.021964455728313,0.0006068594290283141
-0.3761267706110848,3.021964455728313,0.0006068594290283141
-0.3756530606110847,3.021964455728313,0.0009482997977485336
-0.3751793506110848,3.021964455728313,0.0009482997977485336
-0.3747056406110848,3.021964455728313,0.0009482997977485336
-0.3742319306110847,3.021964455728313,0.001289740166468739
-0.3737582206110848,3.021964455728313,0.001631180535188959
-0.3732845106110848,3.021964455728313,0.001631180535188959
-0.3728108006110847,3.025736534346916,0.001631180535188959
-0.3723370906110848,3.021964455728313,0.001972620903909164
-0.3718633806110847,3.021964455728313,0.001631180535188959
-0.3713896706110847,3.021964455728313,0.001972620903909164
-0.3709159606110848,3.021964455728313,0.001631180535188959
-0.3704422506110847,3.021964455728313,0.001631180535188959
-0.3699685406110848,3.021964455728313,0.001631180535188959
-0.3694948306110848,3.021964455728313,0.001631180535188959
-0.3690211206110847,3.021964455728313,0.001631180535188959
-0.3685474106110848,3.021964455728313,0.001631180535188959
-0.3680737006110848,3.021964455728313,0.001289740166468739
-0.3675999906110847,3.021964455728313,0.001289740166468739
-0.3671262806110848,3.021964455728313,0.001289740166468739
-0.3666525706110848,3.021964455728313,0.001289740166468739
-0.3661788606110847,3.021964455728313,0.0009482997977485336
-0.3657051506110848,3.021964455728313,0.001289740166468739
-0.3652314406110848,3.021964455728313,0.0009482997977485336
-0.3647577306110847,3.021964455728313,0.0009482997977485336
-0.3642840206110848,3.021964455728313,0.0006068594290283141
-0.3638103106110847,3.021964455728313,0.0006068594290283141
-0.3633366006110847,3.021964455728313,0.0006068594290283141
-0.3628628906110848,3.021964455728313,0.0006068594290283141
-0.3623891806110847,3.021964455728313,0.0006068594290283141
-0.3619154706110848,3.021964455728313,0.0002654190603080947
-0.3614417606110848,3.021964455728313,0.0002654190603080947
-0.3609680506110847,3.021964455728313,-7.602130841211086e-05
-0.3604943406110848,3.021964455728313,0.0002654190603080947
-0.3600206306110848,3.021964455728313,0.0002654190603080947
-0.3595469206110847,3.021964455728313,0.0002654190603080947
-0.3590732106110848,3.021964455728313,0.0002654190603080947
-0.3585995006110848,3.021964455728313,0.0002654190603080947
-0.3581257906110847,3.021964455728313,0.0002654190603080947
-0.3576520806110848,3.021964455728313,0.0002654190603080947
-0.3571783706110847,3.021964455728313,0.0006068594290283141
-0.3567046606110847,3.021964455728313,0.0009482997977485336
-0.3562309506110848,3.021964455728313,0.0009482997977485336
-0.3557572406110847,3.021964455728313,0.0006068594290283141
-0.3552835306110848,3.021964455728313,0.0009482997977485336
-0.3548098206110848,3.021964455728313,0.0009482997977485336
-0.3543361106110847,3.021964455728313,0.001289740166468739
-0.3538624006110848,3.021964455728313,0.001631180535188959
-0.3533886906110848,3.021964455728313,0.001631180535188959
-0.3529149806110847,3.021964455728313,0.001631180535188959
-0.3524412706110848,3.021964455728313,0.001972620903909164
-0.3519675606110848,3.021964455728313,0.001972620903909164
-0.3514938506110847,3.021964455728313,0.001631180535188959
-0.3510201406110848,3.021964455728313,0.001972620903909164
-0.3505464306110848,3.021964455728313,0.001631180535188959
-0.3500727206110847,3.021964455728313,0.001631180535188959
-0.3495990106110848,3.021964455728313,0.001631180535188959
-0.3491253006110847,3.021964455728313,0.001631180535188959
-0.3486515906110847,3.021964455728313,0.001289740166468739
-0.3481778806110848,3.021964455728313,0.001289740166468739
-0.3477041706110847,3.021964455728313,0.001289740166468739
-0.3472304606110848,3.021964455728313,0.001289740166468739
-0.3467567506110848,3.021964455728313,0.001289740166468739
-0.3462830406110847,3.021964455728313,0.0009482997977485336
-0.3458093306110848,3.021964455728313,0.0009482997977485336
-0.3453356206110848,3.021964455728313,0.0009482997977485336
-0.3448619106110847,3.021964455728313,0.0009482997977485336
-0.3443882006110848,3.021964455728313,0.0006068594290283141
-0.3439144906110848,3.021964455728313,0.0006068594290283141
-0.3434407806110847,3.021964455728313,0.0006068594290283141
-0.3429670706110848,3.021964455728313,0.0006068594290283141
-0.3424933606110847,3.021964455728313,0.0002654190603080947
-0.3420196506110847,3.021964455728313,0.0002654190603080947
-0.3415459406110848,3.021964455728313,0.0002654190603080947
-0.3410722306110847,3.021964455728313,0.0002654190603080947
-0.3405985206110848,3.021964455728313,-7.602130841211086e-05
-0.3401248106110848,3.021964455728313,0.0002654190603080947
-0.3396511006110847,3.021964455728313,-7.602130841211086e-05
-0.3391773906110848,3.021964455728313,0.0002654190603080947
-0.3387036806110848,3.021964455728313,0.0002654190603080947
-0.3382299706110847,3.021964455728313,0.0006068594290283141
-0.3377562606110848,3.021964455728313,0.0006068594290283141
-0.3372825506110848,3.021964455728313,0.0006068594290283141
-0.3368088406110847,3.021964455728313,0.0009482997977485336
-0.3363351306110848,3.021964455728313,0.0009482997977485336
-0.3358614206110848,3.021964455728313,0.0009482997977485336
-0.3353877106110847,3.021964455728313,0.0009482997977485336
-0.3349140006110848,3.021964455728313,0.001289740166468739
-0.3344402906110847,3.021964455728313,0.001289740166468739
-0.3339665806110848,3.021964455728313,0.001289740166468739
-0.3334928706110848,3.021964455728313,0.001289740166468739
-0.3330191606110847,3.021964455728313,0.001289740166468739
-0.3325454506110848,3.021964455728313,0.001631180535188959
-0.3320717406110848,3.021964455728313,0.001631180535188959
-0.3315980306110847,3.021964455728313,0.001972620903909164
-0.3311243206110848,3.021964455728313,0.001631180535188959
-0.3306506106110848,3.021964455728313,0.001631180535188959
-0.3301769006110847,3.021964455728313,0.001631180535188959
-0.3297031906110848,3.021964455728313,0.001631180535188959
-0.3292294806110848,3.021964455728313,0.001631180535188959
-0.3287557706110847,3.021964455728313,0.001289740166468739
-0.3282820606110848,3.021964455728313,0.001631180535188959
-0.3278083506110847,3.021964455728313,0.001289740166468739
-0.3273346406110847,3.021964455728313,0.0009482997977485336
-0.3268609306110848,3.021964455728313,0.0009482997977485336
-0.3263872206110847,3.021964455728313,0.0009482997977485336
-0.3259135106110848,3.021964455728313,0.0009482997977485336
-0.3254398006110848,3.021964455728313,0.0009482997977485336
-0.3249660906110847,3.021964455728313,0.0006068594290283141
-0.3244923806110848,3.021964455728313,0.0006068594290283141
-0.3240186706110848,3.021964455728313,0.0002654190603080947
-0.3235449606110847,3.021964455728313,0.0002654190603080947
-0.3230712506110848,3.021964455728313,0.0006068594290283141
-0.3225975406110848,3.021964455728313,0.0002654190603080947
-0.3221238306110847,3.021964455728313,0.0002654190603080947
-0.3216501206110848,3.021964455728313,0.0002654190603080947
-0.3211764106110848,3.021964455728313,0.0002654190603080947
-0.3207027006110847,3.021964455728313,-7.602130841211086e-05
-0.3202289906110848,3.021964455728313,0.0002654190603080947
-0.3197552806110847,3.021964455728313,0.0002654190603080947
-0.3192815706110848,3.021964455728313,0.0002654190603080947
-0.3188078606110848,3.021964455728313,0.0002654190603080947
-0.3183341506110847,3.021964455728313,0.0002654190603080947
-0.3178604406110848,3.021964455728313,-7.602130841211086e-05
-0.3173867306110848,3.021964455728313,0.0002654190603080947
-0.3169130206110847,3.021964455728313,0.0006068594290283141
-0.3164393106110848,3.021964455728313,0.0006068594290283141
-0.3159656006110848,3.021964455728313,0.0009482997977485336
-0.3154918906110847,3.021964455728313,0.0009482997977485336
-0.3150181806110848,3.021964455728313,0.0009482997977485336
-0.3145444706110848,3.021964455728313,0.001289740166468739
-0.3140707606110847,3.021964455728313,0.001631180535188959
-0.3135970506110848,3.021964455728313,0.001631180535188959
-0.3131233406110847,3.021964455728313,0.001289740166468739
-0.3126496306110848,3.021964455728313,0.001631180535188959
-0.3121759206110848,3.021964455728313,0.001631180535188959
-0.3117022106110847,3.021964455728313,0.001631180535188959
-0.3112285006110848,3.021964455728313,0.001631180535188959
-0.3107547906110848,3.021964455728313,0.001972620903909164
-0.3102810806110847,3.021964455728313,0.001631180535188959
-0.3098073706110848,3.021964455728313,0.001631180535188959
-0.3093336606110848,3.021964455728313,0.001631180535188959
-0.3088599506110847,3.021964455728313,0.001289740166468739
-0.3083862406110848,3.021964455728313,0.001289740166468739
-0.3079125306110848,3.021964455728313,0.001631180535188959
-0.3074388206110847,3.021964455728313,0.001289740166468739
-0.3069651106110848,3.021964455728313,0.001289740166468739
-0.3064914006110847,3.021964455728313,0.0009482997977485336
-0.3060176906110847,3.021964455728313,0.0009482997977485336
-0.3055439806110848,3.021964455728313,0.0006068594290283141
-0.3050702706110847,3.021964455728313,0.0009482997977485336
-0.3045965606110848,3.021964455728313,0.0009482997977485336
-0.3041228506110848,3.021964455728313,0.0006068594290283141
-0.3036491406110847,3.021964455728313,0.0006068594290283141
-0.3031754306110848,3.021964455728313,0.0006068594290283141
-0.3027017206110848,3.021964455728313,0.0006068594290283141
-0.3022280106110847,3.021964455728313,0.0002654190603080947
-0.3017543006110848,3.021964455728313,0.0002654190603080947
-0.3012805906110848,3.021964455728313,0.0002654190603080947
-0.3008068806110847,3.021964455728313,-7.602130841211086e-05
-0.3003331706110848,3.021964455728313,-7.602130841211086e-05
-0.2998594606110848,3.021964455728313,0.0002654190603080947
-0.2993857506110847,3.021964455728313,0.0002654190603080947
-0.2989120406110848,3.021964455728313,0.0002654190603080947
-0.2984383306110847,3.021964455728313,0.0002654190603080947
-0.2979646206110848,3.021964455728313,0.0002654190603080947
-0.2974909106110848,3.021964455728313,0.0002654190603080947
-0.2970172006110847,3.021964455728313,0.0006068594290283141
-0.2965434906110848,3.021964455728313,0.0006068594290283141
-0.2960697806110848,3.021964455728313,0.0009482997977485336
-0.2955960706110847,3.021964455728313,0.0009482997977485336
-0.2951223606110848,3.021964455728313,0.0009482997977485336
-0.2946486506110848,3.021964455728313,0.0009482997977485336
-0.2941749406110847,3.021964455728313,0.001289740166468739
-0.2937012306110848,3.021964455728313,0.001631180535188959
-0.2932275206110848,3.021964455728313,0.001289740166468739
-0.2927538106110847,3.025736534346916,0.001631180535188959
-0.2922801006110848,3.021964455728313,0.001631180535188959
-0.2918063906110847,3.025736534346916,0.001631180535188959
-0.2913326806110847,3.025736534346916,0.001631180535188959
-0.2908589706110848,3.021964455728313,0.001972620903909164
-0.2903852606110847,3.025736534346916,0.001972620903909164
-0.2899115506110848,3.025736534346916,0.001631180535188959
-0.2894378406110848,3.025736534346916,0.001631180535188959
-0.2889641306110847,3.025736534346916,0.001631180535188959
-0.2884904206110848,3.021964455728313,0.001289740166468739
-0.2880167106110848,3.021964455728313,0.001289740166468739
-0.2875430006110847,3.021964455728313,0.001289740166468739
-0.2870692906110848,3.021964455728313,0.001289740166468739
-0.2865955806110848,3.021964455728313,0.0009482997977485336
-0.2861218706110847,3.021964455728313,0.0009482997977485336
-0.2856481606110848,3.021964455728313,0.0006068594290283141
-0.2851744506110848,3.021964455728313,0.0009482997977485336
-0.2847007406110847,3.021964455728313,0.0006068594290283141
-0.2842270306110848,3.021964455728313,0.0006068594290283141
-0.2837533206110847,3.021964455728313,0.0006068594290283141
-0.2832796106110848,3.021964455728313,0.0006068594290283141
-0.2828059006110848,3.021964455728313,0.0006068594290283141
-0.2823321906110847,3.021964455728313,0.0002654190603080947
-0.2818584806110848,3.021964455728313,-7.602130841211086e-05
-0.2813847706110848,3.021964455728313,-7.602130841211086e-05
-0.2809110606110847,3.021964455728313,0.0002654190603080947
-0.2804373506110848,3.021964455728313,0.0002654190603080947
-0.2799636406110848,3.021964455728313,0.0002654190603080947
-0.2794899306110847,3.021964455728313,0.0002654190603080947
-0.2790162206110848,3.021964455728313,0.0002654190603080947
-0.2785425106110848,3.021964455728313,0.0002654190603080947
-0.2780688006110847,3.021964455728313,0.0006068594290283141
-0.2775950906110848,3.021964455728313,0.0002654190603080947
-0.2771213806110847,3.021964455728313,0.0006068594290283141
-0.2766476706110848,3.021964455728313,0.0006068594290283141
-0.2761739606110848,3.021964455728313,0.0006068594290283141
-0.2757002506110847,3.021964455728313,0.0009482997977485336
-0.2752265406110848,3.021964455728313,0.0009482997977485336
-0.2747528306110848,3.021964455728313,0.0009482997977485336
-0.2742791206110847,3.021964455728313,0.001289740166468739
-0.2738054106110848,3.021964455728313,0.001289740166468739
-0.2733317006110848,3.021964455728313,0.001289740166468739
-0.2728579906110847,3.021964455728313,0.001631180535188959
-0.2723842806110848,3.021964455728313,0.001972620903909164
-0.2719105706110848,3.021964455728313,0.001631180535188959
-0.2714368606110847,3.021964455728313,0.001631180535188959
-0.2709631506110848,3.021964455728313,0.001631180535188959
-0.2704894406110848,3.021964455728313,0.001631180535188959
-0.2700157306110847,3.025736534346916,0.001631180535188959
-0.2695420206110848,3.025736534346916,0.001631180535188959
-0.2690683106110847,3.025736534346916,0.001631180535188959
-0.2685946006110848,3.021964455728313,0.001289740166468739
-0.2681208906110848,3.021964455728313,0.001289740166468739
-0.2676471806110847,3.025736534346916,0.001289740166468739
-0.2671734706110848,3.021964455728313,0.001289740166468739
-0.2666997606110848,3.025736534346916,0.0009482997977485336
-0.2662260506110847,3.021964455728313,0.0009482997977485336
-0.2657523406110848,3.021964455728313,0.0009482997977485336
-0.2652786306110848,3.025736534346916,0.0009482997977485336
-0.2648049206110847,3.021964455728313,0.0006068594290283141
-0.2643312106110848,3.021964455728313,0.0006068594290283141
-0.2638575006110848,3.021964455728313,0.0006068594290283141
-0.2633837906110847,3.021964455728313,0.0002654190603080947
-0.2629100806110848,3.021964455728313,0.0006068594290283141
-0.2624363706110847,3.021964455728313,0.0006068594290283141
-0.2619626606110848,3.021964455728313,0.0002654190603080947
-0.2614889506110848,3.021964455728313,0.0002654190603080947
-0.2610152406110847,3.021964455728313,-7.602130841211086e-05
-0.2605415306110848,3.021964455728313,-7.602130841211086e-05
-0.2600678206110848,3.021964455728313,-7.602130841211086e-05
-0.2595941106110847,3.021964455728313,0.0002654190603080947
-0.2591204006110848,3.021964455728313,-7.602130841211086e-05
-0.2586466906110848,3.021964455728313,0.0002654190603080947
-0.2581729806110847,3.021964455728313,0.0002654190603080947
-0.2576992706110848,3.021964455728313,0.0002654190603080947
-0.2572255606110848,3.021964455728313,0.0006068594290283141
-0.2567518506110847,3.021964455728313,0.0006068594290283141
-0.2562781406110848,3.025736534346916,0.0006068594290283141
-0.2558044306110848,3.021964455728313,0.0009482997977485336
-0.2553307206110847,3.025736534346916,0.0009482997977485336
-0.2548570106110848,3.025736534346916,0.0009482997977485336
-0.2543833006110847,3.021964455728313,0.0009482997977485336
-0.2539095906110848,3.021964455728313,0.001289740166468739
-0.2534358806110848,3.021964455728313,0.001289740166468739
-0.2529621706110847,3.021964455728313,0.001631180535188959
-0.2524884606110848,3.021964455728313,0.001972620903909164
-0.2520147506110848,3.021964455728313,0.001972620903909164
-0.2515410406110847,3.021964455728313,0.001972620903909164
-0.2510673306110848,3.021964455728313,0.001972620903909164
-0.2505936206110848,3.021964455728313,0.001972620903909164
-0.2501199106110847,3.021964455728313,0.001631180535188959
-0.2496462006110848,3.021964455728313,0.001631180535188959
-0.2491724906110848,3.021964455728313,0.001631180535188959
-0.2486987806110847,3.021964455728313,0.001631180535188959
-0.2482250706110848,3.021964455728313,0.001289740166468739
-0.2477513606110847,3.021964455728313,0.001289740166468739
-0.2472776506110848,3.025736534346916,0.001289740166468739
-0.2468039406110848,3.021964455728313,0.0009482997977485336
-0.2463302306110847,3.021964455728313,0.0009482997977485336
-0.2458565206110848,3.021964455728313,0.0009482997977485336
-0.2453828106110848,3.021964455728313,0.0009482997977485336
-0.2449091006110847,3.021964455728313,0.0009482997977485336
-0.2444353906110848,3.021964455728313,0.0009482997977485336
-0.2439616806110848,3.021964455728313,0.0006068594290283141
-0.2434879706110847,3.021964455728313,0.0006068594290283141
-0.2430142606110848,3.021964455728313,0.0006068594290283141
-0.2425405506110848,3.021964455728313,0.0002654190603080947
-0.2420668406110847,3.021964455728313,0.0002654190603080947
-0.2415931306110848,3.021964455728313,0.0002654190603080947
-0.2411194206110847,3.021964455728313,0.0002654190603080947
-0.2406457106110848,3.021964455728313,0.0002654190603080947
-0.2401720006110848,3.021964455728313,0.0002654190603080947
-0.2396982906110847,3.021964455728313,0.0002654190603080947
-0.2392245806110848,3.021964455728313,0.0002654190603080947
-0.2387508706110848,3.021964455728313,0.0002654190603080947
-0.2382771606110847,3.021964455728313,0.0006068594290283141
-0.2378034506110848,3.021964455728313,0.0002654190603080947
-0.2373297406110848,3.021964455728313,0.0006068594290283141
-0.2368560306110847,3.021964455728313,0.0009482997977485336
-0.2363823206110848,3.021964455728313,0.0009482997977485336
-0.2359086106110848,3.021964455728313,0.0009482997977485336
-0.2354349006110847,3.021964455728313,0.0009482997977485336
-0.2349611906110848,3.021964455728313,0.001289740166468739
-0.2344874806110848,3.021964455728313,0.001289740166468739
-0.2340137706110847,3.021964455728313,0.001289740166468739
-0.2335400606110848,3.021964455728313,0.001631180535188959
-0.2330663506110847,3.021964455728313,0.001631180535188959
-0.2325926406110848,3.021964455728313,0.001972620903909164
-0.2321189306110848,3.021964455728313,0.001972620903909164
-0.2316452206110847,3.021964455728313,0.001631180535188959
-0.2311715106110848,3.021964455728313,0.001631180535188959
-0.2306978006110848,3.021964455728313,0.001972620903909164
-0.2302240906110847,3.021964455728313,0.001972620903909164
-0.2297503806110848,3.021964455728313,0.001972620903909164
-0.2292766706110848,3.021964455728313,0.001631180535188959
-0.2288029606110847,3.021964455728313,0.001631180535188959
-0.2283292506110848,3.021964455728313,0.001631180535188959
-0.2278555406110848,3.021964455728313,0.001289740166468739
-0.2273818306110847,3.021964455728313,0.001289740166468739
-0.2269081206110848,3.021964455728313,0.0009482997977485336
-0.2264344106110847,3.021964455728313,0.0009482997977485336
-0.2259607006110848,3.021964455728313,0.0009482997977485336
-0.2254869906110848,3.021964455728313,0.0009482997977485336
-0.2250132806110847,3.021964455728313,0.0009482997977485336
-0.2245395706110848,3.021964455728313,0.0009482997977485336
-0.2240658606110848,3.021964455728313,0.0006068594290283141
-0.2235921506110847,3.021964455728313,0.0006068594290283141
-0.2231184406110848,3.021964455728313,0.0006068594290283141
-0.2226447306110848,3.021964455728313,0.0002654190603080947
-0.2221710206110847,3.021964455728313,0.0002654190603080947
-0.2216973106110848,3.021964455728313,0.0002654190603080947
-0.2212236006110848,3.021964455728313,-7.602130841211086e-05
-0.2207498906110847,3.021964455728313,0.0002654190603080947
-0.2202761806110848,3.021964455728313,0.0002654190603080947
-0.2198024706110848,3.021964455728313,0.0002654190603080947
-0.2193287606110847,3.021964455728313,0.0002654190603080947
-0.2188550506110848,3.021964455728313,0.0002654190603080947
-0.2183813406110847,3.021964455728313,0.0002654190603080947
-0.2179076306110848,3.021964455728313,0.0002654190603080947
-0.2174339206110848,3.021964455728313,0.0006068594290283141
-0.2169602106110847,3.021964455728313,0.0006068594290283141
-0.2164865006110848,3.021964455728313,0.0006068594290283141
-0.2160127906110848,3.021964455728313,0.0009482997977485336
-0.2155390806110847,3.021964455728313,0.0009482997977485336
-0.2150653706110848,3.021964455728313,0.0009482997977485336
-0.2145916606110848,3.021964455728313,0.001289740166468739
-0.2141179506110847,3.021964455728313,0.001289740166468739
-0.2136442406110848,3.021964455728313,0.001631180535188959
-0.2131705306110848,3.021964455728313,0.001631180535188959
-0.2126968206110847,3.021964455728313,0.001631180535188959
-0.2122231106110848,3.021964455728313,0.001631180535188959
-0.2117494006110847,3.021964455728313,0.001631180535188959
-0.2112756906110848,3.021964455728313,0.001631180535188959
-0.2108019806110848,3.021964455728313,0.001972620903909164
-0.2103282706110847,3.021964455728313,0.001631180535188959
-0.2098545606110848,3.021964455728313,0.001972620903909164
-0.2093808506110848,3.021964455728313,0.001631180535188959
-0.2089071406110847,3.021964455728313,0.001631180535188959
-0.2084334306110848,3.021964455728313,0.001631180535188959
-0.2079597206110848,3.021964455728313,0.001631180535188959
-0.2074860106110847,3.021964455728313,0.001289740166468739
-0.2070123006110848,3.021964455728313,0.001289740166468739
-0.2065385906110848,3.021964455728313,0.001289740166468739
-0.2060648806110847,3.021964455728313,0.001289740166468739
-0.2055911706110848,3.021964455728313,0.0009482997977485336
-0.2051174606110848,3.021964455728313,0.0009482997977485336
-0.2046437506110848,3.021964455728313,0.0009482997977485336
-0.2041700406110848,3.021964455728313,0.0006068594290283141
-0.2036963306110847,3.021964455728313,0.0006068594290283141
-0.2032226206110848,3.021964455728313,0.0006068594290283141
-0.2027489106110848,3.021964455728313,0.0006068594290283141
-0.2022752006110847,3.021964455728313,0.0002654190603080947
-0.2018014906110848,3.021964455728313,-7.602130841211086e-05
-0.2013277806110848,3.021964455728313,0.0002654190603080947
-0.2008540706110847,3.021964455728313,-7.602130841211086e-05
-0.2003803606110848,3.021964455728313,0.0002654190603080947
-0.1999066506110848,3.021964455728313,0.0002654190603080947
-0.1994329406110847,3.021964455728313,0.0002654190603080947
-0.1989592306110848,1.117064753333445,-0.002807544258173825
-0.1984855206110848,0.01561779670116437,0.0002654190603080947
-0.1980118106110847,0.01561779670116437,0.0006068594290283141
-0.1975381006110848,0.01561779670116437,0.0006068594290283141
-0.1970643906110847,0.01561779670116437,0.0006068594290283141
-0.1965906806110848,0.01561779670116437,0.0006068594290283141
-0.1961169706110848,0.01561779670116437,0.0006068594290283141
-0.1956432606110847,0.01561779670116437,0.0009482997977485336
-0.1951695506110848,0.01561779670116437,0.0009482997977485336
-0.1946958406110848,0.01561779670116437,0.0009482997977485336
-0.1942221306110847,0.01561779670116437,0.001289740166468739
-0.1937484206110848,0.01561779670116437,0.001631180535188959
-0.1932747106110848,0.01561779670116437,0.001631180535188959
-0.1928010006110847,0.01561779670116437,0.001631180535188959
-0.1923272906110848,0.01561779670116437,0.001972620903909164
-0.1918535806110848,0.01561779670116437,0.001972620903909164
-0.1913798706110847,0.01561779670116437,0.001631180535188959
-0.1909061606110848,0.01561779670116437,0.001631180535188959
-0.1904324506110848,0.01561779670116437,0.001631180535188959
-0.1899587406110848,0.01561779670116437,0.001631180535188959
-0.1894850306110848,0.01561779670116437,0.001631180535188959
-0.1890113206110847,0.01561779670116437,0.001289740166468739
-0.1885376106110848,0.01561779670116437,0.001289740166468739
-0.1880639006110848,0.01561779670116437,0.001289740166468739
-0.1875901906110847,0.01561779670116437,0.001289740166468739
-0.1871164806110848,0.01561779670116437,0.001289740166468739
-0.1866427706110848,0.01561779670116437,0.0009482997977485336
-0.1861690606110847,0.01561779670116437,0.0009482997977485336
-0.1856953506110848,0.01561779670116437,0.0009482997977485336
-0.1852216406110848,0.01561779670116437,0.0009482997977485336
-0.1847479306110847,0.01561779670116437,0.0009482997977485336
-0.1842742206110848,0.01561779670116437,0.0006068594290283141
-0.1838005106110848,0.01561779670116437,0.0002654190603080947
-0.1833268006110848,0.01561779670116437,0.0002654190603080947
-0.1828530906110848,0.01561779670116437,0.0006068594290283141
-0.1823793806110847,0.01561779670116437,0.0002654190603080947
-0.1819056706110848,0.01561779670116437,0.0002654190603080947
-0.1814319606110848,0.01561779670116437,0.0002654190603080947
-0.1809582506110847,0.01561779670116437,0.0002654190603080947
-0.1804845406110848,0.01561779670116437,-7.602130841211086e-05
-0.1800108306110848,0.01561779670116437,-7.602130841211086e-05
-0.1795371206110847,0.01561779670116437,-7.602130841211086e-05
-0.1790634106110848,0.01561779670116437,0.0002654190603080947
-0.1785897006110848,0.01561779670116437,0.0002654190603080947
-0.1781159906110847,0.01561779670116437,0.0002654190603080947
-0.1776422806110848,0.01561779670116437,0.0006068594290283141
-0.1771685706110848,0.01561779670116437,0.0006068594290283141
-0.1766948606110847,0.01561779670116437,0.0006068594290283141
-0.1762211506110848,0.01561779670116437,0.0006068594290283141
-0.1757474406110847,0.01561779670116437,0.0009482997977485336
-0.1752737306110848,0.01561779670116437,0.0009482997977485336
-0.1748000206110848,0.01561779670116437,0.0009482997977485336
-0.1743263106110847,0.01561779670116437,0.001289740166468739
-0.1738526006110848,0.01561779670116437,0.001631180535188959
-0.1733788906110848,0.01561779670116437,0.001631180535188959
-0.1729051806110847,0.01561779670116437,0.001631180535188959
-0.1724314706110848,0.01561779670116437,0.001972620903909164
-0.1719577606110848,0.01561779670116437,0.001631180535188959
-0.1714840506110847,0.01561779670116437,0.001631180535188959
-0.1710103406110848,0.01561779670116437,0.001972620903909164
-0.1705366306110848,0.01561779670116437,0.001972620903909164
-0.1700629206110847,0.01561779670116437,0.001631180535188959
-0.1695892106110848,0.01561779670116437,0.001631180535188959
-0.1691155006110848,0.01561779670116437,0.001631180535188959
-0.1686417906110848,0.01561779670116437,0.001631180535188959
-0.1681680806110848,0.01561779670116437,0.001289740166468739
-0.1676943706110847,0.01561779670116437,0.001289740166468739
-0.1672206606110848,0.01561779670116437,0.001289740166468739
-0.1667469506110848,0.01561779670116437,0.0009482997977485336
-0.1662732406110847,0.01561779670116437,0.0009482997977485336
-0.1657995306110848,0.01561779670116437,0.0009482997977485336
-0.1653258206110848,0.01561779670116437,0.0009482997977485336
-0.1648521106110847,0.01561779670116437,0.0009482997977485336
-0.1643784006110848,0.01561779670116437,0.0009482997977485336
-0.1639046906110848,0.01561779670116437,0.0006068594290283141
-0.1634309806110847,0.01561779670116437,0.0006068594290283141
-0.1629572706110848,0.01561779670116437,0.0006068594290283141
-0.1624835606110848,0.01561779670116437,0.0002654190603080947
-0.1620098506110847,1.814899297775129,0.003338382378790028
-0.1615361406110848,3.014420298491106,0.0002654190603080947
-0.1610624306110847,3.014420298491106,0.0002654190603080947
-0.1605887206110848,3.01819237710971,-7.602130841211086e-05
-0.1601150106110848,3.01819237710971,0.0002654190603080947
-0.1596413006110847,3.01819237710971,0.0002654190603080947
-0.1591675906110848,3.01819237710971,0.0002654190603080947
-0.1586938806110848,3.01819237710971,0.0002654190603080947
-0.1582201706110847,3.01819237710971,0.0002654190603080947
-0.1577464606110848,3.021964455728313,0.0006068594290283141
-0.1572727506110848,3.021964455728313,0.0006068594290283141
-0.1567990406110847,3.021964455728313,0.0009482997977485336
-0.1563253306110848,3.021964455728313,0.0006068594290283141
-0.1558516206110848,3.021964455728313,0.0009482997977485336
-0.1553779106110847,3.021964455728313,0.001289740166468739
-0.1549042006110848,3.021964455728313,0.001289740166468739
-0.1544304906110848,3.021964455728313,0.001289740166468739
-0.1539567806110848,3.021964455728313,0.001289740166468739
-0.1534830706110848,3.021964455728313,0.001631180535188959
-0.1530093606110847,3.021964455728313,0.001631180535188959
-0.1525356506110848,3.021964455728313,0.001972620903909164
-0.1520619406110848,3.021964455728313,0.001631180535188959
-0.1515882306110847,3.021964455728313,0.001631180535188959
-0.1511145206110848,3.021964455728313,0.001631180535188959
-0.1506408106110848,3.021964455728313,0.001972620903909164
-0.1501671006110847,3.021964455728313,0.001972620903909164
-0.1496933906110848,3.021964455728313,0.001972620903909164
-0.1492196806110848,3.021964455728313,0.001631180535188959
-0.1487459706110847,3.021964455728313,0.001631180535188959
-0.1482722606110848,3.021964455728313,0.001631180535188959
-0.1477985506110848,3.021964455728313,0.001289740166468739
-0.1473248406110848,3.021964455728313,0.001289740166468739
-0.1468511306110848,3.021964455728313,0.001289740166468739
-0.1463774206110847,3.021964455728313,0.0009482997977485336
-0.1459037106110848,3.021964455728313,0.0009482997977485336
-0.1454300006110848,3.021964455728313,0.001289740166468739
-0.1449562906110847,3.021964455728313,0.0009482997977485336
-0.1444825806110848,3.021964455728313,0.0009482997977485336
-0.1440088706110848,3.021964455728313,0.0006068594290283141
-0.1435351606110847,3.021964455728313,0.0006068594290283141
-0.1430614506110848,3.021964455728313,0.0006068594290283141
-0.1425877406110848,3.021964455728313,0.0002654190603080947
-0.1421140306110847,3.021964455728313,0.0006068594290283141
-0.1416403206110848,3.021964455728313,0.0006068594290283141
-0.1411666106110848,3.021964455728313,0.0002654190603080947
-0.1406929006110847,3.021964455728313,-7.602130841211086e-05
-0.1402191906110848,3.021964455728313,0.0002654190603080947
-0.1397454806110848,3.021964455728313,0.0002654190603080947
-0.1392717706110848,3.021964455728313,0.0002654190603080947
-0.1387980606110848,3.021964455728313,0.0002654190603080947
-0.1383243506110847,3.021964455728313,0.0002654190603080947
-0.1378506406110848,3.021964455728313,0.0002654190603080947
-0.1373769306110848,3.021964455728313,0.0002654190603080947
-0.1369032206110847,3.021964455728313,0.0006068594290283141
-0.1364295106110848,3.021964455728313,0.0009482997977485336
-0.1359558006110848,3.021964455728313,0.0006068594290283141
-0.1354820906110847,3.021964455728313,0.0006068594290283141
-0.1350083806110848,3.021964455728313,0.0006068594290283141
-0.1345346706110848,3.021964455728313,0.001289740166468739
-0.1340609606110847,3.021964455728313,0.001289740166468739
-0.1335872506110848,3.021964455728313,0.001631180535188959
-0.1331135406110848,3.021964455728313,0.001289740166468739
-0.1326398306110848,3.021964455728313,0.001631180535188959
-0.1321661206110848,3.021964455728313,0.001631180535188959
-0.1316924106110847,3.021964455728313,0.001631180535188959
-0.1312187006110848,3.021964455728313,0.001631180535188959
-0.1307449906110848,3.021964455728313,0.001631180535188959
-0.1302712806110847,3.021964455728313,0.001631180535188959
-0.1297975706110848,3.021964455728313,0.001631180535188959
-0.1293238606110848,3.025736534346916,0.001631180535188959
-0.1288501506110847,3.021964455728313,0.001631180535188959
-0.1283764406110848,3.021964455728313,0.001631180535188959
-0.1279027306110848,3.021964455728313,0.001631180535188959
-0.1274290206110847,3.021964455728313,0.001631180535188959
-0.1269553106110848,3.021964455728313,0.0009482997977485336
-0.1264816006110848,3.021964455728313,0.0009482997977485336
-0.1260078906110847,3.021964455728313,0.0009482997977485336
-0.1255341806110848,3.021964455728313,0.0009482997977485336
-0.1250604706110848,3.021964455728313,0.0009482997977485336
-0.1245867606110848,3.021964455728313,0.0009482997977485336
-0.1241130506110848,3.021964455728313,0.0006068594290283141
-0.1236393406110847,3.021964455728313,0.0006068594290283141
-0.1231656306110848,3.021964455728313,0.0006068594290283141
-0.1226919206110848,3.021964455728313,0.0006068594290283141
-0.1222182106110847,3.021964455728313,0.0002654190603080947
-0.1217445006110848,3.021964455728313,0.0002654190603080947
-0.1212707906110848,3.021964455728313,0.0002654190603080947
-0.1207970806110847,3.021964455728313,-7.602130841211086e-05
-0.1203233706110848,3.021964455728313,0.0002654190603080947
-0.1198496606110848,3.021964455728313,0.0002654190603080947
-0.1193759506110847,3.021964455728313,0.0002654190603080947
-0.1189022406110848,3.021964455728313,-7.602130841211086e-05
-0.1184285306110848,3.021964455728313,-7.602130841211086e-05
-0.1179548206110848,3.021964455728313,0.0002654190603080947
-0.1174811106110848,3.021964455728313,0.0002654190603080947
-0.1170074006110847,3.021964455728313,0.0006068594290283141
-0.1165336906110848,3.021964455728313,0.0006068594290283141
-0.1160599806110848,3.021964455728313,0.0006068594290283141
-0.1155862706110847,3.021964455728313,0.0009482997977485336
-0.1151125606110848,3.021964455728313,0.0009482997977485336
-0.1146388506110848,3.021964455728313,0.0009482997977485336
-0.1141651406110847,3.021964455728313,0.001289740166468739
-0.1136914306110848,3.021964455728313,0.001289740166468739
-0.1132177206110848,3.021964455728313,0.001289740166468739
-0.1127440106110847,3.021964455728313,0.001631180535188959
-0.1122703006110848,3.021964455728313,0.001972620903909164
-0.1117965906110848,3.021964455728313,0.001972620903909164
-0.1113228806110848,3.021964455728313,0.001631180535188959
-0.1108491706110848,3.021964455728313,0.001972620903909164
-0.1103754606110848,3.021964455728313,0.001631180535188959
-0.1099017506110848,3.021964455728313,0.001631180535188959
-0.1094280406110848,3.021964455728313,0.001631180535188959
-0.1089543306110847,3.021964455728313,0.001631180535188959
-0.1084806206110848,3.021964455728313,0.001631180535188959
-0.1080069106110848,3.021964455728313,0.001289740166468739
-0.1075332006110847,3.021964455728313,0.001289740166468739
-0.1070594906110848,3.021964455728313,0.001289740166468739
-0.1065857806110848,3.021964455728313,0.0009482997977485336
-0.1061120706110847,3.021964455728313,0.0009482997977485336
-0.1056383606110848,3.021964455728313,0.0009482997977485336
-0.1051646506110848,3.021964455728313,0.0009482997977485336
-0.1046909406110847,3.021964455728313,0.0009482997977485336
-0.1042172306110848,3.021964455728313,0.0006068594290283141
-0.1037435206110848,3.021964455728313,0.0006068594290283141
-0.1032698106110848,3.021964455728313,0.0006068594290283141
-0.1027961006110848,3.021964455728313,0.0002654190603080947
-0.1023223906110847,3.021964455728313,0.0002654190603080947
-0.1018486806110848,3.021964455728313,0.0002654190603080947
-0.1013749706110848,3.021964455728313,0.0006068594290283141
-0.1009012606110847,3.021964455728313,0.0002654190603080947
-0.1004275506110848,3.021964455728313,0.0002654190603080947
-0.09995384061108481,3.021964455728313,0.0002654190603080947
-0.09948013061108474,3.021964455728313,0.0002654190603080947
-0.09900642061108478,3.021964455728313,0.0002654190603080947
-0.09853271061108482,3.021964455728313,0.0002654190603080947
-0.09805900061108475,3.021964455728313,0.0002654190603080947
-0.09758529061108479,3.021964455728313,0.0002654190603080947
-0.09711158061108482,3.021964455728313,0.0006068594290283141
-0.09663787061108475,3.021964455728313,0.0006068594290283141
-0.09616416061108479,3.021964455728313,0.0006068594290283141
-0.09569045061108472,3.021964455728313,0.0006068594290283141
-0.09521674061108476,3.021964455728313,0.0009482997977485336
-0.0947430306110848,3.021964455728313,0.0009482997977485336
-0.09426932061108473,3.021964455728313,0.001289740166468739
-0.09379561061108477,3.021964455728313,0.001631180535188959
-0.09332190061108481,3.021964455728313,0.001631180535188959
-0.09284819061108474,3.021964455728313,0.001631180535188959
-0.09237448061108477,3.021964455728313,0.001631180535188959
-0.09190077061108481,3.021964455728313,0.001631180535188959
-0.09142706061108474,3.021964455728313,0.001631180535188959
-0.09095335061108478,3.021964455728313,0.001972620903909164
-0.09047964061108482,3.021964455728313,0.001972620903909164
-0.09000593061108475,3.021964455728313,0.001972620903909164
-0.08953222061108479,3.021964455728313,0.001631180535188959
-0.08905851061108483,3.021964455728313,0.001631180535188959
-0.08858480061108476,3.021964455728313,0.001631180535188959
-0.0881110906110848,3.021964455728313,0.001289740166468739
-0.08763738061108473,3.025736534346916,0.001289740166468739
-0.08716367061108476,3.021964455728313,0.001289740166468739
-0.0866899606110848,3.021964455728313,0.0009482997977485336
-0.08621625061108473,3.021964455728313,0.0009482997977485336
-0.08574254061108477,3.021964455728313,0.0009482997977485336
-0.08526883061108481,3.021964455728313,0.0009482997977485336
-0.08479512061108474,3.021964455728313,0.0009482997977485336
-0.08432141061108478,3.021964455728313,0.0006068594290283141
-0.08384770061108482,3.021964455728313,0.0006068594290283141
-0.08337399061108475,3.021964455728313,0.0006068594290283141
-0.08290028061108479,3.021964455728313,0.0006068594290283141
-0.08242657061108483,3.021964455728313,0.0002654190603080947
-0.08195286061108475,3.021964455728313,0.0002654190603080947
-0.08147915061108479,3.021964455728313,0.0002654190603080947
-0.08100544061108472,3.021964455728313,-7.602130841211086e-05
-0.08053173061108476,3.021964455728313,-7.602130841211086e-05
-0.0800580206110848,3.021964455728313,0.0002654190603080947
-0.07958431061108473,3.021964455728313,0.0002654190603080947
-0.07911060061108477,3.021964455728313,0.0002654190603080947
-0.07863689061108481,3.021964455728313,0.0002654190603080947
-0.07816318061108474,3.021964455728313,0.0002654190603080947
-0.07768947061108478,3.021964455728313,0.0002654190603080947
-0.07721576061108482,3.021964455728313,0.0002654190603080947
-0.07674205061108474,3.021964455728313,0.0006068594290283141
-0.07626834061108478,3.021964455728313,0.0006068594290283141
-0.07579463061108482,3.021964455728313,0.0009482997977485336
-0.07532092061108475,3.021964455728313,0.0009482997977485336
-0.07484721061108479,3.021964455728313,0.001289740166468739
-0.07437350061108483,3.021964455728313,0.001289740166468739
-0.07389979061108476,3.021964455728313,0.001289740166468739
-0.0734260806110848,3.021964455728313,0.001631180535188959
-0.07295237061108473,3.021964455728313,0.001631180535188959
-0.07247866061108477,3.021964455728313,0.001631180535188959
-0.07200495061108481,3.021964455728313,0.001631180535188959
-0.07153124061108473,3.021964455728313,0.001631180535188959
-0.07105753061108477,3.021964455728313,0.001631180535188959
-0.07058382061108481,3.021964455728313,0.001631180535188959
-0.07011011061108474,3.021964455728313,0.001631180535188959
-0.06963640061108478,3.021964455728313,0.001631180535188959
-0.06916269061108482,3.021964455728313,0.001631180535188959
-0.06868898061108475,3.021964455728313,0.001289740166468739
-0.06821527061108479,3.021964455728313,0.001289740166468739
-0.06774156061108483,3.021964455728313,0.001289740166468739
-0.06726785061108476,3.021964455728313,0.001289740166468739
-0.0667941406110848,3.021964455728313,0.0009482997977485336
-0.06632043061108472,3.021964455728313,0.0009482997977485336
-0.06584672061108476,3.021964455728313,0.0006068594290283141
-0.0653730106110848,3.021964455728313,0.0006068594290283141
-0.06489930061108473,3.021964455728313,0.0009482997977485336
-0.06442559061108477,3.021964455728313,0.0006068594290283141
-0.06395188061108481,3.021964455728313,0.0006068594290283141
-0.06347817061108474,3.021964455728313,0.0006068594290283141
-0.06300446061108478,3.021964455728313,0.0006068594290283141
-0.06253075061108482,3.021964455728313,0.0002654190603080947
-0.06205704061108475,3.021964455728313,0.0002654190603080947
-0.06158333061108479,3.021964455728313,0.0002654190603080947
-0.06110962061108483,3.021964455728313,0.0002654190603080947
-0.06063591061108475,3.021964455728313,0.0002654190603080947
-0.06016220061108479,3.021964455728313,0.0002654190603080947
-0.05968849061108483,3.021964455728313,-7.602130841211086e-05
-0.05921478061108476,3.021964455728313,0.0002654190603080947
-0.0587410706110848,3.021964455728313,0.0002654190603080947
-0.05826736061108473,3.021964455728313,0.0002654190603080947
-0.05779365061108477,3.021964455728313,0.0002654190603080947
-0.05731994061108481,3.021964455728313,0.0002654190603080947
-0.05684623061108474,3.021964455728313,0.0006068594290283141
-0.05637252061108478,3.021964455728313,0.0006068594290283141
-0.05589881061108481,3.021964455728313,0.0006068594290283141
-0.05542510061108474,3.021964455728313,0.0009482997977485336
-0.05495139061108478,3.021964455728313,0.0009482997977485336
-0.05447768061108482,3.021964455728313,0.0009482997977485336
-0.05400397061108475,3.021964455728313,0.001289740166468739
-0.05353026061108479,3.021964455728313,0.001631180535188959
-0.05305655061108483,3.021964455728313,0.001289740166468739
-0.05258284061108476,3.021964455728313,0.001631180535188959
-0.0521091306110848,3.021964455728313,0.001631180535188959
-0.05163542061108473,3.021964455728313,0.001631180535188959
-0.05116171061108477,3.021964455728313,0.001631180535188959
-0.0506880006110848,3.021964455728313,0.001631180535188959
-0.05021429061108473,3.021964455728313,0.001631180535188959
-0.04974058061108477,3.021964455728313,0.001631180535188959
-0.04926687061108481,3.021964455728313,0.001631180535188959
-0.04879316061108474,3.021964455728313,0.001289740166468739
-0.04831945061108478,3.021964455728313,0.001631180535188959
-0.04784574061108482,3.021964455728313,0.001289740166468739
-0.04737203061108475,3.021964455728313,0.001289740166468739
-0.04689832061108479,3.021964455728313,0.0009482997977485336
-0.04642461061108483,3.021964455728313,0.0009482997977485336
-0.04595090061108476,3.021964455728313,0.0009482997977485336
-0.04547719061108479,3.021964455728313,0.0006068594290283141
-0.04500348061108483,3.021964455728313,0.0009482997977485336
-0.04452977061108476,3.021964455728313,0.0009482997977485336
-0.0440560606110848,3.021964455728313,0.0006068594290283141
-0.04358235061108473,3.021964455728313,0.0006068594290283141
-0.04310864061108477,3.021964455728313,0.0006068594290283141
-0.04263493061108481,3.021964455728313,0.0002654190603080947
-0.04216122061108474,3.021964455728313,0.0002654190603080947
-0.04168751061108478,3.021964455728313,0.0002654190603080947
-0.04121380061108482,3.021964455728313,0.0002654190603080947
-0.04074009061108474,3.021964455728313,0.0002654190603080947
-0.04026638061108478,3.021964455728313,-7.602130841211086e-05
-0.03979267061108482,3.021964455728313,0.0002654190603080947
-0.03931896061108475,3.021964455728313,0.0002654190603080947
-0.03884525061108479,3.021964455728313,-7.602130841211086e-05
-0.03837154061108483,3.021964455728313,0.0002654190603080947
-0.03789783061108476,3.021964455728313,0.0002654190603080947
-0.0374241206110848,3.021964455728313,0.0006068594290283141
-0.03695041061108473,3.021964455728313,0.0006068594290283141
-0.03647670061108477,3.021964455728313,0.0009482997977485336
-0.03600299061108481,3.021964455728313,0.0009482997977485336
-0.03552928061108473,3.021964455728313,0.0009482997977485336
-0.03505557061108477,3.021964455728313,0.0009482997977485336
-0.03458186061108481,3.021964455728313,0.0009482997977485336
-0.03410815061108474,3.021964455728313,0.001289740166468739
-0.03363444061108478,3.021964455728313,0.001631180535188959
-0.03316073061108482,3.021964455728313,0.001631180535188959
-0.03268702061108475,3.021964455728313,0.001631180535188959
-0.03221331061108479,3.021964455728313,0.001972620903909164
-0.03173960061108483,3.021964455728313,0.001972620903909164
-0.03126589061108476,3.021964455728313,0.001631180535188959
-0.0307921806110848,3.021964455728313,0.001972620903909164
-0.03031847061108472,3.021964455728313,0.001972620903909164
-0.02984476061108476,3.021964455728313,0.001631180535188959
-0.0293710506110848,3.021964455728313,0.001631180535188959
-0.02889734061108473,3.021964455728313,0.001631180535188959
-0.02842363061108477,3.021964455728313,0.001631180535188959
-0.02794992061108481,3.021964455728313,0.001631180535188959
-0.02747621061108474,3.021964455728313,0.001289740166468739
-0.02700250061108478,3.021964455728313,0.001289740166468739
-0.02652879061108482,3.021964455728313,0.0009482997977485336
-0.02605508061108475,3.021964455728313,0.0009482997977485336
-0.02558137061108479,3.021964455728313,0.0009482997977485336
-0.02510766061108483,3.021964455728313,0.0009482997977485336
-0.02463395061108475,3.021964455728313,0.0009482997977485336
-0.02416024061108479,3.021964455728313,0.0006068594290283141
-0.02368653061108483,3.021964455728313,0.0006068594290283141
-0.02321282061108476,3.021964455728313,0.0002654190603080947
-0.0227391106110848,3.021964455728313,0.0002654190603080947
-0.02226540061108473,3.021964455728313,0.0002654190603080947
-0.02179169061108477,3.021964455728313,0.0002654190603080947
-0.02131798061108481,3.021964455728313,0.0002654190603080947
-0.02084427061108474,3.021964455728313,0.0002654190603080947
-0.02037056061108478,3.021964455728313,0.0002654190603080947
-0.01989685061108482,3.021964455728313,-7.602130841211086e-05
-0.01942314061108474,3.021964455728313,0.0002654190603080947
-0.01894943061108478,3.021964455728313,0.0002654190603080947
-0.01847572061108482,3.021964455728313,0.0002654190603080947
-0.01800201061108475,3.021964455728313,0.0002654190603080947
-0.01752830061108479,3.021964455728313,0.0002654190603080947
-0.01705459061108483,3.021964455728313,0.0006068594290283141
-0.01658088061108476,3.021964455728313,0.0006068594290283141
-0.0161071706110848,3.021964455728313,0.0006068594290283141
-0.01563346061108473,3.021964455728313,0.0009482997977485336
-0.01515975061108477,3.021964455728313,0.0009482997977485336
-0.01468604061108481,3.021964455728313,0.0009482997977485336
-0.01421233061108473,3.021964455728313,0.001289740166468739
-0.01373862061108477,3.021964455728313,0.001631180535188959
-0.01326491061108481,3.021964455728313,0.001631180535188959
-0.01279120061108474,3.021964455728313,0.001631180535188959
-0.01231749061108478,3.021964455728313,0.001631180535188959
-0.01184378061108482,3.021964455728313,0.001972620903909164
-0.01137007061108475,3.021964455728313,0.001631180535188959
-0.01089636061108479,3.021964455728313,0.001972620903909164
-0.01042265061108483,3.021964455728313,0.001972620903909164
-0.009948940611084756,3.021964455728313,0.001631180535188959
-0.009475230611084795,3.025736534346916,0.001631180535188959
-0.009001520611084834,3.021964455728313,0.001631180535188959
-0.008527810611084763,3.021964455728313,0.001631180535188959
-0.008054100611084802,3.021964455728313,0.001289740166468739
-0.007580390611084731,3.021964455728313,0.001289740166468739
-0.00710668061108477,3.021964455728313,0.001289740166468739
-0.00663297061108481,3.021964455728313,0.0009482997977485336
-0.006159260611084738,3.021964455728313,0.0009482997977485336
-0.005685550611084778,3.021964455728313,0.0006068594290283141
-0.005211840611084817,3.021964455728313,0.0009482997977485336
-0.004738130611084745,3.021964455728313,0.0009482997977485336
-0.004264420611084785,3.021964455728313,0.0006068594290283141
-0.003790710611084824,3.021964455728313,0.0006068594290283141
-0.003317000611084753,3.021964455728313,0.0002654190603080947
-0.002843290611084792,3.021964455728313,0.0006068594290283141
-0.002369580611084832,3.021964455728313,0.0002654190603080947
-0.00189587061108476,3.021964455728313,-7.602130841211086e-05
-0.0014221606110848,3.021964455728313,-7.602130841211086e-05
-0.0009484506110847279,3.021964455728313,0.0002654190603080947
-0.0004747406110847674,3.021964455728313,-7.602130841211086e-05
-1.030611084806843e-06,3.021964455728313,0.0002654190603080947
0.0004726793889152647,3.021964455728313,0.0002654190603080947
0.0009463893889152253,3.021964455728313,0.0002654190603080947
0.001420099388915186,3.021964455728313,0.0002654190603080947
0.001893809388915257,3.021964455728313,0.0002654190603080947
0.002367519388915218,3.021964455728313,0.0002654190603080947
0.002841229388915179,3.021964455728313,0.0006068594290283141
0.00331493938891525,3.021964455728313,0.0006068594290283141
0.003788649388915211,3.021964455728313,0.0009482997977485336
0.004262359388915171,3.021964455728313,0.0009482997977485336
0.004736069388915243,3.021964455728313,0.0009482997977485336
0.005209779388915203,3.021964455728313,0.0009482997977485336
0.005683489388915164,3.021964455728313,0.001289740166468739
0.006157199388915235,3.021964455728313,0.001631180535188959
0.006630909388915196,3.021964455728313,0.001631180535188959
0.007104619388915268,3.021964455728313,0.001631180535188959
0.007578329388915228,3.021964455728313,0.001631180535188959
0.008052039388915189,3.021964455728313,0.001631180535188959
0.00852574938891526,3.021964455728313,0.001631180535188959
0.008999459388915221,3.021964455728313,0.001631180535188959
0.009473169388915181,3.021964455728313,0.001972620903909164
0.009946879388915253,3.021964455728313,0.001631180535188959
0.01042058938891521,3.021964455728313,0.001631180535188959
0.01089429938891517,3.021964455728313,0.001631180535188959
0.01136800938891525,3.021964455728313,0.001289740166468739
0.01184171938891521,3.021964455728313,0.001289740166468739
0.01231542938891517,3.021964455728313,0.001631180535188959
0.01278913938891524,3.021964455728313,0.001289740166468739
0.0132628493889152,3.021964455728313,0.0009482997977485336
0.01373655938891527,3.021964455728313,0.0009482997977485336
0.01421026938891523,3.021964455728313,0.0009482997977485336
0.01468397938891519,3.021964455728313,0.0009482997977485336
0.01515768938891526,3.021964455728313,0.0009482997977485336
0.01563139938891522,3.021964455728313,0.0006068594290283141
0.01610510938891518,3.021964455728313,0.0006068594290283141
0.01657881938891526,3.021964455728313,0.0006068594290283141
0.01705252938891522,3.021964455728313,0.0006068594290283141
0.01752623938891518,3.021964455728313,0.0002654190603080947
0.01799994938891525,3.021964455728313,0.0002654190603080947
0.01847365938891521,3.021964455728313,0.0002654190603080947
0.01894736938891517,3.021964455728313,0.0002654190603080947
0.01942107938891524,3.021964455728313,-7.602130841211086e-05
0.0198947893889152,3.021964455728313,0.0002654190603080947
0.02036849938891516,3.021964455728313,0.0002654190603080947
0.02084220938891523,3.021964455728313,0.0002654190603080947
0.02131591938891519,3.021964455728313,0.0002654190603080947
0.02178962938891527,3.021964455728313,0.0002654190603080947
0.02226333938891523,3.021964455728313,0.0006068594290283141
0.02273704938891519,3.021964455728313,0.0006068594290283141
0.02321075938891526,3.021964455728313,0.0006068594290283141
0.02368446938891522,3.021964455728313,0.0006068594290283141
0.02415817938891518,3.021964455728313,0.0006068594290283141
0.02463188938891525,3.021964455728313,0.0006068594290283141
0.02510559938891521,3.021964455728313,0.0009482997977485336
0.02557930938891517,3.021964455728313,0.0009482997977485336
0.02605301938891524,3.021964455728313,0.001289740166468739
0.0265267293889152,3.021964455728313,0.001289740166468739
0.02700043938891517,3.021964455728313,0.001289740166468739
0.02747414938891524,3.021964455728313,0.001631180535188959
0.0279478593889152,3.021964455728313,0.001972620903909164
0.02842156938891527,3.021964455728313,0.001972620903909164
0.02889527938891523,3.021964455728313,0.001631180535188959
0.02936898938891519,3.021964455728313,0.001972620903909164
0.02984269938891526,3.021964455728313,0.001631180535188959
0.03031640938891522,3.021964455728313,0.001631180535188959
0.03079011938891518,3.021964455728313,0.001289740166468739
0.03126382938891525,3.021964455728313,0.001289740166468739
0.03173753938891521,3.021964455728313,0.001289740166468739
0.03221124938891518,3.021964455728313,0.001289740166468739
0.03268495938891525,3.021964455728313,0.001289740166468739
0.03315866938891521,3.021964455728313,0.0009482997977485336
0.03363237938891517,3.021964455728313,0.0009482997977485336
0.03410608938891524,3.021964455728313,0.0009482997977485336
0.0345797993889152,3.021964455728313,0.0009482997977485336
0.03505350938891516,3.021964455728313,0.0009482997977485336
0.03552721938891523,3.021964455728313,0.0009482997977485336
0.03600092938891519,3.021964455728313,0.0006068594290283141
0.03647463938891526,3.021964455728313,0.0002654190603080947
0.03694834938891522,3.021964455728313,0.0006068594290283141
0.03742205938891519,3.021964455728313,0.0002654190603080947
0.03789576938891526,3.021964455728313,0.0002654190603080947
0.03836947938891522,3.021964455728313,0.0002654190603080947
0.03884318938891518,3.021964455728313,0.0002654190603080947
0.03931689938891525,3.021964455728313,0.0002654190603080947
0.03979060938891521,3.021964455728313,0.0002654190603080947
0.04026431938891517,3.021964455728313,0.0002654190603080947
0.04073802938891524,3.021964455728313,0.0002654190603080947
0.0412117393889152,3.021964455728313,0.0002654190603080947
0.04168544938891516,3.021964455728313,0.0002654190603080947
0.04215915938891523,3.021964455728313,0.0002654190603080947
0.0426328693889152,3.021964455728313,0.0006068594290283141
0.04310657938891527,3.021964455728313,0.0006068594290283141
0.04358028938891523,3.021964455728313,0.0006068594290283141
0.04405399938891519,3.021964455728313,0.0009482997977485336
0.04452770938891526,3.021964455728313,0.0009482997977485336
0.04500141938891522,3.021964455728313,0.0009482997977485336
0.04547512938891518,3.021964455728313,0.0009482997977485336
0.04594883938891525,3.021964455728313,0.001289740166468739
0.04642254938891521,3.021964455728313,0.001631180535188959
0.04689625938891517,3.021964455728313,0.001631180535188959
0.04736996938891525,3.021964455728313,0.001631180535188959
0.04784367938891521,3.021964455728313,0.001631180535188959
0.04831738938891517,3.021964455728313,0.001972620903909164
0.04879109938891524,3.021964455728313,0.001631180535188959
0.0492648093889152,3.021964455728313,0.001631180535188959
0.04973851938891527,3.021964455728313,0.001631180535188959
0.05021222938891523,3.021964455728313,0.001631180535188959
0.05068593938891519,3.021964455728313,0.001631180535188959
0.05115964938891526,3.021964455728313,0.001289740166468739
0.05163335938891522,3.021964455728313,0.001289740166468739
0.05210706938891518,3.021964455728313,0.001289740166468739
0.05258077938891526,3.021964455728313,0.001289740166468739
0.05305448938891522,3.021964455728313,0.001289740166468739
0.05352819938891518,3.021964455728313,0.001289740166468739
0.05400190938891525,3.021964455728313,0.0009482997977485336
0.05447561938891521,3.021964455728313,0.0009482997977485336
0.05494932938891517,3.021964455728313,0.0009482997977485336
0.05542303938891524,3.021964455728313,0.0009482997977485336
0.0558967493889152,3.021964455728313,0.0006068594290283141
0.05637045938891516,3.021964455728313,0.0006068594290283141
0.05684416938891523,3.021964455728313,0.0006068594290283141
0.05731787938891519,3.021964455728313,0.0006068594290283141
0.05779158938891527,3.021964455728313,0.0002654190603080947
0.05826529938891523,3.021964455728313,0.0002654190603080947
0.05873900938891519,3.021964455728313,-7.602130841211086e-05
0.05921271938891526,3.021964455728313,0.0002654190603080947
0.05968642938891522,3.021964455728313,0.0002654190603080947
0.06016013938891518,3.021964455728313,0.0002654190603080947
0.06063384938891525,3.021964455728313,0.0002654190603080947
0.06110755938891521,3.021964455728313,0.0002654190603080947
0.06158126938891517,3.021964455728313,0.0002654190603080947
0.06205497938891524,3.021964455728313,0.0002654190603080947
0.0625286893889152,3.021964455728313,0.0002654190603080947
0.06300239938891516,3.021964455728313,0.0006068594290283141
0.06347610938891524,3.021964455728313,0.0009482997977485336
0.0639498193889152,3.021964455728313,0.0009482997977485336
0.06442352938891527,3.021964455728313,0.0009482997977485336
0.06489723938891523,3.021964455728313,0.0009482997977485336
0.06537094938891519,3.021964455728313,0.001289740166468739
0.06584465938891526,3.021964455728313,0.001289740166468739
0.06631836938891522,3.021964455728313,0.001289740166468739
0.06679207938891518,3.021964455728313,0.001289740166468739
0.06726578938891525,3.021964455728313,0.001631180535188959
0.06773949938891521,3.021964455728313,0.001631180535188959
0.06821320938891517,3.021964455728313,0.001631180535188959
0.06868691938891525,3.021964455728313,0.001631180535188959
0.06916062938891521,3.021964455728313,0.001972620903909164
0.06963433938891522,3.021964455728313,0.001972620903909164
0.07010804938891524,3.021964455728313,0.001972620903909164
0.0705817593889152,3.021964455728313,0.001972620903909164
0.07105546938891522,3.021964455728313,0.001631180535188959
0.07152917938891523,3.021964455728313,0.001631180535188959
0.07200288938891519,3.021964455728313,0.001631180535188959
0.07247659938891521,3.021964455728313,0.001631180535188959
0.07295030938891522,3.021964455728313,0.001289740166468739
0.07342401938891524,3.021964455728313,0.0009482997977485336
0.0738977293889152,3.021964455728313,0.0009482997977485336
0.07437143938891522,3.021964455728313,0.0009482997977485336
0.07484514938891523,3.021964455728313,0.0009482997977485336
0.07531885938891519,3.021964455728313,0.0009482997977485336
0.07579256938891521,3.021964455728313,0.0009482997977485336
0.07626627938891523,3.021964455728313,0.0009482997977485336
0.07673998938891519,3.021964455728313,0.0006068594290283141
0.0772136993889152,3.021964455728313,0.0006068594290283141
0.07768740938891522,3.021964455728313,0.0002654190603080947
0.07816111938891523,3.021964455728313,0.0002654190603080947
0.0786348293889152,3.021964455728313,0.0006068594290283141
0.07910853938891521,3.021964455728313,0.0002654190603080947
0.07958224938891523,3.021964455728313,0.0002654190603080947
0.08005595938891519,3.021964455728313,-7.602130841211086e-05
0.0805296693889152,3.021964455728313,-7.602130841211086e-05
0.08100337938891522,3.021964455728313,0.0002654190603080947
0.08147708938891524,3.021964455728313,0.0002654190603080947
0.0819507993889152,3.021964455728313,0.0002654190603080947
0.08242450938891521,3.021964455728313,0.0002654190603080947
0.08289821938891523,3.021964455728313,0.0006068594290283141
0.08337192938891519,3.021964455728313,0.0006068594290283141
0.08384563938891521,3.021964455728313,0.0006068594290283141
0.08431934938891522,3.021964455728313,0.0009482997977485336
0.08479305938891524,3.021964455728313,0.0009482997977485336
0.0852667693889152,3.021964455728313,0.0009482997977485336
0.08574047938891521,3.021964455728313,0.001289740166468739
0.08621418938891523,3.021964455728313,0.001289740166468739
0.08668789938891519,3.021964455728313,0.001289740166468739
0.08716160938891521,3.021964455728313,0.001289740166468739
0.08763531938891522,3.021964455728313,0.001631180535188959
0.08810902938891524,3.021964455728313,0.001631180535188959
0.0885827393889152,3.021964455728313,0.001631180535188959
0.08905644938891522,3.021964455728313,0.001631180535188959
0.08953015938891523,3.021964455728313,0.001631180535188959
0.09000386938891519,3.021964455728313,0.001631180535188959
0.09047757938891521,3.021964455728313,0.001631180535188959
0.09095128938891522,3.021964455728313,0.001289740166468739
0.09142499938891524,3.021964455728313,0.001631180535188959
0.0918987093889152,3.021964455728313,0.001289740166468739
0.09237241938891522,3.021964455728313,0.001631180535188959
0.09284612938891523,3.021964455728313,0.001289740166468739
0.09331983938891519,3.021964455728313,0.001289740166468739
0.09379354938891521,3.021964455728313,0.0009482997977485336
0.09426725938891523,3.021964455728313,0.0009482997977485336
0.09474096938891519,3.021964455728313,0.0009482997977485336
0.0952146793889152,3.021964455728313,0.0009482997977485336
0.09568838938891522,3.021964455728313,0.0006068594290283141
0.09616209938891523,3.021964455728313,0.0006068594290283141
0.09663580938891519,3.021964455728313,0.0006068594290283141
0.09710951938891521,3.021964455728313,0.0006068594290283141
0.09758322938891523,3.021964455728313,0.0006068594290283141
0.09805693938891519,3.021964455728313,0.0002654190603080947
0.0985306493889152,3.021964455728313,0.0002654190603080947
0.09900435938891522,3.021964455728313,-7.602130841211086e-05
0.09947806938891524,3.021964455728313,-7.602130841211086e-05
0.0999517793889152,3.021964455728313,-7.602130841211086e-05
0.1004254893889152,3.021964455728313,-7.602130841211086e-05
0.1008991993889152,3.021964455728313,-7.602130841211086e-05
0.1013729093889152,3.021964455728313,0.0002654190603080947
0.1018466193889152,3.021964455728313,-7.602130841211086e-05
0.1023203293889152,3.021964455728313,0.0002654190603080947
0.1027940393889152,3.021964455728313,0.0002654190603080947
0.1032677493889152,3.021964455728313,0.0006068594290283141
0.1037414593889152,3.021964455728313,0.0006068594290283141
0.1042151693889152,3.021964455728313,0.0006068594290283141
0.1046888793889152,3.021964455728313,0.0006068594290283141
0.1051625893889152,3.021964455728313,0.0009482997977485336
0.1056362993889152,3.021964455728313,0.001289740166468739
0.1061100093889152,3.021964455728313,0.001289740166468739
0.1065837193889152,3.021964455728313,0.001631180535188959
0.1070574293889152,3.021964455728313,0.001631180535188959
0.1075311393889152,3.025736534346916,0.001631180535188959
0.1080048493889152,3.025736534346916,0.001631180535188959
0.1084785593889152,3.021964455728313,0.001631180535188959
0.1089522693889152,3.021964455728313,0.001631180535188959
0.1094259793889152,3.021964455728313,0.001631180535188959
0.1098996893889152,3.021964455728313,0.001631180535188959
0.1103733993889152,3.021964455728313,0.001631180535188959
0.1108471093889152,3.021964455728313,0.001631180535188959
0.1113208193889152,3.021964455728313,0.001631180535188959
0.1117945293889152,3.021964455728313,0.001289740166468739
0.1122682393889152,3.021964455728313,0.001289740166468739
0.1127419493889152,3.021964455728313,0.0009482997977485336
0.1132156593889152,3.021964455728313,0.0009482997977485336
0.1136893693889152,3.021964455728313,0.0009482997977485336
0.1141630793889152,3.021964455728313,0.001289740166468739
0.1146367893889152,3.021964455728313,0.0009482997977485336
0.1151104993889152,3.021964455728313,0.0009482997977485336
0.1155842093889152,3.021964455728313,0.0009482997977485336
0.1160579193889152,3.021964455728313,0.0006068594290283141
0.1165316293889152,3.021964455728313,0.0006068594290283141
0.1170053393889152,3.021964455728313,0.0006068594290283141
0.1174790493889152,3.021964455728313,0.0002654190603080947
0.1179527593889152,3.021964455728313,0.0002654190603080947
0.1184264693889152,3.021964455728313,0.0002654190603080947
0.1189001793889152,3.021964455728313,0.0002654190603080947
0.1193738893889152,3.021964455728313,0.0002654190603080947
0.1198475993889152,3.021964455728313,-7.602130841211086e-05
0.1203213093889152,3.021964455728313,0.0002654190603080947
0.1207950193889152,3.021964455728313,0.0002654190603080947
0.1212687293889152,3.021964455728313,0.0002654190603080947
0.1217424393889152,3.021964455728313,0.0002654190603080947
0.1222161493889152,3.021964455728313,0.0002654190603080947
0.1226898593889152,3.021964455728313,0.0002654190603080947
0.1231635693889152,3.021964455728313,0.0006068594290283141
0.1236372793889152,3.021964455728313,0.0006068594290283141
0.1241109893889152,3.021964455728313,0.0006068594290283141
0.1245846993889152,3.021964455728313,0.0009482997977485336
0.1250584093889152,3.021964455728313,0.0009482997977485336
0.1255321193889152,3.021964455728313,0.0009482997977485336
0.1260058293889152,3.021964455728313,0.001289740166468739
0.1264795393889152,3.021964455728313,0.001631180535188959
0.1269532493889152,3.021964455728313,0.001289740166468739
0.1274269593889152,3.021964455728313,0.001631180535188959
0.1279006693889152,3.021964455728313,0.001631180535188959
0.1283743793889152,3.021964455728313,0.001631180535188959
0.1288480893889152,3.021964455728313,0.001631180535188959
0.1293217993889152,3.021964455728313,0.001631180535188959
0.1297955093889152,3.021964455728313,0.001631180535188959
0.1302692193889152,3.021964455728313,0.001631180535188959
0.1307429293889152,3.021964455728313,0.001631180535188959
0.1312166393889152,3.021964455728313,0.001631180535188959
0.1316903493889152,3.021964455728313,0.001631180535188959
0.1321640593889152,3.021964455728313,0.001289740166468739
0.1326377693889152,3.021964455728313,0.001289740166468739
0.1331114793889152,3.021964455728313,0.0009482997977485336
0.1335851893889152,3.021964455728313,0.0009482997977485336
0.1340588993889152,3.021964455728313,0.0009482997977485336
0.1345326093889152,3.021964455728313,0.0009482997977485336
0.1350063193889152,3.021964455728313,0.0009482997977485336
0.1354800293889152,3.021964455728313,0.0009482997977485336
0.1359537393889152,3.021964455728313,0.0009482997977485336
0.1364274493889152,3.021964455728313,0.0006068594290283141
0.1369011593889152,3.021964455728313,0.0006068594290283141
0.1373748693889152,3.021964455728313,0.0006068594290283141
0.1378485793889152,3.021964455728313,0.0002654190603080947
0.1383222893889152,3.021964455728313,0.0002654190603080947
0.1387959993889152,3.021964455728313,0.0002654190603080947
0.1392697093889152,3.021964455728313,0.0002654190603080947
0.1397434193889152,3.021964455728313,-7.602130841211086e-05
0.1402171293889152,3.021964455728313,0.0002654190603080947
0.1406908393889152,3.021964455728313,0.0002654190603080947
0.1411645493889152,3.021964455728313,0.0002654190603080947
0.1416382593889152,3.021964455728313,0.0002654190603080947
0.1421119693889152,3.021964455728313,0.0002654190603080947
0.1425856793889152,3.021964455728313,0.0002654190603080947
0.1430593893889152,3.021964455728313,0.0006068594290283141
0.1435330993889152,3.021964455728313,0.0009482997977485336
0.1440068093889152,3.021964455728313,0.0006068594290283141
0.1444805193889152,3.021964455728313,0.0009482997977485336
0.1449542293889152,3.021964455728313,0.0006068594290283141
0.1454279393889152,3.021964455728313,0.001289740166468739
0.1459016493889152,3.021964455728313,0.001289740166468739
0.1463753593889152,3.021964455728313,0.001631180535188959
0.1468490693889152,3.021964455728313,0.001631180535188959
0.1473227793889152,3.021964455728313,0.001631180535188959
0.1477964893889152,3.021964455728313,0.001972620903909164
0.1482701993889152,3.021964455728313,0.001972620903909164
0.1487439093889152,3.021964455728313,0.001631180535188959
0.1492176193889152,3.021964455728313,0.001631180535188959
0.1496913293889152,3.021964455728313,0.001631180535188959
0.1501650393889152,3.021964455728313,0.001631180535188959
0.1506387493889152,3.021964455728313,0.001631180535188959
0.1511124593889152,3.021964455728313,0.001631180535188959
0.1515861693889152,3.021964455728313,0.001631180535188959
0.1520598793889152,3.021964455728313,0.001289740166468739
0.1525335893889152,3.021964455728313,0.001289740166468739
0.1530072993889152,3.021964455728313,0.0009482997977485336
0.1534810093889152,3.021964455728313,0.0009482997977485336
0.1539547193889152,3.021964455728313,0.0009482997977485336
0.1544284293889152,3.021964455728313,0.0009482997977485336
0.1549021393889152,3.021964455728313,0.0009482997977485336
0.1553758493889152,3.021964455728313,0.0009482997977485336
0.1558495593889152,3.021964455728313,0.0006068594290283141
0.1563232693889152,3.021964455728313,0.0006068594290283141
0.1567969793889152,3.021964455728313,0.0006068594290283141
0.1572706893889152,3.021964455728313,0.0006068594290283141
0.1577443993889152,3.021964455728313,0.0002654190603080947
0.1582181093889152,3.021964455728313,0.0002654190603080947
0.1586918193889152,3.021964455728313,0.0002654190603080947
0.1591655293889152,3.021964455728313,0.0002654190603080947
0.1596392393889152,3.021964455728313,-7.602130841211086e-05
0.1601129493889152,3.021964455728313,-7.602130841211086e-05
0.1605866593889152,3.021964455728313,0.0002654190603080947
0.1610603693889152,3.021964455728313,0.0002654190603080947
0.1615340793889152,3.021964455728313,0.0002654190603080947
0.1620077893889152,3.021964455728313,0.0002654190603080947
0.1624814993889152,3.021964455728313,0.0002654190603080947
0.1629552093889152,3.021964455728313,0.0006068594290283141
0.1634289193889152,3.021964455728313,0.0006068594290283141
0.1639026293889152,3.021964455728313,0.0006068594290283141
0.1643763393889152,3.021964455728313,0.0006068594290283141
0.1648500493889152,3.021964455728313,0.0009482997977485336
0.1653237593889152,3.021964455728313,0.0009482997977485336
0.1657974693889152,3.021964455728313,0.001289740166468739
0.1662711793889152,3.021964455728313,0.001289740166468739
0.1667448893889152,3.021964455728313,0.001631180535188959
0.1672185993889152,3.021964455728313,0.001289740166468739
0.1676923093889152,3.021964455728313,0.001631180535188959
0.1681660193889152,3.021964455728313,0.001972620903909164
0.1686397293889152,3.021964455728313,0.001972620903909164
0.1691134393889152,3.021964455728313,0.001631180535188959
0.1695871493889152,3.021964455728313,0.001972620903909164
0.1700608593889152,3.021964455728313,0.001972620903909164
0.1705345693889152,3.021964455728313,0.001631180535188959
0.1710082793889152,3.021964455728313,0.001631180535188959
0.1714819893889152,3.021964455728313,0.001631180535188959
0.1719556993889152,3.021964455728313,0.001289740166468739
0.1724294093889152,3.025736534346916,0.001289740166468739
0.1729031193889152,3.021964455728313,0.001289740166468739
0.1733768293889152,3.021964455728313,0.0009482997977485336
0.1738505393889152,3.021964455728313,0.0009482997977485336
0.1743242493889152,3.021964455728313,0.0009482997977485336
0.1747979593889152,3.021964455728313,0.0009482997977485336
0.1752716693889152,2.105349351407614,-0.0021246635207334
0.1757453793889152,0.01561779670116437,0.0006068594290283141
0.1762190893889152,0.01561779670116437,0.0009482997977485336
0.1766927993889152,0.01561779670116437,0.0006068594290283141
0.1771665093889152,0.01561779670116437,0.0002654190603080947
0.1776402193889152,0.01561779670116437,0.0006068594290283141
0.1781139293889152,0.01561779670116437,0.0002654190603080947
0.1785876393889152,0.01561779670116437,0.0006068594290283141
0.1790613493889152,0.01561779670116437,0.0006068594290283141
0.1795350593889152,0.01561779670116437,0.0002654190603080947
0.1800087693889152,0.01561779670116437,-7.602130841211086e-05
0.1804824793889152,0.01561779670116437,0.0002654190603080947
0.1809561893889152,0.01561779670116437,0.0002654190603080947
0.1814298993889152,0.01561779670116437,0.0002654190603080947
0.1819036093889152,0.01561779670116437,0.0002654190603080947
0.1823773193889152,0.01561779670116437,0.0002654190603080947
0.1828510293889152,0.01561779670116437,0.0002654190603080947
0.1833247393889152,0.0193898753197681,0.0009482997977485336
0.1837984493889152,0.01561779670116437,0.0006068594290283141
0.1842721593889152,0.01561779670116437,0.0006068594290283141
0.1847458693889152,0.01561779670116437,0.0009482997977485336
0.1852195793889152,0.01561779670116437,0.0009482997977485336
0.1856932893889152,0.01561779670116437,0.001289740166468739
0.1861669993889152,0.01561779670116437,0.001289740166468739
0.1866407093889152,0.01561779670116437,0.001289740166468739
0.1871144193889152,0.01561779670116437,0.001289740166468739
0.1875881293889152,0.01561779670116437,0.001972620903909164
0.1880618393889152,0.01561779670116437,0.001631180535188959
0.1885355493889152,0.01561779670116437,0.001972620903909164
0.1890092593889152,0.01561779670116437,0.001631180535188959
0.1894829693889152,0.01561779670116437,0.001631180535188959
0.1899566793889152,0.01561779670116437,0.001631180535188959
0.1904303893889152,0.01561779670116437,0.001631180535188959
0.1909040993889152,0.01561779670116437,0.001631180535188959
0.1913778093889152,0.01561779670116437,0.001631180535188959
0.1918515193889152,0.0193898753197681,0.001289740166468739
0.1923252293889152,0.01561779670116437,0.001289740166468739
0.1927989393889152,0.01561779670116437,0.001289740166468739
0.1932726493889152,0.01561779670116437,0.0009482997977485336
0.1937463593889152,0.01561779670116437,0.0009482997977485336
0.1942200693889152,0.01561779670116437,0.0009482997977485336
0.1946937793889152,0.01561779670116437,0.0009482997977485336
0.1951674893889152,0.01561779670116437,0.0009482997977485336
0.1956411993889152,0.01561779670116437,0.0009482997977485336
0.1961149093889152,0.01561779670116437,0.0006068594290283141
0.1965886193889152,0.01561779670116437,0.0006068594290283141
0.1970623293889152,0.01561779670116437,0.0006068594290283141
0.1975360393889152,0.01561779670116437,0.0006068594290283141
0.1980097493889152,0.01561779670116437,0.0002654190603080947
0.1984834593889152,0.01561779670116437,0.0002654190603080947
0.1989571693889152,0.01561779670116437,0.0002654190603080947
0.1994308793889152,0.01561779670116437,0.0002654190603080947
0.1999045893889152,0.01561779670116437,0.0002654190603080947
0.2003782993889152,0.01561779670116437,0.0002654190603080947
0.2008520093889152,0.01561779670116437,0.0002654190603080947
0.2013257193889152,0.01561779670116437,-7.602130841211086e-05
0.2017994293889152,0.01561779670116437,-7.602130841211086e-05
0.2022731393889152,0.01561779670116437,0.0002654190603080947
0.2027468493889152,0.01561779670116437,0.0002654190603080947
0.2032205593889152,0.01561779670116437,0.0006068594290283141
0.2036942693889152,0.01561779670116437,0.0006068594290283141
0.2041679793889152,0.01561779670116437,0.0006068594290283141
0.2046416893889152,0.01561779670116437,0.0009482997977485336
0.2051153993889152,0.01561779670116437,0.0009482997977485336
0.2055891093889152,0.01561779670116437,0.001289740166468739
0.2060628193889152,0.01561779670116437,0.001289740166468739
0.2065365293889152,0.01561779670116437,0.001631180535188959
0.2070102393889152,0.01561779670116437,0.001631180535188959
0.2074839493889152,0.01561779670116437,0.001631180535188959
0.2079576593889152,0.01561779670116437,0.001972620903909164
0.2084313693889152,0.01561779670116437,0.001631180535188959
0.2089050793889152,0.01561779670116437,0.001631180535188959
0.2093787893889152,0.01561779670116437,0.001631180535188959
0.2098524993889152,0.01561779670116437,0.001972620903909164
0.2103262093889152,0.01561779670116437,0.001631180535188959
0.2107999193889152,0.01561779670116437,0.001631180535188959
0.2112736293889152,0.01561779670116437,0.001631180535188959
0.2117473393889152,0.01561779670116437,0.001631180535188959
0.2122210493889152,1.475412222100796,0.004362703484950672
0.2126947593889152,3.014420298491106,0.001289740166468739
0.2131684693889152,3.014420298491106,0.0009482997977485336
0.2136421793889152,3.01819237710971,0.0009482997977485336
0.2141158893889152,3.01819237710971,0.0009482997977485336
0.2145895993889152,3.01819237710971,0.0009482997977485336
0.2150633093889152,3.01819237710971,0.0009482997977485336
0.2155370193889152,3.01819237710971,0.0009482997977485336
0.2160107293889152,3.01819237710971,0.0006068594290283141
0.2164844393889152,3.021964455728313,0.0006068594290283141
0.2169581493889152,3.021964455728313,0.0006068594290283141
0.2174318593889152,3.021964455728313,0.0006068594290283141
0.2179055693889152,3.021964455728313,0.0002654190603080947
0.2183792793889152,3.021964455728313,0.0002654190603080947
0.2188529893889152,3.021964455728313,0.0002654190603080947
0.2193266993889152,3.021964455728313,0.0002654190603080947
0.2198004093889152,3.021964455728313,-7.602130841211086e-05
0.2202741193889152,3.021964455728313,-7.602130841211086e-05
0.2207478293889152,3.021964455728313,0.0002654190603080947
0.2212215393889152,3.021964455728313,0.0002654190603080947
0.2216952493889152,3.021964455728313,0.0002654190603080947
0.2221689593889152,3.021964455728313,0.0002654190603080947
0.2226426693889152,3.021964455728313,0.0002654190603080947
0.2231163793889152,3.021964455728313,0.0006068594290283141
0.2235900893889152,3.021964455728313,0.0006068594290283141
0.2240637993889152,3.021964455728313,0.0006068594290283141
0.2245375093889152,3.021964455728313,0.0009482997977485336
0.2250112193889152,3.021964455728313,0.0009482997977485336
0.2254849293889152,3.021964455728313,0.0009482997977485336
0.2259586393889152,3.021964455728313,0.001289740166468739
0.2264323493889152,3.021964455728313,0.001289740166468739
0.2269060593889152,3.021964455728313,0.001289740166468739
0.2273797693889152,3.021964455728313,0.001631180535188959
0.2278534793889152,3.021964455728313,0.001631180535188959
0.2283271893889152,3.021964455728313,0.001631180535188959
0.2288008993889152,3.021964455728313,0.001631180535188959
0.2292746093889152,3.021964455728313,0.001972620903909164
0.2297483193889152,3.021964455728313,0.001972620903909164
0.2302220293889152,3.021964455728313,0.001972620903909164
0.2306957393889152,3.021964455728313,0.001631180535188959
0.2311694493889152,3.021964455728313,0.001289740166468739
0.2316431593889152,3.021964455728313,0.001631180535188959
0.2321168693889152,3.021964455728313,0.001631180535188959
0.2325905793889152,3.021964455728313,0.001631180535188959
0.2330642893889152,3.021964455728313,0.001289740166468739
0.2335379993889152,3.021964455728313,0.001289740166468739
0.2340117093889152,3.021964455728313,0.001289740166468739
0.2344854193889152,3.021964455728313,0.0009482997977485336
0.2349591293889152,3.021964455728313,0.0009482997977485336
0.2354328393889152,3.021964455728313,0.0009482997977485336
0.2359065493889152,3.021964455728313,0.0009482997977485336
0.2363802593889152,3.021964455728313,0.0009482997977485336
0.2368539693889152,3.021964455728313,0.0006068594290283141
0.2373276793889152,3.021964455728313,0.0006068594290283141
0.2378013893889152,3.021964455728313,0.0002654190603080947
0.2382750993889152,3.021964455728313,0.0002654190603080947
0.2387488093889152,3.021964455728313,0.0002654190603080947
0.2392225193889152,3.021964455728313,0.0002654190603080947
0.2396962293889152,3.021964455728313,0.0002654190603080947
0.2401699393889152,3.021964455728313,0.0002654190603080947
0.2406436493889152,3.021964455728313,0.0002654190603080947
0.2411173593889152,3.021964455728313,0.0002654190603080947
0.2415910693889152,3.021964455728313,-7.602130841211086e-05
0.2420647793889152,3.021964455728313,0.0002654190603080947
0.2425384893889152,3.021964455728313,0.0002654190603080947
0.2430121993889152,3.021964455728313,0.0006068594290283141
0.2434859093889152,3.021964455728313,0.0009482997977485336
0.2439596193889152,3.021964455728313,0.0009482997977485336
0.2444333293889152,3.021964455728313,0.0009482997977485336
0.2449070393889152,3.021964455728313,0.0009482997977485336
0.2453807493889152,3.021964455728313,0.0009482997977485336
0.2458544593889152,3.021964455728313,0.001289740166468739
0.2463281693889152,3.021964455728313,0.001631180535188959
0.2468018793889152,3.021964455728313,0.001631180535188959
0.2472755893889152,3.021964455728313,0.001289740166468739
0.2477492993889152,3.021964455728313,0.001631180535188959
0.2482230093889152,3.021964455728313,0.001631180535188959
0.2486967193889152,3.021964455728313,0.001631180535188959
0.2491704293889152,3.021964455728313,0.001631180535188959
0.2496441393889152,3.021964455728313,0.001631180535188959
0.2501178493889152,3.021964455728313,0.001631180535188959
0.2505915593889152,3.021964455728313,0.001631180535188959
0.2510652693889152,3.021964455728313,0.001631180535188959
0.2515389793889152,3.021964455728313,0.001289740166468739
0.2520126893889152,3.021964455728313,0.001289740166468739
0.2524863993889152,3.021964455728313,0.001289740166468739
0.2529601093889152,3.021964455728313,0.001289740166468739
0.2534338193889152,3.021964455728313,0.0009482997977485336
0.2539075293889152,3.021964455728313,0.0009482997977485336
0.2543812393889152,3.021964455728313,0.0009482997977485336
0.2548549493889152,3.021964455728313,0.0009482997977485336
0.2553286593889152,3.021964455728313,0.001289740166468739
0.2558023693889152,3.021964455728313,0.0009482997977485336
0.2562760793889152,3.021964455728313,0.0006068594290283141
0.2567497893889152,3.021964455728313,0.0006068594290283141
0.2572234993889152,3.021964455728313,0.0006068594290283141
0.2576972093889152,3.021964455728313,0.0002654190603080947
0.2581709193889152,3.021964455728313,0.0002654190603080947
0.2586446293889152,3.021964455728313,0.0002654190603080947
0.2591183393889152,3.021964455728313,0.0002654190603080947
0.2595920493889152,3.021964455728313,0.0002654190603080947
0.2600657593889152,3.021964455728313,0.0002654190603080947
0.2605394693889152,3.021964455728313,0.0002654190603080947
0.2610131793889152,3.021964455728313,0.0002654190603080947
0.2614868893889152,3.021964455728313,0.0002654190603080947
0.2619605993889152,3.021964455728313,0.0002654190603080947
0.2624343093889152,3.021964455728313,0.0002654190603080947
0.2629080193889152,3.021964455728313,0.0002654190603080947
0.2633817293889152,3.021964455728313,0.0002654190603080947
0.2638554393889152,3.021964455728313,0.0006068594290283141
0.2643291493889152,3.021964455728313,0.0009482997977485336
0.2648028593889152,3.021964455728313,0.0009482997977485336
0.2652765693889152,3.021964455728313,0.0009482997977485336
0.2657502793889152,3.021964455728313,0.0009482997977485336
0.2662239893889152,3.021964455728313,0.001289740166468739
0.2666976993889152,3.021964455728313,0.001631180535188959
0.2671714093889152,3.021964455728313,0.001631180535188959
0.2676451193889152,3.021964455728313,0.001972620903909164
0.2681188293889152,3.021964455728313,0.001631180535188959
0.2685925393889152,3.021964455728313,0.001631180535188959
0.2690662493889152,3.021964455728313,0.001972620903909164
0.2695399593889152,3.021964455728313,0.001972620903909164
0.2700136693889152,3.021964455728313,0.001631180535188959
0.2704873793889152,3.021964455728313,0.001631180535188959
0.2709610893889152,3.021964455728313,0.001631180535188959
0.2714347993889152,3.021964455728313,0.001631180535188959
0.2719085093889152,3.021964455728313,0.001631180535188959
0.2723822193889152,3.021964455728313,0.001631180535188959
0.2728559293889152,3.021964455728313,0.001289740166468739
0.2733296393889152,3.021964455728313,0.0009482997977485336
0.2738033493889152,3.021964455728313,0.0009482997977485336
0.2742770593889152,3.021964455728313,0.0009482997977485336
0.2747507693889152,3.021964455728313,0.0009482997977485336
0.2752244793889152,3.021964455728313,0.0009482997977485336
0.2756981893889152,3.021964455728313,0.0009482997977485336
0.2761718993889152,3.021964455728313,0.0006068594290283141
0.2766456093889152,3.021964455728313,0.0006068594290283141
0.2771193193889152,3.021964455728313,0.0006068594290283141
0.2775930293889152,3.021964455728313,0.0006068594290283141
0.2780667393889152,3.021964455728313,0.0002654190603080947
0.2785404493889152,3.021964455728313,0.0002654190603080947
0.2790141593889152,3.021964455728313,0.0002654190603080947
0.2794878693889152,3.021964455728313,-7.602130841211086e-05
0.2799615793889152,3.021964455728313,0.0002654190603080947
0.2804352893889152,3.021964455728313,0.0002654190603080947
0.2809089993889152,3.021964455728313,0.0002654190603080947
0.2813827093889152,3.021964455728313,0.0002654190603080947
0.2818564193889152,3.021964455728313,0.0002654190603080947
0.2823301293889152,3.021964455728313,0.0002654190603080947
0.2828038393889152,3.021964455728313,0.0002654190603080947
0.2832775493889152,3.021964455728313,0.0006068594290283141
0.2837512593889152,3.021964455728313,0.0006068594290283141
0.2842249693889152,3.021964455728313,0.0006068594290283141
0.2846986793889152,3.021964455728313,0.0006068594290283141
0.2851723893889152,3.021964455728313,0.0009482997977485336
0.2856460993889152,3.021964455728313,0.0009482997977485336
0.2861198093889152,3.021964455728313,0.001631180535188959
0.2865935193889152,3.021964455728313,0.001631180535188959
0.2870672293889152,3.021964455728313,0.001631180535188959
0.2875409393889152,3.021964455728313,0.001631180535188959
0.2880146493889152,3.021964455728313,0.001631180535188959
0.2884883593889152,3.021964455728313,0.001972620903909164
0.2889620693889152,3.021964455728313,0.001631180535188959
0.2894357793889152,3.021964455728313,0.001972620903909164
0.2899094893889152,3.021964455728313,0.001972620903909164
0.2903831993889152,3.021964455728313,0.001631180535188959
0.2908569093889152,3.021964455728313,0.001631180535188959
0.2913306193889152,3.021964455728313,0.001289740166468739
0.2918043293889152,3.021964455728313,0.001289740166468739
0.2922780393889152,3.021964455728313,0.001289740166468739
0.2927517493889152,3.021964455728313,0.001289740166468739
0.2932254593889152,3.021964455728313,0.001289740166468739
0.2936991693889152,3.021964455728313,0.001289740166468739
0.2941728793889152,3.021964455728313,0.0009482997977485336
0.2946465893889152,3.025736534346916,0.0009482997977485336
0.2951202993889152,3.021964455728313,0.0009482997977485336
0.2955940093889152,3.021964455728313,0.0006068594290283141
0.2960677193889152,3.021964455728313,0.0006068594290283141
0.2965414293889152,3.021964455728313,0.0006068594290283141
0.2970151393889152,3.021964455728313,0.0006068594290283141
0.2974888493889152,3.021964455728313,0.0006068594290283141
0.2979625593889152,3.021964455728313,0.0002654190603080947
0.2984362693889152,3.021964455728313,0.0002654190603080947
0.2989099793889152,3.021964455728313,0.0002654190603080947
0.2993836893889152,3.021964455728313,0.0002654190603080947
0.2998573993889152,3.021964455728313,-7.602130841211086e-05
0.3003311093889152,3.021964455728313,-7.602130841211086e-05
0.3008048193889152,3.021964455728313,-7.602130841211086e-05
0.3012785293889152,3.021964455728313,0.0002654190603080947
0.3017522393889152,3.021964455728313,0.0002654190603080947
0.3022259493889152,3.021964455728313,0.0002654190603080947
0.3026996593889152,3.021964455728313,0.0002654190603080947
0.3031733693889152,3.021964455728313,0.0006068594290283141
0.3036470793889152,3.021964455728313,0.0006068594290283141
0.3041207893889152,3.021964455728313,0.0006068594290283141
0.3045944993889152,3.021964455728313,0.0009482997977485336
0.3050682093889152,3.021964455728313,0.0009482997977485336
0.3055419193889152,3.021964455728313,0.0009482997977485336
0.3060156293889152,3.021964455728313,0.001289740166468739
0.3064893393889152,3.021964455728313,0.001289740166468739
0.3069630493889152,3.021964455728313,0.001631180535188959
0.3074367593889152,3.021964455728313,0.001631180535188959
0.3079104693889152,3.025736534346916,0.001631180535188959
0.3083841793889152,3.021964455728313,0.001631180535188959
0.3088578893889152,3.021964455728313,0.001631180535188959
0.3093315993889152,3.021964455728313,0.001972620903909164
0.3098053093889152,3.021964455728313,0.001631180535188959
0.3102790193889152,3.021964455728313,0.001631180535188959
0.3107527293889152,3.021964455728313,0.001631180535188959
0.3112264393889152,3.021964455728313,0.001631180535188959
0.3117001493889152,3.021964455728313,0.001631180535188959
0.3121738593889152,3.021964455728313,0.001289740166468739
0.3126475693889152,3.021964455728313,0.001289740166468739
0.3131212793889152,3.021964455728313,0.0009482997977485336
0.3135949893889152,3.021964455728313,0.0009482997977485336
0.3140686993889152,3.025736534346916,0.001289740166468739
0.3145424093889152,3.021964455728313,0.0009482997977485336
0.3150161193889152,3.021964455728313,0.0009482997977485336
0.3154898293889152,3.021964455728313,0.0009482997977485336
0.3159635393889152,3.021964455728313,0.0009482997977485336
0.3164372493889152,3.021964455728313,0.0006068594290283141
0.3169109593889152,3.021964455728313,0.0002654190603080947
0.3173846693889152,3.021964455728313,0.0006068594290283141
0.3178583793889152,3.021964455728313,0.0002654190603080947
0.3183320893889152,3.021964455728313,0.0002654190603080947
0.3188057993889152,3.021964455728313,0.0002654190603080947
0.3192795093889152,3.021964455728313,0.0002654190603080947
0.3197532193889152,3.021964455728313,0.0002654190603080947
0.3202269293889152,3.021964455728313,0.0002654190603080947
0.3207006393889152,3.021964455728313,0.0002654190603080947
0.3211743493889152,3.021964455728313,-7.602130841211086e-05
0.3216480593889152,3.021964455728313,0.0002654190603080947
0.3221217693889152,3.021964455728313,0.0002654190603080947
0.3225954793889152,3.021964455728313,0.0002654190603080947
0.3230691893889152,3.021964455728313,0.0006068594290283141
0.3235428993889152,3.021964455728313,0.0006068594290283141
0.3240166093889152,3.021964455728313,0.0006068594290283141
0.3244903193889152,3.025736534346916,0.0006068594290283141
0.3249640293889152,3.025736534346916,0.0009482997977485336
0.3254377393889152,3.021964455728313,0.0009482997977485336
0.3259114493889152,3.021964455728313,0.001289740166468739
0.3263851593889152,3.021964455728313,0.001289740166468739
0.3268588693889152,3.025736534346916,0.001631180535188959
0.3273325793889152,3.025736534346916,0.001631180535188959
0.3278062893889152,3.025736534346916,0.001631180535188959
0.3282799993889152,3.021964455728313,0.001631180535188959
0.3287537093889152,3.021964455728313,0.001631180535188959
0.3292274193889152,3.021964455728313,0.001631180535188959
0.3297011293889152,3.021964455728313,0.001631180535188959
0.3301748393889152,3.021964455728313,0.001972620903909164
0.3306485493889152,3.021964455728313,0.001631180535188959
0.3311222593889152,3.021964455728313,0.001631180535188959
0.3315959693889152,3.021964455728313,0.001289740166468739
0.3320696793889152,3.021964455728313,0.001631180535188959
0.3325433893889152,3.021964455728313,0.001631180535188959
0.3330170993889152,3.021964455728313,0.001289740166468739
0.3334908093889152,3.021964455728313,0.0009482997977485336
0.3339645193889152,3.021964455728313,0.0009482997977485336
0.3344382293889152,3.021964455728313,0.0009482997977485336
0.3349119393889152,3.021964455728313,0.0009482997977485336
0.3353856493889152,3.021964455728313,0.0006068594290283141
0.3358593593889152,3.021964455728313,0.0009482997977485336
0.3363330693889152,3.021964455728313,0.0006068594290283141
0.3368067793889152,3.021964455728313,0.0002654190603080947
0.3372804893889152,3.021964455728313,0.0002654190603080947
0.3377541993889152,3.021964455728313,0.0002654190603080947
0.3382279093889152,3.021964455728313,0.0002654190603080947
0.3387016193889152,3.021964455728313,-7.602130841211086e-05
0.3391753293889152,3.021964455728313,0.0002654190603080947
0.3396490393889152,3.021964455728313,0.0002654190603080947
0.3401227493889152,3.021964455728313,-7.602130841211086e-05
0.3405964593889152,3.021964455728313,-7.602130841211086e-05
0.3410701693889152,3.021964455728313,0.0002654190603080947
0.3415438793889152,3.021964455728313,0.0002654190603080947
0.3420175893889152,3.021964455728313,0.0002654190603080947
0.3424912993889152,3.021964455728313,0.0002654190603080947
0.3429650093889152,3.021964455728313,0.0002654190603080947
0.3434387193889152,3.021964455728313,0.0006068594290283141
0.3439124293889152,3.021964455728313,0.0006068594290283141
0.3443861393889152,3.021964455728313,0.0006068594290283141
0.3448598493889152,3.021964455728313,0.0006068594290283141
0.3453335593889152,3.021964455728313,0.0009482997977485336
0.3458072693889152,3.021964455728313,0.001289740166468739
0.3462809793889152,3.021964455728313,0.001289740166468739
0.3467546893889152,3.021964455728313,0.001631180535188959
0.3472283993889152,3.021964455728313,0.001289740166468739
0.3477021093889152,3.021964455728313,0.001631180535188959
0.3481758193889152,3.021964455728313,0.001631180535188959
0.3486495293889152,3.021964455728313,0.001631180535188959
0.3491232393889152,3.021964455728313,0.001631180535188959
0.3495969493889152,3.021964455728313,0.001631180535188959
0.3500706593889152,3.021964455728313,0.001631180535188959
0.3505443693889152,3.021964455728313,0.001631180535188959
0.3510180793889152,3.021964455728313,0.001631180535188959
0.3514917893889152,3.025736534346916,0.001631180535188959
0.3519654993889152,3.021964455728313,0.001631180535188959
0.3524392093889152,3.021964455728313,0.001289740166468739
0.3529129193889152,3.021964455728313,0.001289740166468739
0.3533866293889152,3.021964455728313,0.0009482997977485336
0.3538603393889152,3.021964455728313,0.0009482997977485336
0.3543340493889152,3.021964455728313,0.0006068594290283141
0.3548077593889152,3.021964455728313,0.0009482997977485336
0.3552814693889152,3.021964455728313,0.0009482997977485336
0.3557551793889152,3.021964455728313,0.0009482997977485336
0.3562288893889152,3.021964455728313,0.0006068594290283141
0.3567025993889152,3.021964455728313,0.0006068594290283141
0.3571763093889152,3.021964455728313,0.0006068594290283141
0.3576500193889152,3.021964455728313,0.0006068594290283141
0.3581237293889152,3.021964455728313,0.0002654190603080947
0.3585974393889152,3.021964455728313,0.0002654190603080947
0.3590711493889152,3.021964455728313,0.0002654190603080947
0.3595448593889152,3.021964455728313,0.0002654190603080947
0.3600185693889152,3.021964455728313,-7.602130841211086e-05
0.3604922793889152,3.021964455728313,-7.602130841211086e-05
0.3609659893889152,3.021964455728313,0.0002654190603080947
0.3614396993889152,3.021964455728313,0.0002654190603080947
0.3619134093889152,3.021964455728313,0.0002654190603080947
0.3623871193889152,3.021964455728313,0.0006068594290283141
0.3628608293889152,3.021964455728313,0.0002654190603080947
0.3633345393889152,3.021964455728313,0.0006068594290283141
0.3638082493889152,3.021964455728313,0.0006068594290283141
0.3642819593889152,3.021964455728313,0.0009482997977485336
0.3647556693889152,3.021964455728313,0.0009482997977485336
0.3652293793889152,3.021964455728313,0.0009482997977485336
0.3657030893889152,3.021964455728313,0.0009482997977485336
0.3661767993889152,3.021964455728313,0.001289740166468739
0.3666505093889152,3.021964455728313,0.001631180535188959
0.3671242193889152,3.021964455728313,0.001631180535188959
0.3675979293889152,3.021964455728313,0.001631180535188959
0.3680716393889152,3.021964455728313,0.001972620903909164
0.3685453493889152,3.021964455728313,0.001972620903909164
0.3690190593889152,3.021964455728313,0.001631180535188959
0.3694927693889152,3.021964455728313,0.001631180535188959
0.3699664793889152,3.021964455728313,0.001972620903909164
0.3704401893889152,3.021964455728313,0.001631180535188959
0.3709138993889152,3.021964455728313,0.001289740166468739
0.3713876093889152,3.021964455728313,0.001631180535188959
0.3718613193889152,3.021964455728313,0.001631180535188959
0.3723350293889152,3.021964455728313,0.001631180535188959
0.3728087393889152,3.021964455728313,0.001289740166468739
0.3732824493889152,3.021964455728313,0.001289740166468739
0.3737561593889152,3.021964455728313,0.0009482997977485336
0.3742298693889152,3.021964455728313,0.0009482997977485336
0.3747035793889152,3.021964455728313,0.0009482997977485336
0.3751772893889152,3.021964455728313,0.0009482997977485336
0.3756509993889152,3.021964455728313,0.0009482997977485336
0.3761247093889152,3.021964455728313,0.0006068594290283141
0.3765984193889152,3.021964455728313,0.0006068594290283141
0.3770721293889152,3.021964455728313,0.0002654190603080947
0.3775458393889152,3.021964455728313,0.0002654190603080947
0.3780195493889152,3.021964455728313,0.0002654190603080947
0.3784932593889152,3.021964455728313,0.0002654190603080947
0.3789669693889152,3.021964455728313,0.0002654190603080947
0.3794406793889152,3.021964455728313,-7.602130841211086e-05
0.3799143893889152,3.021964455728313,-7.602130841211086e-05
0.3803880993889152,3.021964455728313,-7.602130841211086e-05
0.3808618093889152,3.021964455728313,-7.602130841211086e-05
0.3813355193889152,3.021964455728313,0.0002654190603080947
0.3818092293889152,3.021964455728313,-7.602130841211086e-05
0.3822829393889152,3.021964455728313,0.0002654190603080947
0.3827566493889152,3.021964455728313,0.0002654190603080947
0.3832303593889152,3.021964455728313,0.0006068594290283141
0.3837040693889152,3.021964455728313,0.0006068594290283141
0.3841777793889152,3.021964455728313,0.0006068594290283141
0.3846514893889152,3.021964455728313,0.0009482997977485336
0.3851251993889152,3.021964455728313,0.0006068594290283141
0.3855989093889152,3.021964455728313,0.0009482997977485336
0.3860726193889152,3.021964455728313,0.001289740166468739
0.3865463293889152,3.021964455728313,0.001289740166468739
0.3870200393889152,3.021964455728313,0.001289740166468739
0.3874937493889152,3.021964455728313,0.001631180535188959
0.3879674593889152,3.021964455728313,0.001631180535188959
0.3884411693889152,3.021964455728313,0.001631180535188959
0.3889148793889152,3.021964455728313,0.001631180535188959
0.3893885893889152,3.021964455728313,0.001631180535188959
0.3898622993889152,3.021964455728313,0.001631180535188959
0.3903360093889152,3.021964455728313,0.001631180535188959
0.3908097193889152,3.021964455728313,0.001631180535188959
0.3912834293889152,3.021964455728313,0.001631180535188959
0.3917571393889152,3.021964455728313,0.001631180535188959
0.3922308493889152,3.021964455728313,0.0009482997977485336
0.3927045593889152,3.021964455728313,0.001289740166468739
0.3931782693889152,3.021964455728313,0.001289740166468739
0.3936519793889152,3.021964455728313,0.001289740166468739
0.3941256893889152,3.021964455728313,0.001289740166468739
0.3945993993889152,3.021964455728313,0.001289740166468739
0.3950731093889152,3.021964455728313,0.0009482997977485336
0.3955468193889152,3.021964455728313,0.0009482997977485336
0.3960205293889152,3.021964455728313,0.0006068594290283141
0.3964942393889152,3.021964455728313,0.0006068594290283141
0.3969679493889152,3.021964455728313,0.0002654190603080947
0.3974416593889152,3.021964455728313,0.0002654190603080947
0.3979153693889152,3.021964455728313,0.0002654190603080947
0.3983890793889152,3.021964455728313,0.0002654190603080947
0.3988627893889152,3.021964455728313,0.0002654190603080947
0.3993364993889152,3.021964455728313,0.0002654190603080947
0.3998102093889152,3.021964455728313,0.0002654190603080947
0.4002839193889152,3.021964455728313,0.0002654190603080947
0.4007576293889152,3.021964455728313,-7.602130841211086e-05
0.4012313393889152,3.021964455728313,-7.602130841211086e-05
0.4017050493889152,3.021964455728313,0.0002654190603080947
0.4021787593889152,3.021964455728313,0.0002654190603080947
0.4026524693889152,3.021964455728313,0.0002654190603080947
0.4031261793889152,3.021964455728313,-7.602130841211086e-05
0.4035998893889152,3.021964455728313,0.0006068594290283141
0.4040735993889152,3.021964455728313,0.0006068594290283141
0.4045473093889152,3.021964455728313,0.0006068594290283141
0.4050210193889152,3.021964455728313,0.0009482997977485336
0.4054947293889152,3.021964455728313,0.0009482997977485336
0.4059684393889152,3.021964455728313,0.001289740166468739
0.4064421493889152,3.021964455728313,0.001631180535188959
0.4069158593889152,3.021964455728313,0.001631180535188959
0.4073895693889152,3.021964455728313,0.001631180535188959
0.4078632793889152,3.021964455728313,0.001631180535188959
0.4083369893889152,3.021964455728313,0.001631180535188959
0.4088106993889152,3.021964455728313,0.001631180535188959
0.4092844093889152,3.021964455728313,0.001631180535188959
0.4097581193889152,3.021964455728313,0.001631180535188959
0.4102318293889152,3.021964455728313,0.001631180535188959
0.4107055393889152,3.021964455728313,0.001631180535188959
0.4111792493889152,3.021964455728313,0.001631180535188959
0.4116529593889152,3.025736534346916,0.001631180535188959
0.4121266693889152,3.021964455728313,0.001289740166468739
0.4126003793889152,3.021964455728313,0.001289740166468739
0.4130740893889152,3.021964455728313,0.001289740166468739
0.4135477993889152,3.021964455728313,0.0009482997977485336
0.4140215093889152,3.021964455728313,0.0009482997977485336
0.4144952193889152,3.021964455728313,0.0009482997977485336
0.4149689293889152,3.021964455728313,0.0009482997977485336
0.4154426393889152,3.021964455728313,0.0009482997977485336
0.4159163493889152,3.021964455728313,0.0009482997977485336
0.4163900593889152,3.021964455728313,0.0009482997977485336
0.4168637693889152,3.021964455728313,0.0006068594290283141
0.4173374793889152,3.021964455728313,0.0006068594290283141
0.4178111893889152,3.021964455728313,0.0002654190603080947
0.4182848993889152,3.021964455728313,0.0002654190603080947
0.4187586093889152,3.021964455728313,0.0002654190603080947
0.4192323193889152,3.021964455728313,-7.602130841211086e-05
0.4197060293889152,3.021964455728313,-7.602130841211086e-05
0.4201797393889152,3.021964455728313,-7.602130841211086e-05
0.4206534493889152,3.021964455728313,-7.602130841211086e-05
0.4211271593889152,3.021964455728313,-7.602130841211086e-05
0.4216008693889152,3.021964455728313,0.0002654190603080947
0.4220745793889152,3.021964455728313,0.0002654190603080947
0.4225482893889152,3.021964455728313,0.0002654190603080947
0.4230219993889152,3.021964455728313,0.0002654190603080947
0.4234957093889152,3.021964455728313,0.0006068594290283141
0.4239694193889152,3.021964455728313,0.0006068594290283141
0.4244431293889152,3.021964455728313,0.0006068594290283141
0.4249168393889152,3.021964455728313,0.0006068594290283141
0.4253905493889152,3.021964455728313,0.0009482997977485336
0.4258642593889152,3.021964455728313,0.001289740166468739
0.4263379693889152,3.021964455728313,0.001289740166468739
0.4268116793889152,3.021964455728313,0.001631180535188959
0.4272853893889152,3.021964455728313,0.001289740166468739
0.4277590993889152,3.021964455728313,0.001631180535188959
0.4282328093889152,3.021964455728313,0.001631180535188959
0.4287065193889152,3.021964455728313,0.001631180535188959
0.4291802293889152,3.021964455728313,0.001631180535188959
0.4296539393889152,3.021964455728313,0.001631180535188959
0.4301276493889152,3.021964455728313,0.001631180535188959
0.4306013593889152,3.021964455728313,0.001631180535188959
0.4310750693889152,3.021964455728313,0.001631180535188959
0.4315487793889152,3.021964455728313,0.001631180535188959
0.4320224893889152,3.021964455728313,0.001631180535188959
0.4324961993889152,3.021964455728313,0.001631180535188959
0.4329699093889152,3.021964455728313,0.001289740166468739
0.4334436193889152,3.021964455728313,0.0009482997977485336
0.4339173293889152,3.021964455728313,0.0009482997977485336
0.4343910393889152,3.021964455728313,0.0009482997977485336
0.4348647493889152,3.021964455728313,0.0009482997977485336
0.4353384593889152,3.021964455728313,0.0006068594290283141
0.4358121693889152,3.021964455728313,0.0006068594290283141
0.4362858793889152,3.021964455728313,0.0006068594290283141
0.4367595893889152,3.021964455728313,0.0006068594290283141
0.4372332993889152,3.021964455728313,0.0006068594290283141
0.4377070093889152,3.021964455728313,0.0006068594290283141
0.4381807193889152,3.021964455728313,0.0002654190603080947
0.4386544293889152,3.021964455728313,0.0002654190603080947
0.4391281393889152,3.025736534346916,0.0002654190603080947
0.4396018493889152,3.021964455728313,0.0002654190603080947
0.4400755593889152,3.021964455728313,-7.602130841211086e-05
0.4405492693889152,3.021964455728313,0.0002654190603080947
0.4410229793889152,3.021964455728313,0.0002654190603080947
0.4414966893889152,3.021964455728313,-7.602130841211086e-05
0.4419703993889152,3.021964455728313,0.0002654190603080947
0.4424441093889152,3.021964455728313,0.0006068594290283141
0.4429178193889152,3.021964455728313,0.0006068594290283141
0.4433915293889152,3.021964455728313,0.0006068594290283141
0.4438652393889152,3.021964455728313,0.0006068594290283141
0.4443389493889152,3.021964455728313,0.0006068594290283141
0.4448126593889152,3.021964455728313,0.0009482997977485336
0.4452863693889152,3.021964455728313,0.0009482997977485336
0.4457600793889152,3.021964455728313,0.001289740166468739
0.4462337893889152,3.021964455728313,0.001289740166468739
0.4467074993889152,3.021964455728313,0.001631180535188959
0.4471812093889152,3.021964455728313,0.001289740166468739
0.4476549193889152,3.021964455728313,0.001631180535188959
0.4481286293889152,3.021964455728313,0.001972620903909164
0.4486023393889152,3.021964455728313,0.001631180535188959
0.4490760493889152,3.021964455728313,0.001631180535188959
0.4495497593889152,3.021964455728313,0.001631180535188959
0.4500234693889152,3.021964455728313,0.001972620903909164
0.4504971793889152,3.021964455728313,0.001631180535188959
0.4509708893889152,3.021964455728313,0.001631180535188959
0.4514445993889152,3.025736534346916,0.001631180535188959
0.4519183093889152,3.021964455728313,0.001289740166468739
0.4523920193889152,3.021964455728313,0.001289740166468739
0.4528657293889152,3.021964455728313,0.001289740166468739
0.4533394393889152,3.021964455728313,0.001289740166468739
0.4538131493889152,3.021964455728313,0.0009482997977485336
0.4542868593889152,3.021964455728313,0.0009482997977485336
0.4547605693889152,3.021964455728313,0.0009482997977485336
0.4552342793889152,3.021964455728313,0.0009482997977485336
0.4557079893889152,3.021964455728313,0.0009482997977485336
0.4561816993889152,3.021964455728313,0.0006068594290283141
0.4566554093889152,3.021964455728313,0.0006068594290283141
0.4571291193889152,3.021964455728313,0.0002654190603080947
0.4576028293889152,3.021964455728313,0.0002654190603080947
0.4580765393889152,3.021964455728313,0.0002654190603080947
0.4585502493889152,3.021964455728313,0.0002654190603080947
0.4590239593889152,3.021964455728313,0.0002654190603080947
0.4594976693889152,3.021964455728313,0.0002654190603080947
0.4599713793889152,3.021964455728313,-7.602130841211086e-05
0.4604450893889152,3.021964455728313,-7.602130841211086e-05
0.4609187993889152,3.021964455728313,0.0002654190603080947
0.4613925093889152,3.021964455728313,0.0002654190603080947
0.4618662193889152,3.021964455728313,0.0002654190603080947
0.4623399293889152,3.021964455728313,0.0002654190603080947
0.4628136393889152,3.021964455728313,0.0002654190603080947
0.4632873493889152,3.021964455728313,0.0006068594290283141
0.4637610593889152,3.021964455728313,0.0006068594290283141
0.4642347693889152,3.021964455728313,0.0006068594290283141
0.4647084793889152,3.021964455728313,0.0006068594290283141
0.4651821893889152,3.021964455728313,0.0009482997977485336
0.4656558993889152,3.021964455728313,0.0009482997977485336
0.4661296093889152,3.021964455728313,0.001289740166468739
0.4666033193889152,3.021964455728313,0.001631180535188959
0.4670770293889152,3.021964455728313,0.001289740166468739
0.4675507393889152,3.021964455728313,0.001289740166468739
0.4680244493889152,3.021964455728313,0.001631180535188959
0.4684981593889152,3.021964455728313,0.001631180535188959
0.4689718693889152,3.021964455728313,0.001631180535188959
0.4694455793889152,3.021964455728313,0.001972620903909164
0.4699192893889152,3.021964455728313,0.001631180535188959
0.4703929993889152,3.021964455728313,0.001631180535188959
0.4708667093889152,3.021964455728313,0.001631180535188959
0.4713404193889152,3.021964455728313,0.001631180535188959
0.4718141293889152,3.021964455728313,0.001631180535188959
0.4722878393889152,3.021964455728313,0.001289740166468739
0.4727615493889152,3.021964455728313,0.001289740166468739
0.4732352593889152,3.021964455728313,0.001289740166468739
0.4737089693889152,3.021964455728313,0.0009482997977485336
0.4741826793889152,3.021964455728313,0.0009482997977485336
0.4746563893889152,3.021964455728313,0.0009482997977485336
0.4751300993889152,3.021964455728313,0.0009482997977485336
0.4756038093889152,3.021964455728313,0.0009482997977485336
0.4760775193889152,3.025736534346916,0.0006068594290283141
0.4765512293889152,3.025736534346916,0.0006068594290283141
0.4770249393889152,3.021964455728313,0.0006068594290283141
0.4774986493889152,3.021964455728313,0.0006068594290283141
0.4779723593889152,3.021964455728313,0.0002654190603080947
0.4784460693889152,3.021964455728313,-7.602130841211086e-05
0.4789197793889152,3.021964455728313,0.0002654190603080947
0.4793934893889152,3.021964455728313,0.0002654190603080947
0.4798671993889152,3.021964455728313,0.0002654190603080947
0.4803409093889152,3.021964455728313,0.0002654190603080947
0.4808146193889152,3.021964455728313,0.0002654190603080947
0.4812883293889152,3.021964455728313,0.0002654190603080947
0.4817620393889152,3.021964455728313,0.0002654190603080947
0.4822357493889152,3.021964455728313,0.0006068594290283141
0.4827094593889152,3.021964455728313,0.0006068594290283141
0.4831831693889152,3.021964455728313,0.0006068594290283141
0.4836568793889152,3.021964455728313,0.0006068594290283141
0.4841305893889152,3.021964455728313,0.0006068594290283141
0.4846042993889152,3.021964455728313,0.0006068594290283141
0.4850780093889152,3.021964455728313,0.0009482997977485336
0.4855517193889152,3.021964455728313,0.0009482997977485336
0.4860254293889152,3.021964455728313,0.0009482997977485336
0.4864991393889152,3.021964455728313,0.001289740166468739
0.4869728493889152,3.021964455728313,0.001631180535188959
0.4874465593889152,3.021964455728313,0.001631180535188959
0.4879202693889152,3.021964455728313,0.001631180535188959
0.4883939793889152,3.021964455728313,0.001631180535188959
0.4888676893889152,3.021964455728313,0.001631180535188959
0.4893413993889152,3.021964455728313,0.001289740166468739
0.4898151093889152,3.025736534346916,0.001631180535188959
0.4902888193889152,3.021964455728313,0.001631180535188959
0.4907625293889152,3.021964455728313,0.001631180535188959
0.4912362393889152,3.021964455728313,0.001631180535188959
0.4917099493889152,3.021964455728313,0.001631180535188959
0.4921836593889152,3.021964455728313,0.001289740166468739
0.4926573693889152,3.025736534346916,0.001289740166468739
0.4931310793889152,3.021964455728313,0.001289740166468739
0.4936047893889152,3.021964455728313,0.0009482997977485336
0.4940784993889152,3.021964455728313,0.0009482997977485336
0.4945522093889152,3.021964455728313,0.0009482997977485336
0.4950259193889152,3.021964455728313,0.0009482997977485336
0.4954996293889152,3.021964455728313,0.0009482997977485336
0.4959733393889152,3.021964455728313,0.0006068594290283141
0.4964470493889152,3.021964455728313,0.0006068594290283141
0.4969207593889152,3.021964455728313,0.0006068594290283141
0.4973944693889152,3.021964455728313,0.0006068594290283141
0.4978681793889152,3.021964455728313,0.0006068594290283141
0.4983418893889152,3.021964455728313,0.0002654190603080947
0.4988155993889152,3.021964455728313,0.0002654190603080947
0.4992893093889152,3.021964455728313,-7.602130841211086e-05
0.4997630193889152,3.025736534346916,-7.602130841211086e-05
0.5002367293889152,3.021964455728313,-7.602130841211086e-05
0.5007104393889152,3.021964455728313,0.0002654190603080947
0.5011841493889152,3.021964455728313,0.0002654190603080947
0.5016578593889152,3.021964455728313,0.0002654190603080947
0.5021315693889152,3.021964455728313,0.0002654190603080947
0.5026052793889152,3.021964455728313,0.0002654190603080947
0.5030789893889152,3.021964455728313,0.0006068594290283141
0.5035526993889152,3.021964455728313,0.0006068594290283141
0.5040264093889152,3.021964455728313,0.0006068594290283141
0.5045001193889151,3.021964455728313,0.0009482997977485336
0.5049738293889152,3.021964455728313,0.0006068594290283141
0.5054475393889152,3.021964455728313,0.0009482997977485336
0.5059212493889151,3.021964455728313,0.0009482997977485336
0.5063949593889152,3.021964455728313,0.001289740166468739
0.5068686693889152,3.021964455728313,0.001289740166468739
0.5073423793889151,3.021964455728313,0.001289740166468739
0.5078160893889152,3.021964455728313,0.001631180535188959
0.5082897993889152,3.021964455728313,0.001631180535188959
0.5087635093889152,3.025736534346916,0.001631180535188959
0.5092372193889152,3.025736534346916,0.001631180535188959
0.5097109293889152,3.021964455728313,0.001972620903909164
0.5101846393889152,3.025736534346916,0.001631180535188959
0.5106583493889152,3.021964455728313,0.001631180535188959
0.5111320593889151,3.021964455728313,0.001631180535188959
0.5116057693889152,3.021964455728313,0.001631180535188959
0.5120794793889152,3.021964455728313,0.001631180535188959
0.5125531893889151,3.021964455728313,0.001289740166468739
0.5130268993889152,3.021964455728313,0.001289740166468739
0.5135006093889152,3.021964455728313,0.0009482997977485336
0.5139743193889151,3.021964455728313,0.0009482997977485336
0.5144480293889152,3.021964455728313,0.0009482997977485336
0.5149217393889152,3.021964455728313,0.0009482997977485336
0.5153954493889152,3.021964455728313,0.0009482997977485336
0.5158691593889152,3.021964455728313,0.0009482997977485336
0.5163428693889152,3.021964455728313,0.0006068594290283141
0.5168165793889152,3.021964455728313,0.0006068594290283141
0.5172902893889152,3.021964455728313,0.0006068594290283141
0.5177639993889152,3.021964455728313,0.0002654190603080947
0.5182377093889152,3.021964455728313,0.0002654190603080947
0.5187114193889152,3.021964455728313,0.0002654190603080947
0.5191851293889151,3.021964455728313,0.0002654190603080947
0.5196588393889152,3.021964455728313,0.0002654190603080947
0.5201325493889152,3.021964455728313,-7.602130841211086e-05
0.5206062593889151,3.021964455728313,-7.602130841211086e-05
0.5210799693889152,3.021964455728313,0.0002654190603080947
0.5215536793889152,3.021964455728313,-7.602130841211086e-05
0.5220273893889151,3.021964455728313,0.0002654190603080947
0.5225010993889152,3.021964455728313,0.0006068594290283141
0.5229748093889152,3.021964455728313,0.0006068594290283141
0.5234485193889152,3.021964455728313,0.0006068594290283141
0.5239222293889152,3.021964455728313,0.0006068594290283141
0.5243959393889152,3.021964455728313,0.0006068594290283141
0.5248696493889152,3.021964455728313,0.0009482997977485336
0.5253433593889152,3.021964455728313,0.0009482997977485336
0.5258170693889151,3.021964455728313,0.001289740166468739
0.5262907793889152,3.021964455728313,0.001289740166468739
0.5267644893889152,3.021964455728313,0.001631180535188959
0.5272381993889151,3.021964455728313,0.001289740166468739
0.5277119093889152,3.021964455728313,0.001631180535188959
0.5281856193889152,3.021964455728313,0.001631180535188959
0.5286593293889151,3.021964455728313,0.001631180535188959
0.5291330393889152,3.021964455728313,0.001631180535188959
0.5296067493889152,3.021964455728313,0.001631180535188959
0.5300804593889152,3.025736534346916,0.001972620903909164
0.5305541693889152,3.025736534346916,0.001631180535188959
0.5310278793889152,3.021964455728313,0.001631180535188959
0.5315015893889152,3.025736534346916,0.001631180535188959
0.5319752993889152,3.021964455728313,0.001289740166468739
0.5324490093889152,3.021964455728313,0.0009482997977485336
0.5329227193889152,3.021964455728313,0.001289740166468739
0.5333964293889152,3.021964455728313,0.001289740166468739
0.5338701393889151,3.021964455728313,0.0009482997977485336
0.5343438493889152,3.021964455728313,0.0009482997977485336
0.5348175593889152,3.025736534346916,0.0009482997977485336
0.5352912693889151,3.021964455728313,0.0009482997977485336
0.5357649793889152,3.025736534346916,0.0009482997977485336
0.5362386893889152,3.025736534346916,0.0006068594290283141
0.5367123993889151,3.021964455728313,0.0006068594290283141
0.5371861093889152,3.021964455728313,0.0006068594290283141
0.5376598193889152,3.025736534346916,0.0002654190603080947
0.5381335293889152,3.025736534346916,0.0006068594290283141
0.5386072393889152,3.021964455728313,0.0002654190603080947
0.5390809493889152,3.021964455728313,0.0002654190603080947
0.5395546593889152,3.021964455728313,0.0002654190603080947
0.5400283693889152,3.021964455728313,0.0002654190603080947
0.5405020793889151,3.021964455728313,0.0002654190603080947
0.5409757893889152,3.021964455728313,0.0002654190603080947
0.5414494993889152,3.021964455728313,0.0002654190603080947
0.5419232093889151,3.021964455728313,0.0002654190603080947
0.5423969193889152,3.021964455728313,0.0002654190603080947
0.5428706293889152,3.021964455728313,0.0002654190603080947
0.5433443393889151,3.021964455728313,0.0006068594290283141
0.5438180493889152,3.021964455728313,0.0006068594290283141
0.5442917593889152,3.021964455728313,0.0009482997977485336
0.5447654693889152,3.021964455728313,0.0006068594290283141
0.5452391793889152,3.021964455728313,0.0006068594290283141
0.5457128893889152,3.021964455728313,0.0009482997977485336
0.5461865993889152,3.021964455728313,0.001289740166468739
0.5466603093889152,3.021964455728313,0.001631180535188959
0.5471340193889151,3.021964455728313,0.001289740166468739
0.5476077293889152,3.021964455728313,0.001631180535188959
0.5480814393889152,3.025736534346916,0.001631180535188959
0.5485551493889151,3.025736534346916,0.001631180535188959
0.5490288593889152,3.021964455728313,0.001972620903909164
0.5495025693889152,3.021964455728313,0.001972620903909164
0.5499762793889151,3.025736534346916,0.001631180535188959
0.5504499893889152,3.021964455728313,0.001631180535188959
0.5509236993889152,3.021964455728313,0.001631180535188959
0.5513974093889151,3.021964455728313,0.001631180535188959
0.5518711193889152,3.021964455728313,0.001289740166468739
0.5523448293889152,3.021964455728313,0.001289740166468739
0.5528185393889152,3.021964455728313,0.001289740166468739
0.5532922493889152,3.021964455728313,0.001289740166468739
0.5537659593889152,3.021964455728313,0.0006068594290283141
0.5542396693889152,3.021964455728313,0.0006068594290283141
0.5547133793889152,3.021964455728313,0.0006068594290283141
0.5551870893889151,0.4833555454080232,-0.0021246635207334
0.5556607993889152,0.01561779670116437,0.0009482997977485336
0.5561345093889152,0.01561779670116437,0.0006068594290283141
0.5566082193889151,0.01561779670116437,0.0006068594290283141
0.5570819293889152,0.01561779670116437,0.0002654190603080947
0.5575556393889152,0.01561779670116437,0.0002654190603080947
0.5580293493889151,0.01561779670116437,0.0002654190603080947
0.5585030593889152,0.01561779670116437,0.0002654190603080947
0.5589767693889152,0.01561779670116437,0.0002654190603080947
0.5594504793889152,0.01561779670116437,0.0002654190603080947
0.5599241893889152,0.01561779670116437,0.0002654190603080947
0.5603978993889152,0.01561779670116437,0.0002654190603080947
0.5608716093889152,0.01561779670116437,0.0002654190603080947
0.5613453193889152,0.01561779670116437,0.0002654190603080947
0.5618190293889151,0.01561779670116437,0.0002654190603080947
0.5622927393889152,0.01561779670116437,0.0002654190603080947
0.5627664493889152,0.01561779670116437,0.0002654190603080947
0.5632401593889151,0.01561779670116437,0.0002654190603080947
0.5637138693889152,0.01561779670116437,0.0006068594290283141
0.5641875793889152,0.01561779670116437,0.0006068594290283141
0.5646612893889151,0.01561779670116437,0.0006068594290283141
0.5651349993889152,0.01561779670116437,0.0009482997977485336
0.5656087093889152,0.01561779670116437,0.0009482997977485336
0.5660824193889152,0.01561779670116437,0.001289740166468739
0.5665561293889152,0.01561779670116437,0.001289740166468739
0.5670298393889152,0.01561779670116437,0.001631180535188959
0.5675035493889152,0.01561779670116437,0.001289740166468739
0.5679772593889152,0.01561779670116437,0.001631180535188959
0.5684509693889152,0.01561779670116437,0.001631180535188959
0.5689246793889152,0.01561779670116437,0.001631180535188959
0.5693983893889152,0.0193898753197681,0.001631180535188959
0.5698720993889151,0.0193898753197681,0.001631180535188959
0.5703458093889152,0.0193898753197681,0.001631180535188959
0.5708195193889152,0.01561779670116437,0.001289740166468739
0.5712932293889151,0.01561779670116437,0.001631180535188959
0.5717669393889152,0.01561779670116437,0.001289740166468739
0.5722406493889152,0.01561779670116437,0.001289740166468739
0.5727143593889151,0.0193898753197681,0.001631180535188959
0.5731880693889152,0.0193898753197681,0.001289740166468739
0.5736617793889152,0.01561779670116437,0.001289740166468739
0.5741354893889152,0.0193898753197681,0.0009482997977485336
0.5746091993889152,0.0193898753197681,0.0009482997977485336
0.5750829093889152,0.0193898753197681,0.0009482997977485336
0.5755566193889152,0.01561779670116437,0.0006068594290283141
0.5760303293889152,0.01561779670116437,0.0009482997977485336
0.5765040393889151,0.01561779670116437,0.0006068594290283141
0.5769777493889152,0.01561779670116437,0.0002654190603080947
0.5774514593889152,0.01561779670116437,0.0006068594290283141
0.5779251693889151,0.01561779670116437,0.0002654190603080947
0.5783988793889152,0.01561779670116437,0.0002654190603080947
0.5788725893889152,0.01561779670116437,0.0002654190603080947
0.5793462993889151,0.01561779670116437,0.0002654190603080947
0.5798200093889152,0.01561779670116437,-7.602130841211086e-05
0.5802937193889152,0.01561779670116437,-7.602130841211086e-05
0.5807674293889152,0.01561779670116437,-7.602130841211086e-05
0.5812411393889152,0.01561779670116437,-7.602130841211086e-05
0.5817148493889152,0.01561779670116437,-7.602130841211086e-05
0.5821885593889152,0.0193898753197681,0.0002654190603080947
0.5826622693889152,0.01561779670116437,0.0002654190603080947
0.5831359793889151,0.0193898753197681,0.0002654190603080947
0.5836096893889152,0.0193898753197681,0.0006068594290283141
0.5840833993889152,0.0193898753197681,0.0006068594290283141
0.5845571093889151,0.0193898753197681,0.0006068594290283141
0.5850308193889152,0.01561779670116437,0.0009482997977485336
0.5855045293889152,0.0193898753197681,0.001289740166468739
0.5859782393889151,0.01561779670116437,0.0009482997977485336
0.5864519493889152,0.01561779670116437,0.001289740166468739
0.5869256593889152,0.01561779670116437,0.001631180535188959
0.5873993693889152,0.01561779670116437,0.001289740166468739
0.5878730793889152,0.01561779670116437,0.001631180535188959
0.5883467893889152,0.01561779670116437,0.001631180535188959
0.5888204993889152,0.01561779670116437,0.001631180535188959
0.5892942093889152,0.0193898753197681,0.001631180535188959
0.5897679193889152,0.0193898753197681,0.001972620903909164
0.5902416293889152,0.0193898753197681,0.001972620903909164
0.5907153393889152,0.01561779670116437,0.001631180535188959
0.5911890493889151,0.0193898753197681,0.001631180535188959
0.5916627593889152,0.01561779670116437,0.001289740166468739
0.5921364693889152,2.354306540235458,0.004362703484950672
0.5926101793889151,3.01819237710971,0.001289740166468739
0.5930838893889152,3.01819237710971,0.001289740166468739
0.5935575993889152,3.01819237710971,0.0009482997977485336
0.5940313093889151,3.01819237710971,0.0009482997977485336
0.5945050193889152,3.021964455728313,0.0009482997977485336
0.5949787293889152,3.021964455728313,0.0009482997977485336
0.5954524393889152,3.021964455728313,0.0006068594290283141
0.5959261493889152,3.021964455728313,0.0006068594290283141
0.5963998593889152,3.021964455728313,0.0006068594290283141
0.5968735693889152,3.021964455728313,0.0002654190603080947
0.5973472793889152,3.021964455728313,0.0006068594290283141
0.5978209893889151,3.021964455728313,0.0006068594290283141
0.5982946993889152,3.021964455728313,0.0002654190603080947
0.5987684093889152,3.021964455728313,0.0002654190603080947
0.5992421193889151,3.021964455728313,0.0002654190603080947
0.5997158293889152,3.021964455728313,-7.602130841211086e-05
0.6001895393889152,3.021964455728313,-7.602130841211086e-05
0.6006632493889151,3.021964455728313,-7.602130841211086e-05
0.6011369593889152,3.021964455728313,0.0002654190603080947
0.6016106693889152,3.021964455728313,0.0002654190603080947
0.6020843793889152,3.021964455728313,0.0002654190603080947
0.6025580893889152,3.021964455728313,0.0002654190603080947
0.6030317993889152,3.021964455728313,0.0002654190603080947
0.6035055093889152,3.021964455728313,0.0006068594290283141
0.6039792193889152,3.021964455728313,0.0006068594290283141
0.6044529293889151,3.021964455728313,0.0006068594290283141
0.6049266393889152,3.021964455728313,0.0009482997977485336
0.6054003493889152,3.021964455728313,0.0009482997977485336
0.6058740593889151,3.025736534346916,0.0009482997977485336
0.6063477693889152,3.021964455728313,0.001289740166468739
0.6068214793889152,3.025736534346916,0.001289740166468739
0.6072951893889151,3.021964455728313,0.001289740166468739
0.6077688993889152,3.025736534346916,0.001289740166468739
0.6082426093889152,3.021964455728313,0.001631180535188959
0.6087163193889151,3.021964455728313,0.001972620903909164
0.6091900293889152,3.021964455728313,0.001631180535188959
0.6096637393889152,3.025736534346916,0.001972620903909164
0.6101374493889152,3.025736534346916,0.001972620903909164
0.6106111593889152,3.021964455728313,0.001631180535188959
0.6110848693889152,3.025736534346916,0.001631180535188959
0.6115585793889152,3.021964455728313,0.001631180535188959
0.6120322893889152,3.021964455728313,0.001289740166468739
0.6125059993889151,3.021964455728313,0.001289740166468739
0.6129797093889152,3.021964455728313,0.001289740166468739
0.6134534193889152,3.021964455728313,0.001289740166468739
0.6139271293889151,3.021964455728313,0.0009482997977485336
0.6144008393889152,3.021964455728313,0.0009482997977485336
0.6148745493889152,3.021964455728313,0.0009482997977485336
0.6153482593889151,3.021964455728313,0.0009482997977485336
0.6158219693889152,3.021964455728313,0.0006068594290283141
0.6162956793889152,3.021964455728313,0.0006068594290283141
0.6167693893889152,3.021964455728313,0.0006068594290283141
0.6172430993889152,3.021964455728313,0.0006068594290283141
0.6177168093889152,3.021964455728313,0.0006068594290283141
0.6181905193889152,3.021964455728313,0.0002654190603080947
0.6186642293889152,3.021964455728313,0.0002654190603080947
0.6191379393889151,3.021964455728313,0.0002654190603080947
0.6196116493889152,3.021964455728313,0.0002654190603080947
0.6200853593889152,3.021964455728313,0.0002654190603080947
0.6205590693889151,3.021964455728313,0.0002654190603080947
0.6210327793889152,3.021964455728313,0.0002654190603080947
0.6215064893889152,3.021964455728313,0.0002654190603080947
0.6219801993889151,3.021964455728313,0.0002654190603080947
0.6224539093889152,3.025736534346916,0.0002654190603080947
0.6229276193889152,3.025736534346916,0.0002654190603080947
0.6234013293889151,3.021964455728313,0.0006068594290283141
0.6238750393889152,3.025736534346916,0.0009482997977485336
0.6243487493889152,3.025736534346916,0.0009482997977485336
0.6248224593889152,3.025736534346916,0.0009482997977485336
0.6252961693889152,3.025736534346916,0.0009482997977485336
0.6257698793889152,3.025736534346916,0.0009482997977485336
0.6262435893889152,3.025736534346916,0.001289740166468739
0.6267172993889152,3.025736534346916,0.001631180535188959
0.6271910093889151,3.025736534346916,0.001631180535188959
0.6276647193889152,3.025736534346916,0.001631180535188959
0.6281384293889152,3.025736534346916,0.001631180535188959
0.6286121393889151,3.025736534346916,0.001631180535188959
0.6290858493889152,3.025736534346916,0.001289740166468739
0.6295595593889152,3.025736534346916,0.001631180535188959
0.6300332693889151,3.025736534346916,0.001972620903909164
0.6305069793889152,3.025736534346916,0.001972620903909164
0.6309806893889152,3.025736534346916,0.001631180535188959
0.6314543993889152,3.025736534346916,0.001631180535188959
0.6319281093889152,3.025736534346916,0.001289740166468739
0.6324018193889152,3.025736534346916,0.001289740166468739
0.6328755293889152,3.021964455728313,0.001289740166468739
0.6333492393889152,3.025736534346916,0.001289740166468739
0.6338229493889151,3.021964455728313,0.001289740166468739
0.6342966593889152,3.021964455728313,0.0009482997977485336
0.6347703693889152,3.021964455728313,0.0009482997977485336
0.6352440793889151,3.021964455728313,0.0009482997977485336
0.6357177893889152,3.021964455728313,0.0006068594290283141
0.6361914993889152,3.021964455728313,0.0006068594290283141
0.6366652093889151,3.021964455728313,0.0006068594290283141
0.6371389193889152,3.021964455728313,0.0006068594290283141
0.6376126293889152,3.021964455728313,0.0006068594290283141
0.6380863393889151,3.021964455728313,0.0002654190603080947
0.6385600493889152,3.021964455728313,0.0002654190603080947
0.6390337593889152,3.021964455728313,0.0002654190603080947
0.6395074693889151,3.021964455728313,-7.602130841211086e-05
0.6399811793889152,3.021964455728313,-7.602130841211086e-05
0.6404548893889151,3.021964455728313,0.0002654190603080947
0.6409285993889152,3.021964455728313,-7.602130841211086e-05
0.6414023093889152,3.021964455728313,0.0002654190603080947
0.6418760193889151,3.021964455728313,0.0002654190603080947
0.6423497293889152,3.021964455728313,0.0002654190603080947
0.6428234393889152,3.021964455728313,0.0002654190603080947
0.6432971493889151,3.021964455728313,0.0002654190603080947
0.6437708593889152,3.021964455728313,0.0006068594290283141
0.6442445693889152,3.021964455728313,0.0006068594290283141
0.6447182793889152,3.021964455728313,0.0006068594290283141
0.6451919893889152,3.021964455728313,0.0009482997977485336
0.6456656993889152,3.021964455728313,0.0009482997977485336
0.6461394093889152,3.021964455728313,0.0009482997977485336
0.6466131193889152,3.021964455728313,0.001289740166468739
0.6470868293889152,3.021964455728313,0.001289740166468739
0.6475605393889152,3.021964455728313,0.001631180535188959
0.6480342493889152,3.021964455728313,0.001631180535188959
0.6485079593889151,3.021964455728313,0.001631180535188959
0.6489816693889152,3.021964455728313,0.001972620903909164
0.6494553793889152,3.021964455728313,0.001972620903909164
0.6499290893889151,3.021964455728313,0.001972620903909164
0.6504027993889152,3.021964455728313,0.001631180535188959
0.6508765093889152,3.021964455728313,0.001289740166468739
0.6513502193889151,3.021964455728313,0.001631180535188959
0.6518239293889152,3.021964455728313,0.001631180535188959
0.6522976393889152,3.021964455728313,0.001289740166468739
0.6527713493889151,3.021964455728313,0.001289740166468739
0.6532450593889152,3.021964455728313,0.001289740166468739
0.6537187693889152,3.021964455728313,0.001289740166468739
0.6541924793889151,3.021964455728313,0.0009482997977485336
0.6546661893889152,3.021964455728313,0.0009482997977485336
0.6551398993889151,3.021964455728313,0.0009482997977485336
0.6556136093889152,3.021964455728313,0.0006068594290283141
0.6560873193889152,3.021964455728313,0.0009482997977485336
0.6565610293889151,3.021964455728313,0.0006068594290283141
0.6570347393889152,3.021964455728313,0.0002654190603080947
0.6575084493889152,3.021964455728313,0.0006068594290283141
0.6579821593889151,3.021964455728313,0.0006068594290283141
0.6584558693889152,3.021964455728313,0.0002654190603080947
0.6589295793889152,3.021964455728313,0.0002654190603080947
0.6594032893889152,3.021964455728313,0.0002654190603080947
0.6598769993889152,3.021964455728313,0.0002654190603080947
0.6603507093889152,3.021964455728313,-7.602130841211086e-05
0.6608244193889152,3.021964455728313,0.0002654190603080947
0.6612981293889152,3.021964455728313,0.0002654190603080947
0.6617718393889152,3.021964455728313,0.0002654190603080947
0.6622455493889152,3.021964455728313,0.0002654190603080947
0.6627192593889152,3.021964455728313,0.0002654190603080947
0.6631929693889151,3.021964455728313,0.0002654190603080947
0.6636666793889152,3.021964455728313,0.0006068594290283141
0.6641403893889152,3.021964455728313,0.0006068594290283141
0.6646140993889151,3.021964455728313,0.0009482997977485336
0.6650878093889152,3.021964455728313,0.0009482997977485336
0.6655615193889152,3.021964455728313,0.0009482997977485336
0.6660352293889151,3.021964455728313,0.0009482997977485336
0.6665089393889152,3.025736534346916,0.001289740166468739
0.6669826493889152,3.021964455728313,0.001631180535188959
0.6674563593889151,3.021964455728313,0.001289740166468739
0.6679300693889152,3.021964455728313,0.001631180535188959
0.6684037793889152,3.021964455728313,0.001972620903909164
0.6688774893889151,3.021964455728313,0.001631180535188959
0.6693511993889152,3.021964455728313,0.001631180535188959
0.6698249093889151,3.021964455728313,0.001972620903909164
0.6702986193889152,3.021964455728313,0.001972620903909164
0.6707723293889152,3.021964455728313,0.001631180535188959
0.6712460393889151,3.021964455728313,0.001631180535188959
0.6717197493889152,3.021964455728313,0.001289740166468739
0.6721934593889152,3.021964455728313,0.001289740166468739
0.6726671693889151,3.021964455728313,0.001289740166468739
0.6731408793889152,3.025736534346916,0.001289740166468739
0.6736145893889152,3.025736534346916,0.001289740166468739
0.6740882993889152,3.021964455728313,0.001289740166468739
0.6745620093889152,3.021964455728313,0.0009482997977485336
0.6750357193889152,3.025736534346916,0.0009482997977485336
0.6755094293889152,3.021964455728313,0.0006068594290283141
0.6759831393889152,3.025736534346916,0.0006068594290283141
0.6764568493889151,3.021964455728313,0.0006068594290283141
0.6769305593889152,3.021964455728313,0.0006068594290283141
0.6774042693889152,3.021964455728313,0.0006068594290283141
0.6778779793889151,3.021964455728313,0.0002654190603080947
0.6783516893889152,3.021964455728313,0.0002654190603080947
0.6788253993889152,3.021964455728313,0.0002654190603080947
0.6792991093889151,3.021964455728313,0.0002654190603080947
0.6797728193889152,3.021964455728313,0.0002654190603080947
0.6802465293889152,3.021964455728313,-7.602130841211086e-05
0.6807202393889151,3.021964455728313,0.0002654190603080947
0.6811939493889152,3.021964455728313,-7.602130841211086e-05
0.6816676593889152,3.021964455728313,-7.602130841211086e-05
0.6821413693889151,3.021964455728313,-7.602130841211086e-05
0.6826150793889152,3.021964455728313,-7.602130841211086e-05
0.6830887893889152,3.021964455728313,-7.602130841211086e-05
0.6835624993889152,3.021964455728313,0.0006068594290283141
0.6840362093889152,3.021964455728313,0.0009482997977485336
0.6845099193889151,3.021964455728313,0.0009482997977485336
0.6849836293889152,3.021964455728313,0.0009482997977485336
0.6854573393889152,3.021964455728313,0.0009482997977485336
0.6859310493889151,3.021964455728313,0.001289740166468739
0.6864047593889152,3.021964455728313,0.001289740166468739
0.6868784693889152,3.021964455728313,0.001631180535188959
0.6873521793889151,3.021964455728313,0.001289740166468739
0.6878258893889152,3.021964455728313,0.001631180535188959
0.6882995993889152,3.025736534346916,0.001631180535188959
0.6887733093889152,3.025736534346916,0.001631180535188959
0.6892470193889152,3.025736534346916,0.001631180535188959
0.6897207293889152,3.025736534346916,0.001631180535188959
0.6901944393889152,3.025736534346916,0.001972620903909164
0.6906681493889152,3.025736534346916,0.001631180535188959
0.6911418593889151,3.025736534346916,0.001631180535188959
0.6916155693889152,3.025736534346916,0.001631180535188959
0.6920892793889152,3.021964455728313,0.001289740166468739
0.6925629893889151,3.025736534346916,0.001289740166468739
0.6930366993889152,3.025736534346916,0.001289740166468739
0.6935104093889152,3.025736534346916,0.0009482997977485336
0.6939841193889151,3.021964455728313,0.0009482997977485336
0.6944578293889152,3.021964455728313,0.0009482997977485336
0.6949315393889152,3.021964455728313,0.0009482997977485336
0.6954052493889151,3.021964455728313,0.0009482997977485336
0.6958789593889152,3.021964455728313,0.0009482997977485336
0.6963526693889152,3.021964455728313,0.0009482997977485336
0.6968263793889151,3.025736534346916,0.0006068594290283141
0.6973000893889152,3.025736534346916,0.0006068594290283141
0.6977737993889152,3.021964455728313,0.0006068594290283141
0.6982475093889151,3.025736534346916,0.0002654190603080947
0.6987212193889152,3.025736534346916,0.0002654190603080947
0.6991949293889151,3.025736534346916,0.0002654190603080947
0.6996686393889152,3.021964455728313,-7.602130841211086e-05
0.7001423493889152,3.021964455728313,0.0002654190603080947
0.7006160593889151,3.021964455728313,0.0002654190603080947
0.7010897693889152,3.021964455728313,0.0002654190603080947
0.7015634793889152,3.021964455728313,0.0002654190603080947
0.7020371893889152,3.025736534346916,0.0002654190603080947
0.7025108993889152,3.025736534346916,0.0002654190603080947
0.7029846093889152,3.021964455728313,0.0002654190603080947
0.7034583193889152,3.021964455728313,0.0006068594290283141
0.7039320293889152,3.021964455728313,0.0006068594290283141
0.7044057393889152,3.021964455728313,0.0006068594290283141
0.7048794493889152,3.025736534346916,0.0009482997977485336
0.7053531593889152,3.021964455728313,0.0009482997977485336
0.7058268693889151,3.021964455728313,0.001289740166468739
0.7063005793889152,3.025736534346916,0.001289740166468739
0.7067742893889152,3.025736534346916,0.001631180535188959
0.7072479993889151,3.025736534346916,0.001631180535188959
0.7077217093889152,3.025736534346916,0.001631180535188959
0.7081954193889152,3.025736534346916,0.001631180535188959
0.7086691293889151,3.021964455728313,0.001631180535188959
0.7091428393889152,3.025736534346916,0.001631180535188959
0.7096165493889152,3.025736534346916,0.001631180535188959
0.7100902593889151,3.021964455728313,0.001631180535188959
0.7105639693889152,3.021964455728313,0.001631180535188959
0.7110376793889152,3.025736534346916,0.001289740166468739
0.7115113893889151,3.025736534346916,0.001289740166468739
0.7119850993889152,3.025736534346916,0.001631180535188959
0.7124588093889151,3.025736534346916,0.001289740166468739
0.7129325193889151,3.021964455728313,0.001289740166468739
0.7134062293889152,3.021964455728313,0.0009482997977485336
0.7138799393889151,3.025736534346916,0.0009482997977485336
0.7143536493889152,3.025736534346916,0.0009482997977485336
0.7148273593889152,3.025736534346916,0.0009482997977485336
0.7153010693889151,3.025736534346916,0.0006068594290283141
0.7157747793889152,3.025736534346916,0.0009482997977485336
0.7162484893889152,3.025736534346916,0.0009482997977485336
0.7167221993889152,3.025736534346916,0.0006068594290283141
0.7171959093889152,3.021964455728313,0.0006068594290283141
0.7176696193889152,3.021964455728313,0.0006068594290283141
0.7181433293889152,3.021964455728313,0.0002654190603080947
0.7186170393889152,3.021964455728313,0.0002654190603080947
0.7190907493889152,3.021964455728313,0.0002654190603080947
0.7195644593889152,3.021964455728313,0.0002654190603080947
0.7200381693889152,3.025736534346916,-7.602130841211086e-05
0.7205118793889151,3.025736534346916,-7.602130841211086e-05
0.7209855893889152,3.025736534346916,0.0002654190603080947
0.7214592993889152,3.021964455728313,0.0002654190603080947
0.7219330093889151,3.025736534346916,-7.602130841211086e-05
0.7224067193889152,3.021964455728313,0.0002654190603080947
0.7228804293889152,3.021964455728313,0.0002654190603080947
0.7233541393889151,3.021964455728313,0.0002654190603080947
0.7238278493889152,3.021964455728313,0.0006068594290283141
0.7243015593889152,3.021964455728313,0.0006068594290283141
0.7247752693889151,3.025736534346916,0.0009482997977485336
0.7252489793889152,3.025736534346916,0.0009482997977485336
0.7257226893889152,3.025736534346916,0.001289740166468739
0.7261963993889151,3.025736534346916,0.0009482997977485336
0.7266701093889152,3.025736534346916,0.001631180535188959
0.7271438193889151,3.025736534346916,0.001289740166468739
0.7276175293889151,3.025736534346916,0.001289740166468739
0.7280912393889152,3.025736534346916,0.001972620903909164
0.7285649493889151,3.025736534346916,0.001972620903909164
0.7290386593889152,3.025736534346916,0.001631180535188959
0.7295123693889152,3.025736534346916,0.001631180535188959
0.7299860793889151,3.025736534346916,0.001972620903909164
0.7304597893889152,3.025736534346916,0.001631180535188959
0.7309334993889152,3.025736534346916,0.001631180535188959
0.7314072093889152,3.025736534346916,0.001631180535188959
0.7318809193889152,3.025736534346916,0.001631180535188959
0.7323546293889152,3.025736534346916,0.001631180535188959
0.7328283393889152,3.025736534346916,0.001631180535188959
0.7333020493889152,3.021964455728313,0.001289740166468739
0.7337757593889151,3.021964455728313,0.001289740166468739
0.7342494693889152,3.025736534346916,0.0009482997977485336
0.7347231793889152,3.025736534346916,0.0009482997977485336
0.7351968893889151,3.025736534346916,0.0009482997977485336
0.7356705993889152,3.025736534346916,0.0009482997977485336
0.7361443093889152,3.025736534346916,0.0009482997977485336
0.7366180193889151,3.021964455728313,0.0006068594290283141
0.7370917293889152,3.021964455728313,0.0006068594290283141
0.7375654393889152,3.021964455728313,0.0006068594290283141
0.7380391493889151,3.021964455728313,0.0002654190603080947
0.7385128593889152,3.021964455728313,-7.602130841211086e-05
0.7389865693889152,3.021964455728313,0.0002654190603080947
0.7394602793889151,3.021964455728313,0.0002654190603080947
0.7399339893889152,3.021964455728313,0.0002654190603080947
0.7404076993889152,3.021964455728313,0.0002654190603080947
0.7408814093889151,3.021964455728313,0.0002654190603080947
0.7413551193889152,3.025736534346916,0.0002654190603080947
0.7418288293889151,3.021964455728313,0.0002654190603080947
0.7423025393889151,3.021964455728313,0.0002654190603080947
0.7427762493889152,3.025736534346916,0.0002654190603080947
0.7432499593889151,3.021964455728313,0.0002654190603080947
0.7437236693889152,3.021964455728313,0.0006068594290283141
0.7441973793889152,3.021964455728313,0.0006068594290283141
0.7446710893889151,3.021964455728313,0.0006068594290283141
0.7451447993889152,3.025736534346916,0.0009482997977485336
0.7456185093889152,3.021964455728313,0.0009482997977485336
0.7460922193889152,3.021964455728313,0.001289740166468739
0.7465659293889152,3.021964455728313,0.001289740166468739
0.7470396393889152,3.025736534346916,0.001289740166468739
0.7475133493889152,3.021964455728313,0.0009482997977485336
0.7479870593889152,3.025736534346916,0.001631180535188959
0.7484607693889151,3.025736534346916,0.001972620903909164
0.7489344793889152,3.021964455728313,0.001631180535188959
0.7494081893889152,3.025736534346916,0.001631180535188959
0.7498818993889151,3.025736534346916,0.001631180535188959
0.7503556093889152,3.025736534346916,0.001631180535188959
0.7508293193889152,3.025736534346916,0.001631180535188959
0.7513030293889151,3.025736534346916,0.001631180535188959
0.7517767393889152,3.025736534346916,0.001631180535188959
0.7522504493889152,3.025736534346916,0.001289740166468739
0.7527241593889151,3.025736534346916,0.001289740166468739
0.7531978693889152,3.025736534346916,0.001289740166468739
0.7536715793889152,3.025736534346916,0.001289740166468739
0.7541452893889151,3.025736534346916,0.0009482997977485336
0.7546189993889152,3.025736534346916,0.0009482997977485336
0.7550927093889152,3.021964455728313,0.0009482997977485336
0.7555664193889151,3.025736534346916,0.0009482997977485336
0.7560401293889152,3.025736534346916,0.0009482997977485336
0.7565138393889151,3.021964455728313,0.0006068594290283141
0.7569875493889151,3.021964455728313,0.0006068594290283141
0.7574612593889152,3.021964455728313,0.0006068594290283141
0.7579349693889151,3.021964455728313,0.0002654190603080947
0.7584086793889152,3.021964455728313,-7.602130841211086e-05
0.7588823893889152,3.025736534346916,0.0002654190603080947
0.7593560993889152,3.021964455728313,0.0002654190603080947
0.7598298093889152,3.021964455728313,-7.602130841211086e-05
0.7603035193889152,3.025736534346916,-7.602130841211086e-05
0.7607772293889152,3.021964455728313,0.0002654190603080947
0.7612509393889152,3.021964455728313,-7.602130841211086e-05
0.7617246493889152,3.021964455728313,0.0002654190603080947
0.7621983593889152,3.025736534346916,0.0002654190603080947
0.7626720693889152,3.025736534346916,0.0002654190603080947
0.7631457793889151,3.025736534346916,0.0002654190603080947
0.7636194893889152,3.025736534346916,0.0006068594290283141
0.7640931993889152,3.025736534346916,0.0006068594290283141
0.7645669093889151,3.025736534346916,0.0009482997977485336
0.7650406193889152,3.025736534346916,0.0009482997977485336
0.7655143293889152,3.025736534346916,0.0009482997977485336
0.7659880393889151,3.021964455728313,0.001289740166468739
0.7664617493889152,3.021964455728313,0.001289740166468739
0.7669354593889152,3.021964455728313,0.001631180535188959
0.7674091693889151,3.021964455728313,0.001289740166468739
0.7678828793889152,3.025736534346916,0.001631180535188959
0.7683565893889152,3.021964455728313,0.001972620903909164
0.7688302993889151,3.025736534346916,0.001631180535188959
0.7693040093889152,3.025736534346916,0.001631180535188959
0.7697777193889151,3.025736534346916,0.001631180535188959
0.7702514293889151,3.021964455728313,0.001631180535188959
0.7707251393889152,3.025736534346916,0.001631180535188959
0.7711988493889151,3.025736534346916,0.001631180535188959
0.7716725593889151,3.021964455728313,0.001631180535188959
0.7721462693889152,3.021964455728313,0.001631180535188959
0.7726199793889151,3.025736534346916,0.001631180535188959
0.7730936893889152,3.021964455728313,0.001289740166468739
0.7735673993889152,3.025736534346916,0.001289740166468739
0.7740411093889152,3.021964455728313,0.001289740166468739
0.7745148193889152,3.025736534346916,0.0009482997977485336
0.7749885293889152,3.021964455728313,0.0009482997977485336
0.7754622393889152,3.021964455728313,0.0009482997977485336
0.7759359493889152,3.025736534346916,0.0009482997977485336
0.7764096593889152,3.025736534346916,0.0006068594290283141
0.7768833693889152,3.021964455728313,0.0006068594290283141
0.7773570793889152,3.021964455728313,0.0006068594290283141
0.7778307893889151,3.021964455728313,0.0006068594290283141
0.7783044993889152,3.025736534346916,0.0002654190603080947
0.7787782093889152,3.021964455728313,0.0002654190603080947
0.7792519193889151,3.021964455728313,0.0002654190603080947
0.7797256293889152,3.021964455728313,-7.602130841211086e-05
0.7801993393889152,3.021964455728313,-7.602130841211086e-05
0.7806730493889151,3.021964455728313,0.0002654190603080947
0.7811467593889152,3.021964455728313,0.0002654190603080947
0.7816204693889152,3.021964455728313,0.0002654190603080947
0.7820941793889151,3.021964455728313,0.0006068594290283141
0.7825678893889152,3.021964455728313,0.0006068594290283141
0.7830415993889152,3.021964455728313,0.0002654190603080947
0.7835153093889151,3.021964455728313,0.0006068594290283141
0.7839890193889152,3.021964455728313,0.0006068594290283141
0.7844627293889151,3.021964455728313,0.0006068594290283141
0.7849364393889151,3.021964455728313,0.0009482997977485336
0.7854101493889152,3.025736534346916,0.0009482997977485336
0.7858838593889151,3.021964455728313,0.0009482997977485336
0.7863575693889151,3.021964455728313,0.001289740166468739
0.7868312793889152,3.021964455728313,0.001289740166468739
0.7873049893889151,3.021964455728313,0.001289740166468739
0.7877786993889152,3.025736534346916,0.001631180535188959
0.7882524093889152,3.021964455728313,0.001972620903909164
0.7887261193889152,3.021964455728313,0.001972620903909164
0.7891998293889152,3.021964455728313,0.001631180535188959
0.7896735393889152,3.021964455728313,0.001972620903909164
0.7901472493889152,3.025736534346916,0.001972620903909164
0.7906209593889152,3.021964455728313,0.001631180535188959
0.7910946693889152,3.021964455728313,0.001631180535188959
0.7915683793889152,3.025736534346916,0.001631180535188959
0.7920420893889152,3.021964455728313,0.001289740166468739
0.7925157993889151,3.021964455728313,0.001289740166468739
0.7929895093889152,3.021964455728313,0.001289740166468739
0.7934632193889152,3.025736534346916,0.001289740166468739
0.7939369293889151,3.025736534346916,0.001289740166468739
0.7944106393889152,3.021964455728313,0.0009482997977485336
0.7948843493889152,3.021964455728313,0.0009482997977485336
0.7953580593889151,3.021964455728313,0.0009482997977485336
0.7958317693889152,3.021964455728313,0.0009482997977485336
0.7963054793889152,3.021964455728313,0.0006068594290283141
0.7967791893889151,3.021964455728313,0.0006068594290283141
0.7972528993889152,3.021964455728313,0.0006068594290283141
0.7977266093889152,3.021964455728313,0.0006068594290283141
0.7982003193889151,3.021964455728313,0.0006068594290283141
0.7986740293889152,3.021964455728313,0.0002654190603080947
0.7991477393889151,3.021964455728313,0.0002654190603080947
0.7996214493889151,3.021964455728313,0.0002654190603080947
0.8000951593889152,3.021964455728313,-7.602130841211086e-05
0.8005688693889151,3.021964455728313,0.0002654190603080947
0.8010425793889151,3.025736534346916,0.0002654190603080947
0.8015162893889152,3.021964455728313,-7.602130841211086e-05
0.8019899993889151,3.021964455728313,0.0002654190603080947
0.8024637093889152,3.021964455728313,0.0002654190603080947
0.8029374193889152,3.021964455728313,0.0002654190603080947
0.8034111293889152,3.021964455728313,0.0002654190603080947
0.8038848393889152,3.021964455728313,0.0006068594290283141
0.8043585493889152,3.021964455728313,0.0009482997977485336
0.8048322593889152,3.021964455728313,0.0009482997977485336
0.8053059693889152,3.025736534346916,0.0009482997977485336
0.8057796793889151,3.021964455728313,0.0009482997977485336
0.8062533893889152,3.025736534346916,0.001289740166468739
0.8067270993889152,3.025736534346916,0.001289740166468739
0.8072008093889151,3.025736534346916,0.001289740166468739
0.8076745193889152,3.025736534346916,0.001289740166468739
0.8081482293889152,3.021964455728313,0.001631180535188959
0.8086219393889151,3.025736534346916,0.001631180535188959
0.8090956493889152,3.025736534346916,0.001972620903909164
0.8095693593889152,3.021964455728313,0.001972620903909164
0.8100430693889151,3.025736534346916,0.001972620903909164
0.8105167793889152,3.021964455728313,0.001972620903909164
0.8109904893889152,3.025736534346916,0.001631180535188959
0.8114641993889151,3.025736534346916,0.001631180535188959
0.8119379093889152,3.025736534346916,0.001631180535188959
0.8124116193889152,3.025736534346916,0.001631180535188959
0.8128853293889151,3.025736534346916,0.001289740166468739
0.8133590393889152,3.021964455728313,0.001289740166468739
0.8138327493889151,3.021964455728313,0.001289740166468739
0.8143064593889151,3.021964455728313,0.001289740166468739
0.8147801693889152,3.021964455728313,0.0009482997977485336
0.8152538793889151,3.025736534346916,0.0009482997977485336
0.8157275893889152,3.025736534346916,0.0009482997977485336
0.8162012993889152,3.021964455728313,0.0009482997977485336
0.8166750093889151,3.021964455728313,0.0006068594290283141
0.8171487193889152,3.025736534346916,0.0006068594290283141
0.8176224293889152,3.021964455728313,0.0006068594290283141
0.8180961393889152,3.021964455728313,0.0002654190603080947
0.8185698493889152,3.025736534346916,0.0002654190603080947
0.8190435593889152,3.021964455728313,0.0002654190603080947
0.8195172693889152,3.021964455728313,-7.602130841211086e-05
0.8199909793889152,3.021964455728313,-7.602130841211086e-05
0.8204646893889151,3.021964455728313,0.0002654190603080947
0.8209383993889152,3.021964455728313,0.0002654190603080947
0.8214121093889152,3.021964455728313,0.0002654190603080947
0.8218858193889151,3.021964455728313,0.0002654190603080947
0.8223595293889152,3.021964455728313,0.0002654190603080947
0.8228332393889152,3.021964455728313,-7.602130841211086e-05
0.8233069493889151,3.021964455728313,0.0006068594290283141
0.8237806593889152,3.025736534346916,0.0006068594290283141
0.8242543693889152,3.025736534346916,0.0009482997977485336
0.8247280793889151,3.021964455728313,0.0009482997977485336
0.8252017893889152,3.021964455728313,0.0009482997977485336
0.8256754993889152,3.021964455728313,0.0009482997977485336
0.8261492093889151,3.021964455728313,0.0009482997977485336
0.8266229193889152,3.021964455728313,0.001289740166468739
0.8270966293889151,3.021964455728313,0.001631180535188959
0.8275703393889151,3.021964455728313,0.001289740166468739
0.8280440493889152,3.021964455728313,0.001631180535188959
0.8285177593889151,3.021964455728313,0.001631180535188959
0.8289914693889151,3.021964455728313,0.001631180535188959
0.8294651793889152,3.021964455728313,0.001631180535188959
0.8299388893889152,3.021964455728313,0.001631180535188959
0.8304125993889151,3.021964455728313,0.001631180535188959
0.8308863093889152,3.021964455728313,0.001631180535188959
0.8313600193889152,3.021964455728313,0.001631180535188959
0.8318337293889151,3.025736534346916,0.001631180535188959
0.8323074393889152,3.021964455728313,0.001631180535188959
0.8327811493889152,3.021964455728313,0.001289740166468739
0.8332548593889152,3.021964455728313,0.001289740166468739
0.8337285693889152,3.021964455728313,0.0009482997977485336
0.8342022793889152,3.021964455728313,0.0009482997977485336
0.8346759893889152,3.021964455728313,0.0009482997977485336
0.8351496993889151,3.021964455728313,0.0006068594290283141
0.8356234093889152,3.021964455728313,0.0006068594290283141
0.8360971193889152,3.021964455728313,0.0009482997977485336
0.8365708293889151,3.021964455728313,0.0006068594290283141
0.8370445393889152,3.021964455728313,0.0006068594290283141
0.8375182493889152,3.021964455728313,0.0006068594290283141
0.8379919593889151,3.021964455728313,0.0006068594290283141
0.8384656693889152,3.021964455728313,0.0006068594290283141
0.8389393793889152,3.021964455728313,0.0002654190603080947
0.8394130893889151,3.021964455728313,0.0002654190603080947
0.8398867993889152,3.021964455728313,0.0002654190603080947
0.8403605093889152,3.021964455728313,0.0002654190603080947
0.8408342193889151,3.021964455728313,0.0002654190603080947
0.8413079293889152,3.021964455728313,0.0002654190603080947
0.8417816393889151,3.021964455728313,0.0002654190603080947
0.8422553493889151,3.021964455728313,0.0006068594290283141
0.8427290593889152,3.025736534346916,0.0006068594290283141
0.8432027693889151,3.021964455728313,0.0002654190603080947
0.8436764793889151,3.021964455728313,0.0006068594290283141
0.8441501893889152,3.021964455728313,0.0006068594290283141
0.8446238993889152,3.021964455728313,0.0006068594290283141
0.8450976093889151,3.021964455728313,0.0009482997977485336
0.8455713193889152,3.021964455728313,0.001289740166468739
0.8460450293889152,3.021964455728313,0.001289740166468739
0.8465187393889151,3.021964455728313,0.001289740166468739
0.8469924493889152,3.021964455728313,0.001631180535188959
0.8474661593889152,3.025736534346916,0.001631180535188959
0.8479398693889152,3.021964455728313,0.001631180535188959
0.8484135793889152,3.025736534346916,0.001631180535188959
0.8488872893889152,3.025736534346916,0.001972620903909164
0.8493609993889152,3.025736534346916,0.001972620903909164
0.8498347093889151,3.025736534346916,0.001972620903909164
0.8503084193889152,3.025736534346916,0.001631180535188959
0.8507821293889152,3.025736534346916,0.001631180535188959
0.8512558393889151,3.025736534346916,0.001631180535188959
0.8517295493889152,3.025736534346916,0.001631180535188959
0.8522032593889152,3.021964455728313,0.001631180535188959
0.8526769693889151,3.025736534346916,0.001631180535188959
0.8531506793889152,3.021964455728313,0.001289740166468739
0.8536243893889152,3.025736534346916,0.0009482997977485336
0.8540980993889151,3.025736534346916,0.0009482997977485336
0.8545718093889152,3.021964455728313,0.0009482997977485336
0.8550455193889152,3.021964455728313,0.0006068594290283141
0.8555192293889151,3.021964455728313,0.0006068594290283141
0.8559929393889152,3.025736534346916,0.0006068594290283141
0.8564666493889151,3.021964455728313,0.0006068594290283141
0.8569403593889151,3.021964455728313,0.0006068594290283141
0.8574140693889152,3.021964455728313,0.0006068594290283141
0.8578877793889151,3.021964455728313,0.0006068594290283141
0.8583614893889151,3.021964455728313,0.0002654190603080947
0.8588351993889152,3.021964455728313,0.0002654190603080947
0.8593089093889152,3.025736534346916,-7.602130841211086e-05
0.8597826193889151,3.025736534346916,-7.602130841211086e-05
0.8602563293889152,3.025736534346916,-7.602130841211086e-05
0.8607300393889152,3.025736534346916,0.0002654190603080947
0.8612037493889151,3.025736534346916,0.0002654190603080947
0.8616774593889152,3.025736534346916,0.0002654190603080947
0.8621511693889152,3.025736534346916,0.0002654190603080947
0.8626248793889152,3.025736534346916,0.0002654190603080947
0.8630985893889151,3.025736534346916,0.0002654190603080947
0.8635722993889152,3.025736534346916,0.0006068594290283141
0.8640460093889152,3.025736534346916,0.0006068594290283141
0.8645197193889151,3.025736534346916,0.0006068594290283141
0.8649934293889152,3.021964455728313,0.0009482997977485336
0.8654671393889152,3.025736534346916,0.0009482997977485336
0.8659408493889151,3.025736534346916,0.0009482997977485336
0.8664145593889152,3.025736534346916,0.001289740166468739
0.8668882693889152,3.025736534346916,0.001289740166468739
0.8673619793889151,3.021964455728313,0.001289740166468739
0.8678356893889152,3.021964455728313,0.001631180535188959
0.8683093993889152,3.025736534346916,0.001972620903909164
0.8687831093889151,3.025736534346916,0.001631180535188959
0.8692568193889152,3.025736534346916,0.001631180535188959
0.8697305293889152,3.025736534346916,0.001631180535188959
0.8702042393889151,3.025736534346916,0.001972620903909164
0.8706779493889152,3.025736534346916,0.001631180535188959
0.8711516593889151,3.025736534346916,0.001289740166468739
0.8716253693889151,3.025736534346916,0.001289740166468739
0.8720990793889152,3.025736534346916,0.001289740166468739
0.8725727893889151,3.025736534346916,0.001289740166468739
0.8730464993889151,3.025736534346916,0.001289740166468739
0.8735202093889152,3.025736534346916,0.0009482997977485336
0.8739939193889152,3.021964455728313,0.0009482997977485336
0.8744676293889151,3.025736534346916,0.0009482997977485336
0.8749413393889152,3.025736534346916,0.0009482997977485336
0.8754150493889152,3.025736534346916,0.0006068594290283141
0.8758887593889151,3.025736534346916,0.0006068594290283141
0.8763624693889152,3.025736534346916,0.0006068594290283141
0.8768361793889152,3.021964455728313,0.0002654190603080947
0.8773098893889152,3.021964455728313,0.0006068594290283141
0.8777835993889151,3.021964455728313,0.0006068594290283141
0.8782573093889152,3.025736534346916,0.0002654190603080947
0.8787310193889152,3.021964455728313,0.0002654190603080947
0.8792047293889151,3.021964455728313,0.0002654190603080947
0.8796784393889152,3.021964455728313,0.0002654190603080947
0.8801521493889152,3.021964455728313,-7.602130841211086e-05
0.8806258593889151,3.021964455728313,-7.602130841211086e-05
0.8810995693889152,3.021964455728313,0.0002654190603080947
0.8815732793889152,3.021964455728313,0.0002654190603080947
0.8820469893889151,3.025736534346916,0.0002654190603080947
0.8825206993889152,3.025736534346916,0.0002654190603080947
0.8829944093889152,3.021964455728313,0.0002654190603080947
0.8834681193889151,3.025736534346916,0.0002654190603080947
0.8839418293889152,3.025736534346916,0.0006068594290283141
0.8844155393889152,3.025736534346916,0.0006068594290283141
0.8848892493889151,3.021964455728313,0.0006068594290283141
0.8853629593889152,3.025736534346916,0.0009482997977485336
0.8858366693889151,3.025736534346916,0.0009482997977485336
0.8863103793889151,3.021964455728313,0.001289740166468739
0.8867840893889152,3.021964455728313,0.001289740166468739
0.8872577993889151,3.021964455728313,0.0009482997977485336
0.8877315093889151,3.021964455728313,0.001289740166468739
0.8882052193889152,3.025736534346916,0.001631180535188959
0.8886789293889152,3.021964455728313,0.001631180535188959
0.8891526393889151,3.021964455728313,0.001972620903909164
0.8896263493889152,3.021964455728313,0.001972620903909164
0.8901000593889152,3.021964455728313,0.001972620903909164
0.8905737693889151,3.025736534346916,0.001972620903909164
0.8910474793889152,3.025736534346916,0.001631180535188959
0.8915211893889152,3.021964455728313,0.001631180535188959
0.8919948993889152,3.021964455728313,0.001631180535188959
0.8924686093889151,3.021964455728313,0.001289740166468739
0.8929423193889152,3.025736534346916,0.001289740166468739
0.8934160293889152,3.021964455728313,0.001289740166468739
0.8938897393889151,3.021964455728313,0.0009482997977485336
0.8943634493889152,3.021964455728313,0.0009482997977485336
0.8948371593889152,3.025736534346916,0.0009482997977485336
0.8953108693889151,3.025736534346916,0.0009482997977485336
0.8957845793889152,3.025736534346916,0.0009482997977485336
0.8962582893889152,3.021964455728313,0.0009482997977485336
0.8967319993889151,3.021964455728313,0.0006068594290283141
0.8972057093889152,3.021964455728313,0.0002654190603080947
0.8976794193889152,3.025736534346916,0.0006068594290283141
0.8981531293889151,3.021964455728313,-7.602130841211086e-05
0.8986268393889152,3.021964455728313,0.0002654190603080947
0.8991005493889151,3.021964455728313,0.0002654190603080947
0.8995742593889151,3.021964455728313,0.0002654190603080947
0.9000479693889152,3.025736534346916,0.0002654190603080947
0.9005216793889151,3.021964455728313,0.0002654190603080947
0.9009953893889151,3.021964455728313,0.0002654190603080947
0.9014690993889152,3.021964455728313,0.0002654190603080947
0.9019428093889151,3.021964455728313,0.0002654190603080947
0.9024165193889151,3.021964455728313,0.0002654190603080947
0.9028902293889152,3.021964455728313,0.0002654190603080947
0.9033639393889152,3.025736534346916,0.0006068594290283141
0.9038376493889151,3.025736534346916,0.0006068594290283141
0.9043113593889152,3.025736534346916,0.0006068594290283141
0.9047850693889152,3.025736534346916,0.0009482997977485336
0.9052587793889151,3.025736534346916,0.0009482997977485336
0.9057324893889152,3.025736534346916,0.0009482997977485336
0.9062061993889152,3.025736534346916,0.0009482997977485336
0.9066799093889152,3.025736534346916,0.001289740166468739
0.9071536193889151,3.025736534346916,0.001631180535188959
0.9076273293889152,3.025736534346916,0.001289740166468739
0.9081010393889152,3.021964455728313,0.001631180535188959
0.9085747493889151,3.021964455728313,0.001631180535188959
0.9090484593889152,3.025736534346916,0.001289740166468739
0.9095221693889152,3.025736534346916,0.001631180535188959
0.9099958793889151,3.025736534346916,0.001972620903909164
0.9104695893889152,3.025736534346916,0.001972620903909164
0.9109432993889152,3.025736534346916,0.001631180535188959
0.9114170093889151,3.025736534346916,0.001631180535188959
0.9118907193889152,3.021964455728313,0.001289740166468739
0.9123644293889152,3.025736534346916,0.001289740166468739
0.9128381393889151,3.025736534346916,0.001289740166468739
0.9133118493889152,3.025736534346916,0.001289740166468739
0.9137855593889151,3.025736534346916,0.001289740166468739
0.9142592693889151,3.025736534346916,0.0009482997977485336
0.9147329793889152,3.021964455728313,0.0009482997977485336
0.9152066893889151,3.025736534346916,0.0009482997977485336
0.9156803993889151,3.021964455728313,0.0009482997977485336
0.9161541093889152,3.025736534346916,0.0006068594290283141
0.9166278193889152,3.021964455728313,0.0006068594290283141
0.9171015293889151,3.021964455728313,0.0006068594290283141
0.9175752393889152,3.021964455728313,0.0006068594290283141
0.9180489493889152,3.025736534346916,0.0002654190603080947
0.9185226593889151,3.021964455728313,0.0002654190603080947
0.9189963693889152,3.021964455728313,0.0002654190603080947
0.9194700793889152,3.021964455728313,0.0002654190603080947
0.9199437893889151,3.021964455728313,-7.602130841211086e-05
0.9204174993889152,3.021964455728313,-7.602130841211086e-05
0.9208912093889152,3.021964455728313,0.0002654190603080947
0.9213649193889152,3.021964455728313,0.0002654190603080947
0.9218386293889151,3.021964455728313,0.0002654190603080947
0.9223123393889152,3.025736534346916,0.0002654190603080947
0.9227860493889152,3.025736534346916,0.0002654190603080947
0.9232597593889151,3.025736534346916,0.0002654190603080947
0.9237334693889152,3.021964455728313,0.0006068594290283141
0.9242071793889152,3.021964455728313,0.0006068594290283141
0.9246808893889151,3.021964455728313,0.0006068594290283141
0.9251545993889152,3.021964455728313,0.0006068594290283141
0.9256283093889152,3.021964455728313,0.0009482997977485336
0.9261020193889151,3.025736534346916,0.0009482997977485336
0.9265757293889152,3.021964455728313,0.001289740166468739
0.9270494393889152,3.025736534346916,0.001289740166468739
0.9275231493889151,3.025736534346916,0.001289740166468739
0.9279968593889152,3.025736534346916,0.001631180535188959
0.9284705693889151,3.025736534346916,0.001631180535188959
0.9289442793889151,3.025736534346916,0.001631180535188959
0.9294179893889152,3.021964455728313,0.001631180535188959
0.9298916993889151,3.025736534346916,0.001631180535188959
0.9303654093889151,3.025736534346916,0.001631180535188959
0.9308391193889152,3.025736534346916,0.001631180535188959
0.9313128293889152,3.025736534346916,0.001631180535188959
0.9317865393889151,3.025736534346916,0.001631180535188959
0.9322602493889152,3.025736534346916,0.001289740166468739
0.9327339593889152,3.025736534346916,0.001631180535188959
0.9332076693889151,3.025736534346916,0.001631180535188959
0.9336813793889152,3.025736534346916,0.001289740166468739
0.9341550893889152,3.025736534346916,0.0009482997977485336
0.9346287993889151,3.025736534346916,0.0009482997977485336
0.9351025093889151,0.4116860516545531,-0.0021246635207334
0.9355762193889152,0.01561779670116437,0.0009482997977485336
0.9360499293889152,0.01561779670116437,0.0009482997977485336
0.9365236393889151,0.01561779670116437,0.0009482997977485336
0.9369973493889152,0.01561779670116437,0.0006068594290283141
0.9374710593889152,0.0193898753197681,0.0006068594290283141
0.9379447693889151,0.0193898753197681,0.0006068594290283141
0.9384184793889152,0.01561779670116437,0.0002654190603080947
0.9388921893889152,0.01561779670116437,0.0002654190603080947
0.9393658993889151,0.01561779670116437,0.0002654190603080947
0.9398396093889152,0.01561779670116437,0.0002654190603080947
0.9403133193889152,0.01561779670116437,-7.602130841211086e-05
0.9407870293889151,0.01561779670116437,-7.602130841211086e-05
0.9412607393889152,0.01561779670116437,-7.602130841211086e-05
0.9417344493889152,0.01561779670116437,0.0002654190603080947
0.9422081593889151,0.01561779670116437,0.0002654190603080947
0.9426818693889152,0.01561779670116437,0.0002654190603080947
0.9431555793889151,0.01561779670116437,0.0002654190603080947
0.9436292893889151,0.01561779670116437,0.0006068594290283141
0.9441029993889152,0.01561779670116437,0.0006068594290283141
0.9445767093889151,0.01561779670116437,0.0006068594290283141
0.9450504193889151,0.01561779670116437,0.0009482997977485336
0.9455241293889152,0.01561779670116437,0.0009482997977485336
0.9459978393889152,0.0193898753197681,0.0009482997977485336
0.9464715493889151,0.01561779670116437,0.001289740166468739
0.9469452593889152,0.01561779670116437,0.001631180535188959
0.9474189693889152,0.0193898753197681,0.001631180535188959
0.9478926793889151,0.01561779670116437,0.001631180535188959
0.9483663893889152,0.0193898753197681,0.001972620903909164
0.9488400993889152,0.0193898753197681,0.001972620903909164
0.9493138093889152,0.01561779670116437,0.001631180535188959
0.9497875193889151,0.01561779670116437,0.001631180535188959
0.9502612293889152,0.01561779670116437,0.001972620903909164
0.9507349393889152,0.0193898753197681,0.001631180535188959
0.9512086493889151,0.01561779670116437,0.001631180535188959
0.9516823593889152,0.0193898753197681,0.001631180535188959
0.9521560693889152,0.01561779670116437,0.001289740166468739
0.9526297793889151,0.01561779670116437,0.001631180535188959
0.9531034893889152,0.01561779670116437,0.001289740166468739
0.9535771993889152,0.01561779670116437,0.001289740166468739
0.9540509093889151,0.01561779670116437,0.001289740166468739
0.9545246193889152,0.01561779670116437,0.0009482997977485336
0.9549983293889152,0.01561779670116437,0.0009482997977485336
0.9554720393889151,0.01561779670116437,0.0009482997977485336
0.9559457493889152,0.01561779670116437,0.0009482997977485336
0.9564194593889151,0.01561779670116437,0.0006068594290283141
0.9568931693889151,0.01561779670116437,0.0006068594290283141
0.9573668793889152,0.01561779670116437,0.0006068594290283141
0.9578405893889151,0.01561779670116437,0.0006068594290283141
0.9583142993889151,0.01561779670116437,0.0002654190603080947
0.9587880093889152,0.01561779670116437,0.0002654190603080947
0.9592617193889151,0.01561779670116437,0.0002654190603080947
0.9597354293889151,0.01561779670116437,-7.602130841211086e-05
0.9602091393889152,0.01561779670116437,-7.602130841211086e-05
0.9606828493889152,0.01561779670116437,-7.602130841211086e-05
0.9611565593889151,0.01561779670116437,0.0002654190603080947
0.9616302693889152,0.01561779670116437,0.0002654190603080947
0.9621039793889152,0.01561779670116437,0.0002654190603080947
0.9625776893889151,0.01561779670116437,-7.602130841211086e-05
0.9630513993889152,0.01561779670116437,0.0002654190603080947
0.9635251093889152,0.01561779670116437,0.0002654190603080947
0.9639988193889152,0.01561779670116437,0.0006068594290283141
0.9644725293889151,0.01561779670116437,0.0009482997977485336
0.9649462393889152,0.01561779670116437,0.0009482997977485336
0.9654199493889152,0.01561779670116437,0.0009482997977485336
0.9658936593889151,0.01561779670116437,0.001289740166468739
0.9663673693889152,0.01561779670116437,0.001289740166468739
0.9668410793889152,0.01561779670116437,0.001631180535188959
0.9673147893889151,0.01561779670116437,0.001631180535188959
0.9677884993889152,0.0193898753197681,0.001631180535188959
0.9682622093889152,0.01561779670116437,0.001631180535188959
0.9687359193889151,0.0193898753197681,0.001972620903909164
0.9692096293889152,0.0193898753197681,0.001631180535188959
0.9696833393889152,0.01561779670116437,0.001631180535188959
0.9701570493889151,0.0193898753197681,0.001631180535188959
0.9706307593889152,0.01561779670116437,0.001631180535188959
0.9711044693889151,0.01561779670116437,0.001631180535188959
0.9715781793889151,0.0193898753197681,0.001289740166468739
0.9720518893889152,2.422203955370325,0.004362703484950672
0.9725255993889151,3.014420298491106,0.001289740166468739
0.9729993093889151,3.01819237710971,0.001289740166468739
0.9734730193889152,3.01819237710971,0.001289740166468739
0.9739467293889151,3.01819237710971,0.0009482997977485336
0.9744204393889151,3.01819237710971,0.0009482997977485336
0.9748941493889152,3.021964455728313,0.0009482997977485336
0.9753678593889152,3.021964455728313,0.0009482997977485336
0.9758415693889151,3.021964455728313,0.0009482997977485336
0.9763152793889152,3.021964455728313,0.0006068594290283141
0.9767889893889152,3.021964455728313,0.0006068594290283141
0.9772626993889151,3.021964455728313,0.0006068594290283141
0.9777364093889152,3.021964455728313,0.0006068594290283141
0.9782101193889152,3.021964455728313,0.0002654190603080947
0.9786838293889152,3.021964455728313,-7.602130841211086e-05
0.9791575393889151,3.021964455728313,0.0002654190603080947
0.9796312493889152,3.021964455728313,0.0002654190603080947
0.9801049593889152,3.021964455728313,-7.602130841211086e-05
0.9805786693889151,3.021964455728313,-7.602130841211086e-05
0.9810523793889152,3.021964455728313,-7.602130841211086e-05
0.9815260893889152,3.021964455728313,0.0002654190603080947
0.9819997993889151,3.021964455728313,0.0002654190603080947
0.9824735093889152,3.021964455728313,0.0002654190603080947
0.9829472193889152,3.021964455728313,0.0002654190603080947
0.9834209293889151,3.021964455728313,0.0002654190603080947
0.9838946393889152,3.021964455728313,0.0002654190603080947
0.9843683493889152,3.021964455728313,0.0002654190603080947
0.9848420593889151,3.021964455728313,0.0006068594290283141
0.9853157693889152,3.021964455728313,0.0006068594290283141
0.9857894793889151,3.021964455728313,0.0009482997977485336
0.9862631893889151,3.021964455728313,0.001289740166468739
0.9867368993889152,3.021964455728313,0.001289740166468739
0.9872106093889151,3.021964455728313,0.001631180535188959
0.9876843193889151,3.021964455728313,0.001289740166468739
0.9881580293889152,3.021964455728313,0.001631180535188959
0.9886317393889151,3.021964455728313,0.001631180535188959
0.9891054493889151,3.021964455728313,0.001631180535188959
0.9895791593889152,3.021964455728313,0.001631180535188959
0.9900528693889152,3.021964455728313,0.001972620903909164
0.9905265793889151,3.021964455728313,0.001631180535188959
0.9910002893889152,3.025736534346916,0.001631180535188959
0.9914739993889152,3.025736534346916,0.001631180535188959
0.9919477093889151,3.025736534346916,0.001289740166468739
0.9924214193889151,3.025736534346916,0.001289740166468739
0.9928951293889152,3.021964455728313,0.001289740166468739
0.9933688393889152,3.021964455728313,0.001289740166468739
0.9938425493889151,3.021964455728313,0.0009482997977485336
0.9943162593889152,3.021964455728313,0.001289740166468739
0.9947899693889152,3.021964455728313,0.0009482997977485336
0.9952636793889151,3.021964455728313,0.0006068594290283141
0.9957373893889152,3.021964455728313,0.0009482997977485336
0.9962110993889152,3.021964455728313,0.0009482997977485336
0.9966848093889151,3.021964455728313,0.0006068594290283141
0.9971585193889152,3.021964455728313,0.0006068594290283141
0.9976322293889152,3.021964455728313,0.0006068594290283141
0.9981059393889151,3.021964455728313,0.0006068594290283141
0.9985796493889152,3.021964455728313,0.0002654190603080947
0.9990533593889152,3.021964455728313,0.0002654190603080947
0.9995270693889151,3.021964455728313,0.0002654190603080947
1.000000779388915,3.021964455728313,0.0002654190603080947
1.000474489388915,3.021964455728313,0.0002654190603080947
1.000948199388915,3.021964455728313,-7.602130841211086e-05
1.001421909388915,3.021964455728313,-7.602130841211086e-05
1.001895619388915,3.021964455728313,-7.602130841211086e-05
1.002369329388915,3.021964455728313,0.0002654190603080947
1.002843039388915,3.021964455728313,0.0002654190603080947
1.003316749388915,3.021964455728313,0.0002654190603080947
1.003790459388915,3.021964455728313,0.0006068594290283141
1.004264169388915,3.021964455728313,0.0006068594290283141
1.004737879388915,3.021964455728313,0.0006068594290283141
1.005211589388915,3.021964455728313,0.0009482997977485336
1.005685299388915,3.021964455728313,0.0006068594290283141
1.006159009388915,3.021964455728313,0.0009482997977485336
1.006632719388915,3.021964455728313,0.001289740166468739
1.007106429388915,3.021964455728313,0.001631180535188959
1.007580139388915,3.021964455728313,0.001289740166468739
1.008053849388915,3.021964455728313,0.001631180535188959
1.008527559388915,3.021964455728313,0.001631180535188959
1.009001269388915,3.021964455728313,0.001631180535188959
1.009474979388915,3.021964455728313,0.001631180535188959
1.009948689388915,3.021964455728313,0.001631180535188959
1.010422399388915,3.021964455728313,0.001631180535188959
1.010896109388915,3.021964455728313,0.001631180535188959
1.011369819388915,3.021964455728313,0.001631180535188959
1.011843529388915,3.021964455728313,0.001631180535188959
1.012317239388915,3.021964455728313,0.001289740166468739
1.012790949388915,3.021964455728313,0.001289740166468739
1.013264659388915,3.021964455728313,0.001289740166468739
1.013738369388915,3.021964455728313,0.0009482997977485336
1.014212079388915,3.021964455728313,0.0009482997977485336
1.014685789388915,3.021964455728313,0.0009482997977485336
1.015159499388915,3.021964455728313,0.0009482997977485336
1.015633209388915,3.021964455728313,0.0009482997977485336
1.016106919388915,3.021964455728313,0.0006068594290283141
1.016580629388915,3.021964455728313,0.0002654190603080947
1.017054339388915,3.021964455728313,0.0006068594290283141
1.017528049388915,3.021964455728313,0.0006068594290283141
1.018001759388915,3.021964455728313,0.0006068594290283141
1.018475469388915,3.021964455728313,0.0006068594290283141
1.018949179388915,3.021964455728313,0.0002654190603080947
1.019422889388915,3.021964455728313,0.0002654190603080947
1.019896599388915,3.021964455728313,0.0002654190603080947
1.020370309388915,3.021964455728313,-7.602130841211086e-05
1.020844019388915,3.021964455728313,0.0002654190603080947
1.021317729388915,3.021964455728313,0.0002654190603080947
1.021791439388915,3.021964455728313,0.0002654190603080947
1.022265149388915,3.021964455728313,0.0002654190603080947
1.022738859388915,3.021964455728313,0.0002654190603080947
1.023212569388915,3.021964455728313,0.0002654190603080947
1.023686279388915,3.021964455728313,0.0006068594290283141
1.024159989388915,3.021964455728313,0.0006068594290283141
1.024633699388915,3.021964455728313,0.0006068594290283141
1.025107409388915,3.021964455728313,0.0009482997977485336
1.025581119388915,3.021964455728313,0.0009482997977485336
1.026054829388915,3.021964455728313,0.0009482997977485336
1.026528539388915,3.021964455728313,0.001289740166468739
1.027002249388915,3.021964455728313,0.001289740166468739
1.027475959388915,3.021964455728313,0.001289740166468739
1.027949669388915,3.021964455728313,0.001631180535188959
1.028423379388915,3.021964455728313,0.001972620903909164
1.028897089388915,3.021964455728313,0.001972620903909164
1.029370799388915,3.021964455728313,0.001972620903909164
1.029844509388915,3.021964455728313,0.001972620903909164
1.030318219388915,3.021964455728313,0.001631180535188959
1.030791929388915,3.021964455728313,0.001631180535188959
1.031265639388915,3.021964455728313,0.001631180535188959
1.031739349388915,3.021964455728313,0.001631180535188959
1.032213059388915,3.021964455728313,0.001631180535188959
1.032686769388915,3.021964455728313,0.001289740166468739
1.033160479388915,3.021964455728313,0.001631180535188959
1.033634189388915,3.021964455728313,0.001289740166468739
1.034107899388915,3.021964455728313,0.0009482997977485336
1.034581609388915,3.021964455728313,0.0009482997977485336
1.035055319388915,3.021964455728313,0.0009482997977485336
1.035529029388915,3.021964455728313,0.0009482997977485336
1.036002739388915,3.021964455728313,0.0009482997977485336
1.036476449388915,3.021964455728313,0.0009482997977485336
1.036950159388915,3.021964455728313,0.0006068594290283141
1.037423869388915,3.021964455728313,0.0002654190603080947
1.037897579388915,3.021964455728313,0.0002654190603080947
1.038371289388915,3.021964455728313,0.0002654190603080947
1.038844999388915,3.021964455728313,0.0002654190603080947
1.039318709388915,3.021964455728313,0.0002654190603080947
1.039792419388915,3.021964455728313,-7.602130841211086e-05
1.040266129388915,3.021964455728313,-7.602130841211086e-05
1.040739839388915,3.021964455728313,0.0002654190603080947
1.041213549388915,3.021964455728313,0.0002654190603080947
1.041687259388915,3.021964455728313,0.0002654190603080947
1.042160969388915,3.021964455728313,0.0002654190603080947
1.042634679388915,3.021964455728313,0.0002654190603080947
1.043108389388915,3.021964455728313,0.0002654190603080947
1.043582099388915,3.021964455728313,0.0002654190603080947
1.044055809388915,3.021964455728313,0.0006068594290283141
1.044529519388915,3.021964455728313,0.0006068594290283141
1.045003229388915,3.021964455728313,0.0009482997977485336
1.045476939388915,3.021964455728313,0.0009482997977485336
1.045950649388915,3.021964455728313,0.0009482997977485336
1.046424359388915,3.021964455728313,0.001289740166468739
1.046898069388915,3.021964455728313,0.001289740166468739
1.047371779388915,3.021964455728313,0.001631180535188959
1.047845489388915,3.021964455728313,0.001631180535188959
1.048319199388915,3.021964455728313,0.001631180535188959
1.048792909388915,3.021964455728313,0.001631180535188959
1.049266619388915,3.021964455728313,0.001631180535188959
1.049740329388915,3.021964455728313,0.001631180535188959
1.050214039388915,3.021964455728313,0.001972620903909164
1.050687749388915,3.021964455728313,0.001972620903909164
1.051161459388915,3.021964455728313,0.001631180535188959
1.051635169388915,3.021964455728313,0.001631180535188959
1.052108879388915,3.021964455728313,0.001631180535188959
1.052582589388915,3.021964455728313,0.001631180535188959
1.053056299388915,3.021964455728313,0.001289740166468739
1.053530009388915,3.021964455728313,0.001289740166468739
1.054003719388915,3.021964455728313,0.0009482997977485336
1.054477429388915,3.021964455728313,0.0009482997977485336
1.054951139388915,3.021964455728313,0.0009482997977485336
1.055424849388915,3.021964455728313,0.0009482997977485336
1.055898559388915,3.021964455728313,0.0006068594290283141
1.056372269388915,3.021964455728313,0.0006068594290283141
1.056845979388915,3.021964455728313,0.0006068594290283141
1.057319689388915,3.021964455728313,0.0006068594290283141
1.057793399388915,3.021964455728313,0.0006068594290283141
1.058267109388915,3.021964455728313,0.0002654190603080947
1.058740819388915,3.021964455728313,0.0002654190603080947
1.059214529388915,3.021964455728313,0.0002654190603080947
1.059688239388915,3.021964455728313,-7.602130841211086e-05
1.060161949388915,3.021964455728313,-7.602130841211086e-05
1.060635659388915,3.021964455728313,0.0002654190603080947
1.061109369388915,3.021964455728313,-7.602130841211086e-05
1.061583079388915,3.021964455728313,-7.602130841211086e-05
1.062056789388915,3.021964455728313,-7.602130841211086e-05
1.062530499388915,3.021964455728313,-7.602130841211086e-05
1.063004209388915,3.021964455728313,0.0002654190603080947
1.063477919388915,3.021964455728313,0.0002654190603080947
1.063951629388915,3.021964455728313,0.0006068594290283141
1.064425339388915,3.021964455728313,0.0006068594290283141
1.064899049388915,3.021964455728313,0.0009482997977485336
1.065372759388915,3.021964455728313,0.0009482997977485336
1.065846469388915,3.021964455728313,0.0009482997977485336
1.066320179388915,3.021964455728313,0.0009482997977485336
1.066793889388915,3.021964455728313,0.001289740166468739
1.067267599388915,3.021964455728313,0.001289740166468739
1.067741309388915,3.021964455728313,0.001289740166468739
1.068215019388915,3.021964455728313,0.001631180535188959
1.068688729388915,3.021964455728313,0.001631180535188959
1.069162439388915,3.021964455728313,0.001631180535188959
1.069636149388915,3.021964455728313,0.001631180535188959
1.070109859388915,3.021964455728313,0.001972620903909164
1.070583569388915,3.021964455728313,0.001631180535188959
1.071057279388915,3.021964455728313,0.001631180535188959
1.071530989388915,3.021964455728313,0.001631180535188959
1.072004699388915,3.021964455728313,0.001289740166468739
1.072478409388915,3.021964455728313,0.001289740166468739
1.072952119388915,3.021964455728313,0.001289740166468739
1.073425829388915,3.021964455728313,0.001289740166468739
1.073899539388915,3.021964455728313,0.001289740166468739
1.074373249388915,3.021964455728313,0.0009482997977485336
1.074846959388915,3.021964455728313,0.001289740166468739
1.075320669388915,3.021964455728313,0.0009482997977485336
1.075794379388915,3.021964455728313,0.0009482997977485336
1.076268089388915,3.021964455728313,0.0006068594290283141
1.076741799388915,3.021964455728313,0.0006068594290283141
1.077215509388915,3.021964455728313,0.0002654190603080947
1.077689219388915,3.021964455728313,0.0006068594290283141
1.078162929388915,3.021964455728313,0.0002654190603080947
1.078636639388915,3.021964455728313,0.0002654190603080947
1.079110349388915,3.021964455728313,0.0002654190603080947
1.079584059388915,3.021964455728313,0.0002654190603080947
1.080057769388915,3.021964455728313,-7.602130841211086e-05
1.080531479388915,3.021964455728313,-7.602130841211086e-05
1.081005189388915,3.021964455728313,-7.602130841211086e-05
1.081478899388915,3.021964455728313,-7.602130841211086e-05
1.081952609388915,3.021964455728313,0.0002654190603080947
1.082426319388915,3.021964455728313,0.0002654190603080947
1.082900029388915,3.021964455728313,0.0002654190603080947
1.083373739388915,3.021964455728313,0.0002654190603080947
1.083847449388915,3.021964455728313,0.0006068594290283141
1.084321159388915,3.021964455728313,0.0006068594290283141
1.084794869388915,3.021964455728313,0.0006068594290283141
1.085268579388915,3.021964455728313,0.0009482997977485336
1.085742289388915,3.021964455728313,0.0009482997977485336
1.086215999388915,3.021964455728313,0.001289740166468739
1.086689709388915,3.021964455728313,0.001289740166468739
1.087163419388915,3.021964455728313,0.001631180535188959
1.087637129388915,3.021964455728313,0.001289740166468739
1.088110839388915,3.021964455728313,0.001289740166468739
1.088584549388915,3.021964455728313,0.001631180535188959
1.089058259388915,3.021964455728313,0.001972620903909164
1.089531969388915,3.021964455728313,0.001631180535188959
1.090005679388915,3.021964455728313,0.001631180535188959
1.090479389388915,3.021964455728313,0.001631180535188959
1.090953099388915,3.021964455728313,0.001631180535188959
1.091426809388915,3.021964455728313,0.001631180535188959
1.091900519388915,3.021964455728313,0.001289740166468739
1.092374229388915,3.021964455728313,0.001631180535188959
1.092847939388915,3.021964455728313,0.001631180535188959
1.093321649388915,3.021964455728313,0.001289740166468739
1.093795359388915,3.021964455728313,0.001289740166468739
1.094269069388915,3.021964455728313,0.001289740166468739
1.094742779388915,3.021964455728313,0.0009482997977485336
1.095216489388915,3.021964455728313,0.0009482997977485336
1.095690199388915,3.021964455728313,0.0009482997977485336
1.096163909388915,3.021964455728313,0.0006068594290283141
1.096637619388915,3.021964455728313,0.0006068594290283141
1.097111329388915,3.021964455728313,0.0006068594290283141
1.097585039388915,3.021964455728313,0.0002654190603080947
1.098058749388915,3.021964455728313,0.0006068594290283141
1.098532459388915,3.021964455728313,0.0002654190603080947
1.099006169388915,3.021964455728313,0.0002654190603080947
1.099479879388915,3.021964455728313,0.0002654190603080947
1.099953589388915,3.021964455728313,0.0002654190603080947
1.100427299388915,3.021964455728313,-7.602130841211086e-05
1.100901009388915,3.021964455728313,-7.602130841211086e-05
1.101374719388915,3.021964455728313,0.0002654190603080947
1.101848429388915,3.021964455728313,0.0002654190603080947
1.102322139388915,3.021964455728313,0.0002654190603080947
1.102795849388915,3.021964455728313,-7.602130841211086e-05
1.103269559388915,3.021964455728313,0.0002654190603080947
1.103743269388915,3.021964455728313,0.0006068594290283141
1.104216979388915,3.021964455728313,0.0006068594290283141
1.104690689388915,3.021964455728313,0.0006068594290283141
1.105164399388915,3.021964455728313,0.0009482997977485336
1.105638109388915,3.021964455728313,0.0009482997977485336
1.106111819388915,3.021964455728313,0.0009482997977485336
1.106585529388915,3.021964455728313,0.001289740166468739
1.107059239388915,3.021964455728313,0.001631180535188959
1.107532949388915,3.021964455728313,0.001289740166468739
1.108006659388915,3.021964455728313,0.001631180535188959
1.108480369388915,3.021964455728313,0.001631180535188959
1.108954079388915,3.021964455728313,0.001631180535188959
1.109427789388915,3.021964455728313,0.001631180535188959
1.109901499388915,3.021964455728313,0.001631180535188959
1.110375209388915,3.021964455728313,0.001631180535188959
1.110848919388915,3.021964455728313,0.001631180535188959
1.111322629388915,3.021964455728313,0.001631180535188959
1.111796339388915,3.021964455728313,0.001631180535188959
1.112270049388915,3.021964455728313,0.001631180535188959
1.112743759388915,3.021964455728313,0.001289740166468739
1.113217469388915,3.021964455728313,0.001289740166468739
1.113691179388915,3.021964455728313,0.001289740166468739
1.114164889388915,3.021964455728313,0.001289740166468739
1.114638599388915,3.021964455728313,0.001289740166468739
1.115112309388915,3.021964455728313,0.0009482997977485336
1.115586019388915,3.021964455728313,0.0009482997977485336
1.116059729388915,3.021964455728313,0.0009482997977485336
1.116533439388915,3.021964455728313,0.0009482997977485336
1.117007149388915,3.021964455728313,0.0006068594290283141
1.117480859388915,3.021964455728313,0.0006068594290283141
1.117954569388915,3.021964455728313,0.0006068594290283141
1.118428279388915,3.021964455728313,0.0002654190603080947
1.118901989388915,3.021964455728313,0.0002654190603080947
1.119375699388915,3.021964455728313,0.0002654190603080947
1.119849409388915,3.021964455728313,0.0002654190603080947
1.120323119388915,3.021964455728313,-7.602130841211086e-05
1.120796829388915,3.021964455728313,-7.602130841211086e-05
1.121270539388915,3.021964455728313,0.0002654190603080947
1.121744249388915,3.021964455728313,0.0002654190603080947
1.122217959388915,3.021964455728313,-7.602130841211086e-05
1.122691669388915,3.021964455728313,0.0002654190603080947
1.123165379388915,3.021964455728313,0.0002654190603080947
1.123639089388915,3.021964455728313,0.0006068594290283141
1.124112799388915,3.021964455728313,0.0002654190603080947
1.124586509388915,3.021964455728313,0.0006068594290283141
1.125060219388915,3.021964455728313,0.0006068594290283141
1.125533929388915,3.021964455728313,0.0009482997977485336
1.126007639388915,3.021964455728313,0.0009482997977485336
1.126481349388915,3.021964455728313,0.001289740166468739
1.126955059388915,3.021964455728313,0.001631180535188959
1.127428769388915,3.021964455728313,0.001631180535188959
1.127902479388915,3.021964455728313,0.001631180535188959
1.128376189388915,3.021964455728313,0.001631180535188959
1.128849899388915,3.021964455728313,0.001972620903909164
1.129323609388915,3.021964455728313,0.001972620903909164
1.129797319388915,3.021964455728313,0.001972620903909164
1.130271029388915,3.021964455728313,0.001972620903909164
1.130744739388915,3.021964455728313,0.001972620903909164
1.131218449388915,3.021964455728313,0.001631180535188959
1.131692159388915,3.021964455728313,0.001631180535188959
1.132165869388915,3.021964455728313,0.001631180535188959
1.132639579388915,3.021964455728313,0.001631180535188959
1.133113289388915,3.021964455728313,0.001289740166468739
1.133586999388915,3.021964455728313,0.001289740166468739
1.134060709388915,3.021964455728313,0.001289740166468739
1.134534419388915,3.021964455728313,0.001289740166468739
1.135008129388915,3.021964455728313,0.0006068594290283141
1.135481839388915,3.021964455728313,0.0009482997977485336
1.135955549388915,3.021964455728313,0.0009482997977485336
1.136429259388915,3.021964455728313,0.0006068594290283141
1.136902969388915,3.021964455728313,0.0006068594290283141
1.137376679388915,3.021964455728313,0.0006068594290283141
1.137850389388915,3.021964455728313,0.0006068594290283141
1.138324099388915,3.021964455728313,0.0006068594290283141
1.138797809388915,3.021964455728313,0.0006068594290283141
1.139271519388915,3.021964455728313,0.0002654190603080947
1.139745229388915,3.021964455728313,0.0002654190603080947
1.140218939388915,3.021964455728313,-7.602130841211086e-05
1.140692649388915,3.021964455728313,-7.602130841211086e-05
1.141166359388915,3.021964455728313,-7.602130841211086e-05
1.141640069388915,3.021964455728313,-7.602130841211086e-05
1.142113779388915,3.021964455728313,0.0002654190603080947
1.142587489388915,3.021964455728313,0.0006068594290283141
1.143061199388915,3.021964455728313,0.0006068594290283141
1.143534909388915,3.021964455728313,0.0006068594290283141
1.144008619388915,3.021964455728313,0.0006068594290283141
1.144482329388915,3.021964455728313,0.0009482997977485336
1.144956039388915,3.021964455728313,0.0009482997977485336
1.145429749388915,3.021964455728313,0.0009482997977485336
1.145903459388915,3.021964455728313,0.0009482997977485336
1.146377169388915,3.021964455728313,0.001289740166468739
1.146850879388915,3.021964455728313,0.001631180535188959
1.147324589388915,3.021964455728313,0.001631180535188959
1.147798299388915,3.021964455728313,0.001631180535188959
1.148272009388915,3.021964455728313,0.001631180535188959
1.148745719388915,3.021964455728313,0.001631180535188959
1.149219429388915,3.021964455728313,0.001631180535188959
1.149693139388915,3.021964455728313,0.001631180535188959
1.150166849388915,3.021964455728313,0.001972620903909164
1.150640559388915,3.021964455728313,0.001972620903909164
1.151114269388915,3.021964455728313,0.001631180535188959
1.151587979388915,3.021964455728313,0.001631180535188959
1.152061689388915,3.021964455728313,0.001631180535188959
1.152535399388915,3.021964455728313,0.001631180535188959
1.153009109388915,3.021964455728313,0.001631180535188959
1.153482819388915,3.021964455728313,0.001631180535188959
1.153956529388915,3.021964455728313,0.001289740166468739
1.154430239388915,3.021964455728313,0.001289740166468739
1.154903949388915,3.021964455728313,0.0009482997977485336
1.155377659388915,3.021964455728313,0.0009482997977485336
1.155851369388915,3.021964455728313,0.0009482997977485336
1.156325079388915,3.021964455728313,0.0006068594290283141
1.156798789388915,3.021964455728313,0.0006068594290283141
1.157272499388915,3.021964455728313,0.0006068594290283141
1.157746209388915,3.021964455728313,0.0006068594290283141
1.158219919388915,3.021964455728313,0.0006068594290283141
1.158693629388915,3.021964455728313,0.0002654190603080947
1.159167339388915,3.025736534346916,0.0002654190603080947
1.159641049388915,3.021964455728313,0.0002654190603080947
1.160114759388915,3.021964455728313,-7.602130841211086e-05
1.160588469388915,3.021964455728313,-7.602130841211086e-05
1.161062179388915,3.021964455728313,0.0002654190603080947
1.161535889388915,3.021964455728313,0.0002654190603080947
1.162009599388915,3.021964455728313,0.0002654190603080947
1.162483309388915,3.021964455728313,0.0002654190603080947
1.162957019388915,3.021964455728313,0.0002654190603080947
1.163430729388915,3.021964455728313,0.0002654190603080947
1.163904439388915,3.021964455728313,0.0006068594290283141
1.164378149388915,3.021964455728313,0.0006068594290283141
1.164851859388915,3.021964455728313,0.0006068594290283141
1.165325569388915,3.021964455728313,0.0009482997977485336
1.165799279388915,3.021964455728313,0.0009482997977485336
1.166272989388915,3.021964455728313,0.0009482997977485336
1.166746699388915,3.021964455728313,0.001289740166468739
1.167220409388915,3.021964455728313,0.001289740166468739
1.167694119388915,3.021964455728313,0.001289740166468739
1.168167829388915,3.021964455728313,0.001631180535188959
1.168641539388915,3.021964455728313,0.001972620903909164
1.169115249388915,3.021964455728313,0.001972620903909164
1.169588959388915,3.025736534346916,0.001631180535188959
1.170062669388915,3.025736534346916,0.001972620903909164
1.170536379388915,3.025736534346916,0.001631180535188959
1.171010089388915,3.025736534346916,0.001631180535188959
1.171483799388915,3.021964455728313,0.001631180535188959
1.171957509388915,3.021964455728313,0.001631180535188959
1.172431219388915,3.021964455728313,0.001631180535188959
1.172904929388915,3.021964455728313,0.001631180535188959
1.173378639388915,3.021964455728313,0.001631180535188959
1.173852349388915,3.021964455728313,0.001289740166468739
1.174326059388915,3.021964455728313,0.001289740166468739
1.174799769388915,3.021964455728313,0.001289740166468739
1.175273479388915,3.021964455728313,0.0009482997977485336
1.175747189388915,3.021964455728313,0.0009482997977485336
1.176220899388915,3.021964455728313,0.0009482997977485336
1.176694609388915,3.021964455728313,0.0006068594290283141
1.177168319388915,3.021964455728313,0.0006068594290283141
1.177642029388915,3.021964455728313,0.0006068594290283141
1.178115739388915,3.021964455728313,0.0002654190603080947
1.178589449388915,3.021964455728313,0.0006068594290283141
1.179063159388915,3.021964455728313,0.0002654190603080947
1.179536869388915,3.021964455728313,0.0002654190603080947
1.180010579388915,3.021964455728313,0.0002654190603080947
1.180484289388915,3.021964455728313,0.0002654190603080947
1.180957999388915,3.021964455728313,-7.602130841211086e-05
1.181431709388915,3.021964455728313,0.0002654190603080947
1.181905419388915,3.021964455728313,0.0002654190603080947
1.182379129388915,3.021964455728313,0.0002654190603080947
1.182852839388915,3.021964455728313,0.0002654190603080947
1.183326549388915,3.021964455728313,0.0002654190603080947
1.183800259388915,3.021964455728313,0.0006068594290283141
1.184273969388915,3.021964455728313,0.0006068594290283141
1.184747679388915,3.021964455728313,0.0006068594290283141
1.185221389388915,3.021964455728313,0.0009482997977485336
1.185695099388915,3.021964455728313,0.0009482997977485336
1.186168809388915,3.021964455728313,0.0009482997977485336
1.186642519388915,3.021964455728313,0.001289740166468739
1.187116229388915,3.021964455728313,0.001631180535188959
1.187589939388915,3.021964455728313,0.001631180535188959
1.188063649388915,3.021964455728313,0.001631180535188959
1.188537359388915,3.021964455728313,0.001631180535188959
1.189011069388915,3.021964455728313,0.001631180535188959
1.189484779388915,3.021964455728313,0.001972620903909164
1.189958489388915,3.021964455728313,0.001972620903909164
1.190432199388915,3.021964455728313,0.001972620903909164
1.190905909388915,3.021964455728313,0.001972620903909164
1.191379619388915,3.021964455728313,0.001631180535188959
1.191853329388915,3.021964455728313,0.001631180535188959
1.192327039388915,3.021964455728313,0.001631180535188959
1.192800749388915,3.021964455728313,0.001289740166468739
1.193274459388915,3.021964455728313,0.001289740166468739
1.193748169388915,3.021964455728313,0.001289740166468739
1.194221879388915,3.021964455728313,0.0009482997977485336
1.194695589388915,3.021964455728313,0.0009482997977485336
1.195169299388915,3.021964455728313,0.0009482997977485336
1.195643009388915,3.021964455728313,0.0009482997977485336
1.196116719388915,3.021964455728313,0.0009482997977485336
1.196590429388915,3.021964455728313,0.0009482997977485336
1.197064139388915,3.021964455728313,0.0006068594290283141
1.197537849388915,3.021964455728313,0.0006068594290283141
1.198011559388915,3.021964455728313,0.0006068594290283141
1.198485269388915,3.021964455728313,0.0002654190603080947
1.198958979388915,3.021964455728313,0.0002654190603080947
1.199432689388915,3.021964455728313,-7.602130841211086e-05
1.199906399388915,3.021964455728313,-7.602130841211086e-05
1.200380109388915,3.021964455728313,-7.602130841211086e-05
1.200853819388915,3.021964455728313,0.0002654190603080947
1.201327529388915,3.021964455728313,0.0002654190603080947
1.201801239388915,3.021964455728313,0.0002654190603080947
1.202274949388915,3.021964455728313,0.0002654190603080947
1.202748659388915,3.021964455728313,0.0002654190603080947
1.203222369388915,3.021964455728313,0.0002654190603080947
1.203696079388915,3.021964455728313,0.0006068594290283141
1.204169789388915,3.021964455728313,0.0006068594290283141
1.204643499388915,3.021964455728313,0.0006068594290283141
1.205117209388915,3.021964455728313,0.0006068594290283141
1.205590919388915,3.021964455728313,0.0009482997977485336
1.206064629388915,3.021964455728313,0.0009482997977485336
1.206538339388915,3.021964455728313,0.0009482997977485336
1.207012049388915,3.021964455728313,0.001631180535188959
1.207485759388915,3.021964455728313,0.001631180535188959
1.207959469388915,3.021964455728313,0.001289740166468739
1.208433179388915,3.021964455728313,0.001631180535188959
1.208906889388915,3.021964455728313,0.001631180535188959
1.209380599388915,3.021964455728313,0.001631180535188959
1.209854309388915,3.021964455728313,0.001631180535188959
1.210328019388915,3.021964455728313,0.001631180535188959
1.210801729388915,3.021964455728313,0.001631180535188959
1.211275439388915,3.021964455728313,0.001631180535188959
1.211749149388915,3.021964455728313,0.001631180535188959
1.212222859388915,3.021964455728313,0.001631180535188959
1.212696569388915,3.021964455728313,0.001289740166468739
1.213170279388915,3.021964455728313,0.001289740166468739
1.213643989388915,3.021964455728313,0.001289740166468739
1.214117699388915,3.021964455728313,0.001289740166468739
1.214591409388915,3.021964455728313,0.0009482997977485336
1.215065119388915,3.021964455728313,0.0009482997977485336
1.215538829388915,3.021964455728313,0.0009482997977485336
1.216012539388915,3.021964455728313,0.0009482997977485336
1.216486249388915,3.021964455728313,0.0006068594290283141
1.216959959388915,3.021964455728313,0.0006068594290283141
1.217433669388915,3.021964455728313,0.0006068594290283141
1.217907379388915,3.021964455728313,0.0006068594290283141
1.218381089388915,3.021964455728313,0.0002654190603080947
1.218854799388915,3.021964455728313,0.0002654190603080947
1.219328509388915,3.021964455728313,0.0002654190603080947
1.219802219388915,3.021964455728313,0.0002654190603080947
1.220275929388915,3.021964455728313,-7.602130841211086e-05
1.220749639388915,3.021964455728313,-7.602130841211086e-05
1.221223349388915,3.021964455728313,-7.602130841211086e-05
1.221697059388915,3.021964455728313,0.0002654190603080947
1.222170769388915,3.021964455728313,0.0002654190603080947
1.222644479388915,3.021964455728313,0.0002654190603080947
1.223118189388915,3.021964455728313,0.0002654190603080947
1.223591899388915,3.021964455728313,0.0002654190603080947
1.224065609388915,3.021964455728313,0.0006068594290283141
1.224539319388915,3.021964455728313,0.0009482997977485336
1.225013029388915,3.021964455728313,0.0006068594290283141
1.225486739388915,3.021964455728313,0.0009482997977485336
1.225960449388915,3.021964455728313,0.0009482997977485336
1.226434159388915,3.021964455728313,0.0009482997977485336
1.226907869388915,3.021964455728313,0.001289740166468739
1.227381579388915,3.021964455728313,0.001631180535188959
1.227855289388915,3.021964455728313,0.001289740166468739
1.228328999388915,3.021964455728313,0.001631180535188959
1.228802709388915,3.021964455728313,0.001631180535188959
1.229276419388915,3.021964455728313,0.001631180535188959
1.229750129388915,3.021964455728313,0.001631180535188959
1.230223839388915,3.021964455728313,0.001631180535188959
1.230697549388915,3.021964455728313,0.001631180535188959
1.231171259388915,3.021964455728313,0.001631180535188959
1.231644969388915,3.021964455728313,0.001289740166468739
1.232118679388915,3.021964455728313,0.001289740166468739
1.232592389388915,3.021964455728313,0.001289740166468739
1.233066099388915,3.021964455728313,0.001289740166468739
1.233539809388915,3.021964455728313,0.001289740166468739
1.234013519388915,3.021964455728313,0.0009482997977485336
1.234487229388915,3.021964455728313,0.0009482997977485336
1.234960939388915,3.021964455728313,0.0009482997977485336
1.235434649388915,3.021964455728313,0.0009482997977485336
1.235908359388915,3.021964455728313,0.0009482997977485336
1.236382069388915,3.021964455728313,0.0009482997977485336
1.236855779388915,3.021964455728313,0.0006068594290283141
1.237329489388915,3.021964455728313,0.0006068594290283141
1.237803199388915,3.021964455728313,0.0006068594290283141
1.238276909388915,3.021964455728313,0.0002654190603080947
1.238750619388915,3.021964455728313,0.0002654190603080947
1.239224329388915,3.021964455728313,0.0002654190603080947
1.239698039388915,3.021964455728313,0.0002654190603080947
1.240171749388915,3.021964455728313,0.0002654190603080947
1.240645459388915,3.021964455728313,0.0002654190603080947
1.241119169388915,3.021964455728313,0.0002654190603080947
1.241592879388915,3.021964455728313,0.0002654190603080947
1.242066589388915,3.021964455728313,0.0002654190603080947
1.242540299388915,3.021964455728313,-7.602130841211086e-05
1.243014009388915,3.021964455728313,0.0002654190603080947
1.243487719388915,3.021964455728313,0.0002654190603080947
1.243961429388915,3.021964455728313,0.0006068594290283141
1.244435139388915,3.021964455728313,0.0006068594290283141
1.244908849388915,3.021964455728313,0.0009482997977485336
1.245382559388915,3.021964455728313,0.0009482997977485336
1.245856269388915,3.021964455728313,0.0009482997977485336
1.246329979388915,3.021964455728313,0.0009482997977485336
1.246803689388915,3.021964455728313,0.001289740166468739
1.247277399388915,3.021964455728313,0.001631180535188959
1.247751109388915,3.021964455728313,0.001631180535188959
1.248224819388915,3.021964455728313,0.001631180535188959
1.248698529388915,3.021964455728313,0.001631180535188959
1.249172239388915,3.021964455728313,0.001972620903909164
1.249645949388915,3.021964455728313,0.001631180535188959
1.250119659388915,3.021964455728313,0.001631180535188959
1.250593369388915,3.021964455728313,0.001631180535188959
1.251067079388915,3.021964455728313,0.001631180535188959
1.251540789388915,3.021964455728313,0.001631180535188959
1.252014499388915,3.021964455728313,0.001631180535188959
1.252488209388915,3.021964455728313,0.001631180535188959
1.252961919388915,3.021964455728313,0.001289740166468739
1.253435629388915,3.021964455728313,0.001289740166468739
1.253909339388915,3.021964455728313,0.001289740166468739
1.254383049388915,3.021964455728313,0.001289740166468739
1.254856759388915,3.021964455728313,0.0009482997977485336
1.255330469388915,3.021964455728313,0.0009482997977485336
1.255804179388915,3.021964455728313,0.0009482997977485336
1.256277889388915,3.021964455728313,0.0009482997977485336
1.256751599388915,3.021964455728313,0.0006068594290283141
1.257225309388915,3.021964455728313,0.0006068594290283141
1.257699019388915,3.021964455728313,0.0006068594290283141
1.258172729388915,3.021964455728313,0.0002654190603080947
1.258646439388915,3.021964455728313,0.0002654190603080947
1.259120149388915,3.021964455728313,0.0002654190603080947
1.259593859388915,3.021964455728313,0.0002654190603080947
1.260067569388915,3.021964455728313,0.0002654190603080947
1.260541279388915,3.021964455728313,0.0002654190603080947
1.261014989388915,3.021964455728313,0.0002654190603080947
1.261488699388915,3.021964455728313,0.0002654190603080947
1.261962409388915,3.021964455728313,0.0002654190603080947
1.262436119388915,3.021964455728313,0.0002654190603080947
1.262909829388915,3.021964455728313,0.0002654190603080947
1.263383539388915,3.021964455728313,0.0002654190603080947
1.263857249388915,3.021964455728313,0.0002654190603080947
1.264330959388915,3.021964455728313,0.0006068594290283141
1.264804669388915,3.021964455728313,0.0006068594290283141
1.265278379388915,3.021964455728313,0.0009482997977485336
1.265752089388915,3.021964455728313,0.0009482997977485336
1.266225799388915,3.021964455728313,0.0009482997977485336
1.266699509388915,3.021964455728313,0.001289740166468739
1.267173219388915,3.021964455728313,0.001631180535188959
1.267646929388915,3.021964455728313,0.001289740166468739
1.268120639388915,3.021964455728313,0.001631180535188959
1.268594349388915,3.021964455728313,0.001631180535188959
1.269068059388915,3.021964455728313,0.001631180535188959
1.269541769388915,3.021964455728313,0.001631180535188959
1.270015479388915,3.021964455728313,0.001631180535188959
1.270489189388915,3.021964455728313,0.001631180535188959
1.270962899388915,3.021964455728313,0.001631180535188959
1.271436609388915,3.021964455728313,0.001289740166468739
1.271910319388915,3.021964455728313,0.001631180535188959
1.272384029388915,3.021964455728313,0.001289740166468739
1.272857739388915,3.021964455728313,0.001289740166468739
1.273331449388915,3.021964455728313,0.001289740166468739
1.273805159388915,3.021964455728313,0.0009482997977485336
1.274278869388915,3.021964455728313,0.0009482997977485336
1.274752579388915,3.021964455728313,0.0006068594290283141
1.275226289388915,3.021964455728313,0.0009482997977485336
1.275699999388915,3.021964455728313,0.0006068594290283141
1.276173709388915,3.021964455728313,0.0009482997977485336
1.276647419388915,3.021964455728313,0.0009482997977485336
1.277121129388915,3.021964455728313,0.0006068594290283141
1.277594839388915,3.021964455728313,0.0002654190603080947
1.278068549388915,3.021964455728313,0.0002654190603080947
1.278542259388915,3.021964455728313,0.0002654190603080947
1.279015969388915,3.021964455728313,0.0002654190603080947
1.279489679388915,3.021964455728313,0.0002654190603080947
1.279963389388915,3.021964455728313,0.0002654190603080947
1.280437099388915,3.021964455728313,0.0002654190603080947
1.280910809388915,3.021964455728313,0.0002654190603080947
1.281384519388915,3.021964455728313,0.0002654190603080947
1.281858229388915,3.021964455728313,0.0002654190603080947
1.282331939388915,3.021964455728313,0.0002654190603080947
1.282805649388915,3.021964455728313,0.0002654190603080947
1.283279359388915,3.021964455728313,0.0002654190603080947
1.283753069388915,3.021964455728313,0.0002654190603080947
1.284226779388915,3.021964455728313,0.0006068594290283141
1.284700489388915,3.021964455728313,0.0006068594290283141
1.285174199388915,3.021964455728313,0.0009482997977485336
1.285647909388915,3.021964455728313,0.0006068594290283141
1.286121619388915,3.021964455728313,0.0009482997977485336
1.286595329388915,3.021964455728313,0.001289740166468739
1.287069039388915,3.021964455728313,0.001631180535188959
1.287542749388915,3.021964455728313,0.001631180535188959
1.288016459388915,3.021964455728313,0.001631180535188959
1.288490169388915,3.021964455728313,0.001631180535188959
1.288963879388915,3.021964455728313,0.001631180535188959
1.289437589388915,3.021964455728313,0.001631180535188959
1.289911299388915,3.021964455728313,0.001631180535188959
1.290385009388915,3.021964455728313,0.001631180535188959
1.290858719388915,3.021964455728313,0.001631180535188959
1.291332429388915,3.021964455728313,0.001631180535188959
1.291806139388915,3.021964455728313,0.001631180535188959
1.292279849388915,3.021964455728313,0.001631180535188959
1.292753559388915,3.021964455728313,0.001289740166468739
1.293227269388915,3.021964455728313,0.001289740166468739
1.293700979388915,3.021964455728313,0.001289740166468739
1.294174689388915,3.021964455728313,0.0009482997977485336
1.294648399388915,3.021964455728313,0.0009482997977485336
1.295122109388915,3.021964455728313,0.0009482997977485336
1.295595819388915,3.021964455728313,0.0009482997977485336
1.296069529388915,3.021964455728313,0.0009482997977485336
1.296543239388915,3.021964455728313,0.0006068594290283141
1.297016949388915,3.021964455728313,0.0006068594290283141
1.297490659388915,3.021964455728313,0.0006068594290283141
1.297964369388915,3.021964455728313,0.0002654190603080947
1.298438079388915,3.021964455728313,0.0002654190603080947
1.298911789388915,3.021964455728313,0.0002654190603080947
1.299385499388915,3.021964455728313,0.0002654190603080947
1.299859209388915,3.021964455728313,0.0002654190603080947
1.300332919388915,3.021964455728313,-7.602130841211086e-05
1.300806629388915,3.021964455728313,-7.602130841211086e-05
1.301280339388915,3.021964455728313,-7.602130841211086e-05
1.301754049388915,3.021964455728313,0.0002654190603080947
1.302227759388915,3.021964455728313,-7.602130841211086e-05
1.302701469388915,3.021964455728313,-7.602130841211086e-05
1.303175179388915,3.021964455728313,0.0002654190603080947
1.303648889388915,3.021964455728313,0.0002654190603080947
1.304122599388915,3.021964455728313,0.0006068594290283141
1.304596309388915,3.021964455728313,0.0006068594290283141
1.305070019388915,3.021964455728313,0.0006068594290283141
1.305543729388915,3.021964455728313,0.0009482997977485336
1.306017439388915,3.021964455728313,0.0009482997977485336
1.306491149388915,3.021964455728313,0.001289740166468739
1.306964859388915,3.021964455728313,0.001289740166468739
1.307438569388915,3.021964455728313,0.001631180535188959
1.307912279388915,3.021964455728313,0.001631180535188959
1.308385989388915,3.021964455728313,0.001972620903909164
1.308859699388915,3.021964455728313,0.001972620903909164
1.309333409388915,3.021964455728313,0.001631180535188959
1.309807119388915,3.021964455728313,0.001631180535188959
1.310280829388915,3.021964455728313,0.001972620903909164
1.310754539388915,3.021964455728313,0.001631180535188959
1.311228249388915,3.021964455728313,0.001631180535188959
1.311701959388915,3.021964455728313,0.001631180535188959
1.312175669388915,3.021964455728313,0.001631180535188959
1.312649379388915,3.021964455728313,0.001631180535188959
1.313123089388915,2.13175390173784,-0.001441782783292975
1.313596799388915,0.01561779670116437,0.001289740166468739
1.314070509388915,0.01561779670116437,0.001289740166468739
1.314544219388915,0.01561779670116437,0.0009482997977485336
1.315017929388915,0.01561779670116437,0.0009482997977485336
1.315491639388915,0.01561779670116437,0.0009482997977485336
1.315965349388915,0.01561779670116437,0.0009482997977485336
1.316439059388915,0.01561779670116437,0.0006068594290283141
1.316912769388915,0.01561779670116437,0.0006068594290283141
1.317386479388915,0.01561779670116437,0.0002654190603080947
1.317860189388915,0.01561779670116437,0.0002654190603080947
1.318333899388915,0.01561779670116437,0.0002654190603080947
1.318807609388915,0.01561779670116437,0.0002654190603080947
1.319281319388915,0.01561779670116437,0.0002654190603080947
1.319755029388915,0.01561779670116437,0.0002654190603080947
1.320228739388915,0.01561779670116437,0.0002654190603080947
1.320702449388915,0.01561779670116437,0.0002654190603080947
1.321176159388915,0.01561779670116437,0.0002654190603080947
1.321649869388915,0.01561779670116437,0.0002654190603080947
1.322123579388915,0.01561779670116437,0.0002654190603080947
1.322597289388915,0.01561779670116437,0.0002654190603080947
1.323070999388915,0.01561779670116437,0.0006068594290283141
1.323544709388915,0.01561779670116437,0.0006068594290283141
1.324018419388915,0.01561779670116437,0.0006068594290283141
1.324492129388915,0.01561779670116437,0.0006068594290283141
1.324965839388915,0.01561779670116437,0.0006068594290283141
1.325439549388915,0.01561779670116437,0.0009482997977485336
1.325913259388915,0.0193898753197681,0.0009482997977485336
1.326386969388915,0.01561779670116437,0.0009482997977485336
1.326860679388915,0.01561779670116437,0.001289740166468739
1.327334389388915,0.01561779670116437,0.001631180535188959
1.327808099388915,0.01561779670116437,0.001289740166468739
1.328281809388915,0.01561779670116437,0.001631180535188959
1.328755519388915,0.01561779670116437,0.001631180535188959
1.329229229388915,0.01561779670116437,0.001631180535188959
1.329702939388915,0.01561779670116437,0.001631180535188959
1.330176649388915,0.01561779670116437,0.001972620903909164
1.330650359388915,0.01561779670116437,0.001972620903909164
1.331124069388915,0.01561779670116437,0.001631180535188959
1.331597779388915,0.01561779670116437,0.001631180535188959
1.332071489388915,0.01561779670116437,0.001631180535188959
1.332545199388915,0.01561779670116437,0.001631180535188959
1.333018909388915,0.01561779670116437,0.001289740166468739
1.333492619388915,0.01561779670116437,0.001289740166468739
1.333966329388915,0.01561779670116437,0.001289740166468739
1.334440039388915,0.01561779670116437,0.001289740166468739
1.334913749388915,0.01561779670116437,0.0009482997977485336
1.335387459388915,0.01561779670116437,0.0009482997977485336
1.335861169388915,0.01561779670116437,0.0009482997977485336
1.336334879388915,0.01561779670116437,0.0009482997977485336
1.336808589388915,0.01561779670116437,0.0006068594290283141
1.337282299388915,0.01561779670116437,0.0006068594290283141
1.337756009388915,0.01561779670116437,0.0006068594290283141
1.338229719388915,0.01561779670116437,0.0006068594290283141
1.338703429388915,0.01561779670116437,0.0002654190603080947
1.339177139388915,0.01561779670116437,-7.602130841211086e-05
1.339650849388915,0.01561779670116437,0.0002654190603080947
1.340124559388915,0.01561779670116437,0.0002654190603080947
1.340598269388915,0.01561779670116437,0.0002654190603080947
1.341071979388915,0.01561779670116437,0.0002654190603080947
1.341545689388915,0.01561779670116437,0.0002654190603080947
1.342019399388915,0.01561779670116437,0.0002654190603080947
1.342493109388915,0.01561779670116437,0.0002654190603080947
1.342966819388915,0.01561779670116437,0.0002654190603080947
1.343440529388915,0.01561779670116437,0.0002654190603080947
1.343914239388915,0.01561779670116437,0.0002654190603080947
1.344387949388915,0.01561779670116437,0.0006068594290283141
1.344861659388915,0.01561779670116437,0.0006068594290283141
1.345335369388915,0.01561779670116437,0.0006068594290283141
1.345809079388915,0.01561779670116437,0.0009482997977485336
1.346282789388915,0.01561779670116437,0.0009482997977485336
1.346756499388915,0.01561779670116437,0.001289740166468739
1.347230209388915,0.01561779670116437,0.001289740166468739
1.347703919388915,0.01561779670116437,0.001289740166468739
1.348177629388915,0.01561779670116437,0.001631180535188959
1.348651339388915,0.01561779670116437,0.001631180535188959
1.349125049388915,0.01561779670116437,0.001972620903909164
1.349598759388915,0.01561779670116437,0.001631180535188959
1.350072469388915,0.6568711618637932,0.004362703484950672
1.350546179388915,3.014420298491106,0.002314061272629384
1.351019889388915,3.014420298491106,0.001631180535188959
1.351493599388915,3.01819237710971,0.001631180535188959
1.351967309388915,3.01819237710971,0.001631180535188959
1.352441019388915,3.01819237710971,0.001631180535188959
1.352914729388915,3.021964455728313,0.001631180535188959
1.353388439388915,3.021964455728313,0.001631180535188959
1.353862149388915,3.021964455728313,0.001289740166468739
1.354335859388915,3.021964455728313,0.001289740166468739
1.354809569388915,3.021964455728313,0.0009482997977485336
1.355283279388915,3.021964455728313,0.0009482997977485336
1.355756989388915,3.021964455728313,0.0009482997977485336
1.356230699388915,3.021964455728313,0.0009482997977485336
1.356704409388915,3.021964455728313,0.0009482997977485336
1.357178119388915,3.021964455728313,0.0006068594290283141
1.357651829388915,3.021964455728313,0.0006068594290283141
1.358125539388915,3.021964455728313,0.0006068594290283141
1.358599249388915,3.021964455728313,0.0006068594290283141
1.359072959388915,3.021964455728313,0.0002654190603080947
1.359546669388915,3.021964455728313,0.0002654190603080947
1.360020379388915,3.021964455728313,-7.602130841211086e-05
1.360494089388915,3.021964455728313,-7.602130841211086e-05
1.360967799388915,3.021964455728313,-7.602130841211086e-05
1.361441509388915,3.021964455728313,0.0002654190603080947
1.361915219388915,3.021964455728313,0.0002654190603080947
1.362388929388915,3.021964455728313,0.0002654190603080947
1.362862639388915,3.021964455728313,0.0002654190603080947
1.363336349388915,3.021964455728313,0.0006068594290283141
1.363810059388915,3.021964455728313,0.0006068594290283141
1.364283769388915,3.021964455728313,0.0006068594290283141
1.364757479388915,3.021964455728313,0.0006068594290283141
1.365231189388915,3.021964455728313,0.0009482997977485336
1.365704899388915,3.021964455728313,0.0009482997977485336
1.366178609388915,3.021964455728313,0.0009482997977485336
1.366652319388915,3.021964455728313,0.0009482997977485336
1.367126029388915,3.021964455728313,0.001289740166468739
1.367599739388915,3.021964455728313,0.001631180535188959
1.368073449388915,3.021964455728313,0.001289740166468739
1.368547159388915,3.021964455728313,0.001631180535188959
1.369020869388915,3.021964455728313,0.001631180535188959
1.369494579388915,3.021964455728313,0.001631180535188959
1.369968289388915,3.021964455728313,0.001972620903909164
1.370441999388915,3.021964455728313,0.001972620903909164
1.370915709388915,3.021964455728313,0.001631180535188959
1.371389419388915,3.021964455728313,0.001289740166468739
1.371863129388915,3.021964455728313,0.001289740166468739
1.372336839388915,3.021964455728313,0.001631180535188959
1.372810549388915,3.021964455728313,0.001289740166468739
1.373284259388915,3.021964455728313,0.001631180535188959
1.373757969388915,3.021964455728313,0.001289740166468739
1.374231679388915,3.021964455728313,0.001289740166468739
1.374705389388915,3.021964455728313,0.0009482997977485336
1.375179099388915,3.021964455728313,0.0009482997977485336
1.375652809388915,3.021964455728313,0.0009482997977485336
1.376126519388915,3.021964455728313,0.0009482997977485336
1.376600229388915,3.021964455728313,0.0006068594290283141
1.377073939388915,3.021964455728313,0.0006068594290283141
1.377547649388915,3.021964455728313,0.0006068594290283141
1.378021359388915,3.021964455728313,0.0006068594290283141
1.378495069388915,3.021964455728313,0.0002654190603080947
1.378968779388915,3.021964455728313,0.0002654190603080947
1.379442489388915,3.021964455728313,0.0002654190603080947
1.379916199388915,3.021964455728313,0.0002654190603080947
1.380389909388915,3.021964455728313,-7.602130841211086e-05
1.380863619388915,3.021964455728313,-7.602130841211086e-05
1.381337329388915,3.021964455728313,0.0002654190603080947
1.381811039388915,3.021964455728313,0.0002654190603080947
1.382284749388915,3.021964455728313,-7.602130841211086e-05
1.382758459388915,3.021964455728313,0.0002654190603080947
1.383232169388915,3.021964455728313,0.0002654190603080947
1.383705879388915,3.021964455728313,0.0006068594290283141
1.384179589388915,3.021964455728313,0.0006068594290283141
1.384653299388915,3.021964455728313,0.0009482997977485336
1.385127009388915,3.021964455728313,0.0009482997977485336
1.385600719388915,3.021964455728313,0.0009482997977485336
1.386074429388915,3.021964455728313,0.001289740166468739
1.386548139388915,3.021964455728313,0.001289740166468739
1.387021849388915,3.021964455728313,0.001289740166468739
1.387495559388915,3.021964455728313,0.001289740166468739
1.387969269388915,3.021964455728313,0.001289740166468739
1.388442979388915,3.021964455728313,0.001631180535188959
1.388916689388915,3.021964455728313,0.001631180535188959
1.389390399388915,3.021964455728313,0.001631180535188959
1.389864109388915,3.021964455728313,0.001631180535188959
1.390337819388915,3.021964455728313,0.001972620903909164
1.390811529388915,3.021964455728313,0.001972620903909164
1.391285239388915,3.021964455728313,0.001972620903909164
1.391758949388915,3.021964455728313,0.001631180535188959
1.392232659388915,3.021964455728313,0.001289740166468739
1.392706369388915,3.021964455728313,0.001289740166468739
1.393180079388915,3.021964455728313,0.001289740166468739
1.393653789388915,3.021964455728313,0.001289740166468739
1.394127499388915,3.021964455728313,0.0009482997977485336
1.394601209388915,3.021964455728313,0.0009482997977485336
1.395074919388915,3.021964455728313,0.0006068594290283141
1.395548629388915,3.021964455728313,0.0009482997977485336
1.396022339388915,3.021964455728313,0.0009482997977485336
1.396496049388915,3.021964455728313,0.0009482997977485336
1.396969759388915,3.021964455728313,0.0006068594290283141
1.397443469388915,3.021964455728313,0.0006068594290283141
1.397917179388915,3.021964455728313,0.0006068594290283141
1.398390889388915,3.021964455728313,0.0002654190603080947
1.398864599388915,3.021964455728313,0.0002654190603080947
1.399338309388915,3.021964455728313,0.0002654190603080947
1.399812019388915,3.021964455728313,0.0002654190603080947
1.400285729388915,3.021964455728313,-7.602130841211086e-05
1.400759439388915,3.021964455728313,-7.602130841211086e-05
1.401233149388915,3.021964455728313,0.0002654190603080947
1.401706859388915,3.021964455728313,0.0002654190603080947
1.402180569388915,3.021964455728313,0.0002654190603080947
1.402654279388915,3.021964455728313,0.0002654190603080947
1.403127989388915,3.021964455728313,0.0002654190603080947
1.403601699388915,3.021964455728313,0.0002654190603080947
1.404075409388915,3.021964455728313,0.0002654190603080947
1.404549119388915,3.021964455728313,0.0006068594290283141
1.405022829388915,3.021964455728313,0.0009482997977485336
1.405496539388915,3.021964455728313,0.0009482997977485336
1.405970249388915,3.021964455728313,0.001289740166468739
1.406443959388915,3.021964455728313,0.001289740166468739
1.406917669388915,3.021964455728313,0.001289740166468739
1.407391379388915,3.021964455728313,0.001289740166468739
1.407865089388915,3.021964455728313,0.001631180535188959
1.408338799388915,3.021964455728313,0.001631180535188959
1.408812509388915,3.021964455728313,0.001631180535188959
1.409286219388915,3.021964455728313,0.001631180535188959
1.409759929388915,3.021964455728313,0.001631180535188959
1.410233639388915,3.021964455728313,0.001972620903909164
1.410707349388915,3.021964455728313,0.001972620903909164
1.411181059388915,3.021964455728313,0.001631180535188959
1.411654769388915,3.021964455728313,0.001631180535188959
1.412128479388915,3.021964455728313,0.001631180535188959
1.412602189388915,3.021964455728313,0.001631180535188959
1.413075899388915,3.021964455728313,0.001631180535188959
1.413549609388915,3.021964455728313,0.001289740166468739
1.414023319388915,3.021964455728313,0.001289740166468739
1.414497029388915,3.021964455728313,0.0009482997977485336
1.414970739388915,3.021964455728313,0.0009482997977485336
1.415444449388915,3.021964455728313,0.0009482997977485336
1.415918159388915,3.021964455728313,0.0009482997977485336
1.416391869388915,3.021964455728313,0.0009482997977485336
1.416865579388915,3.021964455728313,0.0006068594290283141
1.417339289388915,3.021964455728313,0.0006068594290283141
1.417812999388915,3.021964455728313,0.0006068594290283141
1.418286709388915,3.021964455728313,0.0006068594290283141
1.418760419388915,3.021964455728313,0.0002654190603080947
1.419234129388915,3.021964455728313,0.0002654190603080947
1.419707839388915,3.021964455728313,0.0002654190603080947
1.420181549388915,3.021964455728313,0.0002654190603080947
1.420655259388915,3.021964455728313,0.0002654190603080947
1.421128969388915,3.021964455728313,-7.602130841211086e-05
1.421602679388915,3.021964455728313,0.0002654190603080947
1.422076389388915,3.021964455728313,0.0002654190603080947
1.422550099388915,3.021964455728313,0.0002654190603080947
1.423023809388915,3.021964455728313,0.0002654190603080947
1.423497519388915,3.021964455728313,0.0002654190603080947
1.423971229388915,3.021964455728313,0.0002654190603080947
1.424444939388915,3.021964455728313,0.0006068594290283141
1.424918649388915,3.021964455728313,0.0006068594290283141
1.425392359388915,3.021964455728313,0.0006068594290283141
1.425866069388915,3.021964455728313,0.0009482997977485336
1.426339779388915,3.021964455728313,0.0009482997977485336
1.426813489388915,3.021964455728313,0.001289740166468739
1.427287199388915,3.021964455728313,0.001631180535188959
1.427760909388915,3.021964455728313,0.001631180535188959
1.428234619388915,3.021964455728313,0.001631180535188959
1.428708329388915,3.021964455728313,0.001972620903909164
1.429182039388915,3.021964455728313,0.001631180535188959
1.429655749388915,3.021964455728313,0.001631180535188959
1.430129459388915,3.021964455728313,0.001972620903909164
1.430603169388915,3.021964455728313,0.001972620903909164
1.431076879388915,3.021964455728313,0.001631180535188959
1.431550589388915,3.021964455728313,0.001631180535188959
1.432024299388915,3.021964455728313,0.001289740166468739
1.432498009388915,3.021964455728313,0.001289740166468739
1.432971719388915,3.021964455728313,0.001289740166468739
1.433445429388915,3.021964455728313,0.001289740166468739
1.433919139388915,3.021964455728313,0.001289740166468739
1.434392849388915,3.021964455728313,0.0009482997977485336
1.434866559388915,3.021964455728313,0.0009482997977485336
1.435340269388915,3.021964455728313,0.0009482997977485336
1.435813979388915,3.021964455728313,0.0009482997977485336
1.436287689388915,3.021964455728313,0.0006068594290283141
1.436761399388915,3.021964455728313,0.0009482997977485336
1.437235109388915,3.021964455728313,0.0006068594290283141
1.437708819388915,3.021964455728313,0.0006068594290283141
1.438182529388915,3.021964455728313,0.0002654190603080947
1.438656239388915,3.021964455728313,0.0002654190603080947
1.439129949388915,3.021964455728313,0.0002654190603080947
1.439603659388915,3.021964455728313,0.0002654190603080947
1.440077369388915,3.021964455728313,0.0002654190603080947
1.440551079388915,3.021964455728313,-7.602130841211086e-05
1.441024789388915,3.021964455728313,-7.602130841211086e-05
1.441498499388915,3.021964455728313,0.0002654190603080947
1.441972209388915,3.021964455728313,0.0002654190603080947
1.442445919388915,3.021964455728313,0.0002654190603080947
1.442919629388915,3.021964455728313,0.0002654190603080947
1.443393339388915,3.021964455728313,0.0002654190603080947
1.443867049388915,3.021964455728313,0.0002654190603080947
1.444340759388915,3.021964455728313,0.0006068594290283141
1.444814469388915,3.021964455728313,0.0006068594290283141
1.445288179388915,3.021964455728313,0.0009482997977485336
1.445761889388915,3.021964455728313,0.0009482997977485336
1.446235599388915,3.021964455728313,0.0009482997977485336
1.446709309388915,3.021964455728313,0.0009482997977485336
1.447183019388915,3.021964455728313,0.001289740166468739
1.447656729388915,3.021964455728313,0.001289740166468739
1.448130439388915,3.021964455728313,0.001289740166468739
1.448604149388915,3.021964455728313,0.001631180535188959
1.449077859388915,3.021964455728313,0.001631180535188959
1.449551569388915,3.021964455728313,0.001631180535188959
1.450025279388915,3.021964455728313,0.001631180535188959
1.450498989388915,3.021964455728313,0.001972620903909164
1.450972699388915,3.021964455728313,0.001631180535188959
1.451446409388915,3.021964455728313,0.001631180535188959
1.451920119388915,3.021964455728313,0.001631180535188959
1.452393829388915,3.021964455728313,0.001289740166468739
1.452867539388915,3.021964455728313,0.001289740166468739
1.453341249388915,3.021964455728313,0.001631180535188959
1.453814959388915,3.021964455728313,0.001289740166468739
1.454288669388915,3.021964455728313,0.0009482997977485336
1.454762379388915,3.021964455728313,0.0009482997977485336
1.455236089388915,3.021964455728313,0.0009482997977485336
1.455709799388915,3.021964455728313,0.0009482997977485336
1.456183509388915,3.021964455728313,0.0009482997977485336
1.456657219388915,3.021964455728313,0.0006068594290283141
1.457130929388915,3.021964455728313,0.0006068594290283141
1.457604639388915,3.021964455728313,0.0002654190603080947
1.458078349388915,3.021964455728313,0.0006068594290283141
1.458552059388915,3.021964455728313,0.0006068594290283141
1.459025769388915,3.021964455728313,0.0002654190603080947
1.459499479388915,3.021964455728313,0.0002654190603080947
1.459973189388915,3.021964455728313,0.0002654190603080947
1.460446899388915,3.021964455728313,-7.602130841211086e-05
1.460920609388915,3.021964455728313,0.0002654190603080947
1.461394319388915,3.021964455728313,0.0002654190603080947
1.461868029388915,3.021964455728313,0.0002654190603080947
1.462341739388915,3.021964455728313,0.0002654190603080947
1.462815449388915,3.021964455728313,0.0002654190603080947
1.463289159388915,3.021964455728313,0.0006068594290283141
1.463762869388915,3.021964455728313,0.0002654190603080947
1.464236579388915,3.021964455728313,0.0006068594290283141
1.464710289388915,3.021964455728313,0.0006068594290283141
1.465183999388915,3.021964455728313,0.0006068594290283141
1.465657709388915,3.021964455728313,0.0009482997977485336
1.466131419388915,3.021964455728313,0.0009482997977485336
1.466605129388915,3.021964455728313,0.0009482997977485336
1.467078839388915,3.021964455728313,0.001289740166468739
1.467552549388915,3.021964455728313,0.001289740166468739
1.468026259388915,3.021964455728313,0.001289740166468739
1.468499969388915,3.021964455728313,0.001631180535188959
1.468973679388915,3.021964455728313,0.001972620903909164
1.469447389388915,3.021964455728313,0.001972620903909164
1.469921099388915,3.021964455728313,0.001631180535188959
1.470394809388915,3.021964455728313,0.001631180535188959
1.470868519388915,3.021964455728313,0.001631180535188959
1.471342229388915,3.021964455728313,0.001631180535188959
1.471815939388915,3.021964455728313,0.001631180535188959
1.472289649388915,3.021964455728313,0.001631180535188959
1.472763359388915,3.021964455728313,0.001631180535188959
1.473237069388915,3.021964455728313,0.001631180535188959
1.473710779388915,3.021964455728313,0.001289740166468739
1.474184489388915,3.021964455728313,0.0009482997977485336
1.474658199388915,3.021964455728313,0.0009482997977485336
1.475131909388915,3.021964455728313,0.0009482997977485336
1.475605619388915,3.021964455728313,0.0006068594290283141
1.476079329388915,3.021964455728313,0.0009482997977485336
1.476553039388915,3.021964455728313,0.0009482997977485336
1.477026749388915,3.021964455728313,0.0006068594290283141
1.477500459388915,3.021964455728313,0.0002654190603080947
1.477974169388915,3.021964455728313,0.0006068594290283141
1.478447879388915,3.021964455728313,0.0002654190603080947
1.478921589388915,3.021964455728313,0.0002654190603080947
1.479395299388915,3.021964455728313,-7.602130841211086e-05
1.479869009388915,3.021964455728313,0.0002654190603080947
1.480342719388915,3.021964455728313,0.0002654190603080947
1.480816429388915,3.021964455728313,0.0002654190603080947
1.481290139388915,3.021964455728313,0.0002654190603080947
1.481763849388915,3.021964455728313,0.0002654190603080947
1.482237559388915,3.021964455728313,0.0002654190603080947
1.482711269388915,3.021964455728313,0.0002654190603080947
1.483184979388915,3.021964455728313,0.0006068594290283141
1.483658689388915,3.021964455728313,0.0006068594290283141
1.484132399388915,3.021964455728313,0.0006068594290283141
1.484606109388915,3.021964455728313,0.0006068594290283141
1.485079819388915,3.021964455728313,0.0009482997977485336
1.485553529388915,3.021964455728313,0.0009482997977485336
1.486027239388915,3.021964455728313,0.0009482997977485336
1.486500949388915,3.021964455728313,0.0009482997977485336
1.486974659388915,3.021964455728313,0.001289740166468739
1.487448369388915,3.021964455728313,0.001631180535188959
1.487922079388915,3.021964455728313,0.001631180535188959
1.488395789388915,3.021964455728313,0.001631180535188959
1.488869499388915,3.021964455728313,0.001972620903909164
1.489343209388915,3.021964455728313,0.001631180535188959
1.489816919388915,3.021964455728313,0.001631180535188959
1.490290629388915,3.021964455728313,0.001972620903909164
1.490764339388915,3.021964455728313,0.001972620903909164
1.491238049388915,3.021964455728313,0.001631180535188959
1.491711759388915,3.021964455728313,0.001631180535188959
1.492185469388915,3.021964455728313,0.001631180535188959
1.492659179388915,3.021964455728313,0.001631180535188959
1.493132889388915,3.021964455728313,0.001631180535188959
1.493606599388915,3.021964455728313,0.001631180535188959
1.494080309388915,3.021964455728313,0.001289740166468739
1.494554019388915,3.021964455728313,0.0009482997977485336
1.495027729388915,3.021964455728313,0.001289740166468739
1.495501439388915,3.021964455728313,0.0009482997977485336
1.495975149388915,3.021964455728313,0.0009482997977485336
1.496448859388915,3.021964455728313,0.0009482997977485336
1.496922569388915,3.021964455728313,0.0006068594290283141
1.497396279388915,3.021964455728313,0.0006068594290283141
1.497869989388915,3.021964455728313,0.0006068594290283141
1.498343699388915,3.021964455728313,0.0002654190603080947
1.498817409388915,3.021964455728313,0.0002654190603080947
1.499291119388915,3.021964455728313,0.0002654190603080947
1.499764829388915,3.021964455728313,0.0002654190603080947
1.500238539388915,3.021964455728313,-7.602130841211086e-05
1.500712249388915,3.021964455728313,-7.602130841211086e-05
1.501185959388915,3.021964455728313,0.0002654190603080947
1.501659669388915,3.021964455728313,0.0002654190603080947
1.502133379388915,3.021964455728313,0.0002654190603080947
1.502607089388915,3.021964455728313,0.0002654190603080947
1.503080799388915,3.021964455728313,0.0002654190603080947
1.503554509388915,3.021964455728313,0.0002654190603080947
1.504028219388915,3.021964455728313,0.0006068594290283141
1.504501929388915,3.021964455728313,0.0006068594290283141
1.504975639388915,3.021964455728313,0.0006068594290283141
1.505449349388915,3.021964455728313,0.0006068594290283141
1.505923059388915,3.021964455728313,0.0009482997977485336
1.506396769388915,3.021964455728313,0.001289740166468739
1.506870479388915,3.021964455728313,0.001289740166468739
1.507344189388915,3.021964455728313,0.001631180535188959
1.507817899388915,3.021964455728313,0.001631180535188959
1.508291609388915,3.025736534346916,0.001631180535188959
1.508765319388915,3.021964455728313,0.001972620903909164
1.509239029388915,3.021964455728313,0.001972620903909164
1.509712739388915,3.021964455728313,0.001631180535188959
1.510186449388915,3.021964455728313,0.001631180535188959
1.510660159388915,3.021964455728313,0.001631180535188959
1.511133869388915,3.021964455728313,0.001972620903909164
1.511607579388915,3.021964455728313,0.001631180535188959
1.512081289388915,3.021964455728313,0.001289740166468739
1.512554999388915,3.021964455728313,0.001631180535188959
1.513028709388915,3.021964455728313,0.001631180535188959
1.513502419388915,3.021964455728313,0.001631180535188959
1.513976129388915,3.021964455728313,0.001289740166468739
1.514449839388915,3.021964455728313,0.001289740166468739
1.514923549388915,3.021964455728313,0.0009482997977485336
1.515397259388915,3.021964455728313,0.0009482997977485336
1.515870969388915,3.021964455728313,0.0009482997977485336
1.516344679388915,3.021964455728313,0.0009482997977485336
1.516818389388915,3.021964455728313,0.0009482997977485336
1.517292099388915,3.021964455728313,0.0006068594290283141
1.517765809388915,3.021964455728313,0.0002654190603080947
1.518239519388915,3.021964455728313,0.0002654190603080947
1.518713229388915,3.021964455728313,0.0002654190603080947
1.519186939388915,3.021964455728313,0.0002654190603080947
1.519660649388915,3.021964455728313,0.0002654190603080947
1.520134359388915,3.021964455728313,-7.602130841211086e-05
1.520608069388915,3.021964455728313,-7.602130841211086e-05
1.521081779388915,3.021964455728313,-7.602130841211086e-05
1.521555489388915,3.021964455728313,0.0002654190603080947
1.522029199388915,3.021964455728313,0.0002654190603080947
1.522502909388915,3.021964455728313,0.0002654190603080947
1.522976619388915,3.021964455728313,0.0002654190603080947
1.523450329388915,3.021964455728313,0.0002654190603080947
1.523924039388915,3.021964455728313,0.0002654190603080947
1.524397749388915,3.021964455728313,0.0009482997977485336
1.524871459388915,3.021964455728313,0.0009482997977485336
1.525345169388915,3.021964455728313,0.0009482997977485336
1.525818879388915,3.021964455728313,0.0009482997977485336
1.526292589388915,3.021964455728313,0.0009482997977485336
1.526766299388915,3.021964455728313,0.0009482997977485336
1.527240009388915,3.021964455728313,0.001289740166468739
1.527713719388915,3.021964455728313,0.001289740166468739
1.528187429388915,3.021964455728313,0.001289740166468739
1.528661139388915,3.021964455728313,0.001631180535188959
1.529134849388915,3.021964455728313,0.001972620903909164
1.529608559388915,3.021964455728313,0.001631180535188959
1.530082269388915,3.021964455728313,0.001631180535188959
1.530555979388915,3.021964455728313,0.001631180535188959
1.531029689388915,3.021964455728313,0.001631180535188959
1.531503399388915,3.021964455728313,0.001631180535188959
1.531977109388915,3.021964455728313,0.001631180535188959
1.532450819388915,3.021964455728313,0.001631180535188959
1.532924529388915,3.021964455728313,0.001289740166468739
1.533398239388915,3.021964455728313,0.001289740166468739
1.533871949388915,3.021964455728313,0.001289740166468739
1.534345659388915,3.021964455728313,0.001289740166468739
1.534819369388915,3.021964455728313,0.0009482997977485336
1.535293079388915,3.021964455728313,0.0009482997977485336
1.535766789388915,3.021964455728313,0.0009482997977485336
1.536240499388915,3.021964455728313,0.0006068594290283141
1.536714209388915,3.021964455728313,0.0009482997977485336
1.537187919388915,3.021964455728313,0.0006068594290283141
1.537661629388915,3.021964455728313,0.0006068594290283141
1.538135339388915,3.021964455728313,0.0006068594290283141
1.538609049388915,3.021964455728313,0.0002654190603080947
1.539082759388915,3.021964455728313,0.0002654190603080947
1.539556469388915,3.021964455728313,0.0006068594290283141
1.540030179388915,3.021964455728313,0.0002654190603080947
1.540503889388915,3.021964455728313,-7.602130841211086e-05
1.540977599388915,3.021964455728313,0.0002654190603080947
1.541451309388915,3.021964455728313,0.0002654190603080947
1.541925019388915,3.021964455728313,0.0002654190603080947
1.542398729388915,3.021964455728313,0.0002654190603080947
1.542872439388915,3.021964455728313,0.0002654190603080947
1.543346149388915,3.021964455728313,0.0002654190603080947
1.543819859388915,3.021964455728313,0.0002654190603080947
1.544293569388915,3.021964455728313,0.0006068594290283141
1.544767279388915,3.021964455728313,0.0006068594290283141
1.545240989388915,3.021964455728313,0.0006068594290283141
1.545714699388915,3.021964455728313,0.0009482997977485336
1.546188409388915,3.021964455728313,0.0009482997977485336
1.546662119388915,3.021964455728313,0.001289740166468739
1.547135829388915,3.021964455728313,0.001289740166468739
1.547609539388915,3.021964455728313,0.001289740166468739
1.548083249388915,3.021964455728313,0.001289740166468739
1.548556959388915,3.021964455728313,0.001631180535188959
1.549030669388915,3.021964455728313,0.001631180535188959
1.549504379388915,3.021964455728313,0.001631180535188959
1.549978089388915,3.021964455728313,0.001972620903909164
1.550451799388915,3.021964455728313,0.001972620903909164
1.550925509388915,3.021964455728313,0.001972620903909164
1.551399219388915,3.021964455728313,0.001631180535188959
1.551872929388915,3.021964455728313,0.001631180535188959
1.552346639388915,3.021964455728313,0.001631180535188959
1.552820349388915,3.021964455728313,0.001289740166468739
1.553294059388915,3.021964455728313,0.001289740166468739
1.553767769388915,3.021964455728313,0.001289740166468739
1.554241479388915,3.021964455728313,0.0009482997977485336
1.554715189388915,3.021964455728313,0.0009482997977485336
1.555188899388915,3.021964455728313,0.0009482997977485336
1.555662609388915,3.021964455728313,0.0009482997977485336
1.556136319388915,3.021964455728313,0.0009482997977485336
1.556610029388915,3.021964455728313,0.0009482997977485336
1.557083739388915,3.021964455728313,0.0006068594290283141
1.557557449388915,3.021964455728313,0.0002654190603080947
1.558031159388915,3.021964455728313,0.0006068594290283141
1.558504869388915,3.021964455728313,0.0006068594290283141
1.558978579388915,3.021964455728313,0.0002654190603080947
1.559452289388915,3.021964455728313,0.0002654190603080947
1.559925999388915,3.021964455728313,0.0002654190603080947
1.560399709388915,3.021964455728313,-7.602130841211086e-05
1.560873419388915,3.021964455728313,-7.602130841211086e-05
1.561347129388915,3.021964455728313,0.0002654190603080947
1.561820839388915,3.021964455728313,0.0002654190603080947
1.562294549388915,3.021964455728313,0.0002654190603080947
1.562768259388915,3.021964455728313,0.0002654190603080947
1.563241969388915,3.021964455728313,0.0002654190603080947
1.563715679388915,3.021964455728313,0.0002654190603080947
1.564189389388915,3.021964455728313,0.0006068594290283141
1.564663099388915,3.021964455728313,0.0006068594290283141
1.565136809388915,3.021964455728313,0.0002654190603080947
1.565610519388915,3.021964455728313,0.0006068594290283141
1.566084229388915,3.021964455728313,0.0009482997977485336
1.566557939388915,3.021964455728313,0.0009482997977485336
1.567031649388915,3.021964455728313,0.001289740166468739
1.567505359388915,3.021964455728313,0.001631180535188959
1.567979069388915,3.021964455728313,0.001289740166468739
1.568452779388915,3.021964455728313,0.001289740166468739
1.568926489388915,3.021964455728313,0.001631180535188959
1.569400199388915,3.021964455728313,0.001631180535188959
1.569873909388915,3.021964455728313,0.001631180535188959
1.570347619388915,3.021964455728313,0.001631180535188959
1.570821329388915,3.021964455728313,0.001631180535188959
1.571295039388915,3.021964455728313,0.001289740166468739
1.571768749388915,3.021964455728313,0.001289740166468739
1.572242459388915,3.021964455728313,0.001631180535188959
1.572716169388915,3.021964455728313,0.001631180535188959
1.573189879388915,3.021964455728313,0.001289740166468739
1.573663589388915,3.021964455728313,0.001289740166468739
1.574137299388915,3.021964455728313,0.001289740166468739
1.574611009388915,3.021964455728313,0.0009482997977485336
1.575084719388915,3.021964455728313,0.0009482997977485336
1.575558429388915,3.021964455728313,0.0009482997977485336
1.576032139388915,3.021964455728313,0.0006068594290283141
1.576505849388915,3.021964455728313,0.0009482997977485336
1.576979559388915,3.021964455728313,0.0009482997977485336
1.577453269388915,3.021964455728313,0.0006068594290283141
1.577926979388915,3.021964455728313,0.0006068594290283141
1.578400689388915,3.021964455728313,0.0006068594290283141
1.578874399388915,3.021964455728313,0.0002654190603080947
1.579348109388915,3.021964455728313,0.0002654190603080947
1.579821819388915,3.021964455728313,0.0002654190603080947
1.580295529388915,3.021964455728313,-7.602130841211086e-05
1.580769239388915,3.021964455728313,-7.602130841211086e-05
1.581242949388915,3.021964455728313,0.0002654190603080947
1.581716659388915,3.021964455728313,0.0002654190603080947
1.582190369388915,3.021964455728313,-7.602130841211086e-05
1.582664079388915,3.021964455728313,-7.602130841211086e-05
1.583137789388915,3.021964455728313,0.0002654190603080947
1.583611499388915,3.021964455728313,0.0002654190603080947
1.584085209388915,3.021964455728313,0.0006068594290283141
1.584558919388915,3.021964455728313,0.0006068594290283141
1.585032629388915,3.021964455728313,0.0006068594290283141
1.585506339388915,3.021964455728313,0.0009482997977485336
1.585980049388915,3.021964455728313,0.0009482997977485336
1.586453759388915,3.021964455728313,0.001289740166468739
1.586927469388915,3.021964455728313,0.0009482997977485336
1.587401179388915,3.021964455728313,0.001289740166468739
1.587874889388915,3.021964455728313,0.001631180535188959
1.588348599388915,3.021964455728313,0.001631180535188959
1.588822309388915,3.021964455728313,0.001631180535188959
1.589296019388915,3.021964455728313,0.001631180535188959
1.589769729388915,3.021964455728313,0.001631180535188959
1.590243439388915,3.021964455728313,0.001972620903909164
1.590717149388915,3.021964455728313,0.001972620903909164
1.591190859388915,3.021964455728313,0.001631180535188959
1.591664569388915,3.021964455728313,0.001631180535188959
1.592138279388915,3.021964455728313,0.001631180535188959
1.592611989388915,3.025736534346916,0.001289740166468739
1.593085699388915,3.021964455728313,0.001631180535188959
1.593559409388915,3.021964455728313,0.001289740166468739
1.594033119388915,3.021964455728313,0.001289740166468739
1.594506829388915,3.025736534346916,0.0009482997977485336
1.594980539388915,3.021964455728313,0.0009482997977485336
1.595454249388915,3.021964455728313,0.0009482997977485336
1.595927959388915,3.021964455728313,0.0009482997977485336
1.596401669388915,3.021964455728313,0.0009482997977485336
1.596875379388915,3.021964455728313,0.0009482997977485336
1.597349089388915,3.021964455728313,0.0006068594290283141
1.597822799388915,3.021964455728313,0.0006068594290283141
1.598296509388915,3.021964455728313,0.0006068594290283141
1.598770219388915,3.021964455728313,0.0006068594290283141
1.599243929388915,3.021964455728313,0.0002654190603080947
1.599717639388915,3.021964455728313,0.0002654190603080947
1.600191349388915,3.021964455728313,0.0002654190603080947
1.600665059388915,3.021964455728313,0.0002654190603080947
1.601138769388915,3.021964455728313,0.0002654190603080947
1.601612479388915,3.021964455728313,0.0002654190603080947
1.602086189388915,3.021964455728313,0.0002654190603080947
1.602559899388915,3.021964455728313,0.0002654190603080947
1.603033609388915,3.021964455728313,0.0006068594290283141
1.603507319388915,3.021964455728313,0.0006068594290283141
1.603981029388915,3.021964455728313,0.0006068594290283141
1.604454739388915,3.021964455728313,0.0006068594290283141
1.604928449388915,3.021964455728313,0.0009482997977485336
1.605402159388915,3.021964455728313,0.0009482997977485336
1.605875869388915,3.021964455728313,0.0009482997977485336
1.606349579388915,3.021964455728313,0.001289740166468739
1.606823289388915,3.021964455728313,0.001289740166468739
1.607296999388915,3.021964455728313,0.001631180535188959
1.607770709388915,3.021964455728313,0.001631180535188959
1.608244419388915,3.021964455728313,0.001289740166468739
1.608718129388915,3.021964455728313,0.001631180535188959
1.609191839388915,3.021964455728313,0.001972620903909164
1.609665549388915,3.021964455728313,0.001972620903909164
1.610139259388915,3.021964455728313,0.001631180535188959
1.610612969388915,3.021964455728313,0.001631180535188959
1.611086679388915,3.021964455728313,0.001972620903909164
1.611560389388915,3.021964455728313,0.001631180535188959
1.612034099388915,3.021964455728313,0.001631180535188959
1.612507809388915,3.021964455728313,0.001631180535188959
1.612981519388915,3.021964455728313,0.001289740166468739
1.613455229388915,3.021964455728313,0.001289740166468739
1.613928939388915,3.021964455728313,0.001289740166468739
1.614402649388915,3.021964455728313,0.0009482997977485336
1.614876359388915,3.021964455728313,0.0009482997977485336
1.615350069388915,3.021964455728313,0.0009482997977485336
1.615823779388915,3.021964455728313,0.0009482997977485336
1.616297489388915,3.021964455728313,0.0009482997977485336
1.616771199388915,3.021964455728313,0.0006068594290283141
1.617244909388915,3.021964455728313,0.0006068594290283141
1.617718619388915,3.021964455728313,0.0002654190603080947
1.618192329388915,3.021964455728313,0.0006068594290283141
1.618666039388915,3.021964455728313,0.0002654190603080947
1.619139749388915,3.021964455728313,0.0002654190603080947
1.619613459388915,3.021964455728313,0.0002654190603080947
1.620087169388915,3.021964455728313,0.0002654190603080947
1.620560879388915,3.021964455728313,0.0002654190603080947
1.621034589388915,3.021964455728313,0.0002654190603080947
1.621508299388915,3.021964455728313,0.0002654190603080947
1.621982009388915,3.021964455728313,0.0002654190603080947
1.622455719388915,3.021964455728313,0.0002654190603080947
1.622929429388915,3.021964455728313,0.0002654190603080947
1.623403139388915,3.021964455728313,0.0006068594290283141
1.623876849388915,3.021964455728313,0.0006068594290283141
1.624350559388915,3.021964455728313,0.0006068594290283141
1.624824269388915,3.021964455728313,0.0006068594290283141
1.625297979388915,3.021964455728313,0.0006068594290283141
1.625771689388915,3.021964455728313,0.0009482997977485336
1.626245399388915,3.021964455728313,0.001289740166468739
1.626719109388915,3.021964455728313,0.001289740166468739
1.627192819388915,3.021964455728313,0.001289740166468739
1.627666529388915,3.021964455728313,0.001631180535188959
1.628140239388915,3.025736534346916,0.001631180535188959
1.628613949388915,3.025736534346916,0.001972620903909164
1.629087659388915,3.025736534346916,0.001631180535188959
1.629561369388915,3.021964455728313,0.001631180535188959
1.630035079388915,3.025736534346916,0.001631180535188959
1.630508789388915,3.025736534346916,0.001631180535188959
1.630982499388915,3.021964455728313,0.001631180535188959
1.631456209388915,3.021964455728313,0.001631180535188959
1.631929919388915,3.025736534346916,0.001631180535188959
1.632403629388915,3.025736534346916,0.001631180535188959
1.632877339388915,3.025736534346916,0.001631180535188959
1.633351049388915,3.021964455728313,0.001289740166468739
1.633824759388915,3.021964455728313,0.001289740166468739
1.634298469388915,3.025736534346916,0.0009482997977485336
1.634772179388915,3.021964455728313,0.0009482997977485336
1.635245889388915,3.021964455728313,0.001289740166468739
1.635719599388915,3.021964455728313,0.0009482997977485336
1.636193309388915,3.021964455728313,0.0009482997977485336
1.636667019388915,3.021964455728313,0.0009482997977485336
1.637140729388915,3.021964455728313,0.0006068594290283141
1.637614439388915,3.021964455728313,0.0006068594290283141
1.638088149388915,3.021964455728313,0.0006068594290283141
1.638561859388915,3.025736534346916,0.0002654190603080947
1.639035569388915,3.021964455728313,0.0002654190603080947
1.639509279388915,3.021964455728313,0.0002654190603080947
1.639982989388915,3.021964455728313,0.0002654190603080947
1.640456699388915,3.021964455728313,-7.602130841211086e-05
1.640930409388915,3.021964455728313,-7.602130841211086e-05
1.641404119388915,3.021964455728313,-7.602130841211086e-05
1.641877829388915,3.021964455728313,0.0002654190603080947
1.642351539388915,3.021964455728313,0.0006068594290283141
1.642825249388915,3.021964455728313,0.0002654190603080947
1.643298959388915,3.021964455728313,0.0002654190603080947
1.643772669388915,3.021964455728313,0.0006068594290283141
1.644246379388915,3.021964455728313,0.0006068594290283141
1.644720089388915,3.021964455728313,0.0009482997977485336
1.645193799388915,3.021964455728313,0.0009482997977485336
1.645667509388915,3.021964455728313,0.0009482997977485336
1.646141219388915,3.021964455728313,0.0009482997977485336
1.646614929388915,3.021964455728313,0.0009482997977485336
1.647088639388915,3.021964455728313,0.001289740166468739
1.647562349388915,3.025736534346916,0.001631180535188959
1.648036059388915,3.025736534346916,0.001289740166468739
1.648509769388915,3.025736534346916,0.001631180535188959
1.648983479388915,3.025736534346916,0.001972620903909164
1.649457189388915,3.021964455728313,0.001631180535188959
1.649930899388915,3.021964455728313,0.001631180535188959
1.650404609388915,3.021964455728313,0.001972620903909164
1.650878319388915,3.021964455728313,0.001631180535188959
1.651352029388915,3.021964455728313,0.001289740166468739
1.651825739388915,3.021964455728313,0.001631180535188959
1.652299449388915,3.025736534346916,0.001631180535188959
1.652773159388915,3.021964455728313,0.001631180535188959
1.653246869388915,3.025736534346916,0.001631180535188959
1.653720579388915,3.021964455728313,0.001631180535188959
1.654194289388915,3.021964455728313,0.001289740166468739
1.654667999388915,3.021964455728313,0.001289740166468739
1.655141709388915,3.025736534346916,0.0009482997977485336
1.655615419388915,3.025736534346916,0.0009482997977485336
1.656089129388915,3.021964455728313,0.0009482997977485336
1.656562839388915,3.021964455728313,0.0006068594290283141
1.657036549388915,3.021964455728313,0.0006068594290283141
1.657510259388915,3.021964455728313,0.0006068594290283141
1.657983969388915,3.021964455728313,0.0006068594290283141
1.658457679388915,3.021964455728313,0.0006068594290283141
1.658931389388915,3.021964455728313,0.0002654190603080947
1.659405099388915,3.021964455728313,0.0002654190603080947
1.659878809388915,3.021964455728313,0.0002654190603080947
1.660352519388915,3.021964455728313,0.0002654190603080947
1.660826229388915,3.021964455728313,0.0002654190603080947
1.661299939388915,3.021964455728313,0.0002654190603080947
1.661773649388915,3.025736534346916,0.0002654190603080947
1.662247359388915,3.021964455728313,-7.602130841211086e-05
1.662721069388915,3.021964455728313,0.0002654190603080947
1.663194779388915,3.021964455728313,0.0006068594290283141
1.663668489388915,3.021964455728313,0.0006068594290283141
1.664142199388915,3.021964455728313,0.0006068594290283141
1.664615909388915,3.021964455728313,0.0006068594290283141
1.665089619388915,3.021964455728313,0.0009482997977485336
1.665563329388915,3.021964455728313,0.0009482997977485336
1.666037039388915,3.021964455728313,0.0009482997977485336
1.666510749388915,3.021964455728313,0.001289740166468739
1.666984459388915,3.021964455728313,0.001289740166468739
1.667458169388915,3.021964455728313,0.001631180535188959
1.667931879388915,3.021964455728313,0.001631180535188959
1.668405589388915,3.025736534346916,0.001631180535188959
1.668879299388915,3.021964455728313,0.001972620903909164
1.669353009388915,3.021964455728313,0.001972620903909164
1.669826719388915,3.021964455728313,0.001631180535188959
1.670300429388915,3.021964455728313,0.001631180535188959
1.670774139388915,3.025736534346916,0.001631180535188959
1.671247849388915,3.025736534346916,0.001631180535188959
1.671721559388915,3.025736534346916,0.001631180535188959
1.672195269388915,3.021964455728313,0.001631180535188959
1.672668979388915,3.021964455728313,0.001289740166468739
1.673142689388915,3.021964455728313,0.001289740166468739
1.673616399388915,3.021964455728313,0.001289740166468739
1.674090109388915,3.021964455728313,0.001289740166468739
1.674563819388915,3.021964455728313,0.001289740166468739
1.675037529388915,3.021964455728313,0.0009482997977485336
1.675511239388915,3.021964455728313,0.0009482997977485336
1.675984949388915,3.021964455728313,0.0009482997977485336
1.676458659388915,3.025736534346916,0.0006068594290283141
1.676932369388915,3.021964455728313,0.0006068594290283141
1.677406079388915,3.021964455728313,0.0006068594290283141
1.677879789388915,3.025736534346916,0.0006068594290283141
1.678353499388915,3.021964455728313,0.0006068594290283141
1.678827209388915,3.021964455728313,0.0002654190603080947
1.679300919388915,3.021964455728313,0.0002654190603080947
1.679774629388915,3.021964455728313,0.0002654190603080947
1.680248339388915,3.021964455728313,-7.602130841211086e-05
1.680722049388915,3.021964455728313,-7.602130841211086e-05
1.681195759388915,3.021964455728313,0.0002654190603080947
1.681669469388915,3.021964455728313,0.0002654190603080947
1.682143179388915,3.021964455728313,0.0002654190603080947
1.682616889388915,3.021964455728313,0.0002654190603080947
1.683090599388915,3.021964455728313,0.0002654190603080947
1.683564309388915,3.025736534346916,-7.602130841211086e-05
1.684038019388915,3.021964455728313,0.0006068594290283141
1.684511729388915,3.021964455728313,0.0006068594290283141
1.684985439388915,3.021964455728313,0.0006068594290283141
1.685459149388915,3.021964455728313,0.0009482997977485336
1.685932859388915,3.021964455728313,0.0009482997977485336
1.686406569388915,3.021964455728313,0.001289740166468739
1.686880279388915,3.021964455728313,0.001289740166468739
1.687353989388915,3.021964455728313,0.001289740166468739
1.687827699388915,3.021964455728313,0.001289740166468739
1.688301409388915,3.021964455728313,0.001631180535188959
1.688775119388915,3.021964455728313,0.001631180535188959
1.689248829388915,3.021964455728313,0.001972620903909164
1.689722539388915,3.025736534346916,0.001631180535188959
1.690196249388915,3.021964455728313,0.001631180535188959
1.690669959388915,0.06842689736161578,-0.001441782783292975
1.691143669388915,0.01561779670116437,0.001631180535188959
1.691617379388915,0.01561779670116437,0.001631180535188959
1.692091089388915,0.01561779670116437,0.001631180535188959
1.692564799388915,0.01561779670116437,0.001631180535188959
1.693038509388915,0.01561779670116437,0.001289740166468739
1.693512219388915,0.01561779670116437,0.001289740166468739
1.693985929388915,0.01561779670116437,0.001289740166468739
1.694459639388915,0.01561779670116437,0.0009482997977485336
1.694933349388915,0.01561779670116437,0.0009482997977485336
1.695407059388915,0.01561779670116437,0.0009482997977485336
1.695880769388915,0.01561779670116437,0.0009482997977485336
1.696354479388915,0.01561779670116437,0.0009482997977485336
1.696828189388915,0.01561779670116437,0.0009482997977485336
1.697301899388915,0.01561779670116437,0.0006068594290283141
1.697775609388915,0.01561779670116437,0.0006068594290283141
1.698249319388915,0.01561779670116437,0.0006068594290283141
1.698723029388915,0.01561779670116437,0.0002654190603080947
1.699196739388915,0.01561779670116437,0.0002654190603080947
1.699670449388915,0.01561779670116437,0.0002654190603080947
1.700144159388915,0.01561779670116437,0.0002654190603080947
1.700617869388915,0.01561779670116437,0.0002654190603080947
1.701091579388915,0.01561779670116437,0.0002654190603080947
1.701565289388915,0.01561779670116437,0.0002654190603080947
1.702038999388915,0.01561779670116437,0.0002654190603080947
1.702512709388915,0.01561779670116437,0.0002654190603080947
1.702986419388915,0.01561779670116437,0.0002654190603080947
1.703460129388915,0.01561779670116437,0.0006068594290283141
1.703933839388915,0.01561779670116437,0.0006068594290283141
1.704407549388915,0.01561779670116437,0.0006068594290283141
1.704881259388915,0.01561779670116437,0.0006068594290283141
1.705354969388915,0.01561779670116437,0.0006068594290283141
1.705828679388915,0.01561779670116437,0.0009482997977485336
1.706302389388915,0.01561779670116437,0.001289740166468739
1.706776099388915,0.01561779670116437,0.001289740166468739
1.707249809388915,0.01561779670116437,0.001631180535188959
1.707723519388915,0.01561779670116437,0.001631180535188959
1.708197229388915,0.01561779670116437,0.001289740166468739
1.708670939388915,0.01561779670116437,0.001631180535188959
1.709144649388915,0.01561779670116437,0.001631180535188959
1.709618359388915,0.01561779670116437,0.001631180535188959
1.710092069388915,0.01561779670116437,0.001631180535188959
1.710565779388915,0.01561779670116437,0.001972620903909164
1.711039489388915,0.01561779670116437,0.001972620903909164
1.711513199388915,0.01561779670116437,0.001631180535188959
1.711986909388915,0.01561779670116437,0.001631180535188959
1.712460619388915,0.01561779670116437,0.001631180535188959
1.712934329388915,0.01561779670116437,0.001289740166468739
1.713408039388915,0.01561779670116437,0.001289740166468739
1.713881749388915,0.0193898753197681,0.001289740166468739
1.714355459388915,0.01561779670116437,0.001289740166468739
1.714829169388915,0.01561779670116437,0.0009482997977485336
1.715302879388915,0.01561779670116437,0.0009482997977485336
1.715776589388915,0.01561779670116437,0.0006068594290283141
1.716250299388915,0.01561779670116437,0.0009482997977485336
1.716724009388915,0.01561779670116437,0.0009482997977485336
1.717197719388915,0.01561779670116437,0.0006068594290283141
1.717671429388915,0.01561779670116437,0.0006068594290283141
1.718145139388915,0.01561779670116437,0.0006068594290283141
1.718618849388915,0.01561779670116437,0.0002654190603080947
1.719092559388915,0.01561779670116437,0.0002654190603080947
1.719566269388915,0.01561779670116437,0.0002654190603080947
1.720039979388915,0.01561779670116437,0.0002654190603080947
1.720513689388915,0.01561779670116437,0.0002654190603080947
1.720987399388915,0.01561779670116437,0.0002654190603080947
1.721461109388915,0.01561779670116437,0.0002654190603080947
1.721934819388915,0.01561779670116437,0.0002654190603080947
1.722408529388915,0.01561779670116437,0.0002654190603080947
1.722882239388915,0.01561779670116437,0.0002654190603080947
1.723355949388915,0.01561779670116437,0.0002654190603080947
1.723829659388915,0.01561779670116437,0.0002654190603080947
1.724303369388915,0.01561779670116437,0.0006068594290283141
1.724777079388915,0.01561779670116437,0.0009482997977485336
1.725250789388915,0.01561779670116437,0.0006068594290283141
1.725724499388915,0.01561779670116437,0.0009482997977485336
1.726198209388915,0.01561779670116437,0.0009482997977485336
1.726671919388915,0.01561779670116437,0.0009482997977485336
1.727145629388915,0.1212359980220681,0.002314061272629384
1.727619339388915,3.01819237710971,0.003338382378790028
1.728093049388915,3.014420298491106,0.001631180535188959
1.728566759388915,3.01819237710971,0.001631180535188959
1.729040469388915,3.01819237710971,0.001972620903909164
1.729514179388915,3.01819237710971,0.001631180535188959
1.729987889388915,3.01819237710971,0.001631180535188959
1.730461599388915,3.021964455728313,0.001631180535188959
1.730935309388915,3.021964455728313,0.001972620903909164
1.731409019388915,3.021964455728313,0.001972620903909164
1.731882729388915,3.021964455728313,0.001631180535188959
1.732356439388915,3.021964455728313,0.001631180535188959
1.732830149388915,3.021964455728313,0.001289740166468739
1.733303859388915,3.021964455728313,0.001289740166468739
1.733777569388915,3.021964455728313,0.001289740166468739
1.734251279388915,3.021964455728313,0.001289740166468739
1.734724989388915,3.021964455728313,0.0009482997977485336
1.735198699388915,3.021964455728313,0.001289740166468739
1.735672409388915,3.021964455728313,0.0009482997977485336
1.736146119388915,3.021964455728313,0.0009482997977485336
1.736619829388915,3.021964455728313,0.0009482997977485336
1.737093539388915,3.021964455728313,0.0006068594290283141
1.737567249388915,3.021964455728313,0.0002654190603080947
1.738040959388915,3.021964455728313,0.0006068594290283141
1.738514669388915,3.021964455728313,0.0006068594290283141
1.738988379388915,3.021964455728313,0.0006068594290283141
1.739462089388915,3.021964455728313,0.0002654190603080947
1.739935799388915,3.021964455728313,0.0002654190603080947
1.740409509388915,3.021964455728313,0.0002654190603080947
1.740883219388915,3.021964455728313,-7.602130841211086e-05
1.741356929388915,3.021964455728313,-7.602130841211086e-05
1.741830639388915,3.021964455728313,0.0002654190603080947
1.742304349388915,3.021964455728313,0.0002654190603080947
1.742778059388915,3.021964455728313,0.0002654190603080947
1.743251769388915,3.021964455728313,0.0002654190603080947
1.743725479388915,3.021964455728313,0.0002654190603080947
1.744199189388915,3.021964455728313,0.0006068594290283141
1.744672899388915,3.021964455728313,0.0009482997977485336
1.745146609388915,3.021964455728313,0.0006068594290283141
1.745620319388915,3.021964455728313,0.0006068594290283141
1.746094029388915,3.021964455728313,0.0009482997977485336
1.746567739388915,3.021964455728313,0.0009482997977485336
1.747041449388915,3.021964455728313,0.001289740166468739
1.747515159388915,3.021964455728313,0.001631180535188959
1.747988869388915,3.025736534346916,0.001289740166468739
1.748462579388915,3.021964455728313,0.001289740166468739
1.748936289388915,3.021964455728313,0.001631180535188959
1.749409999388915,3.021964455728313,0.001631180535188959
1.749883709388915,3.021964455728313,0.001631180535188959
1.750357419388915,3.021964455728313,0.001631180535188959
1.750831129388915,3.021964455728313,0.001972620903909164
1.751304839388915,3.021964455728313,0.001972620903909164
1.751778549388915,3.021964455728313,0.001631180535188959
1.752252259388915,3.021964455728313,0.001631180535188959
1.752725969388915,3.021964455728313,0.001631180535188959
1.753199679388915,3.021964455728313,0.001289740166468739
1.753673389388915,3.021964455728313,0.001289740166468739
1.754147099388915,3.021964455728313,0.0009482997977485336
1.754620809388915,3.021964455728313,0.0009482997977485336
1.755094519388915,3.021964455728313,0.0009482997977485336
1.755568229388915,3.021964455728313,0.0009482997977485336
1.756041939388915,3.021964455728313,0.0009482997977485336
1.756515649388915,3.021964455728313,0.0009482997977485336
1.756989359388915,3.025736534346916,0.0006068594290283141
1.757463069388915,3.021964455728313,0.0002654190603080947
1.757936779388915,3.021964455728313,0.0002654190603080947
1.758410489388915,3.021964455728313,0.0006068594290283141
1.758884199388915,3.021964455728313,-7.602130841211086e-05
1.759357909388915,3.021964455728313,0.0002654190603080947
1.759831619388915,3.021964455728313,0.0002654190603080947
1.760305329388915,3.021964455728313,0.0002654190603080947
1.760779039388915,3.021964455728313,0.0002654190603080947
1.761252749388915,3.025736534346916,0.0002654190603080947
1.761726459388915,3.021964455728313,0.0002654190603080947
1.762200169388915,3.021964455728313,0.0002654190603080947
1.762673879388915,3.021964455728313,0.0002654190603080947
1.763147589388915,3.021964455728313,0.0002654190603080947
1.763621299388915,3.021964455728313,0.0002654190603080947
1.764095009388915,3.021964455728313,0.0002654190603080947
1.764568719388915,3.021964455728313,0.0006068594290283141
1.765042429388915,3.021964455728313,0.0006068594290283141
1.765516139388915,3.021964455728313,0.0009482997977485336
1.765989849388915,3.021964455728313,0.0009482997977485336
1.766463559388915,3.021964455728313,0.0009482997977485336
1.766937269388915,3.021964455728313,0.0009482997977485336
1.767410979388915,3.021964455728313,0.001289740166468739
1.767884689388915,3.021964455728313,0.001631180535188959
1.768358399388915,3.021964455728313,0.001631180535188959
1.768832109388915,3.021964455728313,0.001631180535188959
1.769305819388915,3.021964455728313,0.001631180535188959
1.769779529388915,3.021964455728313,0.001289740166468739
1.770253239388915,3.021964455728313,0.001631180535188959
1.770726949388915,3.021964455728313,0.001631180535188959
1.771200659388915,3.021964455728313,0.001631180535188959
1.771674369388915,3.025736534346916,0.001631180535188959
1.772148079388915,3.021964455728313,0.001289740166468739
1.772621789388915,3.021964455728313,0.001289740166468739
1.773095499388915,3.021964455728313,0.001289740166468739
1.773569209388915,3.021964455728313,0.001289740166468739
1.774042919388915,3.021964455728313,0.001289740166468739
1.774516629388915,3.021964455728313,0.001289740166468739
1.774990339388915,3.021964455728313,0.0009482997977485336
1.775464049388915,3.021964455728313,0.0009482997977485336
1.775937759388915,3.021964455728313,0.0009482997977485336
1.776411469388915,3.021964455728313,0.0009482997977485336
1.776885179388915,3.021964455728313,0.0009482997977485336
1.777358889388915,3.021964455728313,0.0006068594290283141
1.777832599388915,3.021964455728313,0.0002654190603080947
1.778306309388915,3.021964455728313,0.0006068594290283141
1.778780019388915,3.021964455728313,0.0002654190603080947
1.779253729388915,3.021964455728313,0.0002654190603080947
1.779727439388915,3.021964455728313,0.0002654190603080947
1.780201149388915,3.025736534346916,0.0002654190603080947
1.780674859388915,3.021964455728313,-7.602130841211086e-05
1.781148569388915,3.021964455728313,0.0002654190603080947
1.781622279388915,3.021964455728313,0.0002654190603080947
1.782095989388915,3.021964455728313,0.0002654190603080947
1.782569699388915,3.021964455728313,0.0002654190603080947
1.783043409388915,3.021964455728313,0.0002654190603080947
1.783517119388915,3.021964455728313,0.0002654190603080947
1.783990829388915,3.021964455728313,0.0002654190603080947
1.784464539388915,3.021964455728313,0.0006068594290283141
1.784938249388915,3.021964455728313,0.0006068594290283141
1.785411959388915,3.021964455728313,0.0006068594290283141
1.785885669388915,3.021964455728313,0.0009482997977485336
1.786359379388915,3.021964455728313,0.0009482997977485336
1.786833089388915,3.021964455728313,0.001289740166468739
1.787306799388915,3.021964455728313,0.001631180535188959
1.787780509388915,3.025736534346916,0.001631180535188959
1.788254219388915,3.021964455728313,0.001289740166468739
1.788727929388915,3.025736534346916,0.001631180535188959
1.789201639388915,3.025736534346916,0.001631180535188959
1.789675349388915,3.025736534346916,0.001631180535188959
1.790149059388915,3.021964455728313,0.001631180535188959
1.790622769388915,3.025736534346916,0.001631180535188959
1.791096479388915,3.021964455728313,0.001631180535188959
1.791570189388915,3.021964455728313,0.001631180535188959
1.792043899388915,3.021964455728313,0.001289740166468739
1.792517609388915,3.025736534346916,0.001289740166468739
1.792991319388915,3.025736534346916,0.001631180535188959
1.793465029388915,3.021964455728313,0.001631180535188959
1.793938739388915,3.021964455728313,0.001289740166468739
1.794412449388915,3.021964455728313,0.0009482997977485336
1.794886159388915,3.025736534346916,0.0009482997977485336
1.795359869388915,3.025736534346916,0.0009482997977485336
1.795833579388915,3.025736534346916,0.001289740166468739
1.796307289388915,3.025736534346916,0.0009482997977485336
1.796780999388915,3.025736534346916,0.0009482997977485336
1.797254709388915,3.021964455728313,0.0006068594290283141
1.797728419388915,3.021964455728313,0.0006068594290283141
1.798202129388915,3.021964455728313,0.0006068594290283141
1.798675839388915,3.025736534346916,0.0002654190603080947
1.799149549388915,3.021964455728313,0.0002654190603080947
1.799623259388915,3.021964455728313,0.0002654190603080947
1.800096969388915,3.021964455728313,0.0002654190603080947
1.800570679388915,3.021964455728313,-7.602130841211086e-05
1.801044389388915,3.021964455728313,-7.602130841211086e-05
1.801518099388915,3.021964455728313,-7.602130841211086e-05
1.801991809388915,3.021964455728313,-7.602130841211086e-05
1.802465519388915,3.021964455728313,-7.602130841211086e-05
1.802939229388915,3.021964455728313,0.0002654190603080947
1.803412939388915,3.021964455728313,0.0002654190603080947
1.803886649388915,3.021964455728313,0.0002654190603080947
1.804360359388915,3.025736534346916,0.0006068594290283141
1.804834069388915,3.021964455728313,0.0006068594290283141
1.805307779388915,3.021964455728313,0.0006068594290283141
1.805781489388915,3.021964455728313,0.0009482997977485336
1.806255199388915,3.025736534346916,0.0009482997977485336
1.806728909388915,3.021964455728313,0.001289740166468739
1.807202619388915,3.025736534346916,0.001289740166468739
1.807676329388915,3.021964455728313,0.001631180535188959
1.808150039388915,3.021964455728313,0.001289740166468739
1.808623749388915,3.021964455728313,0.001631180535188959
1.809097459388915,3.025736534346916,0.001631180535188959
1.809571169388915,3.025736534346916,0.001631180535188959
1.810044879388915,3.021964455728313,0.001631180535188959
1.810518589388915,3.021964455728313,0.001972620903909164
1.810992299388915,3.021964455728313,0.001631180535188959
1.811466009388915,3.021964455728313,0.001631180535188959
1.811939719388915,3.021964455728313,0.001631180535188959
1.812413429388915,3.021964455728313,0.001631180535188959
1.812887139388915,3.021964455728313,0.001289740166468739
1.813360849388915,3.021964455728313,0.001289740166468739
1.813834559388915,3.021964455728313,0.001289740166468739
1.814308269388915,3.021964455728313,0.001289740166468739
1.814781979388915,3.021964455728313,0.0009482997977485336
1.815255689388915,3.021964455728313,0.0009482997977485336
1.815729399388915,3.021964455728313,0.0009482997977485336
1.816203109388915,3.025736534346916,0.0009482997977485336
1.816676819388915,3.021964455728313,0.0009482997977485336
1.817150529388915,3.021964455728313,0.0006068594290283141
1.817624239388915,3.021964455728313,0.0006068594290283141
1.818097949388915,3.021964455728313,0.0002654190603080947
1.818571659388915,3.021964455728313,0.0002654190603080947
1.819045369388915,3.021964455728313,0.0002654190603080947
1.819519079388915,3.021964455728313,0.0002654190603080947
1.819992789388915,3.021964455728313,0.0002654190603080947
1.820466499388915,3.021964455728313,0.0002654190603080947
1.820940209388915,3.021964455728313,-7.602130841211086e-05
1.821413919388915,3.021964455728313,0.0002654190603080947
1.821887629388915,3.021964455728313,-7.602130841211086e-05
1.822361339388915,3.021964455728313,0.0002654190603080947
1.822835049388915,3.021964455728313,0.0002654190603080947
1.823308759388915,3.021964455728313,0.0002654190603080947
1.823782469388915,3.021964455728313,0.0002654190603080947
1.824256179388915,3.021964455728313,0.0006068594290283141
1.824729889388915,3.021964455728313,0.0009482997977485336
1.825203599388915,3.021964455728313,0.0006068594290283141
1.825677309388915,3.021964455728313,0.0009482997977485336
1.826151019388915,3.021964455728313,0.0009482997977485336
1.826624729388915,3.021964455728313,0.001289740166468739
1.827098439388915,3.021964455728313,0.001289740166468739
1.827572149388915,3.025736534346916,0.001631180535188959
1.828045859388915,3.021964455728313,0.001631180535188959
1.828519569388915,3.021964455728313,0.001631180535188959
1.828993279388915,3.021964455728313,0.001631180535188959
1.829466989388915,3.021964455728313,0.001631180535188959
1.829940699388915,3.021964455728313,0.001631180535188959
1.830414409388915,3.021964455728313,0.001631180535188959
1.830888119388915,3.021964455728313,0.001972620903909164
1.831361829388915,3.021964455728313,0.001972620903909164
1.831835539388915,3.021964455728313,0.001631180535188959
1.832309249388915,3.025736534346916,0.001631180535188959
1.832782959388915,3.025736534346916,0.001631180535188959
1.833256669388915,3.021964455728313,0.001289740166468739
1.833730379388915,3.021964455728313,0.001631180535188959
1.834204089388915,3.021964455728313,0.0009482997977485336
1.834677799388915,3.021964455728313,0.0009482997977485336
1.835151509388915,3.021964455728313,0.0009482997977485336
1.835625219388915,3.021964455728313,0.0009482997977485336
1.836098929388915,3.021964455728313,0.0009482997977485336
1.836572639388915,3.021964455728313,0.0009482997977485336
1.837046349388915,3.021964455728313,0.0009482997977485336
1.837520059388915,3.021964455728313,0.0006068594290283141
1.837993769388915,3.021964455728313,0.0006068594290283141
1.838467479388915,3.021964455728313,0.0006068594290283141
1.838941189388915,3.021964455728313,0.0006068594290283141
1.839414899388915,3.021964455728313,0.0002654190603080947
1.839888609388915,3.021964455728313,0.0006068594290283141
1.840362319388915,3.021964455728313,0.0002654190603080947
1.840836029388915,3.021964455728313,0.0002654190603080947
1.841309739388915,3.021964455728313,0.0002654190603080947
1.841783449388915,3.021964455728313,0.0002654190603080947
1.842257159388915,3.021964455728313,0.0002654190603080947
1.842730869388915,3.021964455728313,0.0002654190603080947
1.843204579388915,3.021964455728313,0.0002654190603080947
1.843678289388915,3.021964455728313,0.0002654190603080947
1.844151999388915,3.021964455728313,0.0006068594290283141
1.844625709388915,3.021964455728313,0.0006068594290283141
1.845099419388915,3.021964455728313,0.0006068594290283141
1.845573129388915,3.021964455728313,0.0009482997977485336
1.846046839388915,3.021964455728313,0.0009482997977485336
1.846520549388915,3.021964455728313,0.0009482997977485336
1.846994259388915,3.021964455728313,0.001289740166468739
1.847467969388915,3.021964455728313,0.001631180535188959
1.847941679388915,3.021964455728313,0.001631180535188959
1.848415389388915,3.021964455728313,0.001289740166468739
1.848889099388915,3.021964455728313,0.001631180535188959
1.849362809388915,3.021964455728313,0.001972620903909164
1.849836519388915,3.025736534346916,0.001631180535188959
1.850310229388915,3.021964455728313,0.001631180535188959
1.850783939388915,3.025736534346916,0.001972620903909164
1.851257649388915,3.025736534346916,0.001631180535188959
1.851731359388915,3.021964455728313,0.001631180535188959
1.852205069388915,3.021964455728313,0.001631180535188959
1.852678779388915,3.021964455728313,0.001631180535188959
1.853152489388915,3.021964455728313,0.001631180535188959
1.853626199388915,3.025736534346916,0.001631180535188959
1.854099909388915,3.025736534346916,0.001289740166468739
1.854573619388915,3.025736534346916,0.001289740166468739
1.855047329388915,3.025736534346916,0.001289740166468739
1.855521039388915,3.021964455728313,0.0009482997977485336
1.855994749388915,3.021964455728313,0.0006068594290283141
1.856468459388915,3.021964455728313,0.0009482997977485336
1.856942169388915,3.025736534346916,0.0009482997977485336
1.857415879388915,3.021964455728313,0.0006068594290283141
1.857889589388915,3.021964455728313,0.0006068594290283141
1.858363299388915,3.021964455728313,0.0006068594290283141
1.858837009388915,3.025736534346916,0.0002654190603080947
1.859310719388915,3.021964455728313,0.0002654190603080947
1.859784429388915,3.021964455728313,0.0002654190603080947
1.860258139388915,3.021964455728313,0.0002654190603080947
1.860731849388915,3.021964455728313,0.0002654190603080947
1.861205559388915,3.025736534346916,0.0002654190603080947
1.861679269388915,3.021964455728313,0.0002654190603080947
1.862152979388915,3.021964455728313,0.0002654190603080947
1.862626689388915,3.021964455728313,0.0002654190603080947
1.863100399388915,3.025736534346916,0.0002654190603080947
1.863574109388915,3.021964455728313,0.0002654190603080947
1.864047819388915,3.025736534346916,0.0006068594290283141
1.864521529388915,3.025736534346916,0.0006068594290283141
1.864995239388915,3.021964455728313,0.0009482997977485336
1.865468949388915,3.021964455728313,0.0009482997977485336
1.865942659388915,3.021964455728313,0.0009482997977485336
1.866416369388915,3.021964455728313,0.0009482997977485336
1.866890079388915,3.021964455728313,0.001289740166468739
1.867363789388915,3.025736534346916,0.001289740166468739
1.867837499388915,3.025736534346916,0.001631180535188959
1.868311209388915,3.025736534346916,0.001631180535188959
1.868784919388915,3.021964455728313,0.001972620903909164
1.869258629388915,3.025736534346916,0.001972620903909164
1.869732339388915,3.021964455728313,0.001972620903909164
1.870206049388915,3.021964455728313,0.001631180535188959
1.870679759388915,3.021964455728313,0.001972620903909164
1.871153469388915,3.021964455728313,0.001631180535188959
1.871627179388915,3.021964455728313,0.001631180535188959
1.872100889388915,3.021964455728313,0.001631180535188959
1.872574599388915,3.021964455728313,0.001631180535188959
1.873048309388915,3.025736534346916,0.001631180535188959
1.873522019388915,3.025736534346916,0.001631180535188959
1.873995729388915,3.025736534346916,0.001631180535188959
1.874469439388915,3.021964455728313,0.001289740166468739
1.874943149388915,3.021964455728313,0.0009482997977485336
1.875416859388915,3.025736534346916,0.0009482997977485336
1.875890569388915,3.021964455728313,0.0009482997977485336
1.876364279388915,3.021964455728313,0.0009482997977485336
1.876837989388915,3.025736534346916,0.0009482997977485336
1.877311699388915,3.021964455728313,0.0006068594290283141
1.877785409388915,3.021964455728313,0.0006068594290283141
1.878259119388915,3.021964455728313,0.0006068594290283141
1.878732829388915,3.021964455728313,0.0006068594290283141
1.879206539388915,3.021964455728313,0.0002654190603080947
1.879680249388915,3.021964455728313,0.0002654190603080947
1.880153959388915,3.021964455728313,0.0002654190603080947
1.880627669388915,3.021964455728313,-7.602130841211086e-05
1.881101379388915,3.021964455728313,0.0002654190603080947
1.881575089388915,3.021964455728313,0.0002654190603080947
1.882048799388915,3.021964455728313,0.0002654190603080947
1.882522509388915,3.021964455728313,0.0002654190603080947
1.882996219388915,3.021964455728313,0.0002654190603080947
1.883469929388915,3.021964455728313,0.0002654190603080947
1.883943639388915,3.021964455728313,0.0002654190603080947
1.884417349388915,3.025736534346916,0.0006068594290283141
1.884891059388915,3.025736534346916,0.0006068594290283141
1.885364769388915,3.021964455728313,0.0009482997977485336
1.885838479388915,3.021964455728313,0.0009482997977485336
1.886312189388915,3.021964455728313,0.001289740166468739
1.886785899388915,3.025736534346916,0.001289740166468739
1.887259609388915,3.025736534346916,0.001289740166468739
1.887733319388915,3.025736534346916,0.001631180535188959
1.888207029388915,3.025736534346916,0.0009482997977485336
1.888680739388915,3.025736534346916,0.001631180535188959
1.889154449388915,3.021964455728313,0.001972620903909164
1.889628159388915,3.021964455728313,0.001972620903909164
1.890101869388915,3.021964455728313,0.001972620903909164
1.890575579388915,3.021964455728313,0.001972620903909164
1.891049289388915,3.021964455728313,0.001631180535188959
1.891522999388915,3.025736534346916,0.001631180535188959
1.891996709388915,3.025736534346916,0.001631180535188959
1.892470419388915,3.021964455728313,0.001631180535188959
1.892944129388915,3.025736534346916,0.001289740166468739
1.893417839388915,3.025736534346916,0.001289740166468739
1.893891549388915,3.025736534346916,0.001289740166468739
1.894365259388915,3.021964455728313,0.001289740166468739
1.894838969388915,3.025736534346916,0.0009482997977485336
1.895312679388915,3.025736534346916,0.0009482997977485336
1.895786389388915,3.021964455728313,0.0009482997977485336
1.896260099388915,3.025736534346916,0.0009482997977485336
1.896733809388915,3.025736534346916,0.0009482997977485336
1.897207519388915,3.025736534346916,0.0006068594290283141
1.897681229388915,3.025736534346916,0.0006068594290283141
1.898154939388915,3.025736534346916,0.0006068594290283141
1.898628649388915,3.025736534346916,0.0002654190603080947
1.899102359388915,3.021964455728313,0.0002654190603080947
1.899576069388915,3.021964455728313,0.0002654190603080947
1.900049779388915,3.021964455728313,0.0002654190603080947
1.900523489388915,3.021964455728313,0.0002654190603080947
1.900997199388915,3.021964455728313,0.0002654190603080947
1.901470909388915,3.021964455728313,0.0002654190603080947
1.901944619388915,3.021964455728313,0.0002654190603080947
1.902418329388915,3.021964455728313,0.0002654190603080947
1.902892039388915,3.021964455728313,0.0002654190603080947
1.903365749388915,3.021964455728313,0.0002654190603080947
1.903839459388915,3.021964455728313,0.0002654190603080947
1.904313169388915,3.021964455728313,0.0006068594290283141
1.904786879388915,3.021964455728313,0.0006068594290283141
1.905260589388915,3.021964455728313,0.0009482997977485336
1.905734299388915,3.021964455728313,0.0009482997977485336
1.906208009388915,3.021964455728313,0.0009482997977485336
1.906681719388915,3.021964455728313,0.0009482997977485336
1.907155429388915,3.025736534346916,0.001289740166468739
1.907629139388915,3.021964455728313,0.001631180535188959
1.908102849388915,3.021964455728313,0.001289740166468739
1.908576559388915,3.021964455728313,0.001631180535188959
1.909050269388915,3.025736534346916,0.001631180535188959
1.909523979388915,3.021964455728313,0.001631180535188959
1.909997689388915,3.025736534346916,0.001972620903909164
1.910471399388915,3.025736534346916,0.001972620903909164
1.910945109388915,3.025736534346916,0.001972620903909164
1.911418819388915,3.025736534346916,0.001631180535188959
1.911892529388915,3.025736534346916,0.001631180535188959
1.912366239388915,3.025736534346916,0.001972620903909164
1.912839949388915,3.025736534346916,0.001631180535188959
1.913313659388915,3.025736534346916,0.001289740166468739
1.913787369388915,3.025736534346916,0.001631180535188959
1.914261079388915,3.025736534346916,0.001289740166468739
1.914734789388915,3.025736534346916,0.0009482997977485336
1.915208499388915,3.025736534346916,0.0009482997977485336
1.915682209388915,3.025736534346916,0.0009482997977485336
1.916155919388915,3.025736534346916,0.0009482997977485336
1.916629629388915,3.025736534346916,0.001289740166468739
1.917103339388915,3.025736534346916,0.0006068594290283141
1.917577049388915,3.025736534346916,0.0006068594290283141
1.918050759388915,3.025736534346916,0.0006068594290283141
1.918524469388915,3.025736534346916,0.0006068594290283141
1.918998179388915,3.025736534346916,0.0006068594290283141
1.919471889388915,3.025736534346916,0.0006068594290283141
1.919945599388915,3.021964455728313,0.0002654190603080947
1.920419309388915,3.021964455728313,-7.602130841211086e-05
1.920893019388915,3.021964455728313,0.0002654190603080947
1.921366729388915,3.021964455728313,0.0002654190603080947
1.921840439388915,3.025736534346916,0.0002654190603080947
1.922314149388915,3.021964455728313,0.0002654190603080947
1.922787859388915,3.021964455728313,0.0002654190603080947
1.923261569388915,3.021964455728313,0.0002654190603080947
1.923735279388915,3.021964455728313,0.0002654190603080947
1.924208989388915,3.021964455728313,0.0002654190603080947
1.924682699388915,3.025736534346916,0.0006068594290283141
1.925156409388915,3.025736534346916,0.0009482997977485336
1.925630119388915,3.025736534346916,0.0009482997977485336
1.926103829388915,3.025736534346916,0.0009482997977485336
1.926577539388915,3.021964455728313,0.0009482997977485336
1.927051249388915,3.021964455728313,0.0009482997977485336
1.927524959388915,3.025736534346916,0.001289740166468739
1.927998669388915,3.021964455728313,0.001631180535188959
1.928472379388915,3.021964455728313,0.001289740166468739
1.928946089388915,3.021964455728313,0.001631180535188959
1.929419799388915,3.021964455728313,0.001972620903909164
1.929893509388915,3.025736534346916,0.001972620903909164
1.930367219388915,3.025736534346916,0.001972620903909164
1.930840929388915,3.025736534346916,0.001972620903909164
1.931314639388915,3.021964455728313,0.001631180535188959
1.931788349388915,3.025736534346916,0.001631180535188959
1.932262059388915,3.025736534346916,0.001289740166468739
1.932735769388915,3.021964455728313,0.001289740166468739
1.933209479388915,3.021964455728313,0.001289740166468739
1.933683189388915,3.025736534346916,0.001289740166468739
1.934156899388915,3.025736534346916,0.001289740166468739
1.934630609388915,3.021964455728313,0.0009482997977485336
1.935104319388915,3.025736534346916,0.001289740166468739
1.935578029388915,3.025736534346916,0.001289740166468739
1.936051739388915,3.025736534346916,0.0009482997977485336
1.936525449388915,3.025736534346916,0.0009482997977485336
1.936999159388915,3.025736534346916,0.0006068594290283141
1.937472869388915,3.025736534346916,0.0002654190603080947
1.937946579388915,3.025736534346916,0.0006068594290283141
1.938420289388915,3.025736534346916,0.0006068594290283141
1.938893999388915,3.021964455728313,0.0002654190603080947
1.939367709388915,3.021964455728313,0.0002654190603080947
1.939841419388915,3.021964455728313,0.0002654190603080947
1.940315129388915,3.021964455728313,0.0006068594290283141
1.940788839388915,3.021964455728313,0.0002654190603080947
1.941262549388915,3.021964455728313,0.0002654190603080947
1.941736259388915,3.021964455728313,-7.602130841211086e-05
1.942209969388915,3.021964455728313,0.0002654190603080947
1.942683679388915,3.021964455728313,0.0002654190603080947
1.943157389388915,3.021964455728313,0.0002654190603080947
1.943631099388915,3.021964455728313,0.0002654190603080947
1.944104809388915,3.021964455728313,0.0006068594290283141
1.944578519388915,3.021964455728313,0.0006068594290283141
1.945052229388915,3.025736534346916,0.0006068594290283141
1.945525939388915,3.025736534346916,0.0009482997977485336
1.945999649388915,3.021964455728313,0.0009482997977485336
1.946473359388915,3.021964455728313,0.0009482997977485336
1.946947069388915,3.021964455728313,0.0009482997977485336
1.947420779388915,3.021964455728313,0.001289740166468739
1.947894489388915,3.021964455728313,0.001631180535188959
1.948368199388915,3.021964455728313,0.001289740166468739
1.948841909388915,3.021964455728313,0.001631180535188959
1.949315619388915,3.021964455728313,0.001631180535188959
1.949789329388915,3.021964455728313,0.001631180535188959
1.950263039388915,3.025736534346916,0.001631180535188959
1.950736749388915,3.025736534346916,0.001972620903909164
1.951210459388915,3.025736534346916,0.001631180535188959
1.951684169388915,3.021964455728313,0.001631180535188959
1.952157879388915,3.021964455728313,0.001631180535188959
1.952631589388915,3.021964455728313,0.001289740166468739
1.953105299388915,3.021964455728313,0.001289740166468739
1.953579009388915,3.021964455728313,0.001289740166468739
1.954052719388915,3.021964455728313,0.001289740166468739
1.954526429388915,3.021964455728313,0.001289740166468739
1.955000139388915,3.021964455728313,0.001289740166468739
1.955473849388915,3.021964455728313,0.0009482997977485336
1.955947559388915,3.021964455728313,0.0009482997977485336
1.956421269388915,3.021964455728313,0.0009482997977485336
1.956894979388915,3.021964455728313,0.0006068594290283141
1.957368689388915,3.021964455728313,0.0006068594290283141
1.957842399388915,3.021964455728313,0.0006068594290283141
1.958316109388915,3.021964455728313,0.0006068594290283141
1.958789819388915,3.021964455728313,0.0006068594290283141
1.959263529388915,3.021964455728313,0.0002654190603080947
1.959737239388915,3.025736534346916,0.0002654190603080947
1.960210949388915,3.021964455728313,0.0002654190603080947
1.960684659388915,3.021964455728313,0.0002654190603080947
1.961158369388915,3.021964455728313,-7.602130841211086e-05
1.961632079388915,3.021964455728313,0.0002654190603080947
1.962105789388915,3.021964455728313,0.0002654190603080947
1.962579499388915,3.021964455728313,0.0002654190603080947
1.963053209388915,3.021964455728313,0.0002654190603080947
1.963526919388915,3.021964455728313,-7.602130841211086e-05
1.964000629388915,3.021964455728313,0.0002654190603080947
1.964474339388915,3.021964455728313,0.0006068594290283141
1.964948049388915,3.021964455728313,0.0009482997977485336
1.965421759388915,3.021964455728313,0.0009482997977485336
1.965895469388915,3.021964455728313,0.0009482997977485336
1.966369179388915,3.021964455728313,0.0009482997977485336
1.966842889388915,3.021964455728313,0.0009482997977485336
1.967316599388915,3.021964455728313,0.001289740166468739
1.967790309388915,3.021964455728313,0.001289740166468739
1.968264019388915,3.021964455728313,0.001289740166468739
1.968737729388915,3.021964455728313,0.001631180535188959
1.969211439388915,3.021964455728313,0.001972620903909164
1.969685149388915,3.021964455728313,0.001972620903909164
1.970158859388915,3.025736534346916,0.001972620903909164
1.970632569388915,3.021964455728313,0.001972620903909164
1.971106279388915,3.021964455728313,0.001631180535188959
1.971579989388915,3.025736534346916,0.001631180535188959
1.972053699388915,3.021964455728313,0.001289740166468739
1.972527409388915,3.021964455728313,0.001289740166468739
1.973001119388915,3.021964455728313,0.001631180535188959
1.973474829388915,3.021964455728313,0.001289740166468739
1.973948539388915,3.021964455728313,0.001289740166468739
1.974422249388915,3.021964455728313,0.0009482997977485336
1.974895959388915,3.021964455728313,0.001289740166468739
1.975369669388915,3.021964455728313,0.001289740166468739
1.975843379388915,3.021964455728313,0.001289740166468739
1.976317089388915,3.021964455728313,0.0009482997977485336
1.976790799388915,3.021964455728313,0.0009482997977485336
1.977264509388915,3.021964455728313,0.0006068594290283141
1.977738219388915,3.021964455728313,0.0006068594290283141
1.978211929388915,3.021964455728313,0.0006068594290283141
1.978685639388915,3.021964455728313,0.0006068594290283141
1.979159349388915,3.021964455728313,0.0002654190603080947
1.979633059388915,3.021964455728313,0.0002654190603080947
1.980106769388915,3.021964455728313,0.0002654190603080947
1.980580479388915,3.021964455728313,0.0002654190603080947
1.981054189388915,3.021964455728313,0.0002654190603080947
1.981527899388915,3.021964455728313,0.0002654190603080947
1.982001609388915,3.021964455728313,0.0002654190603080947
1.982475319388915,3.021964455728313,0.0002654190603080947
1.982949029388915,3.021964455728313,-7.602130841211086e-05
1.983422739388915,3.021964455728313,0.0002654190603080947
1.983896449388915,3.021964455728313,0.0002654190603080947
1.984370159388915,3.021964455728313,0.0006068594290283141
1.984843869388915,3.021964455728313,0.0006068594290283141
1.985317579388915,3.021964455728313,0.0009482997977485336
1.985791289388915,3.021964455728313,0.0009482997977485336
1.986264999388915,3.021964455728313,0.0009482997977485336
1.986738709388915,3.021964455728313,0.0009482997977485336
1.987212419388915,3.021964455728313,0.001289740166468739
1.987686129388915,3.021964455728313,0.001289740166468739
1.988159839388915,3.021964455728313,0.001631180535188959
1.988633549388915,3.021964455728313,0.001631180535188959
1.989107259388915,3.021964455728313,0.001972620903909164
1.989580969388915,3.021964455728313,0.001972620903909164
1.990054679388915,3.021964455728313,0.001972620903909164
1.990528389388915,3.021964455728313,0.001972620903909164
1.991002099388915,3.021964455728313,0.001972620903909164
1.991475809388915,3.021964455728313,0.001631180535188959
1.991949519388915,3.021964455728313,0.001631180535188959
1.992423229388915,3.021964455728313,0.001631180535188959
1.992896939388915,3.021964455728313,0.001631180535188959
1.993370649388915,3.021964455728313,0.001289740166468739
1.993844359388915,3.021964455728313,0.001631180535188959
1.994318069388915,3.021964455728313,0.001289740166468739
1.994791779388915,3.021964455728313,0.001289740166468739
1.995265489388915,3.021964455728313,0.001289740166468739
1.995739199388915,3.021964455728313,0.0006068594290283141
1.996212909388915,3.021964455728313,0.0006068594290283141
1.996686619388915,3.021964455728313,0.0006068594290283141
1.997160329388915,3.021964455728313,0.0009482997977485336
1.997634039388915,3.021964455728313,0.0006068594290283141
1.998107749388915,3.021964455728313,0.0006068594290283141
1.998581459388915,3.021964455728313,0.0006068594290283141
1.999055169388915,3.021964455728313,0.0006068594290283141
1.999528879388915,3.021964455728313,0.0006068594290283141
2.000002589388915,3.021964455728313,0.0002654190603080947
2.000476299388915,3.021964455728313,-7.602130841211086e-05
2.000950009388915,3.021964455728313,0.0002654190603080947
2.001423719388915,3.021964455728313,0.0002654190603080947
2.001897429388915,3.021964455728313,0.0002654190603080947
2.002371139388915,3.021964455728313,0.0002654190603080947
2.002844849388915,3.021964455728313,0.0002654190603080947
2.003318559388915,3.021964455728313,0.0002654190603080947
2.003792269388915,3.021964455728313,0.0002654190603080947
2.004265979388915,3.021964455728313,0.0006068594290283141
2.004739689388915,3.021964455728313,0.0009482997977485336
2.005213399388915,3.021964455728313,0.0009482997977485336
2.005687109388915,3.021964455728313,0.0009482997977485336
2.006160819388915,3.021964455728313,0.0006068594290283141
2.006634529388915,3.021964455728313,0.0006068594290283141
2.007108239388915,3.021964455728313,0.001289740166468739
2.007581949388915,3.021964455728313,0.001631180535188959
2.008055659388915,3.021964455728313,0.001631180535188959
2.008529369388915,3.021964455728313,0.001631180535188959
2.009003079388915,3.021964455728313,0.001631180535188959
2.009476789388915,3.021964455728313,0.001631180535188959
2.009950499388915,3.021964455728313,0.001631180535188959
2.010424209388915,3.021964455728313,0.001631180535188959
2.010897919388915,3.021964455728313,0.001972620903909164
2.011371629388915,3.021964455728313,0.001972620903909164
2.011845339388915,3.021964455728313,0.001631180535188959
2.012319049388915,3.021964455728313,0.001972620903909164
2.012792759388915,3.021964455728313,0.001631180535188959
2.013266469388915,3.021964455728313,0.001631180535188959
2.013740179388915,3.021964455728313,0.001631180535188959
2.014213889388915,3.021964455728313,0.001289740166468739
2.014687599388915,3.021964455728313,0.0009482997977485336
2.015161309388915,3.021964455728313,0.001289740166468739
2.015635019388915,3.021964455728313,0.001289740166468739
2.016108729388915,3.021964455728313,0.0009482997977485336
2.016582439388915,3.021964455728313,0.0006068594290283141
2.017056149388915,3.021964455728313,0.0006068594290283141
2.017529859388915,3.021964455728313,0.0002654190603080947
2.018003569388915,3.021964455728313,0.0006068594290283141
2.018477279388915,3.021964455728313,0.0009482997977485336
2.018950989388915,3.021964455728313,0.0002654190603080947
2.019424699388915,3.021964455728313,0.0002654190603080947
2.019898409388915,3.021964455728313,0.0002654190603080947
2.020372119388915,3.021964455728313,0.0006068594290283141
2.020845829388915,3.021964455728313,0.0002654190603080947
2.021319539388915,3.021964455728313,0.0002654190603080947
2.021793249388915,3.021964455728313,0.0006068594290283141
2.022266959388915,3.021964455728313,0.0002654190603080947
2.022740669388915,3.021964455728313,0.0006068594290283141
2.023214379388915,3.021964455728313,0.0006068594290283141
2.023688089388915,3.021964455728313,0.0006068594290283141
2.024161799388915,3.021964455728313,0.0006068594290283141
2.024635509388915,3.021964455728313,0.0009482997977485336
2.025109219388915,3.021964455728313,0.0009482997977485336
2.025582929388915,3.021964455728313,0.0009482997977485336
2.026056639388915,3.021964455728313,0.0009482997977485336
2.026530349388915,3.021964455728313,0.0009482997977485336
2.027004059388915,3.021964455728313,0.0009482997977485336
2.027477769388915,3.021964455728313,0.001289740166468739
2.027951479388915,3.021964455728313,0.001289740166468739
2.028425189388915,3.021964455728313,0.001289740166468739
2.028898899388915,3.021964455728313,0.001631180535188959
2.029372609388915,3.021964455728313,0.001972620903909164
2.029846319388915,3.021964455728313,0.001972620903909164
2.030320029388915,3.021964455728313,0.001972620903909164
2.030793739388915,3.021964455728313,0.001972620903909164
2.031267449388915,3.021964455728313,0.001972620903909164
2.031741159388915,3.021964455728313,0.001972620903909164
2.032214869388915,3.021964455728313,0.001972620903909164
2.032688579388915,3.021964455728313,0.001631180535188959
2.033162289388915,3.021964455728313,0.001631180535188959
2.033635999388915,3.021964455728313,0.001631180535188959
2.034109709388915,3.021964455728313,0.001631180535188959
2.034583419388915,3.021964455728313,0.001289740166468739
2.035057129388915,3.021964455728313,0.001289740166468739
2.035530839388915,3.021964455728313,0.0009482997977485336
2.036004549388915,3.021964455728313,0.0009482997977485336
2.036478259388915,3.021964455728313,0.0006068594290283141
2.036951969388915,3.021964455728313,0.0006068594290283141
2.037425679388915,3.021964455728313,0.0006068594290283141
2.037899389388915,3.021964455728313,0.0006068594290283141
2.038373099388915,3.021964455728313,0.0006068594290283141
2.038846809388915,3.021964455728313,0.0002654190603080947
2.039320519388915,3.021964455728313,0.0002654190603080947
2.039794229388915,3.021964455728313,0.0002654190603080947
2.040267939388915,3.021964455728313,-7.602130841211086e-05
2.040741649388915,3.021964455728313,-7.602130841211086e-05
2.041215359388915,3.021964455728313,0.0002654190603080947
2.041689069388915,3.021964455728313,0.0002654190603080947
2.042162779388915,3.021964455728313,0.0002654190603080947
2.042636489388915,3.021964455728313,0.0002654190603080947
2.043110199388915,3.021964455728313,-7.602130841211086e-05
2.043583909388915,3.021964455728313,0.0002654190603080947
2.044057619388915,3.021964455728313,0.0002654190603080947
2.044531329388915,3.021964455728313,0.0002654190603080947
2.045005039388915,3.021964455728313,0.0006068594290283141
2.045478749388915,3.021964455728313,0.0006068594290283141
2.045952459388915,3.021964455728313,0.0009482997977485336
2.046426169388915,3.021964455728313,0.0009482997977485336
2.046899879388915,3.021964455728313,0.0009482997977485336
2.047373589388915,3.021964455728313,0.001289740166468739
2.047847299388915,3.021964455728313,0.001289740166468739
2.048321009388915,3.021964455728313,0.001289740166468739
2.048794719388915,3.021964455728313,0.001289740166468739
2.049268429388915,3.021964455728313,0.001631180535188959
2.049742139388915,3.021964455728313,0.001631180535188959
2.050215849388915,3.021964455728313,0.001631180535188959
2.050689559388915,3.021964455728313,0.001631180535188959
2.051163269388915,3.021964455728313,0.001972620903909164
2.051636979388915,3.021964455728313,0.001972620903909164
2.052110689388915,3.021964455728313,0.001631180535188959
2.052584399388915,3.021964455728313,0.001631180535188959
2.053058109388915,3.021964455728313,0.001631180535188959
2.053531819388915,3.021964455728313,0.001631180535188959
2.054005529388915,3.021964455728313,0.001289740166468739
2.054479239388915,3.021964455728313,0.0009482997977485336
2.054952949388915,3.021964455728313,0.0009482997977485336
2.055426659388915,3.021964455728313,0.0009482997977485336
2.055900369388915,3.021964455728313,0.0009482997977485336
2.056374079388915,3.021964455728313,0.0009482997977485336
2.056847789388915,3.021964455728313,0.0006068594290283141
2.057321499388915,3.021964455728313,0.0006068594290283141
2.057795209388915,3.021964455728313,0.0006068594290283141
2.058268919388915,3.021964455728313,0.0006068594290283141
2.058742629388915,3.021964455728313,0.0006068594290283141
2.059216339388915,3.021964455728313,0.0002654190603080947
2.059690049388915,3.021964455728313,0.0002654190603080947
2.060163759388915,3.021964455728313,-7.602130841211086e-05
2.060637469388915,3.021964455728313,-7.602130841211086e-05
2.061111179388915,3.021964455728313,-7.602130841211086e-05
2.061584889388915,3.021964455728313,-7.602130841211086e-05
2.062058599388915,3.021964455728313,-7.602130841211086e-05
2.062532309388915,3.021964455728313,-7.602130841211086e-05
2.063006019388915,3.021964455728313,0.0002654190603080947
2.063479729388915,3.021964455728313,0.0002654190603080947
2.063953439388915,3.021964455728313,0.0006068594290283141
2.064427149388915,3.021964455728313,0.0006068594290283141
2.064900859388915,3.021964455728313,0.0006068594290283141
2.065374569388915,3.021964455728313,0.0006068594290283141
2.065848279388915,3.021964455728313,0.0006068594290283141
2.066321989388915,3.021964455728313,0.0009482997977485336
2.066795699388915,3.021964455728313,0.0009482997977485336
2.067269409388915,3.025736534346916,0.001289740166468739
2.067743119388915,3.021964455728313,0.001631180535188959
2.068216829388915,3.025736534346916,0.001631180535188959
2.068690539388915,3.025736534346916,0.001631180535188959
2.069164249388915,2.557998785640058,-0.0007589020458525358
2.069637959388915,0.0193898753197681,0.001289740166468739
2.070111669388915,0.0193898753197681,0.001631180535188959
2.070585379388915,0.0193898753197681,0.001631180535188959
2.071059089388915,0.01561779670116437,0.001631180535188959
2.071532799388915,0.01561779670116437,0.001631180535188959
2.072006509388915,0.01561779670116437,0.001972620903909164
2.072480219388915,0.01561779670116437,0.001972620903909164
2.072953929388915,0.01561779670116437,0.001631180535188959
2.073427639388915,0.01561779670116437,0.001289740166468739
2.073901349388915,0.01561779670116437,0.001631180535188959
2.074375059388915,0.01561779670116437,0.001289740166468739
2.074848769388915,0.01561779670116437,0.001289740166468739
2.075322479388915,0.01561779670116437,0.0009482997977485336
2.075796189388915,0.01561779670116437,0.0009482997977485336
2.076269899388915,0.01561779670116437,0.0009482997977485336
2.076743609388915,0.01561779670116437,0.0009482997977485336
2.077217319388915,0.01561779670116437,0.0006068594290283141
2.077691029388915,0.0193898753197681,0.0006068594290283141
2.078164739388915,0.0193898753197681,0.0006068594290283141
2.078638449388915,0.01561779670116437,0.0002654190603080947
2.079112159388915,0.01561779670116437,0.0006068594290283141
2.079585869388915,0.01561779670116437,0.0006068594290283141
2.080059579388915,0.01561779670116437,0.0002654190603080947
2.080533289388915,0.01561779670116437,0.0002654190603080947
2.081006999388915,0.01561779670116437,0.0002654190603080947
2.081480709388915,0.01561779670116437,0.0002654190603080947
2.081954419388915,0.01561779670116437,-7.602130841211086e-05
2.082428129388915,0.01561779670116437,0.0002654190603080947
2.082901839388915,0.01561779670116437,0.0002654190603080947
2.083375549388915,0.01561779670116437,0.0002654190603080947
2.083849259388915,0.01561779670116437,0.0002654190603080947
2.084322969388915,0.01561779670116437,0.0006068594290283141
2.084796679388915,0.01561779670116437,0.0006068594290283141
2.085270389388915,0.01561779670116437,0.0009482997977485336
2.085744099388915,0.01561779670116437,0.0009482997977485336
2.086217809388915,0.01561779670116437,0.0009482997977485336
2.086691519388915,0.01561779670116437,0.001289740166468739
2.087165229388915,0.01561779670116437,0.001289740166468739
2.087638939388915,0.01561779670116437,0.001289740166468739
2.088112649388915,0.01561779670116437,0.001631180535188959
2.088586359388915,0.01561779670116437,0.001289740166468739
2.089060069388915,0.01561779670116437,0.001972620903909164
2.089533779388915,0.01561779670116437,0.001972620903909164
2.090007489388915,0.01561779670116437,0.001631180535188959
2.090481199388915,0.01561779670116437,0.001631180535188959
2.090954909388915,0.01561779670116437,0.001972620903909164
2.091428619388915,0.01561779670116437,0.001972620903909164
2.091902329388915,0.01561779670116437,0.001631180535188959
2.092376039388915,0.01561779670116437,0.001289740166468739
2.092849749388915,0.01561779670116437,0.001289740166468739
2.093323459388915,0.01561779670116437,0.001289740166468739
2.093797169388915,0.01561779670116437,0.001289740166468739
2.094270879388915,0.01561779670116437,0.001631180535188959
2.094744589388915,0.01561779670116437,0.001289740166468739
2.095218299388915,0.01561779670116437,0.0009482997977485336
2.095692009388915,0.01561779670116437,0.0009482997977485336
2.096165719388915,0.01561779670116437,0.0006068594290283141
2.096639429388915,0.01561779670116437,0.0009482997977485336
2.097113139388915,0.01561779670116437,0.0009482997977485336
2.097586849388915,0.01561779670116437,0.0006068594290283141
2.098060559388915,0.01561779670116437,0.0002654190603080947
2.098534269388915,0.01561779670116437,0.0002654190603080947
2.099007979388915,0.01561779670116437,0.0002654190603080947
2.099481689388915,0.01561779670116437,0.0002654190603080947
2.099955399388915,0.01561779670116437,0.0002654190603080947
2.100429109388915,0.01561779670116437,-7.602130841211086e-05
2.100902819388915,0.01561779670116437,-7.602130841211086e-05
2.101376529388915,0.01561779670116437,-7.602130841211086e-05
2.101850239388915,0.01561779670116437,-7.602130841211086e-05
2.102323949388915,0.01561779670116437,0.0002654190603080947
2.102797659388915,0.01561779670116437,0.0002654190603080947
2.103271369388915,0.01561779670116437,0.0002654190603080947
2.103745079388915,0.01561779670116437,0.0002654190603080947
2.104218789388915,0.01561779670116437,0.0006068594290283141
2.104692499388915,0.01561779670116437,0.0009482997977485336
2.105166209388915,0.01561779670116437,0.0006068594290283141
2.105639919388915,0.01561779670116437,0.0006068594290283141
2.106113629388915,0.5701133536359082,0.003338382378790028
2.106587339388915,3.014420298491106,0.001289740166468739
2.107061049388915,3.014420298491106,0.001289740166468739
2.107534759388915,3.01819237710971,0.001631180535188959
2.108008469388915,3.01819237710971,0.001631180535188959
2.108482179388915,3.01819237710971,0.001631180535188959
2.108955889388915,3.021964455728313,0.001972620903909164
2.109429599388915,3.021964455728313,0.001972620903909164
2.109903309388915,3.021964455728313,0.001972620903909164
2.110377019388915,3.021964455728313,0.001972620903909164
2.110850729388915,3.021964455728313,0.001972620903909164
2.111324439388915,3.021964455728313,0.001631180535188959
2.111798149388915,3.021964455728313,0.001631180535188959
2.112271859388915,3.021964455728313,0.001631180535188959
2.112745569388915,3.021964455728313,0.001631180535188959
2.113219279388915,3.021964455728313,0.001289740166468739
2.113692989388915,3.021964455728313,0.001289740166468739
2.114166699388915,3.021964455728313,0.0009482997977485336
2.114640409388915,3.021964455728313,0.0009482997977485336
2.115114119388915,3.021964455728313,0.001289740166468739
2.115587829388915,3.021964455728313,0.001289740166468739
2.116061539388915,3.021964455728313,0.0009482997977485336
2.116535249388915,3.021964455728313,0.0009482997977485336
2.117008959388915,3.021964455728313,0.0009482997977485336
2.117482669388915,3.021964455728313,0.0009482997977485336
2.117956379388915,3.021964455728313,0.0006068594290283141
2.118430089388915,3.021964455728313,0.0006068594290283141
2.118903799388915,3.021964455728313,0.0006068594290283141
2.119377509388915,3.021964455728313,0.0002654190603080947
2.119851219388915,3.021964455728313,0.0002654190603080947
2.120324929388915,3.021964455728313,0.0002654190603080947
2.120798639388915,3.021964455728313,-7.602130841211086e-05
2.121272349388915,3.021964455728313,-7.602130841211086e-05
2.121746059388915,3.021964455728313,-7.602130841211086e-05
2.122219769388915,3.021964455728313,0.0002654190603080947
2.122693479388915,3.021964455728313,0.0002654190603080947
2.123167189388915,3.021964455728313,0.0002654190603080947
2.123640899388915,3.021964455728313,0.0006068594290283141
2.124114609388915,3.021964455728313,0.0006068594290283141
2.124588319388915,3.021964455728313,0.0006068594290283141
2.125062029388915,3.021964455728313,0.0006068594290283141
2.125535739388915,3.021964455728313,0.0009482997977485336
2.126009449388915,3.021964455728313,0.0009482997977485336
2.126483159388915,3.021964455728313,0.001289740166468739
2.126956869388915,3.021964455728313,0.0009482997977485336
2.127430579388915,3.021964455728313,0.001289740166468739
2.127904289388915,3.021964455728313,0.001289740166468739
2.128377999388915,3.021964455728313,0.001289740166468739
2.128851709388915,3.025736534346916,0.001631180535188959
2.129325419388915,3.025736534346916,0.001972620903909164
2.129799129388915,3.025736534346916,0.001972620903909164
2.130272839388915,3.025736534346916,0.001972620903909164
2.130746549388915,3.025736534346916,0.001972620903909164
2.131220259388915,3.025736534346916,0.001631180535188959
2.131693969388915,3.025736534346916,0.001631180535188959
2.132167679388915,3.025736534346916,0.001631180535188959
2.132641389388915,3.025736534346916,0.001631180535188959
2.133115099388915,3.025736534346916,0.001631180535188959
2.133588809388915,3.025736534346916,0.001631180535188959
2.134062519388915,3.025736534346916,0.001631180535188959
2.134536229388915,3.025736534346916,0.001289740166468739
2.135009939388915,3.025736534346916,0.0009482997977485336
2.135483649388915,3.025736534346916,0.0006068594290283141
2.135957359388915,3.021964455728313,0.0009482997977485336
2.136431069388915,3.021964455728313,0.0006068594290283141
2.136904779388915,3.021964455728313,0.0006068594290283141
2.137378489388915,3.021964455728313,0.0006068594290283141
2.137852199388915,3.021964455728313,0.0006068594290283141
2.138325909388915,3.021964455728313,0.0009482997977485336
2.138799619388915,3.021964455728313,0.0006068594290283141
2.139273329388915,3.021964455728313,0.0002654190603080947
2.139747039388915,3.025736534346916,0.0002654190603080947
2.140220749388915,3.025736534346916,0.0006068594290283141
2.140694459388915,3.025736534346916,0.0002654190603080947
2.141168169388915,3.025736534346916,-7.602130841211086e-05
2.141641879388915,3.021964455728313,-7.602130841211086e-05
2.142115589388915,3.025736534346916,0.0006068594290283141
2.142589299388915,3.021964455728313,0.0006068594290283141
2.143063009388915,3.021964455728313,0.0002654190603080947
2.143536719388915,3.021964455728313,0.0002654190603080947
2.144010429388915,3.021964455728313,0.0002654190603080947
2.144484139388915,3.021964455728313,0.0006068594290283141
2.144957849388915,3.025736534346916,0.0006068594290283141
2.145431559388915,3.021964455728313,0.0006068594290283141
2.145905269388915,3.021964455728313,0.0009482997977485336
2.146378979388915,3.025736534346916,0.0009482997977485336
2.146852689388915,3.025736534346916,0.001289740166468739
2.147326399388915,3.025736534346916,0.001289740166468739
2.147800109388915,3.021964455728313,0.001289740166468739
2.148273819388915,3.025736534346916,0.001289740166468739
2.148747529388915,3.025736534346916,0.001631180535188959
2.149221239388915,3.025736534346916,0.001631180535188959
2.149694949388915,3.025736534346916,0.001631180535188959
2.150168659388915,3.025736534346916,0.001972620903909164
2.150642369388915,3.025736534346916,0.001972620903909164
2.151116079388915,3.025736534346916,0.001972620903909164
2.151589789388915,3.025736534346916,0.001972620903909164
2.152063499388915,3.021964455728313,0.001631180535188959
2.152537209388915,3.025736534346916,0.001631180535188959
2.153010919388915,3.021964455728313,0.001631180535188959
2.153484629388915,3.025736534346916,0.001631180535188959
2.153958339388915,3.025736534346916,0.001289740166468739
2.154432049388915,3.021964455728313,0.0009482997977485336
2.154905759388915,3.021964455728313,0.001289740166468739
2.155379469388915,3.021964455728313,0.001289740166468739
2.155853179388915,3.021964455728313,0.0009482997977485336
2.156326889388915,3.021964455728313,0.0006068594290283141
2.156800599388915,3.025736534346916,0.0006068594290283141
2.157274309388915,3.021964455728313,0.0006068594290283141
2.157748019388915,3.021964455728313,0.0006068594290283141
2.158221729388915,3.021964455728313,0.0002654190603080947
2.158695439388915,3.021964455728313,0.0002654190603080947
2.159169149388915,3.025736534346916,0.0006068594290283141
2.159642859388915,3.021964455728313,0.0002654190603080947
2.160116569388915,3.021964455728313,0.0006068594290283141
2.160590279388915,3.021964455728313,0.0002654190603080947
2.161063989388915,3.021964455728313,-7.602130841211086e-05
2.161537699388915,3.021964455728313,-7.602130841211086e-05
2.162011409388915,3.025736534346916,0.0002654190603080947
2.162485119388915,3.021964455728313,0.0002654190603080947
2.162958829388915,3.025736534346916,0.0002654190603080947
2.163432539388915,3.025736534346916,0.0002654190603080947
2.163906249388915,3.025736534346916,0.0002654190603080947
2.164379959388915,3.025736534346916,0.0006068594290283141
2.164853669388915,3.025736534346916,0.0009482997977485336
2.165327379388915,3.025736534346916,0.0009482997977485336
2.165801089388915,3.025736534346916,0.0009482997977485336
2.166274799388915,3.025736534346916,0.0009482997977485336
2.166748509388915,3.025736534346916,0.0009482997977485336
2.167222219388915,3.025736534346916,0.001289740166468739
2.167695929388915,3.025736534346916,0.001289740166468739
2.168169639388915,3.025736534346916,0.001972620903909164
2.168643349388915,3.025736534346916,0.001631180535188959
2.169117059388915,3.025736534346916,0.001972620903909164
2.169590769388915,3.025736534346916,0.001972620903909164
2.170064479388915,3.025736534346916,0.001972620903909164
2.170538189388915,3.025736534346916,0.001972620903909164
2.171011899388915,3.025736534346916,0.001631180535188959
2.171485609388915,3.025736534346916,0.001631180535188959
2.171959319388915,3.025736534346916,0.001631180535188959
2.172433029388915,3.021964455728313,0.001631180535188959
2.172906739388915,3.021964455728313,0.001631180535188959
2.173380449388915,3.025736534346916,0.001631180535188959
2.173854159388915,3.025736534346916,0.001289740166468739
2.174327869388915,3.025736534346916,0.001289740166468739
2.174801579388915,3.021964455728313,0.0009482997977485336
2.175275289388915,3.021964455728313,0.001289740166468739
2.175748999388915,3.021964455728313,0.001289740166468739
2.176222709388915,3.021964455728313,0.0009482997977485336
2.176696419388915,3.021964455728313,0.0009482997977485336
2.177170129388915,3.021964455728313,0.0009482997977485336
2.177643839388915,3.021964455728313,0.0009482997977485336
2.178117549388915,3.021964455728313,0.0006068594290283141
2.178591259388915,3.021964455728313,0.0006068594290283141
2.179064969388915,3.021964455728313,0.0002654190603080947
2.179538679388915,3.021964455728313,0.0002654190603080947
2.180012389388915,3.021964455728313,0.0006068594290283141
2.180486099388915,3.021964455728313,0.0006068594290283141
2.180959809388915,3.021964455728313,0.0002654190603080947
2.181433519388915,3.021964455728313,0.0002654190603080947
2.181907229388915,3.021964455728313,0.0002654190603080947
2.182380939388915,3.021964455728313,0.0002654190603080947
2.182854649388915,3.021964455728313,0.0002654190603080947
2.183328359388915,3.021964455728313,-7.602130841211086e-05
2.183802069388915,3.021964455728313,0.0002654190603080947
2.184275779388915,3.021964455728313,0.0002654190603080947
2.184749489388915,3.021964455728313,0.0006068594290283141
2.185223199388915,3.021964455728313,0.0009482997977485336
2.185696909388915,3.021964455728313,0.0009482997977485336
2.186170619388915,3.021964455728313,0.0009482997977485336
2.186644329388915,3.021964455728313,0.0009482997977485336
2.187118039388915,3.021964455728313,0.001289740166468739
2.187591749388915,3.025736534346916,0.001631180535188959
2.188065459388915,3.025736534346916,0.001631180535188959
2.188539169388915,3.025736534346916,0.001631180535188959
2.189012879388915,3.021964455728313,0.001631180535188959
2.189486589388915,3.021964455728313,0.001631180535188959
2.189960299388915,3.025736534346916,0.001631180535188959
2.190434009388915,3.021964455728313,0.001631180535188959
2.190907719388915,3.025736534346916,0.001972620903909164
2.191381429388915,3.025736534346916,0.001631180535188959
2.191855139388915,3.021964455728313,0.001631180535188959
2.192328849388915,3.021964455728313,0.001972620903909164
2.192802559388915,3.021964455728313,0.001972620903909164
2.193276269388915,3.021964455728313,0.001631180535188959
2.193749979388915,3.021964455728313,0.001631180535188959
2.194223689388915,3.021964455728313,0.001631180535188959
2.194697399388915,3.021964455728313,0.001289740166468739
2.195171109388915,3.021964455728313,0.0009482997977485336
2.195644819388915,3.021964455728313,0.0009482997977485336
2.196118529388915,3.021964455728313,0.0009482997977485336
2.196592239388915,3.021964455728313,0.0009482997977485336
2.197065949388915,3.021964455728313,0.0009482997977485336
2.197539659388915,3.021964455728313,0.0009482997977485336
2.198013369388915,3.021964455728313,0.0006068594290283141
2.198487079388915,3.021964455728313,0.0006068594290283141
2.198960789388915,3.021964455728313,0.0006068594290283141
2.199434499388915,3.021964455728313,0.0006068594290283141
2.199908209388915,3.021964455728313,0.0002654190603080947
2.200381919388915,3.021964455728313,0.0002654190603080947
2.200855629388915,3.021964455728313,-7.602130841211086e-05
2.201329339388915,3.021964455728313,-7.602130841211086e-05
2.201803049388915,3.021964455728313,0.0002654190603080947
2.202276759388915,3.021964455728313,0.0002654190603080947
2.202750469388915,3.021964455728313,0.0002654190603080947
2.203224179388915,3.021964455728313,0.0002654190603080947
2.203697889388915,3.021964455728313,0.0006068594290283141
2.204171599388915,3.021964455728313,0.0006068594290283141
2.204645309388915,3.021964455728313,0.0009482997977485336
2.205119019388915,3.021964455728313,0.0009482997977485336
2.205592729388915,3.021964455728313,0.0009482997977485336
2.206066439388915,3.021964455728313,0.0006068594290283141
2.206540149388915,3.021964455728313,0.0009482997977485336
2.207013859388915,3.021964455728313,0.0009482997977485336
2.207487569388915,3.021964455728313,0.001289740166468739
2.207961279388915,3.021964455728313,0.001289740166468739
2.208434989388915,3.021964455728313,0.001289740166468739
2.208908699388915,3.021964455728313,0.001631180535188959
2.209382409388915,3.021964455728313,0.001631180535188959
2.209856119388915,3.021964455728313,0.001972620903909164
2.210329829388915,3.021964455728313,0.001972620903909164
2.210803539388915,3.021964455728313,0.001631180535188959
2.211277249388915,3.021964455728313,0.001972620903909164
2.211750959388915,3.021964455728313,0.001631180535188959
2.212224669388915,3.021964455728313,0.001631180535188959
2.212698379388915,3.021964455728313,0.001289740166468739
2.213172089388915,3.021964455728313,0.001631180535188959
2.213645799388915,3.021964455728313,0.001631180535188959
2.214119509388915,3.021964455728313,0.001289740166468739
2.214593219388915,3.021964455728313,0.001289740166468739
2.215066929388915,3.021964455728313,0.0009482997977485336
2.215540639388915,3.021964455728313,0.0009482997977485336
2.216014349388915,3.021964455728313,0.0009482997977485336
2.216488059388915,3.021964455728313,0.0009482997977485336
2.216961769388915,3.021964455728313,0.0009482997977485336
2.217435479388915,3.021964455728313,0.0006068594290283141
2.217909189388915,3.021964455728313,0.0006068594290283141
2.218382899388915,3.021964455728313,0.0006068594290283141
2.218856609388915,3.021964455728313,0.0006068594290283141
2.219330319388915,3.021964455728313,0.0002654190603080947
2.219804029388915,3.021964455728313,0.0002654190603080947
2.220277739388915,3.021964455728313,-7.602130841211086e-05
2.220751449388915,3.021964455728313,0.0002654190603080947
2.221225159388915,3.021964455728313,0.0002654190603080947
2.221698869388915,3.021964455728313,0.0002654190603080947
2.222172579388915,3.021964455728313,0.0002654190603080947
2.222646289388915,3.021964455728313,0.0002654190603080947
2.223119999388915,3.021964455728313,0.0006068594290283141
2.223593709388915,3.021964455728313,0.0006068594290283141
2.224067419388915,3.021964455728313,0.0002654190603080947
2.224541129388915,3.021964455728313,0.0006068594290283141
2.225014839388915,3.021964455728313,0.0009482997977485336
2.225488549388915,3.021964455728313,0.0009482997977485336
2.225962259388915,3.021964455728313,0.0009482997977485336
2.226435969388915,3.021964455728313,0.0009482997977485336
2.226909679388915,3.021964455728313,0.0009482997977485336
2.227383389388915,3.021964455728313,0.001289740166468739
2.227857099388915,3.021964455728313,0.001631180535188959
2.228330809388915,3.021964455728313,0.001631180535188959
2.228804519388915,3.021964455728313,0.001631180535188959
2.229278229388915,3.021964455728313,0.001631180535188959
2.229751939388915,3.021964455728313,0.001631180535188959
2.230225649388915,3.021964455728313,0.001972620903909164
2.230699359388915,3.021964455728313,0.001972620903909164
2.231173069388915,3.021964455728313,0.001631180535188959
2.231646779388915,3.021964455728313,0.001631180535188959
2.232120489388915,3.021964455728313,0.001631180535188959
2.232594199388915,3.021964455728313,0.001972620903909164
2.233067909388915,3.021964455728313,0.001631180535188959
2.233541619388915,3.021964455728313,0.001631180535188959
2.234015329388915,3.021964455728313,0.001289740166468739
2.234489039388915,3.021964455728313,0.001289740166468739
2.234962749388915,3.021964455728313,0.001289740166468739
2.235436459388915,3.021964455728313,0.001289740166468739
2.235910169388915,3.021964455728313,0.0009482997977485336
2.236383879388915,3.021964455728313,0.0009482997977485336
2.236857589388915,3.021964455728313,0.0009482997977485336
2.237331299388915,3.021964455728313,0.0006068594290283141
2.237805009388915,3.021964455728313,0.0006068594290283141
2.238278719388915,3.021964455728313,0.0006068594290283141
2.238752429388915,3.021964455728313,0.0002654190603080947
2.239226139388915,3.021964455728313,0.0002654190603080947
2.239699849388915,3.021964455728313,0.0002654190603080947
2.240173559388915,3.021964455728313,0.0002654190603080947
2.240647269388915,3.021964455728313,-7.602130841211086e-05
2.241120979388915,3.021964455728313,0.0002654190603080947
2.241594689388915,3.021964455728313,0.0002654190603080947
2.242068399388915,3.021964455728313,0.0002654190603080947
2.242542109388915,3.021964455728313,0.0002654190603080947
2.243015819388915,3.021964455728313,-7.602130841211086e-05
2.243489529388915,3.021964455728313,0.0002654190603080947
2.243963239388915,3.021964455728313,0.0002654190603080947
2.244436949388915,3.021964455728313,0.0006068594290283141
2.244910659388915,3.021964455728313,0.0006068594290283141
2.245384369388915,3.021964455728313,0.0006068594290283141
2.245858079388915,3.021964455728313,0.0006068594290283141
2.246331789388915,3.021964455728313,0.0009482997977485336
2.246805499388915,3.021964455728313,0.0009482997977485336
2.247279209388915,3.021964455728313,0.001289740166468739
2.247752919388915,3.021964455728313,0.001631180535188959
2.248226629388915,3.021964455728313,0.001631180535188959
2.248700339388915,3.021964455728313,0.001631180535188959
2.249174049388915,3.021964455728313,0.001631180535188959
2.249647759388915,3.021964455728313,0.001631180535188959
2.250121469388915,3.021964455728313,0.001631180535188959
2.250595179388915,3.021964455728313,0.001631180535188959
2.251068889388915,3.021964455728313,0.001631180535188959
2.251542599388915,3.021964455728313,0.001631180535188959
2.252016309388915,3.021964455728313,0.001631180535188959
2.252490019388915,3.021964455728313,0.001631180535188959
2.252963729388915,3.021964455728313,0.001631180535188959
2.253437439388915,3.021964455728313,0.001631180535188959
2.253911149388915,3.021964455728313,0.001289740166468739
2.254384859388915,3.021964455728313,0.001289740166468739
2.254858569388915,3.021964455728313,0.0009482997977485336
2.255332279388915,3.021964455728313,0.0009482997977485336
2.255805989388915,3.021964455728313,0.0009482997977485336
2.256279699388915,3.021964455728313,0.0009482997977485336
2.256753409388915,3.021964455728313,0.001289740166468739
2.257227119388915,3.021964455728313,0.0009482997977485336
2.257700829388915,3.021964455728313,0.0006068594290283141
2.258174539388915,3.021964455728313,0.0002654190603080947
2.258648249388915,3.021964455728313,0.0006068594290283141
2.259121959388915,3.021964455728313,0.0006068594290283141
2.259595669388915,3.021964455728313,0.0006068594290283141
2.260069379388915,3.021964455728313,0.0002654190603080947
2.260543089388915,3.025736534346916,-7.602130841211086e-05
2.261016799388915,3.021964455728313,-7.602130841211086e-05
2.261490509388915,3.021964455728313,-7.602130841211086e-05
2.261964219388915,3.021964455728313,0.0002654190603080947
2.262437929388915,3.021964455728313,0.0006068594290283141
2.262911639388915,3.021964455728313,0.0002654190603080947
2.263385349388915,3.021964455728313,0.0002654190603080947
2.263859059388915,3.021964455728313,0.0002654190603080947
2.264332769388915,3.021964455728313,0.0006068594290283141
2.264806479388915,3.021964455728313,0.0006068594290283141
2.265280189388915,3.021964455728313,0.0006068594290283141
2.265753899388915,3.021964455728313,0.0006068594290283141
2.266227609388915,3.021964455728313,0.0006068594290283141
2.266701319388915,3.021964455728313,0.0009482997977485336
2.267175029388915,3.021964455728313,0.0009482997977485336
2.267648739388915,3.021964455728313,0.001289740166468739
2.268122449388915,3.021964455728313,0.001631180535188959
2.268596159388915,3.025736534346916,0.001289740166468739
2.269069869388915,3.025736534346916,0.001631180535188959
2.269543579388915,3.021964455728313,0.001972620903909164
2.270017289388915,3.025736534346916,0.001972620903909164
2.270490999388915,3.021964455728313,0.001972620903909164
2.270964709388915,3.021964455728313,0.001972620903909164
2.271438419388915,3.025736534346916,0.001631180535188959
2.271912129388915,3.025736534346916,0.001631180535188959
2.272385839388915,3.025736534346916,0.001631180535188959
2.272859549388915,3.025736534346916,0.001631180535188959
2.273333259388915,3.025736534346916,0.001631180535188959
2.273806969388915,3.021964455728313,0.001631180535188959
2.274280679388915,3.025736534346916,0.001631180535188959
2.274754389388915,3.021964455728313,0.001289740166468739
2.275228099388915,3.021964455728313,0.0009482997977485336
2.275701809388915,3.021964455728313,0.0009482997977485336
2.276175519388915,3.021964455728313,0.0009482997977485336
2.276649229388915,3.021964455728313,0.0009482997977485336
2.277122939388915,3.021964455728313,0.0009482997977485336
2.277596649388915,3.021964455728313,0.0006068594290283141
2.278070359388915,3.021964455728313,0.0006068594290283141
2.278544069388915,3.021964455728313,0.0006068594290283141
2.279017779388915,3.021964455728313,0.0002654190603080947
2.279491489388915,3.021964455728313,0.0002654190603080947
2.279965199388915,3.021964455728313,0.0002654190603080947
2.280438909388915,3.021964455728313,0.0006068594290283141
2.280912619388915,3.021964455728313,0.0002654190603080947
2.281386329388915,3.021964455728313,0.0002654190603080947
2.281860039388915,3.021964455728313,0.0002654190603080947
2.282333749388915,3.021964455728313,0.0002654190603080947
2.282807459388915,3.021964455728313,-7.602130841211086e-05
2.283281169388915,3.021964455728313,0.0002654190603080947
2.283754879388915,3.025736534346916,0.0002654190603080947
2.284228589388915,3.021964455728313,0.0002654190603080947
2.284702299388915,3.021964455728313,0.0006068594290283141
2.285176009388915,3.021964455728313,0.0006068594290283141
2.285649719388915,3.021964455728313,0.0006068594290283141
2.286123429388915,3.021964455728313,0.0006068594290283141
2.286597139388915,3.025736534346916,0.0009482997977485336
2.287070849388915,3.021964455728313,0.001289740166468739
2.287544559388915,3.021964455728313,0.001289740166468739
2.288018269388915,3.025736534346916,0.001631180535188959
2.288491979388915,3.025736534346916,0.001289740166468739
2.288965689388915,3.025736534346916,0.001631180535188959
2.289439399388915,3.025736534346916,0.001972620903909164
2.289913109388915,3.025736534346916,0.001972620903909164
2.290386819388915,3.025736534346916,0.001631180535188959
2.290860529388915,3.025736534346916,0.001972620903909164
2.291334239388915,3.025736534346916,0.001631180535188959
2.291807949388915,3.025736534346916,0.001631180535188959
2.292281659388915,3.025736534346916,0.001631180535188959
2.292755369388915,3.025736534346916,0.001631180535188959
2.293229079388915,3.025736534346916,0.001289740166468739
2.293702789388915,3.025736534346916,0.001289740166468739
2.294176499388915,3.025736534346916,0.001289740166468739
2.294650209388915,3.025736534346916,0.0009482997977485336
2.295123919388915,3.025736534346916,0.001289740166468739
2.295597629388915,3.025736534346916,0.001289740166468739
2.296071339388915,3.025736534346916,0.0009482997977485336
2.296545049388915,3.025736534346916,0.0009482997977485336
2.297018759388915,3.025736534346916,0.0006068594290283141
2.297492469388915,3.025736534346916,0.0006068594290283141
2.297966179388915,3.025736534346916,0.0006068594290283141
2.298439889388915,3.025736534346916,0.0006068594290283141
2.298913599388915,3.025736534346916,0.0006068594290283141
2.299387309388915,3.021964455728313,0.0002654190603080947
2.299861019388915,3.021964455728313,0.0002654190603080947
2.300334729388915,3.021964455728313,0.0002654190603080947
2.300808439388915,3.021964455728313,0.0002654190603080947
2.301282149388915,3.025736534346916,-7.602130841211086e-05
2.301755859388915,3.021964455728313,-7.602130841211086e-05
2.302229569388915,3.021964455728313,-7.602130841211086e-05
2.302703279388915,3.021964455728313,0.0002654190603080947
2.303176989388915,3.021964455728313,0.0002654190603080947
2.303650699388915,3.021964455728313,0.0002654190603080947
2.304124409388915,3.021964455728313,0.0002654190603080947
2.304598119388915,3.021964455728313,0.0006068594290283141
2.305071829388915,3.025736534346913,0.0009482997977482231
2.305545539388915,3.021964455728313,0.0009482997977485336
2.306019249388915,3.021964455728313,0.0009482997977485336
2.306492959388915,3.025736534346916,0.0009482997977485336
2.306966669388915,3.021964455728313,0.001289740166468739
2.307440379388915,3.021964455728313,0.001289740166468739
2.307914089388915,3.021964455728313,0.001631180535188959
2.308387799388915,3.021964455728313,0.001289740166468739
2.308861509388915,3.025736534346916,0.001289740166468739
2.309335219388915,3.025736534346916,0.001631180535188959
2.309808929388915,3.025736534346916,0.001972620903909164
2.310282639388915,3.021964455728313,0.001972620903909164
2.310756349388915,3.025736534346916,0.001972620903909164
2.311230059388915,3.025736534346916,0.001972620903909164
2.311703769388915,3.025736534346916,0.001631180535188959
2.312177479388915,3.021964455728313,0.001631180535188959
2.312651189388915,3.025736534346916,0.001289740166468739
2.313124899388915,3.025736534346916,0.001631180535188959
2.313598609388915,3.025736534346916,0.001631180535188959
2.314072319388915,3.025736534346916,0.001289740166468739
2.314546029388915,3.025736534346916,0.0009482997977485336
2.315019739388915,3.021964455728313,0.001289740166468739
2.315493449388915,3.025736534346916,0.001289740166468739
2.315967159388915,3.021964455728313,0.0009482997977485336
2.316440869388915,3.021964455728313,0.0009482997977485336
2.316914579388915,3.021964455728313,0.0009482997977485336
2.317388289388915,3.021964455728313,0.0009482997977485336
2.317861999388915,3.021964455728313,0.0006068594290283141
2.318335709388915,3.025736534346916,0.0002654190603080947
2.318809419388915,3.021964455728313,0.0006068594290283141
2.319283129388915,3.021964455728313,0.0002654190603080947
2.319756839388915,3.025736534346913,-7.602130841180034e-05
2.320230549388915,3.021964455728313,0.0002654190603080947
2.320704259388915,3.021964455728313,-7.602130841211086e-05
2.321177969388915,3.021964455728313,-7.602130841211086e-05
2.321651679388915,3.021964455728313,-7.602130841211086e-05
2.322125389388915,3.021964455728313,0.0002654190603080947
2.322599099388915,3.021964455728313,0.0002654190603080947
2.323072809388915,3.021964455728313,0.0002654190603080947
2.323546519388915,3.021964455728313,0.0002654190603080947
2.324020229388915,3.021964455728313,0.0006068594290283141
2.324493939388915,3.021964455728313,0.0006068594290283141
2.324967649388915,3.021964455728313,0.0006068594290283141
2.325441359388915,3.021964455728313,0.0006068594290283141
2.325915069388915,3.021964455728313,0.0006068594290283141
2.326388779388915,3.025736534346916,0.0006068594290283141
2.326862489388915,3.021964455728313,0.0009482997977485336
2.327336199388915,3.021964455728313,0.001289740166468739
2.327809909388915,3.021964455728313,0.001631180535188959
2.328283619388915,3.025736534346916,0.001631180535188959
2.328757329388915,3.025736534346916,0.001631180535188959
2.329231039388915,3.025736534346916,0.001631180535188959
2.329704749388915,3.025736534346916,0.001972620903909164
2.330178459388915,3.025736534346916,0.001972620903909164
2.330652169388915,3.025736534346916,0.001972620903909164
2.331125879388915,3.025736534346916,0.001631180535188959
2.331599589388915,3.025736534346916,0.001631180535188959
2.332073299388915,3.025736534346916,0.001631180535188959
2.332547009388915,3.025736534346916,0.001631180535188959
2.333020719388915,3.025736534346916,0.001631180535188959
2.333494429388915,3.025736534346916,0.001631180535188959
2.333968139388915,3.025736534346916,0.001631180535188959
2.334441849388915,3.025736534346916,0.00128974016646905
2.334915559388915,3.021964455728313,0.0009482997977485336
2.335389269388915,3.021964455728313,0.0009482997977485336
2.335862979388915,3.021964455728313,0.0009482997977485336
2.336336689388915,3.025736534346916,0.0009482997977485336
2.336810399388915,3.021964455728313,0.0009482997977485336
2.337284109388915,3.021964455728313,0.0006068594290283141
2.337757819388915,3.021964455728313,0.0006068594290283141
2.338231529388915,3.021964455728313,0.0002654190603080947
2.338705239388915,3.021964455728313,0.0006068594290283141
2.339178949388915,3.021964455728313,0.0006068594290283141
2.339652659388915,3.021964455728313,0.0006068594290283141
2.340126369388915,3.021964455728313,0.0006068594290283141
2.340600079388915,3.021964455728313,0.0002654190603080947
2.341073789388915,3.021964455728313,0.0002654190603080947
2.341547499388915,3.021964455728313,0.0002654190603080947
2.342021209388915,3.021964455728313,-7.602130841211086e-05
2.342494919388915,3.021964455728313,-7.602130841211086e-05
2.342968629388915,3.021964455728313,-7.602130841211086e-05
2.343442339388915,3.021964455728313,-7.602130841211086e-05
2.343916049388915,3.025736534346916,0.0002654190603080947
2.344389759388915,3.025736534346916,0.0006068594290283141
2.344863469388915,3.025736534346916,0.0009482997977485336
2.345337179388915,3.025736534346916,0.0009482997977485336
2.345810889388915,3.025736534346916,0.0009482997977485336
2.346284599388915,3.025736534346916,0.0009482997977485336
2.346758309388915,3.025736534346916,0.001289740166468739
2.347232019388915,3.025736534346916,0.001289740166468739
2.347705729388915,3.025736534346916,0.001631180535188959
2.348179439388915,3.025736534346916,0.001289740166468739
2.348653149388915,3.025736534346916,0.001289740166468739
2.349126859388915,3.025736534346916,0.001631180535188648
2.349600569388915,3.025736534346916,0.001631180535188959
2.350074279388915,3.025736534346916,0.001972620903909164
2.350547989388915,3.025736534346916,0.001972620903909475
2.351021699388915,3.025736534346916,0.002314061272629384
2.351495409388915,3.021964455728313,0.001972620903909164
2.351969119388915,3.021964455728313,0.001631180535188959
2.352442829388915,3.025736534346916,0.001289740166468739
2.352916539388915,3.021964455728313,0.001631180535188959
2.353390249388915,3.025736534346916,0.001631180535188959
2.353863959388915,3.025736534346916,0.001289740166468739
2.354337669388915,3.021964455728313,0.001289740166468739
2.354811379388915,3.021964455728313,0.0009482997977485336
2.355285089388915,3.021964455728313,0.0009482997977485336
2.355758799388915,3.021964455728313,0.0009482997977485336
2.356232509388915,3.021964455728313,0.0009482997977485336
2.356706219388915,3.021964455728313,0.0009482997977485336
2.357179929388915,3.021964455728313,0.0006068594290283141
2.357653639388915,3.021964455728313,0.0006068594290283141
2.358127349388915,3.021964455728313,0.0002654190603080947
2.358601059388915,3.025736534346916,0.0006068594290283141
2.359074769388915,3.021964455728313,0.0002654190603080947
2.359548479388915,3.021964455728313,0.0002654190603080947
2.360022189388915,3.021964455728313,0.0002654190603080947
2.360495899388915,3.021964455728313,0.0002654190603080947
2.360969609388915,3.021964455728313,0.0002654190603080947
2.361443319388915,3.021964455728313,0.0002654190603080947
2.361917029388915,3.021964455728313,0.0006068594290283141
2.362390739388915,3.025736534346916,0.0002654190603080947
2.362864449388915,3.025736534346916,0.0002654190603080947
2.363338159388915,3.025736534346916,0.0006068594290283141
2.363811869388915,3.021964455728317,0.0002654190603084052
2.364285579388915,3.021964455728313,0.0002654190603080947
2.364759289388915,3.021964455728313,0.0002654190603080947
2.365232999388915,3.025736534346913,0.0006068594290283141
2.365706709388915,3.021964455728313,0.0006068594290283141
2.366180419388915,3.021964455728313,0.0006068594290283141
2.366654129388915,3.021964455728313,0.0009482997977485336
2.367127839388915,3.021964455728313,0.001289740166468739
2.367601549388915,3.025736534346916,0.001631180535188959
2.368075259388915,3.025736534346916,0.001631180535188959
2.368548969388915,3.021964455728313,0.001631180535188959
2.369022679388915,3.021964455728313,0.001631180535188959
2.369496389388915,3.021964455728313,0.001972620903909164
2.369970099388915,3.021964455728313,0.001972620903909164
2.370443809388915,3.021964455728313,0.001631180535188959
2.370917519388915,3.021964455728313,0.001972620903909164
2.371391229388915,3.025736534346916,0.001631180535188959
2.371864939388915,3.025736534346916,0.001631180535188959
2.372338649388915,3.025736534346916,0.001631180535188959
2.372812359388915,3.025736534346916,0.001631180535188959
2.373286069388915,3.025736534346916,0.001631180535188959
2.373759779388915,3.025736534346916,0.001631180535188959
2.374233489388915,3.021964455728313,0.001631180535188959
2.374707199388915,3.025736534346916,0.001289740166468739
2.375180909388915,3.021964455728313,0.0009482997977485336
2.375654619388915,3.021964455728313,0.0009482997977485336
2.376128329388915,3.025736534346916,0.0009482997977485336
2.376602039388915,3.025736534346916,0.0009482997977485336
2.377075749388915,3.025736534346916,0.0009482997977485336
2.377549459388915,3.025736534346916,0.0009482997977485336
2.378023169388915,3.021964455728313,0.0009482997977485336
2.378496879388915,3.021964455728313,0.0006068594290286247
2.378970589388915,3.021964455728313,0.0006068594290283141
2.379444299388915,3.021964455728313,0.0006068594290283141
2.379918009388915,3.021964455728313,0.0002654190603080947
2.380391719388915,3.021964455728313,0.0002654190603080947
2.380865429388915,3.021964455728313,-7.602130841211086e-05
2.381339139388915,3.021964455728313,-7.602130841211086e-05
2.381812849388915,3.021964455728313,-7.602130841211086e-05
2.382286559388915,3.021964455728313,0.0002654190603080947
2.382760269388915,3.021964455728313,-7.602130841211086e-05
2.383233979388915,3.021964455728313,0.0006068594290283141
2.383707689388915,3.021964455728313,0.0002654190603080947
2.384181399388915,3.021964455728313,0.0006068594290283141
2.384655109388915,3.021964455728313,0.0006068594290283141
2.385128819388915,3.021964455728313,0.0009482997977485336
2.385602529388915,3.021964455728313,0.0009482997977485336
2.386076239388915,3.021964455728313,0.0006068594290283141
2.386549949388915,3.021964455728313,0.0006068594290283141
2.387023659388915,3.021964455728313,0.0009482997977485336
2.387497369388915,3.021964455728313,0.0009482997977485336
2.387971079388915,3.021964455728313,0.001631180535188959
2.388444789388915,3.021964455728313,0.001631180535188959
2.388918499388915,3.021964455728313,0.001631180535188959
2.389392209388915,3.021964455728313,0.001631180535188959
2.389865919388915,3.021964455728313,0.001631180535188959
2.390339629388915,3.021964455728313,0.001631180535188959
2.390813339388915,3.021964455728313,0.001631180535188959
2.391287049388915,3.021964455728313,0.001972620903909164
2.391760759388915,3.021964455728313,0.001631180535188959
2.392234469388915,3.021964455728313,0.001972620903909164
2.392708179388915,3.021964455728313,0.001631180535188959
2.393181889388915,3.021964455728313,0.001631180535188959
2.393655599388915,3.021964455728313,0.001289740166468739
2.394129309388915,3.021964455728313,0.001289740166468739
2.394603019388915,3.021964455728313,0.0009482997977485336
2.395076729388915,3.021964455728313,0.0009482997977485336
2.395550439388915,3.021964455728313,0.0009482997977485336
2.396024149388915,3.021964455728313,0.0009482997977485336
2.396497859388915,3.021964455728313,0.0009482997977485336
2.396971569388915,3.021964455728313,0.0009482997977485336
2.397445279388915,3.021964455728313,0.0009482997977485336
2.397918989388915,1.547081715854266,-0.0021246635207334
2.398392699388915,0.01561779670116437,0.0006068594290283141
2.398866409388915,0.01561779670116437,0.0006068594290283141
2.399340119388915,0.01561779670116437,0.0002654190603080947
2.399813829388915,0.01561779670116437,0.0002654190603080947
2.400287539388915,0.01561779670116437,0.0006068594290283141
2.400761249388915,0.01561779670116437,0.0002654190603080947
2.401234959388915,0.01561779670116437,-7.602130841211086e-05
2.401708669388915,0.01561779670116437,-7.602130841211086e-05
2.402182379388915,0.01561779670116437,0.0002654190603080947
2.402656089388915,0.01561779670116437,0.0002654190603080947
2.403129799388915,0.01561779670116437,0.0002654190603080947
2.403603509388915,0.01561779670116437,0.0002654190603080947
2.404077219388915,0.01561779670116437,0.0002654190603080947
2.404550929388915,0.01561779670116437,0.0002654190603080947
2.405024639388915,0.01561779670116437,0.0006068594290283141
2.405498349388915,0.01561779670116437,0.0006068594290283141
2.405972059388915,0.01561779670116437,0.0006068594290283141
2.406445769388915,0.01561779670116437,0.0009482997977485336
2.406919479388915,0.01561779670116437,0.001289740166468739
2.407393189388915,0.01561779670116437,0.001289740166468739
2.407866899388915,0.01561779670116437,0.001631180535188648
2.408340609388915,0.01561779670116437,0.001631180535188959
2.408814319388915,0.01561779670116437,0.001631180535188959
2.409288029388915,0.01561779670116437,0.001972620903909164
2.409761739388915,0.01561779670116437,0.001972620903909164
2.410235449388915,0.01561779670116437,0.001631180535188959
2.410709159388915,0.01561779670116437,0.001631180535188959
2.411182869388915,0.0193898753197681,0.001631180535188959
2.411656579388915,0.01561779670116437,0.001631180535188959
2.412130289388915,0.01561779670116437,0.001631180535188959
2.412603999388915,0.01561779670116437,0.001631180535188959
2.413077709388915,0.01561779670116437,0.001631180535188959
2.413551419388915,0.01561779670116437,0.001631180535188959
2.414025129388915,0.01561779670116437,0.001631180535188959
2.414498839388915,0.01561779670116437,0.001631180535188959
2.414972549388915,0.01561779670116437,0.001289740166468739
2.415446259388915,0.01561779670116437,0.0009482997977485336
2.415919969388915,0.01561779670116437,0.0009482997977485336
2.416393679388915,0.01561779670116437,0.0009482997977485336
2.416867389388915,0.01561779670116437,0.0009482997977485336
2.417341099388915,0.01561779670116437,0.0006068594290283141
2.417814809388915,0.01561779670116437,0.0006068594290283141
2.418288519388915,0.01561779670116437,0.0002654190603080947
2.418762229388915,0.01561779670116437,0.0006068594290283141
2.419235939388915,0.01561779670116437,0.0006068594290283141
2.419709649388915,0.01561779670116437,0.0002654190603080947
2.420183359388915,0.01561779670116437,0.0002654190603080947
2.420657069388915,0.01561779670116437,0.0002654190603080947
2.421130779388915,0.01561779670116437,0.0002654190603080947
2.421604489388915,0.01561779670116437,0.0002654190603080947
2.422078199388915,0.01561779670116437,0.0002654190603080947
2.422551909388915,0.01561779670116437,0.0002654190603080947
2.423025619388915,0.01561779670116437,0.0002654190603080947
2.423499329388915,0.01561779670116437,0.0006068594290283141
2.423973039388915,0.01561779670116437,0.0002654190603080947
2.424446749388915,0.01561779670116437,0.0002654190603080947
2.424920459388915,0.01561779670116437,0.0006068594290283141
2.425394169388915,0.01561779670116437,0.0009482997977485336
2.425867879388915,0.01561779670116437,0.0009482997977485336
2.426341589388915,0.01561779670116437,0.001289740166468739
2.426815299388915,0.01561779670116437,0.0009482997977485336
2.427289009388915,0.01561779670116437,0.0009482997977485336
2.427762719388915,0.01561779670116437,0.001289740166468739
2.428236429388915,0.01561779670116437,0.001289740166468739
2.428710139388915,0.01561779670116437,0.001289740166468739
2.429183849388915,0.01561779670116437,0.001631180535188959
2.429657559388915,0.01561779670116437,0.001631180535188959
2.430131269388915,0.01561779670116437,0.001631180535188959
2.430604979388915,0.01561779670116437,0.001631180535188959
2.431078689388915,0.01561779670116437,0.001631180535188959
2.431552399388915,0.01561779670116437,0.001631180535188959
2.432026109388915,0.01561779670116437,0.001631180535188959
2.432499819388915,0.01561779670116437,0.001631180535188959
2.432973529388915,0.01561779670116437,0.001289740166468739
2.433447239388915,0.01561779670116437,0.001289740166468739
2.433920949388915,0.01561779670116437,0.001289740166468739
2.434394659388915,0.01561779670116437,0.001289740166468739
2.434868369388915,1.558397951710077,0.004021263116230453
2.435342079388915,3.014420298491106,0.0009482997977485336
2.435815789388915,3.014420298491106,0.0009482997977485336
2.436289499388915,3.01819237710971,0.0009482997977485336
2.436763209388915,3.01819237710971,0.0009482997977485336
2.437236919388915,3.01819237710971,0.0009482997977485336
2.437710629388915,3.01819237710971,0.0006068594290283141
2.438184339388915,3.01819237710971,0.0006068594290283141
2.438658049388915,3.018192377109713,0.0006068594290280036
2.439131759388915,3.021964455728313,0.0002654190603080947
2.439605469388915,3.021964455728313,0.0002654190603080947
2.440079179388915,3.021964455728313,0.0002654190603080947
2.440552889388915,3.021964455728313,0.0002654190603080947
2.441026599388915,3.021964455728313,0.0002654190603080947
2.441500309388915,3.021964455728313,0.0002654190603080947
2.441974019388915,3.021964455728313,0.0002654190603080947
2.442447729388915,3.021964455728313,-7.602130841211086e-05
2.442921439388915,3.021964455728313,0.0002654190603080947
2.443395149388915,3.021964455728313,0.0002654190603080947
2.443868859388915,3.021964455728313,0.0002654190603080947
2.444342569388915,3.021964455728313,0.0002654190603080947
2.444816279388915,3.021964455728313,0.0006068594290283141
2.445289989388915,3.021964455728313,0.0006068594290283141
2.445763699388915,3.021964455728313,0.0006068594290283141
2.446237409388915,3.021964455728313,0.0009482997977485336
2.446711119388915,3.021964455728313,0.0009482997977485336
2.447184829388915,3.021964455728313,0.001289740166468739
2.447658539388915,3.021964455728313,0.001631180535188959
2.448132249388915,3.021964455728313,0.001631180535188959
2.448605959388915,3.021964455728313,0.001631180535188959
2.449079669388915,3.021964455728313,0.001631180535188959
2.449553379388915,3.021964455728313,0.001972620903909164
2.450027089388915,3.021964455728313,0.001631180535188959
2.450500799388915,3.021964455728313,0.001631180535188959
2.450974509388915,3.021964455728313,0.001631180535188959
2.451448219388915,3.021964455728313,0.001972620903909164
2.451921929388915,3.021964455728313,0.001631180535189269
2.452395639388915,3.021964455728313,0.001631180535188959
2.452869349388915,3.021964455728313,0.001631180535188959
2.453343059388915,3.021964455728313,0.001631180535188648
2.453816769388915,3.021964455728313,0.001289740166468739
2.454290479388915,3.021964455728313,0.001289740166468739
2.454764189388915,3.021964455728313,0.0009482997977485336
2.455237899388915,3.021964455728313,0.0009482997977485336
2.455711609388915,3.021964455728313,0.0009482997977485336
2.456185319388915,3.021964455728313,0.0009482997977485336
2.456659029388915,3.021964455728313,0.0009482997977485336
2.457132739388915,3.021964455728313,0.0009482997977485336
2.457606449388915,3.021964455728313,0.0006068594290283141
2.458080159388915,3.021964455728313,0.0006068594290283141
2.458553869388915,3.021964455728313,0.0006068594290283141
2.459027579388915,3.021964455728313,0.0006068594290283141
2.459501289388915,3.021964455728313,0.0006068594290283141
2.459974999388915,3.021964455728313,0.0002654190603080947
2.460448709388915,3.021964455728313,0.0002654190603080947
2.460922419388915,3.021964455728313,-7.602130841211086e-05
2.461396129388915,3.021964455728313,-7.602130841211086e-05
2.461869839388915,3.021964455728313,0.0002654190603080947
2.462343549388915,3.021964455728313,0.0002654190603080947
2.462817259388915,3.021964455728313,0.0002654190603080947
2.463290969388915,3.021964455728313,0.0002654190603080947
2.463764679388915,3.021964455728313,0.0002654190603080947
2.464238389388915,3.021964455728313,0.0006068594290283141
2.464712099388915,3.021964455728313,0.0006068594290283141
2.465185809388915,3.021964455728313,0.0009482997977485336
2.465659519388915,3.021964455728313,0.0009482997977485336
2.466133229388915,3.021964455728313,0.001289740166468739
2.466606939388915,3.021964455728313,0.001289740166468739
2.467080649388915,3.021964455728313,0.0009482997977485336
2.467554359388915,3.021964455728313,0.001289740166468739
2.468028069388915,3.025736534346916,0.001631180535188959
2.468501779388915,3.025736534346916,0.001631180535188959
2.468975489388915,3.025736534346916,0.001631180535188959
2.469449199388915,3.021964455728313,0.001972620903909164
2.469922909388915,3.021964455728313,0.001972620903909164
2.470396619388915,3.021964455728313,0.001972620903909164
2.470870329388915,3.021964455728313,0.001972620903909164
2.471344039388915,3.025736534346916,0.001972620903909164
2.471817749388915,3.025736534346916,0.001972620903909164
2.472291459388915,3.021964455728313,0.001289740166468739
2.472765169388915,3.021964455728313,0.001631180535188959
2.473238879388915,3.021964455728313,0.001289740166468739
2.473712589388915,3.021964455728313,0.001289740166468739
2.474186299388915,3.025736534346916,0.001289740166468739
2.474660009388915,3.021964455728313,0.001289740166468739
2.475133719388915,3.021964455728313,0.001289740166468739
2.475607429388915,3.021964455728313,0.0009482997977485336
2.476081139388915,3.021964455728313,0.0009482997977485336
2.476554849388915,3.021964455728313,0.0009482997977485336
2.477028559388915,3.021964455728313,0.0009482997977485336
2.477502269388915,3.021964455728313,0.0006068594290283141
2.477975979388915,3.021964455728313,0.0006068594290283141
2.478449689388915,3.021964455728313,0.0006068594290283141
2.478923399388915,3.021964455728313,0.0006068594290283141
2.479397109388915,3.021964455728313,0.0002654190603080947
2.479870819388915,3.021964455728313,0.0002654190603080947
2.480344529388915,3.021964455728313,0.0006068594290283141
2.480818239388915,3.021964455728313,0.0002654190603080947
2.481291949388915,3.021964455728313,-7.602130841180034e-05
2.481765659388915,3.021964455728313,-7.602130841211086e-05
2.482239369388915,3.021964455728313,-7.602130841211086e-05
2.482713079388915,3.021964455728313,-7.602130841180031e-05
2.483186789388915,3.021964455728313,0.0002654190603080947
2.483660499388915,3.021964455728313,0.0002654190603080947
2.484134209388915,3.021964455728313,0.0006068594290283141
2.484607919388915,3.021964455728313,0.0006068594290283141
2.485081629388915,3.021964455728313,0.0009482997977485336
2.485555339388915,3.025736534346916,0.0009482997977485336
2.486029049388915,3.025736534346916,0.0009482997977485336
2.486502759388915,3.021964455728313,0.0009482997977485336
2.486976469388915,3.021964455728313,0.0009482997977485336
2.487450179388915,3.025736534346916,0.0009482997977485336
2.487923889388915,3.025736534346916,0.001289740166468739
2.488397599388915,3.021964455728313,0.001289740166468739
2.488871309388915,3.021964455728313,0.001289740166468739
2.489345019388915,3.025736534346916,0.001972620903909164
2.489818729388915,3.025736534346916,0.001631180535188959
2.490292439388915,3.025736534346916,0.001631180535188959
2.490766149388915,3.025736534346916,0.001631180535188959
2.491239859388915,3.021964455728313,0.001972620903909164
2.491713569388915,3.025736534346916,0.001972620903909164
2.492187279388915,3.021964455728313,0.001631180535188959
2.492660989388915,3.025736534346916,0.001631180535188959
2.493134699388915,3.025736534346916,0.001631180535188959
2.493608409388915,3.025736534346916,0.001631180535188959
2.494082119388915,3.025736534346916,0.001289740166468739
2.494555829388915,3.025736534346916,0.001289740166468739
2.495029539388915,3.025736534346916,0.001289740166468739
2.495503249388915,3.025736534346916,0.001289740166468739
2.495976959388915,3.021964455728313,0.0009482997977485336
2.496450669388915,3.021964455728313,0.0009482997977485336
2.496924379388915,3.021964455728313,0.0006068594290283141
2.497398089388915,3.021964455728313,0.0006068594290280036
2.497871799388915,3.021964455728313,0.0002654190603080947
2.498345509388915,3.021964455728313,0.0002654190603080947
2.498819219388915,3.021964455728313,0.0006068594290283141
2.499292929388915,3.021964455728313,0.0006068594290283141
2.499766639388915,3.025736534346916,0.0002654190603080947
2.500240349388915,3.021964455728313,0.0002654190603080947
2.500714059388915,3.021964455728313,0.0002654190603080947
2.501187769388915,3.021964455728313,-7.602130841211086e-05
2.501661479388915,3.021964455728313,0.0002654190603080947
2.502135189388915,3.021964455728313,0.0002654190603080947
2.502608899388915,3.021964455728313,0.0002654190603080947
2.503082609388915,3.021964455728313,0.0002654190603080947
2.503556319388915,3.021964455728313,0.0006068594290283141
2.504030029388915,3.021964455728313,0.0006068594290283141
2.504503739388915,3.021964455728313,0.0006068594290283141
2.504977449388915,3.021964455728313,0.0009482997977485336
2.505451159388915,3.021964455728313,0.0009482997977485336
2.505924869388915,3.021964455728313,0.0006068594290283141
2.506398579388915,3.021964455728313,0.0006068594290283141
2.506872289388915,3.021964455728313,0.0009482997977485336
2.507345999388915,3.021964455728313,0.0009482997977485336
2.507819709388915,3.021964455728313,0.001289740166468739
2.508293419388915,3.021964455728313,0.001972620903909164
2.508767129388915,3.021964455728313,0.001631180535188959
2.509240839388915,3.021964455728313,0.001631180535188959
