Time (s),Channel 1 (V),Channel 2 (V)
-0.2581414780270425,0.01561779670116437,0.0009482997977485336
-0.2580462580270425,0.01561779670116437,0.0009482997977485336
-0.2579510380270425,0.01561779670116437,0.0009482997977485336
-0.2578558180270425,0.01561779670116437,0.0009482997977485336
-0.2577605980270425,0.01561779670116437,0.0009482997977485336
-0.2576653780270425,0.01561779670116437,0.0009482997977485336
-0.2575701580270425,0.01561779670116437,0.0009482997977485336
-0.2574749380270425,0.01561779670116437,0.0009482997977485336
-0.2573797180270425,0.01561779670116437,0.0009482997977485336
-0.2572844980270425,0.01561779670116437,0.0009482997977485336
-0.2571892780270425,0.01561779670116437,0.0009482997977485336
-0.2570940580270425,0.01561779670116437,0.001289740166468739
-0.2569988380270425,0.01561779670116437,0.001289740166468739
-0.2569036180270425,0.01561779670116437,0.0009482997977485336
-0.2568083980270425,0.01561779670116437,0.0009482997977485336
-0.2567131780270425,0.01561779670116437,0.0009482997977485336
-0.2566179580270425,0.01561779670116437,0.0009482997977485336
-0.2565227380270425,0.01561779670116437,0.0009482997977485336
-0.2564275180270425,0.01561779670116437,0.0009482997977485336
-0.2563322980270425,0.01561779670116437,0.0009482997977485336
-0.2562370780270425,0.01561779670116437,0.0009482997977485336
-0.2561418580270425,0.01561779670116437,0.0009482997977485336
-0.2560466380270425,0.01561779670116437,-0.0004174616771323303
-0.2559514180270425,0.01561779670116437,0.0006068594290283141
-0.2558561980270425,0.01561779670116437,0.0006068594290283141
-0.2557609780270425,0.01561779670116437,0.0006068594290283141
-0.2556657580270425,0.01561779670116437,0.0009482997977485336
-0.2555705380270425,0.01561779670116437,0.0006068594290283141
-0.2554753180270425,0.01561779670116437,0.0006068594290283141
-0.2553800980270425,0.01561779670116437,0.0009482997977485336
-0.2552848780270425,0.01561779670116437,0.0009482997977485336
-0.2551896580270425,0.01561779670116437,0.0009482997977486888
-0.2550944380270425,0.01561779670116437,0.001289740166468739
-0.2549992180270425,0.01561779670116437,0.001631180535188959
-0.2549039980270425,0.01561779670116437,0.0009482997977485336
-0.2548087780270425,0.01561779670116437,0.0009482997977485336
-0.2547135580270425,0.01561779670116437,0.0009482997977485336
-0.2546183380270425,0.01561779670116437,0.0009482997977485336
-0.2545231180270425,0.01561779670116437,0.0009482997977485336
-0.2544278980270425,0.01561779670116437,0.0009482997977485336
-0.2543326780270425,0.01561779670116437,0.0009482997977485336
-0.2542374580270425,0.01561779670116437,0.0009482997977485336
-0.2541422380270425,0.01561779670116437,0.0009482997977485336
-0.2540470180270425,0.01561779670116437,0.0006068594290283141
-0.2539517980270425,0.01561779670116437,0.0009482997977485336
-0.2538565780270425,0.01561779670116437,0.0009482997977485336
-0.2537613580270425,0.01561779670116437,0.0009482997977485336
-0.2536661380270425,0.01561779670116437,0.0009482997977485336
-0.2535709180270425,0.01561779670116437,0.0009482997977485336
-0.2534756980270425,0.01561779670116437,0.0009482997977485336
-0.2533804780270425,0.01561779670116437,0.0009482997977485336
-0.2532852580270425,0.01561779670116437,0.0009482997977485336
-0.2531900380270425,0.01561779670116437,0.0009482997977485336
-0.2530948180270425,0.01561779670116437,0.0009482997977485336
-0.2529995980270425,0.01561779670116437,0.0009482997977485336
-0.2529043780270425,0.01561779670116437,0.0009482997977485336
-0.2528091580270425,0.01561779670116437,0.0009482997977485336
-0.2527139380270425,0.01561779670116437,0.0009482997977485336
-0.2526187180270425,0.01561779670116437,0.0009482997977485336
-0.2525234980270425,0.01561779670116437,0.0009482997977485336
-0.2524282780270425,0.01561779670116437,0.0009482997977485336
-0.2523330580270425,0.01561779670116437,0.0009482997977485336
-0.2522378380270425,0.01561779670116437,0.0009482997977485336
-0.2521426180270425,0.01561779670116437,0.0009482997977485336
-0.2520473980270425,0.01561779670116437,0.0009482997977485336
-0.2519521780270425,0.01561779670116437,0.0009482997977485336
-0.2518569580270425,0.01561779670116437,0.0009482997977485336
-0.2517617380270425,0.01561779670116437,0.0009482997977485336
-0.2516665180270425,0.01561779670116437,0.0009482997977485336
-0.2515712980270425,0.01561779670116437,0.0009482997977485336
-0.2514760780270425,0.01561779670116437,0.0009482997977485336
-0.2513808580270425,0.01561779670116437,0.0009482997977485336
-0.2512856380270425,0.01561779670116437,0.0009482997977485336
-0.2511904180270425,0.01561779670116437,0.0009482997977485336
-0.2510951980270425,0.01561779670116437,0.0009482997977485336
-0.2509999780270425,0.01561779670116437,0.0009482997977485336
-0.2509047580270425,0.01561779670116437,0.0009482997977485336
-0.2508095380270425,0.01561779670116437,0.0009482997977485336
-0.2507143180270425,0.01561779670116437,0.0009482997977485336
-0.2506190980270425,0.01561779670116437,0.0009482997977485336
-0.2505238780270425,0.01561779670116437,0.0009482997977485336
-0.2504286580270425,0.01184571808256063,0.0009482997977485336
-0.2503334380270425,0.01561779670116437,0.0009482997977485336
-0.2502382180270425,0.01561779670116437,0.0009482997977485336
-0.2501429980270425,0.01561779670116437,0.0009482997977485336
-0.2500477780270425,0.01561779670116437,0.0009482997977485336
-0.2499525580270425,0.01561779670116437,0.0009482997977485336
-0.2498573380270425,0.01561779670116437,0.0009482997977485336
-0.2497621180270425,0.01561779670116437,0.0009482997977485336
-0.2496668980270425,0.01561779670116437,0.0009482997977485336
-0.2495716780270425,0.01561779670116437,0.0009482997977485336
-0.2494764580270425,0.01561779670116437,0.0006068594290283141
-0.2493812380270425,0.01561779670116437,0.0009482997977485336
-0.2492860180270425,0.01561779670116437,0.0009482997977485336
-0.2491907980270425,0.01561779670116437,0.0009482997977485336
-0.2490955780270425,0.01561779670116437,0.0006068594290284694
-0.2490003580270425,0.01561779670116437,0.0002654190603080947
-0.2489051380270425,0.01561779670116437,0.0009482997977485336
-0.2488099180270425,0.01561779670116437,0.0009482997977485336
-0.2487146980270425,0.01561779670116437,0.0009482997977485336
-0.2486194780270425,0.01561779670116437,0.0009482997977485336
-0.2485242580270425,0.01561779670116437,0.0009482997977485336
-0.2484290380270425,0.01561779670116437,0.0009482997977485336
-0.2483338180270425,0.01561779670116437,0.0009482997977485336
-0.2482385980270425,0.01561779670116437,0.0009482997977485336
-0.2481433780270425,0.01561779670116437,0.0009482997977485336
-0.2480481580270425,0.01561779670116437,0.001289740166468739
-0.2479529380270425,0.01561779670116437,0.0009482997977485336
-0.2478577180270425,0.01561779670116437,0.0009482997977485336
-0.2477624980270425,0.01561779670116437,0.0009482997977485336
-0.2476672780270425,0.01561779670116437,0.0006068594290283141
-0.2475720580270425,0.01561779670116437,0.0009482997977483783
-0.2474768380270425,0.01561779670116437,0.0009482997977485336
-0.2473816180270425,0.01561779670116437,0.0009482997977485336
-0.2472863980270425,0.01561779670116437,0.0009482997977485336
-0.2471911780270425,0.01561779670116437,0.0009482997977485336
-0.2470959580270425,0.01561779670116437,0.0009482997977485336
-0.2470007380270425,0.01561779670116437,0.0009482997977485336
-0.2469055180270425,0.01561779670116437,0.0009482997977485336
-0.2468102980270425,0.01561779670116437,0.0009482997977485336
-0.2467150780270425,0.01561779670116437,0.0009482997977485336
-0.2466198580270425,0.01561779670116437,0.0009482997977485336
-0.2465246380270425,0.01561779670116437,0.0009482997977485336
-0.2464294180270425,0.01561779670116437,0.0009482997977485336
-0.2463341980270425,0.01561779670116437,0.0009482997977485336
-0.2462389780270425,0.01561779670116437,0.0009482997977485336
-0.2461437580270425,0.01561779670116437,0.0009482997977488441
-0.2460485380270425,0.01561779670116437,0.001631180535188648
-0.2459533180270425,0.01561779670116437,0.0009482997977485336
-0.2458580980270425,0.01561779670116437,0.0009482997977485336
-0.2457628780270425,0.01561779670116437,0.0009482997977485336
-0.2456676580270425,0.01561779670116437,0.0009482997977485336
-0.2455724380270425,0.01561779670116437,0.0006068594290283141
-0.2454772180270425,0.01561779670116437,0.0006068594290283141
-0.2453819980270425,0.01561779670116437,0.0006068594290284694
-0.2452867780270425,0.01561779670116437,0.0009482997977483783
-0.2451915580270425,0.01561779670116437,0.0009482997977485336
-0.2450963380270425,0.01561779670116437,0.0006068594290283141
-0.2450011180270425,0.01561779670116437,-7.602130841211086e-05
-0.2449058980270425,0.01561779670116437,0.0009482997977485336
-0.2448106780270425,0.01561779670116437,0.0009482997977485336
-0.2447154580270425,0.01561779670116437,0.0009482997977485336
-0.2446202380270425,0.01561779670116437,0.0009482997977485336
-0.2445250180270425,0.01561779670116437,0.0009482997977485336
-0.2444297980270425,0.01561779670116437,0.0009482997977485336
-0.2443345780270425,0.01561779670116437,0.0009482997977485336
-0.2442393580270425,0.01561779670116437,0.0009482997977485336
-0.2441441380270425,0.01561779670116437,0.0009482997977485336
-0.2440489180270425,0.01561779670116437,0.001631180535188959
-0.2439536980270425,0.01561779670116437,0.001289740166468739
-0.2438584780270425,0.01561779670116437,0.0009482997977485336
-0.2437632580270425,0.01561779670116437,0.0009482997977485336
-0.2436680380270425,0.01561779670116437,0.0009482997977485336
-0.2435728180270425,0.01561779670116437,0.0009482997977485336
-0.2434775980270425,0.01561779670116437,0.0009482997977485336
-0.2433823780270425,0.01561779670116437,0.0009482997977485336
-0.2432871580270425,0.01561779670116437,0.0009482997977485336
-0.2431919380270425,0.01561779670116437,0.0009482997977485336
-0.2430967180270425,0.01561779670116437,0.0009482997977483783
-0.2430014980270425,0.01561779670116437,0.0006068594290284694
-0.2429062780270425,0.01561779670116437,0.0009482997977485336
-0.2428110580270425,0.01561779670116437,0.0009482997977485336
-0.2427158380270425,0.01561779670116437,0.0009482997977485336
-0.2426206180270425,0.01561779670116437,0.0009482997977485336
-0.2425253980270425,0.01561779670116437,0.0009482997977485336
-0.2424301780270425,0.01561779670116437,0.0009482997977485336
-0.2423349580270425,0.01561779670116437,0.0009482997977485336
-0.2422397380270425,0.01561779670116437,0.0009482997977485336
-0.2421445180270425,0.01561779670116437,0.0009482997977485336
-0.2420492980270425,0.01561779670116437,0.0009482997977485336
-0.2419540780270425,0.01561779670116437,0.0009482997977485336
-0.2418588580270425,0.01561779670116437,0.0009482997977485336
-0.2417636380270425,0.01561779670116437,0.0009482997977485336
-0.2416684180270425,0.01561779670116437,0.0009482997977485336
-0.2415731980270425,0.01561779670116437,0.0009482997977485336
-0.2414779780270425,0.01561779670116437,0.0009482997977485336
-0.2413827580270425,0.01561779670116437,0.0009482997977485336
-0.2412875380270425,0.01561779670116437,0.0009482997977485336
-0.2411923180270425,0.01561779670116437,0.0009482997977485336
-0.2410970980270425,0.01561779670116437,0.0009482997977485336
-0.2410018780270425,0.01561779670116437,0.0009482997977485336
-0.2409066580270425,0.01561779670116437,0.0009482997977485336
-0.2408114380270425,0.01561779670116437,0.0009482997977485336
-0.2407162180270425,0.01561779670116437,0.0009482997977485336
-0.2406209980270425,0.01561779670116437,0.0009482997977485336
-0.2405257780270425,0.01561779670116437,0.0009482997977485336
-0.2404305580270425,0.01561779670116437,0.0009482997977485336
-0.2403353380270425,0.01561779670116437,0.0009482997977485336
-0.2402401180270425,0.01561779670116437,0.0009482997977485336
-0.2401448980270425,0.01561779670116437,0.0009482997977485336
-0.2400496780270425,0.01561779670116437,0.0009482997977485336
-0.2399544580270425,0.01561779670116437,0.0009482997977485336
-0.2398592380270425,0.01561779670116437,0.0009482997977485336
-0.2397640180270425,0.01184571808256063,0.0009482997977485336
-0.2396687980270425,0.01561779670116437,0.0009482997977485336
-0.2395735780270425,0.01561779670116437,0.0009482997977485336
-0.2394783580270425,0.01561779670116437,0.0009482997977485336
-0.2393831380270425,0.01561779670116437,0.0009482997977485336
-0.2392879180270425,0.01561779670116437,0.0009482997977485336
-0.2391926980270425,0.01561779670116437,0.0009482997977485336
-0.2390974780270425,0.01561779670116437,0.0009482997977485336
-0.2390022580270425,0.01561779670116437,0.001289740166468739
-0.2389070380270425,0.01561779670116437,0.001289740166468739
-0.2388118180270425,0.01561779670116437,0.0009482997977485336
-0.2387165980270425,0.01561779670116437,0.0009482997977485336
-0.2386213780270425,0.01561779670116437,0.0009482997977485336
-0.2385261580270425,0.01561779670116437,0.0009482997977485336
-0.2384309380270425,0.01561779670116437,0.0009482997977485336
-0.2383357180270425,0.01561779670116437,0.0009482997977485336
-0.2382404980270425,0.01561779670116437,0.0009482997977485336
-0.2381452780270425,0.01561779670116437,0.0009482997977485336
-0.2380500580270425,0.01561779670116437,0.0002654190603080947
-0.2379548380270425,0.01561779670116437,0.0006068594290283141
-0.2378596180270425,0.01184571808256063,0.0009482997977485336
-0.2377643980270425,0.01561779670116437,0.0009482997977485336
-0.2376691780270425,0.01561779670116437,0.0009482997977485336
-0.2375739580270425,0.01561779670116437,0.0009482997977485336
-0.2374787380270425,0.01561779670116437,0.0009482997977485336
-0.2373835180270425,0.01184571808256063,0.0009482997977485336
-0.2372882980270425,0.01561779670116437,0.0009482997977485336
-0.2371930780270425,0.01561779670116437,0.0009482997977485336
-0.2370978580270425,0.01561779670116437,0.0009482997977485336
-0.2370026380270425,0.01561779670116437,0.0009482997977485336
-0.2369074180270425,0.01561779670116437,0.0009482997977485336
-0.2368121980270425,0.01561779670116437,0.0006068594290283141
-0.2367169780270425,0.01561779670116437,0.0006068594290283141
-0.2366217580270425,0.01561779670116437,0.0006068594290283141
-0.2365265380270425,0.01561779670116437,0.0006068594290283141
-0.2364313180270425,0.01561779670116437,0.0006068594290283141
-0.2363360980270425,0.01561779670116437,0.0006068594290283141
-0.2362408780270425,0.01561779670116437,0.0006068594290283141
-0.2361456580270425,0.01561779670116437,0.0006068594290283141
-0.2360504380270425,0.01561779670116437,0.0006068594290283141
-0.2359552180270425,0.01561779670116437,0.0006068594290283141
-0.2358599980270425,0.01561779670116437,0.0006068594290283141
-0.2357647780270425,0.01561779670116437,0.0006068594290283141
-0.2356695580270425,0.01561779670116437,0.0009482997977485336
-0.2355743380270425,0.01561779670116437,0.0009482997977485336
-0.2354791180270425,0.01561779670116437,0.0009482997977483783
-0.2353838980270425,0.01561779670116437,0.0006068594290284694
-0.2352886780270425,0.01561779670116437,0.0006068594290283141
-0.2351934580270425,0.01561779670116437,0.0009482997977485336
-0.2350982380270425,0.01561779670116437,0.0009482997977485336
-0.2350030180270425,0.01561779670116437,0.001631180535188959
-0.2349077980270425,0.01561779670116437,0.0009482997977485336
-0.2348125780270425,0.01561779670116437,0.0009482997977485336
-0.2347173580270425,0.01561779670116437,0.0009482997977485336
-0.2346221380270425,0.01561779670116437,0.0009482997977485336
-0.2345269180270425,0.01561779670116437,0.0009482997977485336
-0.2344316980270425,0.01561779670116437,0.0009482997977485336
-0.2343364780270425,0.01561779670116437,0.0009482997977485336
-0.2342412580270425,0.01561779670116437,0.0009482997977485336
-0.2341460380270425,0.01561779670116437,0.0009482997977485336
-0.2340508180270425,0.01561779670116437,-7.602130841211086e-05
-0.2339555980270425,0.01561779670116437,0.0006068594290284694
-0.2338603780270425,0.01561779670116437,0.0009482997977483783
-0.2337651580270425,0.01561779670116437,0.0009482997977485336
-0.2336699380270425,0.01561779670116437,0.0009482997977485336
-0.2335747180270425,0.01561779670116437,0.0009482997977485336
-0.2334794980270425,0.01561779670116437,0.0009482997977485336
-0.2333842780270425,0.01561779670116437,0.0009482997977485336
-0.2332890580270425,0.01561779670116437,0.0009482997977485336
-0.2331938380270425,0.01561779670116437,0.0009482997977486888
-0.2330986180270425,0.01561779670116437,0.001289740166468584
-0.2330033980270425,0.01561779670116437,0.001631180535188959
-0.2329081780270425,0.01561779670116437,0.0009482997977485336
-0.2328129580270425,0.01561779670116437,0.0009482997977485336
-0.2327177380270425,0.01561779670116437,0.0009482997977485336
-0.2326225180270425,0.01561779670116437,0.0009482997977485336
-0.2325272980270425,0.01561779670116437,0.0009482997977485336
-0.2324320780270425,0.01561779670116437,0.0009482997977485336
-0.2323368580270425,0.01561779670116437,0.0009482997977485336
-0.2322416380270425,0.01561779670116437,0.0009482997977485336
-0.2321464180270425,0.01561779670116437,0.0009482997977485336
-0.2320511980270425,0.01561779670116437,0.0009482997977485336
-0.2319559780270425,0.01561779670116437,0.0009482997977485336
-0.2318607580270425,0.01561779670116437,0.0009482997977485336
-0.2317655380270425,0.01561779670116437,0.0009482997977485336
-0.2316703180270425,0.01561779670116437,0.0009482997977485336
-0.2315750980270425,0.01561779670116437,0.0009482997977485336
-0.2314798780270425,0.01561779670116437,0.0009482997977485336
-0.2313846580270425,0.01561779670116437,0.0009482997977485336
-0.2312894380270425,0.01561779670116437,0.0009482997977485336
-0.2311942180270425,0.01561779670116437,0.0009482997977485336
-0.2310989980270425,0.01561779670116437,0.0009482997977485336
-0.2310037780270425,0.01561779670116437,0.0009482997977485336
-0.2309085580270425,0.01561779670116437,0.0009482997977485336
-0.2308133380270425,0.01561779670116437,0.0009482997977485336
-0.2307181180270425,0.01561779670116437,0.0009482997977485336
-0.2306228980270425,0.01561779670116437,0.0009482997977485336
-0.2305276780270425,0.01561779670116437,0.0009482997977485336
-0.2304324580270425,0.01561779670116437,0.0009482997977485336
-0.2303372380270425,0.01561779670116437,0.0009482997977485336
-0.2302420180270425,0.01561779670116437,0.0009482997977485336
-0.2301467980270425,0.01561779670116437,0.0009482997977485336
-0.2300515780270425,0.01561779670116437,0.0009482997977485336
-0.2299563580270425,0.01561779670116437,0.0009482997977485336
-0.2298611380270425,0.01561779670116437,0.0009482997977485336
-0.2297659180270425,0.01561779670116437,0.0009482997977485336
-0.2296706980270425,0.01561779670116437,0.0009482997977485336
-0.2295754780270425,0.01561779670116437,0.0009482997977485336
-0.2294802580270425,0.01561779670116437,0.0009482997977485336
-0.2293850380270425,0.01561779670116437,0.0009482997977485336
-0.2292898180270425,0.01561779670116437,0.0009482997977485336
-0.2291945980270425,0.01561779670116437,0.0009482997977485336
-0.2290993780270425,0.01561779670116437,0.0009482997977485336
-0.2290041580270425,0.01561779670116437,0.0006068594290283141
-0.2289089380270425,0.01561779670116437,0.0009482997977485336
-0.2288137180270425,0.01561779670116437,0.0009482997977485336
-0.2287184980270425,0.01561779670116437,0.0009482997977485336
-0.2286232780270425,0.01561779670116437,0.0009482997977485336
-0.2285280580270425,0.01561779670116437,0.0009482997977485336
-0.2284328380270425,0.01561779670116437,0.0009482997977485336
-0.2283376180270425,0.01561779670116437,0.0009482997977485336
-0.2282423980270425,0.01561779670116437,0.0009482997977485336
-0.2281471780270425,0.01561779670116437,0.0009482997977485336
-0.2280519580270425,0.01561779670116437,0.001631180535188959
-0.2279567380270425,0.01561779670116437,0.001289740166468739
-0.2278615180270425,0.01561779670116437,0.001289740166468584
-0.2277662980270425,0.01561779670116437,0.0009482997977486888
-0.2276710780270425,0.01561779670116437,0.0009482997977485336
-0.2275758580270425,0.01561779670116437,0.0009482997977485336
-0.2274806380270425,0.01561779670116437,0.0009482997977485336
-0.2273854180270425,0.01561779670116437,0.0009482997977485336
-0.2272901980270425,0.01561779670116437,0.0009482997977485336
-0.2271949780270425,0.01561779670116437,0.0009482997977485336
-0.2270997580270425,0.01561779670116437,0.0006068594290281589
-0.2270045380270425,0.01561779670116437,0.00026541906030825
-0.2269093180270425,0.01561779670116437,0.0009482997977485336
-0.2268140980270425,0.01561779670116437,0.0009482997977485336
-0.2267188780270425,0.01561779670116437,0.0009482997977485336
-0.2266236580270425,0.01561779670116437,0.0009482997977485336
-0.2265284380270425,0.01561779670116437,0.0009482997977485336
-0.2264332180270425,0.01561779670116437,0.0009482997977485336
-0.2263379980270425,0.01561779670116437,0.0009482997977485336
-0.2262427780270425,0.01561779670116437,0.0009482997977485336
-0.2261475580270425,0.01561779670116437,0.0009482997977485336
-0.2260523380270425,0.01561779670116437,0.001289740166468739
-0.2259571180270425,0.01561779670116437,0.0009482997977485336
-0.2258618980270425,0.01561779670116437,0.0009482997977485336
-0.2257666780270425,0.01561779670116437,0.0009482997977485336
-0.2256714580270425,0.01561779670116437,0.0009482997977485336
-0.2255762380270425,0.01561779670116437,0.0009482997977485336
-0.2254810180270425,0.01561779670116437,0.0009482997977485336
-0.2253857980270425,0.01561779670116437,0.0009482997977485336
-0.2252905780270425,0.01561779670116437,0.0009482997977485336
-0.2251953580270425,0.01561779670116437,0.0009482997977485336
-0.2251001380270425,0.01561779670116437,0.0009482997977485336
-0.2250049180270425,0.01561779670116437,0.0009482997977485336
-0.2249096980270425,0.01561779670116437,0.0009482997977485336
-0.2248144780270425,0.01561779670116437,0.0009482997977485336
-0.2247192580270425,0.01561779670116437,0.0009482997977485336
-0.2246240380270425,0.01561779670116437,0.0009482997977485336
-0.2245288180270425,0.01561779670116437,0.0009482997977485336
-0.2244335980270425,0.01561779670116437,0.0009482997977485336
-0.2243383780270425,0.01561779670116437,0.0009482997977485336
-0.2242431580270425,0.01561779670116437,0.0009482997977485336
-0.2241479380270425,0.01561779670116437,0.0009482997977485336
-0.2240527180270425,0.01561779670116437,0.001631180535188803
-0.2239574980270425,0.01561779670116437,0.001289740166468894
-0.2238622780270425,0.01561779670116437,0.0009482997977485336
-0.2237670580270425,0.01184571808256063,0.0009482997977485336
-0.2236718380270425,0.01561779670116437,0.0009482997977485336
-0.2235766180270425,0.01561779670116437,0.0009482997977485336
-0.2234813980270425,0.01561779670116437,0.0009482997977485336
-0.2233861780270425,0.01561779670116437,0.0009482997977485336
-0.2232909580270425,0.01561779670116437,0.0009482997977485336
-0.2231957380270425,0.01561779670116437,0.0009482997977485336
-0.2231005180270425,0.01561779670116437,0.0006068594290283141
-0.2230052980270425,0.01561779670116437,-7.602130841211086e-05
-0.2229100780270425,0.01561779670116437,0.0009482997977485336
-0.2228148580270425,0.01561779670116437,0.0009482997977485336
-0.2227196380270425,0.01561779670116437,0.0009482997977485336
-0.2226244180270425,0.01561779670116437,0.0009482997977485336
-0.2225291980270425,0.01561779670116437,0.0009482997977485336
-0.2224339780270425,0.01561779670116437,0.0009482997977485336
-0.2223387580270425,0.01561779670116437,0.0009482997977485336
-0.2222435380270425,0.01561779670116437,0.0009482997977485336
-0.2221483180270425,0.01561779670116437,0.0009482997977485336
-0.2220530980270425,0.01561779670116437,0.001289740166468739
-0.2219578780270425,0.01561779670116437,0.0009482997977485336
-0.2218626580270425,0.01561779670116437,0.0009482997977485336
-0.2217674380270425,0.01561779670116437,0.0009482997977485336
-0.2216722180270425,0.01561779670116437,0.0009482997977485336
-0.2215769980270425,0.01561779670116437,0.001289740166468739
-0.2214817780270425,0.01561779670116437,0.0009482997977485336
-0.2213865580270425,0.01561779670116437,0.0009482997977485336
-0.2212913380270425,0.01561779670116437,0.0009482997977485336
-0.2211961180270425,0.01561779670116437,0.0009482997977485336
-0.2211008980270425,0.01561779670116437,0.0009482997977485336
-0.2210056780270425,0.01561779670116437,0.001289740166468584
-0.2209104580270425,0.01561779670116437,0.0009482997977486888
-0.2208152380270425,0.01561779670116437,0.0009482997977485336
-0.2207200180270425,0.01561779670116437,0.0009482997977485336
-0.2206247980270425,0.01561779670116437,0.0009482997977485336
-0.2205295780270425,0.01561779670116437,0.0009482997977485336
-0.2204343580270425,0.01561779670116437,0.0009482997977485336
-0.2203391380270425,0.01561779670116437,0.0009482997977485336
-0.2202439180270425,0.01561779670116437,0.0009482997977485336
-0.2201486980270425,0.01561779670116437,0.0009482997977485336
-0.2200534780270425,0.01561779670116437,0.0009482997977485336
-0.2199582580270425,0.01561779670116437,0.0009482997977485336
-0.2198630380270425,0.01561779670116437,0.001289740166468739
-0.2197678180270425,0.01561779670116437,0.0009482997977485336
-0.2196725980270425,0.01561779670116437,0.001289740166468739
-0.2195773780270425,0.01561779670116437,0.001289740166468739
-0.2194821580270425,0.01561779670116437,0.0009482997977485336
-0.2193869380270425,0.01561779670116437,0.0009482997977485336
-0.2192917180270425,0.01561779670116437,0.0009482997977485336
-0.2191964980270425,0.01561779670116437,0.0009482997977485336
-0.2191012780270425,0.01561779670116437,0.0009482997977485336
-0.2190060580270425,0.01561779670116437,0.001289740166468739
-0.2189108380270425,0.01561779670116437,0.0009482997977485336
-0.2188156180270425,0.01561779670116437,0.0009482997977485336
-0.2187203980270425,0.01561779670116437,0.0009482997977485336
-0.2186251780270425,0.01561779670116437,0.0009482997977485336
-0.2185299580270425,0.01561779670116437,0.0009482997977485336
-0.2184347380270425,0.01561779670116437,0.0009482997977485336
-0.2183395180270425,0.01561779670116437,0.001289740166468739
-0.2182442980270425,0.01561779670116437,0.0009482997977485336
-0.2181490780270425,0.01561779670116437,0.0009482997977485336
-0.2180538580270425,0.01561779670116437,-7.602130841211086e-05
-0.2179586380270425,0.01561779670116437,0.0006068594290283141
-0.2178634180270425,0.01561779670116437,0.0006068594290283141
-0.2177681980270425,0.01561779670116437,0.0006068594290283141
-0.2176729780270425,0.01561779670116437,0.0006068594290283141
-0.2175777580270425,0.01561779670116437,0.0009482997977485336
-0.2174825380270425,0.01561779670116437,0.0009482997977485336
-0.2173873180270425,0.01561779670116437,0.0009482997977485336
-0.2172920980270425,0.01561779670116437,0.0009482997977485336
-0.2171968780270425,0.01561779670116437,0.0006068594290284694
-0.2171016580270425,0.01561779670116437,0.0009482997977485336
-0.2170064380270425,0.01561779670116437,0.001972620903909164
-0.2169112180270425,0.01561779670116437,0.0009482997977485336
-0.2168159980270425,0.01561779670116437,0.0009482997977485336
-0.2167207780270425,0.01561779670116437,0.0009482997977485336
-0.2166255580270425,0.01561779670116437,0.0009482997977485336
-0.2165303380270425,0.01561779670116437,0.0009482997977485336
-0.2164351180270425,0.01561779670116437,0.0009482997977485336
-0.2163398980270425,0.01561779670116437,0.0009482997977485336
-0.2162446780270425,0.01561779670116437,0.0009482997977485336
-0.2161494580270425,0.01561779670116437,0.0009482997977485336
-0.2160542380270425,0.01561779670116437,0.0002654190603080947
-0.2159590180270425,0.01561779670116437,0.0006068594290283141
-0.2158637980270425,0.01561779670116437,0.0009482997977485336
-0.2157685780270425,0.01561779670116437,0.0009482997977485336
-0.2156733580270425,0.01561779670116437,0.0009482997977485336
-0.2155781380270425,0.01561779670116437,0.0009482997977485336
-0.2154829180270425,0.01561779670116437,0.0009482997977485336
-0.2153876980270425,0.01561779670116437,0.0009482997977485336
-0.2152924780270425,0.01561779670116437,0.0009482997977485336
-0.2151972580270425,0.01561779670116437,0.0009482997977485336
-0.2151020380270425,0.01561779670116437,0.0009482997977485336
-0.2150068180270425,0.01561779670116437,0.0009482997977485336
-0.2149115980270425,0.01561779670116437,0.0009482997977485336
-0.2148163780270425,0.01561779670116437,0.0009482997977485336
-0.2147211580270425,0.01561779670116437,0.0009482997977485336
-0.2146259380270425,0.01561779670116437,0.0009482997977485336
-0.2145307180270425,0.01561779670116437,0.0009482997977485336
-0.2144354980270425,0.01561779670116437,0.0009482997977485336
-0.2143402780270425,0.01561779670116437,0.0009482997977485336
-0.2142450580270425,0.01561779670116437,0.0009482997977485336
-0.2141498380270425,0.01561779670116437,0.0009482997977485336
-0.2140546180270425,0.01561779670116437,0.0009482997977485336
-0.2139593980270425,0.01561779670116437,0.0009482997977485336
-0.2138641780270425,0.01561779670116437,0.0009482997977485336
-0.2137689580270425,0.01561779670116437,0.0009482997977485336
-0.2136737380270425,0.01561779670116437,0.0009482997977485336
-0.2135785180270425,0.01561779670116437,0.0009482997977485336
-0.2134832980270425,0.01561779670116437,0.0009482997977485336
-0.2133880780270425,0.01561779670116437,0.0009482997977485336
-0.2132928580270425,0.01561779670116437,0.0009482997977485336
-0.2131976380270425,0.01561779670116437,0.0009482997977485336
-0.2131024180270425,0.01561779670116437,0.0009482997977485336
-0.2130071980270425,0.01561779670116437,0.001289740166468739
-0.2129119780270425,0.01561779670116437,0.0009482997977485336
-0.2128167580270425,0.01561779670116437,0.0009482997977485336
-0.2127215380270425,0.01561779670116437,0.001289740166468739
-0.2126263180270425,0.01561779670116437,0.0009482997977486888
-0.2125310980270425,0.01561779670116437,0.0009482997977485336
-0.2124358780270425,0.01561779670116437,0.001289740166468739
-0.2123406580270425,0.01561779670116437,0.001289740166468739
-0.2122454380270425,0.01561779670116437,0.001289740166468739
-0.2121502180270425,0.01561779670116437,0.001289740166468739
-0.2120549980270425,0.01561779670116437,0.0009482997977485336
-0.2119597780270425,0.01561779670116437,0.0009482997977485336
-0.2118645580270425,0.01561779670116437,0.0009482997977485336
-0.2117693380270425,0.01561779670116437,0.0006068594290283141
-0.2116741180270425,0.01561779670116437,0.0009482997977485336
-0.2115788980270425,0.01561779670116437,0.0009482997977485336
-0.2114836780270425,0.01561779670116437,0.0009482997977485336
-0.2113884580270425,0.01561779670116437,0.0006068594290283141
-0.2112932380270425,0.01561779670116437,0.0006068594290283141
-0.2111980180270425,0.01561779670116437,0.0009482997977485336
-0.2111027980270425,0.01561779670116437,0.0009482997977485336
-0.2110075780270425,0.01561779670116437,0.0006068594290283141
-0.2109123580270425,0.01561779670116437,0.0009482997977485336
-0.2108171380270425,0.01561779670116437,0.0009482997977485336
-0.2107219180270425,0.01561779670116437,0.0009482997977485336
-0.2106266980270425,0.01561779670116437,0.0009482997977485336
-0.2105314780270425,0.01561779670116437,0.0009482997977485336
-0.2104362580270425,0.01561779670116437,0.0009482997977485336
-0.2103410380270425,0.01561779670116437,0.0009482997977485336
-0.2102458180270425,0.01561779670116437,0.0009482997977485336
-0.2101505980270425,0.01561779670116437,0.0009482997977485336
-0.2100553780270425,0.01561779670116437,0.001289740166468739
-0.2099601580270425,0.01561779670116437,0.001289740166468739
-0.2098649380270425,0.01561779670116437,0.0009482997977485336
-0.2097697180270425,0.01561779670116437,0.0009482997977485336
-0.2096744980270425,0.01561779670116437,0.0009482997977485336
-0.2095792780270425,0.01561779670116437,0.0009482997977485336
-0.2094840580270425,0.01561779670116437,0.0009482997977485336
-0.2093888380270425,0.01561779670116437,0.0009482997977485336
-0.2092936180270425,0.01561779670116437,0.0009482997977485336
-0.2091983980270425,0.01561779670116437,0.0009482997977485336
-0.2091031780270425,0.01561779670116437,0.0009482997977485336
-0.2090079580270425,0.01561779670116437,0.0009482997977485336
-0.2089127380270425,0.01561779670116437,0.0009482997977485336
-0.2088175180270425,0.01561779670116437,0.0009482997977485336
-0.2087222980270425,0.01561779670116437,0.0009482997977485336
-0.2086270780270425,0.01561779670116437,0.0009482997977485336
-0.2085318580270425,0.01561779670116437,0.0009482997977485336
-0.2084366380270425,0.01561779670116437,0.0009482997977485336
-0.2083414180270425,0.01561779670116437,0.0009482997977485336
-0.2082461980270425,0.01561779670116437,0.0009482997977485336
-0.2081509780270425,0.01561779670116437,0.0009482997977486888
-0.2080557580270425,0.01561779670116437,0.001289740166468584
-0.2079605380270425,0.01561779670116437,0.001289740166468739
-0.2078653180270425,0.01561779670116437,0.0009482997977485336
-0.2077700980270425,0.01561779670116437,0.0009482997977485336
-0.2076748780270425,0.01561779670116437,0.0009482997977485336
-0.2075796580270425,0.01561779670116437,0.0009482997977485336
-0.2074844380270425,0.01561779670116437,0.0009482997977485336
-0.2073892180270425,0.01561779670116437,0.0009482997977485336
-0.2072939980270425,0.01561779670116437,0.0009482997977485336
-0.2071987780270425,0.01561779670116437,0.0009482997977485336
-0.2071035580270425,0.01561779670116437,0.0009482997977485336
-0.2070083380270425,0.01561779670116437,-0.0004174616771323303
-0.2069131180270425,0.01561779670116437,0.0009482997977485336
-0.2068178980270425,0.01561779670116437,0.0009482997977485336
-0.2067226780270425,0.01561779670116437,0.0009482997977485336
-0.2066274580270425,0.01561779670116437,0.0009482997977485336
-0.2065322380270425,0.01561779670116437,0.0009482997977485336
-0.2064370180270425,0.01561779670116437,0.0009482997977485336
-0.2063417980270425,0.01561779670116437,0.0009482997977485336
-0.2062465780270425,0.01561779670116437,0.0009482997977485336
-0.2061513580270425,0.01561779670116437,0.0009482997977485336
-0.2060561380270425,0.01561779670116437,0.001631180535188959
-0.2059609180270425,0.01561779670116437,0.001289740166468739
-0.2058656980270425,0.01561779670116437,0.0009482997977485336
-0.2057704780270425,0.01561779670116437,0.0009482997977485336
-0.2056752580270425,0.01561779670116437,0.0009482997977485336
-0.2055800380270425,0.01561779670116437,0.0009482997977485336
-0.2054848180270425,0.01561779670116437,0.0009482997977485336
-0.2053895980270425,0.01561779670116437,0.0009482997977485336
-0.2052943780270425,0.01561779670116437,0.0009482997977485336
-0.2051991580270425,0.01561779670116437,0.0009482997977485336
-0.2051039380270425,0.01561779670116437,0.0009482997977485336
-0.2050087180270425,0.01561779670116437,0.0009482997977485336
-0.2049134980270425,0.01561779670116437,0.001289740166468739
-0.2048182780270425,0.01561779670116437,0.001289740166468739
-0.2047230580270425,0.01561779670116437,0.0009482997977485336
-0.2046278380270425,0.01561779670116437,0.0009482997977485336
-0.2045326180270425,0.01561779670116437,0.0009482997977485336
-0.2044373980270425,0.01561779670116437,0.001289740166468739
-0.2043421780270425,0.01561779670116437,0.0009482997977485336
-0.2042469580270425,0.01561779670116437,0.0009482997977485336
-0.2041517380270425,0.01561779670116437,0.001289740166468739
-0.2040565180270425,0.01561779670116437,0.0009482997977485336
-0.2039612980270425,0.01561779670116437,0.0009482997977485336
-0.2038660780270425,0.01561779670116437,0.0006068594290283141
-0.2037708580270425,0.01561779670116437,0.0006068594290283141
-0.2036756380270425,0.01561779670116437,0.0009482997977485336
-0.2035804180270425,0.01561779670116437,0.0009482997977485336
-0.2034851980270425,0.01561779670116437,0.0009482997977485336
-0.2033899780270425,0.01561779670116437,0.0006068594290283141
-0.2032947580270425,0.01561779670116437,0.0009482997977485336
-0.2031995380270425,0.01561779670116437,0.0009482997977485336
-0.2031043180270425,0.01561779670116437,0.0009482997977485336
-0.2030090980270425,0.01561779670116437,0.001289740166468739
-0.2029138780270425,0.01561779670116437,0.0009482997977485336
-0.2028186580270425,0.01561779670116437,0.0009482997977485336
-0.2027234380270425,0.01561779670116437,0.0009482997977485336
-0.2026282180270425,0.01561779670116437,0.0009482997977485336
-0.2025329980270425,0.01561779670116437,0.0009482997977485336
-0.2024377780270425,0.01561779670116437,0.0009482997977485336
-0.2023425580270425,0.01561779670116437,0.0009482997977485336
-0.2022473380270425,0.01561779670116437,0.0009482997977485336
-0.2021521180270425,0.01561779670116437,0.0009482997977485336
-0.2020568980270425,0.01561779670116437,0.00026541906030825
-0.2019616780270425,0.01561779670116437,0.0006068594290281589
-0.2018664580270425,0.01561779670116437,0.0009482997977485336
-0.2017712380270425,0.01561779670116437,0.0009482997977485336
-0.2016760180270425,0.01561779670116437,0.0009482997977485336
-0.2015807980270425,0.01561779670116437,0.0009482997977485336
-0.2014855780270425,0.01561779670116437,0.0009482997977485336
-0.2013903580270425,0.01561779670116437,0.0009482997977485336
-0.2012951380270425,0.01561779670116437,0.0009482997977485336
-0.2011999180270425,0.01561779670116437,0.0009482997977485336
-0.2011046980270425,0.01561779670116437,0.0009482997977485336
-0.2010094780270425,0.01561779670116437,0.001972620903909164
-0.2009142580270425,0.01561779670116437,0.0009482997977485336
-0.2008190380270425,0.01561779670116437,0.0009482997977485336
-0.2007238180270425,0.01561779670116437,0.0009482997977485336
-0.2006285980270425,0.01561779670116437,0.0009482997977485336
-0.2005333780270425,0.01561779670116437,0.0009482997977485336
-0.2004381580270425,0.01561779670116437,0.0009482997977485336
-0.2003429380270425,0.01561779670116437,0.0009482997977485336
-0.2002477180270425,0.01561779670116437,0.0009482997977485336
-0.2001524980270425,0.01561779670116437,0.0009482997977485336
-0.2000572780270425,0.01561779670116437,0.0002654190603080947
-0.1999620580270425,0.01561779670116437,0.0006068594290283141
-0.1998668380270425,0.01561779670116437,0.0009482997977485336
-0.1997716180270425,0.01561779670116437,0.0009482997977483783
-0.1996763980270425,0.01561779670116437,0.0006068594290284694
-0.1995811780270425,0.01561779670116437,0.0009482997977485336
-0.1994859580270425,0.01561779670116437,0.0009482997977485336
-0.1993907380270425,0.01561779670116437,0.0009482997977485336
-0.1992955180270425,0.01561779670116437,0.0006068594290283141
-0.1992002980270425,0.01561779670116437,0.0009482997977485336
-0.1991050780270425,0.01561779670116437,0.0009482997977485336
-0.1990098580270425,0.01561779670116437,0.001289740166468584
-0.1989146380270425,0.01561779670116437,0.0009482997977486888
-0.1988194180270425,0.01561779670116437,0.0009482997977485336
-0.1987241980270425,0.01561779670116437,0.0009482997977485336
-0.1986289780270425,0.01561779670116437,0.0009482997977485336
-0.1985337580270425,0.01561779670116437,0.0006068594290283141
-0.1984385380270425,0.01561779670116437,0.0009482997977485336
-0.1983433180270425,0.01561779670116437,0.0009482997977485336
-0.1982480980270425,0.01561779670116437,0.0009482997977483783
-0.1981528780270425,0.01561779670116437,0.0006068594290284694
-0.1980576580270425,0.01561779670116437,0.0009482997977485336
-0.1979624380270425,0.01561779670116437,0.0009482997977485336
-0.1978672180270425,0.01561779670116437,0.0009482997977485336
-0.1977719980270425,0.01561779670116437,0.0009482997977485336
-0.1976767780270425,0.01561779670116437,0.0006068594290283141
-0.1975815580270425,0.01561779670116437,0.0006068594290283141
-0.1974863380270425,0.01561779670116437,0.0009482997977485336
-0.1973911180270425,0.01561779670116437,0.0009482997977485336
-0.1972958980270425,0.01561779670116437,0.0009482997977485336
-0.1972006780270425,0.01561779670116437,0.0009482997977485336
-0.1971054580270425,0.01561779670116437,0.0009482997977485336
-0.1970102380270425,0.01561779670116437,0.0009482997977485336
-0.1969150180270425,0.01561779670116437,0.0009482997977485336
-0.1968197980270425,0.01561779670116437,0.0009482997977485336
-0.1967245780270425,0.01561779670116437,0.0009482997977485336
-0.1966293580270425,0.01561779670116437,0.0009482997977485336
-0.1965341380270425,0.01561779670116437,0.0009482997977485336
-0.1964389180270425,0.01561779670116437,0.0009482997977485336
-0.1963436980270425,0.01561779670116437,0.0009482997977485336
-0.1962484780270425,0.01561779670116437,0.0009482997977485336
-0.1961532580270425,0.01561779670116437,0.0009482997977485336
-0.1960580380270425,0.01561779670116437,0.0009482997977485336
-0.1959628180270425,0.01561779670116437,0.0009482997977485336
-0.1958675980270425,0.01561779670116437,0.0009482997977485336
-0.1957723780270425,0.01561779670116437,0.0009482997977485336
-0.1956771580270425,0.01561779670116437,0.0009482997977485336
-0.1955819380270425,0.01561779670116437,0.0009482997977485336
-0.1954867180270425,0.01184571808256063,0.0009482997977485336
-0.1953914980270425,0.01561779670116437,0.0009482997977485336
-0.1952962780270425,0.01561779670116437,0.0009482997977485336
-0.1952010580270425,0.01561779670116437,0.0009482997977485336
-0.1951058380270425,0.01561779670116437,0.0009482997977485336
-0.1950106180270425,0.01561779670116437,0.0006068594290283141
-0.1949153980270425,0.01561779670116437,0.0006068594290283141
-0.1948201780270425,0.01561779670116437,0.0009482997977485336
-0.1947249580270425,0.01561779670116437,0.0009482997977485336
-0.1946297380270425,0.01561779670116437,0.0009482997977485336
-0.1945345180270425,0.01561779670116437,0.0009482997977485336
-0.1944392980270425,0.01561779670116437,0.0006068594290284694
-0.1943440780270425,0.01561779670116437,0.0009482997977483783
-0.1942488580270425,0.01561779670116437,0.0009482997977485336
-0.1941536380270425,0.01561779670116437,0.0009482997977485336
-0.1940584180270425,1.796038904682111,0.02041040081480072
-0.1939631980270425,3.01819237710971,0.007777107172152811
-0.1938679780270425,3.010648219872502,0.001631180535188959
-0.1937727580270425,3.010648219872502,0.001289740166468739
-0.1936775380270425,3.010648219872502,0.0009482997977486888
-0.1935823180270425,3.010648219872502,0.001289740166468584
-0.1934870980270425,3.010648219872502,0.0009482997977485336
-0.1933918780270425,3.010648219872502,0.0009482997977485336
-0.1932966580270425,3.010648219872502,0.0009482997977485336
-0.1932014380270425,3.010648219872502,0.0009482997977485336
-0.1931062180270425,3.010648219872502,0.001289740166468739
-0.1930109980270425,3.010648219872502,0.0009482997977485336
-0.1929157780270425,3.010648219872502,0.0006068594290284694
-0.1928205580270425,3.010648219872502,0.0009482997977483783
-0.1927253380270425,3.010648219872502,0.0009482997977485336
-0.1926301180270425,3.010648219872502,0.0009482997977485336
-0.1925348980270425,3.010648219872502,0.0009482997977485336
-0.1924396780270425,3.010648219872502,0.0006068594290283141
-0.1923444580270425,3.010648219872502,0.0009482997977485336
-0.1922492380270425,3.010648219872502,0.0009482997977485336
-0.1921540180270425,3.010648219872502,0.0009482997977486888
-0.1920587980270425,3.010648219872502,0.001289740166468584
-0.1919635780270425,3.010648219872502,0.0009482997977485336
-0.1918683580270425,3.010648219872502,0.0009482997977485336
-0.1917731380270425,3.010648219872502,0.0009482997977485336
-0.1916779180270425,3.010648219872502,0.0009482997977485336
-0.1915826980270425,3.010648219872502,0.0009482997977485336
-0.1914874780270425,3.010648219872502,0.0009482997977485336
-0.1913922580270425,3.014420298491104,0.0009482997977485336
-0.1912970380270425,3.010648219872504,0.0009482997977485336
-0.1912018180270425,3.010648219872502,0.0009482997977485336
-0.1911065980270425,3.014420298491106,0.0009482997977485336
-0.1910113780270425,3.010648219872502,-0.0004174616771323303
-0.1909161580270425,3.010648219872502,0.0006068594290283141
-0.1908209380270425,3.010648219872502,0.0009482997977485336
-0.1907257180270425,3.010648219872502,0.0006068594290283141
-0.1906304980270425,3.010648219872502,0.0006068594290284694
-0.1905352780270425,3.010648219872502,0.0009482997977483783
-0.1904400580270425,3.010648219872502,0.0009482997977485336
-0.1903448380270425,3.010648219872502,0.0009482997977485336
-0.1902496180270425,3.014420298491106,0.0009482997977485336
-0.1901543980270425,3.010648219872502,0.0006068594290283141
-0.1900591780270425,3.010648219872502,0.001289740166468739
-0.1899639580270425,3.010648219872502,0.001289740166468739
-0.1898687380270425,3.010648219872504,0.0009482997977485336
-0.1897735180270425,3.014420298491104,0.0009482997977485336
-0.1896782980270425,3.014420298491106,0.0009482997977485336
-0.1895830780270425,3.014420298491106,0.0009482997977485336
-0.1894878580270425,3.010648219872502,0.0009482997977485336
-0.1893926380270425,3.014420298491106,0.0009482997977485336
-0.1892974180270425,3.010648219872502,0.0009482997977485336
-0.1892021980270425,3.010648219872502,0.0009482997977485336
-0.1891069780270425,3.010648219872504,0.0009482997977485336
-0.1890117580270425,3.014420298491104,0.0009482997977485336
-0.1889165380270425,3.014420298491106,0.0009482997977485336
-0.1888213180270425,3.014420298491106,0.0009482997977485336
-0.1887260980270425,3.014420298491106,0.0009482997977485336
-0.1886308780270425,3.014420298491106,0.0009482997977485336
-0.1885356580270425,3.010648219872502,0.0009482997977485336
-0.1884404380270425,3.010648219872502,0.0009482997977485336
-0.1883452180270425,3.014420298491106,0.0009482997977485336
-0.1882499980270425,3.014420298491106,0.0009482997977485336
-0.1881547780270425,3.010648219872502,0.0009482997977485336
-0.1880595580270425,3.014420298491106,0.0009482997977485336
-0.1879643380270425,3.014420298491106,0.001289740166468739
-0.1878691180270425,3.014420298491106,0.0009482997977485336
-0.1877738980270425,3.010648219872502,0.001289740166468739
-0.1876786780270425,3.014420298491106,0.001289740166468739
-0.1875834580270425,3.010648219872502,0.0009482997977485336
-0.1874882380270425,3.010648219872502,0.0009482997977485336
-0.1873930180270425,3.014420298491106,0.0009482997977485336
-0.1872977980270425,3.014420298491106,0.0009482997977485336
-0.1872025780270425,3.014420298491106,0.001289740166468739
-0.1871073580270425,3.014420298491106,0.001289740166468739
-0.1870121380270425,3.014420298491106,0.001631180535188959
-0.1869169180270425,3.014420298491106,0.0009482997977485336
-0.1868216980270425,3.014420298491106,0.0009482997977485336
-0.1867264780270425,3.014420298491106,0.0009482997977485336
-0.1866312580270425,3.014420298491106,0.0009482997977485336
-0.1865360380270425,3.014420298491106,0.0009482997977485336
-0.1864408180270425,3.014420298491106,0.0009482997977485336
-0.1863455980270425,3.014420298491106,0.0009482997977485336
-0.1862503780270425,3.014420298491106,0.0009482997977485336
-0.1861551580270425,3.014420298491106,0.0009482997977485336
-0.1860599380270425,3.014420298491106,-7.602130841180031e-05
-0.1859647180270425,3.014420298491106,0.0006068594290280036
-0.1858694980270425,3.014420298491106,0.0009482997977485336
-0.1857742780270425,3.014420298491106,0.0009482997977485336
-0.1856790580270425,3.014420298491106,0.0009482997977485336
-0.1855838380270425,3.014420298491106,0.0009482997977485336
-0.1854886180270425,3.010648219872502,0.0009482997977485336
-0.1853933980270425,3.014420298491106,0.0009482997977485336
-0.1852981780270425,3.014420298491106,0.0009482997977485336
-0.1852029580270425,3.014420298491106,0.0009482997977485336
-0.1851077380270425,3.014420298491106,0.0009482997977485336
-0.1850125180270425,3.010648219872502,0.001972620903909164
-0.1849172980270425,3.014420298491106,0.001289740166468739
-0.1848220780270425,3.014420298491106,0.0009482997977485336
-0.1847268580270425,3.014420298491106,0.0009482997977485336
-0.1846316380270425,3.014420298491106,0.0009482997977485336
-0.1845364180270425,3.014420298491106,0.0009482997977485336
-0.1844411980270425,3.014420298491106,0.0009482997977485336
-0.1843459780270425,3.014420298491106,0.0009482997977485336
-0.1842507580270425,3.014420298491106,0.0009482997977485336
-0.1841555380270425,3.014420298491106,0.0009482997977485336
-0.1840603180270425,3.014420298491106,0.0006068594290283141
-0.1839650980270425,3.014420298491106,0.0006068594290283141
-0.1838698780270425,3.014420298491106,0.0006068594290283141
-0.1837746580270425,3.014420298491106,0.0009482997977485336
-0.1836794380270425,3.014420298491106,0.0009482997977485336
-0.1835842180270425,3.014420298491106,0.0009482997977485336
-0.1834889980270425,3.014420298491106,0.0009482997977485336
-0.1833937780270425,3.014420298491106,0.0006068594290283141
-0.1832985580270425,3.014420298491106,0.0009482997977485336
-0.1832033380270425,3.014420298491106,0.0009482997977485336
-0.1831081180270425,3.014420298491106,0.0009482997977485336
-0.1830128980270425,3.014420298491106,0.0009482997977485336
-0.1829176780270425,3.014420298491106,0.0009482997977485336
-0.1828224580270425,3.014420298491106,0.0009482997977485336
-0.1827272380270425,3.014420298491106,0.0009482997977485336
-0.1826320180270425,3.014420298491106,0.0009482997977485336
-0.1825367980270425,3.014420298491106,0.0009482997977485336
-0.1824415780270425,3.014420298491106,0.0009482997977485336
-0.1823463580270425,3.014420298491106,0.0009482997977485336
-0.1822511380270425,3.014420298491106,0.0009482997977485336
-0.1821559180270425,3.014420298491106,0.0009482997977485336
-0.1820606980270425,3.014420298491106,0.001289740166468739
-0.1819654780270425,3.014420298491106,0.001289740166468739
-0.1818702580270425,3.014420298491106,0.001289740166468739
-0.1817750380270425,3.014420298491106,0.0009482997977485336
-0.1816798180270425,3.014420298491106,0.001289740166468739
-0.1815845980270425,3.014420298491106,0.001289740166468739
-0.1814893780270425,3.014420298491106,0.001289740166468739
-0.1813941580270425,3.014420298491106,0.001289740166468739
-0.1812989380270425,3.014420298491106,0.001289740166468739
-0.1812037180270425,3.014420298491106,0.0009482997977485336
-0.1811084980270425,3.014420298491106,0.0009482997977485336
-0.1810132780270425,3.014420298491106,0.0002654190603080947
-0.1809180580270425,3.014420298491106,0.0009482997977485336
-0.1808228380270425,3.014420298491106,0.0009482997977485336
-0.1807276180270425,3.014420298491106,0.0009482997977485336
-0.1806323980270425,3.014420298491106,0.0009482997977485336
-0.1805371780270425,3.014420298491106,0.0009482997977485336
-0.1804419580270425,3.014420298491106,0.0009482997977485336
-0.1803467380270425,3.014420298491106,0.0009482997977485336
-0.1802515180270425,3.014420298491106,0.0009482997977485336
-0.1801562980270425,3.014420298491106,0.0009482997977485336
-0.1800610780270425,3.014420298491106,0.001631180535188959
-0.1799658580270425,3.014420298491106,0.001289740166468894
-0.1798706380270425,3.014420298491106,0.0009482997977485336
-0.1797754180270425,3.014420298491106,0.0009482997977485336
-0.1796801980270425,3.014420298491106,0.0009482997977485336
-0.1795849780270425,3.014420298491106,0.001289740166468739
-0.1794897580270425,3.014420298491106,0.001289740166468739
-0.1793945380270425,3.014420298491106,0.0009482997977485336
-0.1792993180270425,3.014420298491106,0.001289740166468739
-0.1792040980270425,3.014420298491106,0.0009482997977486888
-0.1791088780270425,3.010648219872502,0.0009482997977485336
-0.1790136580270425,3.014420298491106,0.0002654190603080947
-0.1789184380270425,3.014420298491106,0.0009482997977485336
-0.1788232180270425,3.014420298491106,0.0009482997977485336
-0.1787279980270425,3.014420298491106,0.0009482997977485336
-0.1786327780270425,3.014420298491106,0.0006068594290283141
-0.1785375580270425,3.014420298491106,0.0006068594290283141
-0.1784423380270425,3.014420298491106,0.0009482997977483783
-0.1783471180270425,3.014420298491106,0.0006068594290283141
-0.1782518980270425,3.014420298491106,0.0009482997977485336
-0.1781566780270425,3.014420298491106,0.0009482997977485336
-0.1780614580270425,3.014420298491106,0.0009482997977485336
-0.1779662380270425,3.014420298491106,0.0009482997977485336
-0.1778710180270425,3.014420298491106,0.0009482997977485336
-0.1777757980270425,3.014420298491106,0.0009482997977485336
-0.1776805780270425,3.014420298491106,0.0009482997977485336
-0.1775853580270425,3.014420298491106,0.0009482997977485336
-0.1774901380270425,3.014420298491106,0.0009482997977485336
-0.1773949180270425,3.014420298491106,0.0009482997977485336
-0.1772996980270425,3.010648219872502,0.0009482997977485336
-0.1772044780270425,3.014420298491106,0.0009482997977485336
-0.1771092580270425,3.014420298491106,0.0009482997977485336
-0.1770140380270425,3.010648219872504,0.001289740166468584
-0.1769188180270425,3.014420298491104,0.0009482997977486888
-0.1768235980270425,3.014420298491106,0.0009482997977485336
-0.1767283780270425,3.014420298491106,0.0009482997977485336
-0.1766331580270425,3.014420298491106,0.0009482997977485336
-0.1765379380270425,3.014420298491106,0.0009482997977485336
-0.1764427180270425,3.014420298491106,0.0009482997977485336
-0.1763474980270425,3.014420298491106,0.0009482997977485336
-0.1762522780270425,3.014420298491106,0.001289740166468739
-0.1761570580270425,3.014420298491106,0.001289740166468739
-0.1760618380270425,3.014420298491106,0.0009482997977485336
-0.1759666180270425,3.014420298491106,0.0009482997977485336
-0.1758713980270425,3.014420298491106,0.0009482997977485336
-0.1757761780270425,3.014420298491106,0.0009482997977485336
-0.1756809580270425,3.014420298491106,0.0009482997977485336
-0.1755857380270425,3.014420298491106,0.0009482997977485336
-0.1754905180270425,3.014420298491106,0.0009482997977485336
-0.1753952980270425,3.014420298491106,0.0009482997977485336
-0.1753000780270425,3.014420298491106,0.0009482997977485336
-0.1752048580270425,3.014420298491106,0.0009482997977485336
-0.1751096380270425,3.014420298491106,0.0009482997977485336
-0.1750144180270425,3.014420298491106,0.001289740166468739
-0.1749191980270425,3.014420298491106,0.0009482997977485336
-0.1748239780270425,3.014420298491106,0.0009482997977485336
-0.1747287580270425,3.014420298491106,0.0009482997977485336
-0.1746335380270425,3.014420298491106,0.0009482997977485336
-0.1745383180270425,3.014420298491106,0.0009482997977485336
-0.1744430980270425,3.010648219872502,0.0009482997977485336
-0.1743478780270425,3.014420298491106,0.0009482997977485336
-0.1742526580270425,3.014420298491106,0.0009482997977485336
-0.1741574380270425,3.014420298491106,0.0009482997977485336
-0.1740622180270425,3.014420298491106,0.0006068594290283141
-0.1739669980270425,3.014420298491106,0.0006068594290284694
-0.1738717780270425,3.014420298491106,0.0009482997977483783
-0.1737765580270425,3.010648219872502,0.0009482997977485336
-0.1736813380270425,3.014420298491106,0.0009482997977485336
-0.1735861180270425,3.014420298491106,0.0009482997977485336
-0.1734908980270425,3.014420298491106,0.0009482997977485336
-0.1733956780270425,3.014420298491106,0.0009482997977485336
-0.1733004580270425,3.014420298491106,0.0009482997977485336
-0.1732052380270425,3.014420298491106,0.0009482997977485336
-0.1731100180270425,3.014420298491106,0.0009482997977485336
-0.1730147980270425,3.014420298491106,0.001289740166468739
-0.1729195780270425,3.014420298491106,0.0009482997977485336
-0.1728243580270425,3.014420298491106,0.0009482997977485336
-0.1727291380270425,3.014420298491106,0.0009482997977485336
-0.1726339180270425,3.014420298491106,0.0009482997977485336
-0.1725386980270425,3.014420298491106,0.0009482997977485336
-0.1724434780270425,3.014420298491106,0.0009482997977485336
-0.1723482580270425,3.014420298491106,0.0009482997977485336
-0.1722530380270425,3.014420298491106,0.0009482997977485336
-0.1721578180270425,3.014420298491106,0.0009482997977485336
-0.1720625980270425,3.014420298491106,0.0009482997977485336
-0.1719673780270425,3.014420298491106,0.0009482997977485336
-0.1718721580270425,3.014420298491106,0.0009482997977485336
-0.1717769380270425,3.014420298491106,0.0009482997977485336
-0.1716817180270425,3.014420298491106,0.0009482997977485336
-0.1715864980270425,3.014420298491106,0.0009482997977485336
-0.1714912780270425,3.014420298491106,0.0009482997977485336
-0.1713960580270425,3.014420298491106,0.0009482997977485336
-0.1713008380270425,3.014420298491106,0.0009482997977485336
-0.1712056180270425,3.014420298491106,0.0009482997977485336
-0.1711103980270425,3.014420298491106,0.001289740166468739
-0.1710151780270425,3.014420298491106,0.001631180535188959
-0.1709199580270425,3.014420298491106,0.001289740166468584
-0.1708247380270425,3.014420298491106,0.0009482997977486888
-0.1707295180270425,3.014420298491106,0.0009482997977485336
-0.1706342980270425,3.014420298491106,0.0009482997977485336
-0.1705390780270425,3.014420298491106,0.0009482997977485336
-0.1704438580270425,3.014420298491106,0.0009482997977485336
-0.1703486380270425,3.014420298491106,0.0009482997977485336
-0.1702534180270425,3.014420298491106,0.0009482997977485336
-0.1701581980270425,3.014420298491106,0.0009482997977482231
-0.1700629780270425,3.014420298491106,0.0002654190603084052
-0.1699677580270425,3.014420298491106,0.0006068594290283141
-0.1698725380270425,3.014420298491106,0.0009482997977485336
-0.1697773180270425,3.014420298491106,0.0009482997977485336
-0.1696820980270425,3.014420298491106,0.0009482997977485336
-0.1695868780270425,3.014420298491106,0.0009482997977485336
-0.1694916580270425,3.014420298491106,0.0009482997977485336
-0.1693964380270425,3.014420298491106,0.0009482997977485336
-0.1693012180270425,3.014420298491106,0.0009482997977485336
-0.1692059980270425,3.014420298491106,0.0009482997977485336
-0.1691107780270425,3.014420298491106,0.0009482997977485336
-0.1690155580270425,3.014420298491106,0.0009482997977485336
-0.1689203380270425,3.014420298491106,0.0009482997977485336
-0.1688251180270425,3.014420298491106,0.0009482997977485336
-0.1687298980270425,3.014420298491106,0.0009482997977485336
-0.1686346780270425,3.014420298491106,0.0009482997977485336
-0.1685394580270425,3.014420298491106,0.0009482997977485336
-0.1684442380270425,3.014420298491106,0.0009482997977485336
-0.1683490180270425,3.014420298491106,0.0009482997977485336
-0.1682537980270425,3.014420298491106,0.0009482997977485336
-0.1681585780270425,3.014420298491106,0.0009482997977485336
-0.1680633580270425,3.014420298491106,0.001289740166468739
-0.1679681380270425,3.014420298491106,0.0009482997977485336
-0.1678729180270425,3.014420298491106,0.0009482997977485336
-0.1677776980270425,3.014420298491106,0.0009482997977485336
-0.1676824780270425,3.010648219872502,0.0009482997977485336
-0.1675872580270425,3.014420298491106,0.0009482997977485336
-0.1674920380270425,3.014420298491106,0.0009482997977485336
-0.1673968180270425,3.014420298491106,0.0009482997977485336
-0.1673015980270425,3.014420298491106,0.0009482997977485336
-0.1672063780270425,3.014420298491106,0.0009482997977485336
-0.1671111580270425,3.014420298491106,0.0009482997977483783
-0.1670159380270425,3.014420298491106,0.0006068594290284694
-0.1669207180270425,3.014420298491106,0.0009482997977485336
-0.1668254980270425,3.014420298491106,0.0009482997977485336
-0.1667302780270425,3.014420298491106,0.0009482997977485336
-0.1666350580270425,3.014420298491106,0.0009482997977485336
-0.1665398380270425,3.014420298491106,0.0009482997977485336
-0.1664446180270425,3.014420298491106,0.0009482997977485336
-0.1663493980270425,2.614579964917921,-0.005539067207940662
-0.1662541780270425,-0.00701467500926567,-0.01680659937569746
-0.1661589580270425,0.01561779670116437,-0.001441782783292975
-0.1660637380270425,0.01561779670116437,0.001289740166468739
-0.1659685180270425,0.01561779670116437,0.001289740166468739
-0.1658732980270425,0.01561779670116437,0.0009482997977485336
-0.1657780780270425,0.01561779670116437,0.0009482997977485336
-0.1656828580270425,0.01561779670116437,0.0009482997977485336
-0.1655876380270425,0.01561779670116437,0.0009482997977485336
-0.1654924180270425,0.01561779670116437,0.0009482997977485336
-0.1653971980270425,0.01561779670116437,0.0009482997977485336
-0.1653019780270425,0.01561779670116437,0.0009482997977485336
-0.1652067580270425,0.01561779670116437,0.0009482997977485336
-0.1651115380270425,0.01561779670116437,0.0009482997977485336
-0.1650163180270425,0.01561779670116437,-0.0004174616771323303
-0.1649210980270425,0.01561779670116437,0.0006068594290283141
-0.1648258780270425,0.01561779670116437,0.0009482997977485336
-0.1647306580270425,0.01561779670116437,0.0009482997977485336
-0.1646354380270425,0.01561779670116437,0.0009482997977485336
-0.1645402180270425,0.01561779670116437,0.0009482997977485336
-0.1644449980270425,0.01561779670116437,0.0009482997977485336
-0.1643497780270425,0.01561779670116437,0.0009482997977485336
-0.1642545580270425,0.01561779670116437,0.0009482997977485336
-0.1641593380270425,0.01561779670116437,0.0009482997977485336
-0.1640641180270425,0.01561779670116437,0.001631180535188803
-0.1639688980270425,0.01561779670116437,0.001289740166468894
-0.1638736780270425,0.01561779670116437,0.0009482997977485336
-0.1637784580270425,0.01561779670116437,0.0009482997977485336
-0.1636832380270425,0.01561779670116437,0.0009482997977485336
-0.1635880180270425,0.01561779670116437,0.0009482997977485336
-0.1634927980270425,0.01561779670116437,0.0009482997977485336
-0.1633975780270425,0.01561779670116437,0.0009482997977485336
-0.1633023580270425,0.01561779670116437,0.0009482997977485336
-0.1632071380270425,0.01561779670116437,0.0009482997977485336
-0.1631119180270425,0.01561779670116437,0.0009482997977485336
-0.1630166980270425,0.01561779670116437,0.0006068594290283141
-0.1629214780270425,0.01561779670116437,0.001289740166468739
-0.1628262580270425,0.01561779670116437,0.0009482997977485336
-0.1627310380270425,0.01561779670116437,0.001289740166468739
-0.1626358180270425,0.01561779670116437,0.0009482997977485336
-0.1625405980270425,0.01561779670116437,0.0009482997977485336
-0.1624453780270425,0.01561779670116437,0.0009482997977485336
-0.1623501580270425,0.01561779670116437,0.0009482997977485336
-0.1622549380270425,0.01561779670116437,0.001289740166468739
-0.1621597180270425,0.01561779670116437,0.0009482997977485336
-0.1620644980270425,0.01561779670116437,0.0006068594290283141
-0.1619692780270425,0.01561779670116437,0.0009482997977485336
-0.1618740580270425,0.01561779670116437,0.0009482997977485336
-0.1617788380270425,0.01561779670116437,0.0009482997977485336
-0.1616836180270425,0.01561779670116437,0.0009482997977485336
-0.1615883980270425,0.01561779670116437,0.0009482997977485336
-0.1614931780270425,0.01561779670116437,0.0009482997977485336
-0.1613979580270425,0.01561779670116437,0.0009482997977485336
-0.1613027380270425,0.01561779670116437,0.0009482997977485336
-0.1612075180270425,0.01561779670116437,0.0009482997977485336
-0.1611122980270425,0.01561779670116437,0.0009482997977485336
-0.1610170780270425,0.01561779670116437,0.001289740166468584
-0.1609218580270425,0.01561779670116437,0.0009482997977486888
-0.1608266380270425,0.01561779670116437,0.0009482997977485336
-0.1607314180270425,0.01561779670116437,0.0009482997977485336
-0.1606361980270425,0.01561779670116437,0.0009482997977485336
-0.1605409780270425,0.01561779670116437,0.0009482997977485336
-0.1604457580270425,0.01561779670116437,0.0009482997977485336
-0.1603505380270425,0.01561779670116437,0.0009482997977485336
-0.1602553180270425,0.01561779670116437,0.0009482997977485336
-0.1601600980270425,0.01561779670116437,0.0009482997977485336
-0.1600648780270425,0.01561779670116437,0.0002654190603080947
-0.1599696580270425,0.01561779670116437,0.0006068594290283141
-0.1598744380270425,0.01561779670116437,0.0009482997977485336
-0.1597792180270425,0.01561779670116437,0.0009482997977485336
-0.1596839980270425,0.01561779670116437,0.0009482997977485336
-0.1595887780270425,0.01561779670116437,0.0009482997977485336
-0.1594935580270425,0.01561779670116437,0.0009482997977485336
-0.1593983380270425,0.01561779670116437,0.0009482997977485336
-0.1593031180270425,0.01561779670116437,0.0009482997977485336
-0.1592078980270425,0.01561779670116437,0.0009482997977485336
-0.1591126780270425,0.01561779670116437,0.0009482997977485336
-0.1590174580270425,0.01561779670116437,0.001972620903909164
-0.1589222380270425,0.01561779670116437,0.0009482997977485336
-0.1588270180270425,0.01561779670116437,0.0009482997977485336
-0.1587317980270425,0.01561779670116437,0.0009482997977485336
-0.1586365780270425,0.01561779670116437,0.0009482997977485336
-0.1585413580270425,0.01561779670116437,0.0009482997977485336
-0.1584461380270425,0.01561779670116437,0.0009482997977485336
-0.1583509180270425,0.01561779670116437,0.0009482997977485336
-0.1582556980270425,0.01561779670116437,0.0009482997977485336
-0.1581604780270425,0.01561779670116437,0.0009482997977485336
-0.1580652580270425,0.01561779670116437,-7.602130841211086e-05
-0.1579700380270425,0.01561779670116437,0.00026541906030825
-0.1578748180270425,0.01561779670116437,0.0006068594290281589
-0.1577795980270425,0.01561779670116437,0.0006068594290283141
-0.1576843780270425,0.01561779670116437,0.0006068594290283141
-0.1575891580270425,0.01561779670116437,0.0006068594290283141
-0.1574939380270425,0.01561779670116437,0.0006068594290283141
-0.1573987180270425,0.01561779670116437,0.0006068594290283141
-0.1573034980270425,0.01561779670116437,0.0006068594290283141
-0.1572082780270425,0.01561779670116437,0.0006068594290283141
-0.1571130580270425,0.01561779670116437,0.0006068594290283141
-0.1570178380270425,0.01561779670116437,0.0009482997977485336
-0.1569226180270425,0.01561779670116437,0.0009482997977485336
-0.1568273980270425,0.01561779670116437,0.0009482997977485336
-0.1567321780270425,0.01561779670116437,0.0009482997977485336
-0.1566369580270425,0.01561779670116437,0.0009482997977485336
-0.1565417380270425,0.01561779670116437,0.0009482997977485336
-0.1564465180270425,0.01561779670116437,0.0009482997977485336
-0.1563512980270425,0.01561779670116437,0.0009482997977485336
-0.1562560780270425,0.01561779670116437,0.0009482997977485336
-0.1561608580270425,0.01561779670116437,0.0009482997977485336
-0.1560656380270425,0.01561779670116437,0.0009482997977485336
-0.1559704180270425,0.01561779670116437,0.0009482997977485336
-0.1558751980270425,0.01561779670116437,0.0009482997977485336
-0.1557799780270425,0.01561779670116437,0.0009482997977485336
-0.1556847580270425,0.01561779670116437,0.0009482997977485336
-0.1555895380270425,0.01561779670116437,0.0009482997977485336
-0.1554943180270425,0.01561779670116437,0.0009482997977485336
-0.1553990980270425,0.01561779670116437,0.0009482997977485336
-0.1553038780270425,0.01561779670116437,0.0009482997977485336
-0.1552086580270425,0.01561779670116437,0.0009482997977485336
-0.1551134380270425,0.01561779670116437,0.0009482997977485336
-0.1550182180270425,0.01561779670116437,0.0006068594290283141
-0.1549229980270425,0.01561779670116437,0.0006068594290284694
-0.1548277780270425,0.01561779670116437,0.0009482997977483783
-0.1547325580270425,0.01561779670116437,0.0009482997977485336
-0.1546373380270425,0.01561779670116437,0.0009482997977485336
-0.1545421180270425,0.01561779670116437,0.0009482997977485336
-0.1544468980270425,0.01561779670116437,0.0009482997977485336
-0.1543516780270425,0.01561779670116437,0.0009482997977485336
-0.1542564580270425,0.01561779670116437,0.0009482997977485336
-0.1541612380270425,0.01561779670116437,0.0009482997977486888
-0.1540660180270425,0.01561779670116437,0.001289740166468584
-0.1539707980270425,0.01561779670116437,0.0009482997977485336
-0.1538755780270425,0.01561779670116437,0.0009482997977485336
-0.1537803580270425,0.01561779670116437,0.0009482997977485336
-0.1536851380270425,0.01561779670116437,0.0009482997977485336
-0.1535899180270425,0.01561779670116437,0.0009482997977485336
-0.1534946980270425,0.01561779670116437,0.0009482997977485336
-0.1533994780270425,0.01561779670116437,0.0009482997977485336
-0.1533042580270425,0.01561779670116437,0.0009482997977485336
-0.1532090380270425,0.01561779670116437,0.0009482997977485336
-0.1531138180270425,0.01561779670116437,0.0009482997977485336
-0.1530185980270425,0.01561779670116437,-7.602130841211086e-05
-0.1529233780270425,0.01561779670116437,0.0009482997977485336
-0.1528281580270425,0.01561779670116437,0.0009482997977485336
-0.1527329380270425,0.01561779670116437,0.0009482997977485336
-0.1526377180270425,0.01561779670116437,0.0009482997977485336
-0.1525424980270425,0.01561779670116437,0.0009482997977485336
-0.1524472780270425,0.01561779670116437,0.0009482997977485336
-0.1523520580270425,0.01561779670116437,0.0009482997977485336
-0.1522568380270425,0.01561779670116437,0.0009482997977485336
-0.1521616180270425,0.01561779670116437,0.0009482997977485336
-0.1520663980270425,0.01561779670116437,0.001289740166468739
-0.1519711780270425,0.01561779670116437,0.001289740166468739
-0.1518759580270425,0.01561779670116437,0.0009482997977485336
-0.1517807380270425,0.01561779670116437,0.0009482997977485336
-0.1516855180270425,0.01561779670116437,0.0009482997977485336
-0.1515902980270425,0.01561779670116437,0.0009482997977485336
-0.1514950780270425,0.01561779670116437,0.0009482997977485336
-0.1513998580270425,0.01561779670116437,0.0009482997977485336
-0.1513046380270425,0.01561779670116437,0.0009482997977485336
-0.1512094180270425,0.01561779670116437,0.0009482997977485336
-0.1511141980270425,0.01561779670116437,0.0009482997977483783
-0.1510189780270425,0.01561779670116437,0.0006068594290284694
-0.1509237580270425,0.01561779670116437,0.0006068594290283141
-0.1508285380270425,0.01561779670116437,0.0006068594290283141
-0.1507333180270425,0.01561779670116437,0.0006068594290283141
-0.1506380980270425,0.01561779670116437,0.0006068594290283141
-0.1505428780270425,0.01561779670116437,0.0006068594290283141
-0.1504476580270425,0.01561779670116437,0.0009482997977485336
-0.1503524380270425,0.01561779670116437,0.0009482997977483783
-0.1502572180270425,0.01561779670116437,0.0006068594290283141
-0.1501619980270425,0.01561779670116437,0.0009482997977485336
-0.1500667780270425,0.01561779670116437,0.001289740166468739
-0.1499715580270425,0.01561779670116437,0.001289740166468739
-0.1498763380270425,0.01561779670116437,0.0009482997977485336
-0.1497811180270425,0.01561779670116437,0.0009482997977485336
-0.1496858980270425,0.01561779670116437,0.0009482997977485336
-0.1495906780270425,0.01561779670116437,0.0009482997977485336
-0.1494954580270425,0.01561779670116437,0.0009482997977485336
-0.1494002380270425,0.01561779670116437,0.0009482997977485336
-0.1493050180270425,0.01561779670116437,0.0009482997977485336
-0.1492097980270425,0.01561779670116437,0.0009482997977485336
-0.1491145780270425,0.01561779670116437,0.0009482997977485336
-0.1490193580270425,0.01561779670116437,-7.602130841211086e-05
-0.1489241380270425,0.01561779670116437,0.0006068594290283141
-0.1488289180270425,0.01561779670116437,0.0009482997977485336
-0.1487336980270425,0.01561779670116437,0.0009482997977485336
-0.1486384780270425,0.01561779670116437,0.0009482997977485336
-0.1485432580270425,0.01561779670116437,0.0009482997977485336
-0.1484480380270425,0.01561779670116437,0.0006068594290283141
-0.1483528180270425,0.01561779670116437,0.0006068594290283141
-0.1482575980270425,0.01561779670116437,0.0006068594290283141
-0.1481623780270425,0.01561779670116437,0.0009482997977485336
-0.1480671580270425,0.01561779670116437,0.0009482997977483783
-0.1479719380270425,0.01561779670116437,0.0006068594290283141
-0.1478767180270425,0.01561779670116437,0.0006068594290283141
-0.1477814980270425,0.01561779670116437,0.0009482997977485336
-0.1476862780270425,0.01561779670116437,0.0009482997977485336
-0.1475910580270425,0.01561779670116437,0.0009482997977485336
-0.1474958380270425,0.01561779670116437,0.0006068594290283141
-0.1474006180270425,0.01561779670116437,0.0006068594290283141
-0.1473053980270425,0.01561779670116437,0.0009482997977485336
-0.1472101780270425,0.01561779670116437,0.0009482997977485336
-0.1471149580270425,0.01561779670116437,0.0009482997977485336
-0.1470197380270425,0.01561779670116437,0.001289740166468739
-0.1469245180270425,0.01561779670116437,0.0009482997977485336
-0.1468292980270425,0.01561779670116437,0.0009482997977485336
-0.1467340780270425,0.01561779670116437,0.0009482997977485336
-0.1466388580270425,0.01561779670116437,0.0009482997977485336
-0.1465436380270425,0.01561779670116437,0.0009482997977485336
-0.1464484180270425,0.01561779670116437,0.0009482997977485336
-0.1463531980270425,0.01561779670116437,0.0009482997977485336
-0.1462579780270425,0.01561779670116437,0.0009482997977485336
-0.1461627580270425,0.01561779670116437,0.0009482997977485336
-0.1460675380270425,0.01561779670116437,0.0006068594290283141
-0.1459723180270425,0.01561779670116437,0.0009482997977485336
-0.1458770980270425,0.01561779670116437,0.0009482997977485336
-0.1457818780270425,0.01561779670116437,0.0009482997977485336
-0.1456866580270425,0.01561779670116437,0.0009482997977485336
-0.1455914380270425,0.01561779670116437,0.0009482997977485336
-0.1454962180270425,0.01561779670116437,0.0009482997977485336
-0.1454009980270425,0.01561779670116437,0.0009482997977485336
-0.1453057780270425,0.01561779670116437,0.0009482997977485336
-0.1452105580270425,0.01561779670116437,0.0009482997977485336
-0.1451153380270425,0.01561779670116437,0.0009482997977485336
-0.1450201180270425,0.01561779670116437,0.001972620903908698
-0.1449248980270425,0.01561779670116437,0.001289740166468739
-0.1448296780270425,0.01561779670116437,0.0009482997977485336
-0.1447344580270425,0.01561779670116437,0.0009482997977485336
-0.1446392380270425,0.01561779670116437,0.0009482997977485336
-0.1445440180270425,0.01561779670116437,0.0009482997977485336
-0.1444487980270425,0.01561779670116437,0.0009482997977485336
-0.1443535780270425,0.01561779670116437,0.0009482997977485336
-0.1442583580270425,0.01561779670116437,0.0009482997977485336
-0.1441631380270425,0.01561779670116437,0.0009482997977485336
-0.1440679180270425,0.01561779670116437,-7.602130841211086e-05
-0.1439726980270425,0.01561779670116437,0.0002654190603080947
-0.1438774780270425,0.01561779670116437,0.0009482997977485336
-0.1437822580270425,0.01561779670116437,0.0009482997977485336
-0.1436870380270425,0.01561779670116437,0.0009482997977485336
-0.1435918180270425,0.01561779670116437,0.0009482997977485336
-0.1434965980270425,0.01561779670116437,0.0009482997977485336
-0.1434013780270425,0.01561779670116437,0.0009482997977485336
-0.1433061580270425,0.01561779670116437,0.0009482997977485336
-0.1432109380270425,0.01561779670116437,0.0009482997977485336
-0.1431157180270425,0.01561779670116437,0.0009482997977485336
-0.1430204980270425,0.01561779670116437,0.001972620903909164
-0.1429252780270425,0.01561779670116437,0.001289740166468739
-0.1428300580270425,0.01561779670116437,0.0009482997977485336
-0.1427348380270425,0.01561779670116437,0.0009482997977485336
-0.1426396180270425,0.01561779670116437,0.0009482997977485336
-0.1425443980270425,0.01561779670116437,0.0009482997977485336
-0.1424491780270425,0.01561779670116437,0.0009482997977485336
-0.1423539580270425,0.01561779670116437,0.0009482997977485336
-0.1422587380270425,0.01561779670116437,0.0009482997977485336
-0.1421635180270425,0.01561779670116437,0.0009482997977485336
-0.1420682980270425,0.01561779670116437,0.0006068594290284694
-0.1419730780270425,0.01561779670116437,0.0009482997977483783
-0.1418778580270425,0.01561779670116437,0.0009482997977485336
-0.1417826380270425,0.01561779670116437,0.0009482997977485336
-0.1416874180270425,0.01561779670116437,0.0009482997977485336
-0.1415921980270425,0.01561779670116437,0.0009482997977485336
-0.1414969780270425,0.01561779670116437,0.0009482997977485336
-0.1414017580270425,0.01561779670116437,0.0009482997977485336
-0.1413065380270425,0.01561779670116437,0.0009482997977485336
-0.1412113180270425,0.01561779670116437,0.0009482997977485336
-0.1411160980270425,0.01561779670116437,0.0009482997977485336
-0.1410208780270425,0.01561779670116437,0.0006068594290283141
-0.1409256580270425,0.01561779670116437,0.0009482997977485336
-0.1408304380270425,0.01561779670116437,0.0009482997977485336
-0.1407352180270425,0.01561779670116437,0.0009482997977485336
-0.1406399980270425,0.01561779670116437,0.0009482997977485336
-0.1405447780270425,0.01561779670116437,0.0009482997977485336
-0.1404495580270425,0.01561779670116437,0.0009482997977485336
-0.1403543380270425,0.01561779670116437,0.0009482997977485336
-0.1402591180270425,0.01561779670116437,0.0009482997977485336
-0.1401638980270425,0.01561779670116437,0.0009482997977485336
-0.1400686780270425,0.01561779670116437,0.001289740166468739
-0.1399734580270425,0.01561779670116437,0.0009482997977485336
-0.1398782380270425,0.01561779670116437,0.0009482997977485336
-0.1397830180270425,0.01561779670116437,0.0009482997977485336
-0.1396877980270425,0.01561779670116437,0.0009482997977485336
-0.1395925780270425,0.01561779670116437,0.0009482997977485336
-0.1394973580270425,0.01561779670116437,0.0009482997977485336
-0.1394021380270425,0.01561779670116437,0.0009482997977485336
-0.1393069180270425,0.01561779670116437,0.0009482997977485336
-0.1392116980270425,0.01561779670116437,0.0009482997977485336
-0.1391164780270425,0.01561779670116437,0.0009482997977485336
-0.1390212580270425,0.01561779670116437,-7.602130841180031e-05
-0.1389260380270425,0.01561779670116437,0.0006068594290280036
-0.1388308180270425,0.01561779670116437,0.0009482997977485336
-0.1387355980270425,0.01561779670116437,0.0009482997977485336
-0.1386403780270425,0.01561779670116437,0.0009482997977485336
-0.1385451580270425,0.01561779670116437,0.0009482997977485336
-0.1384499380270425,0.01561779670116437,0.0009482997977485336
-0.1383547180270425,0.01561779670116437,0.0009482997977485336
-0.1382594980270425,0.01561779670116437,0.0009482997977485336
-0.1381642780270425,0.01561779670116437,0.0009482997977485336
-0.1380690580270425,0.01561779670116437,0.001631180535188959
-0.1379738380270425,0.01561779670116437,0.001631180535188959
-0.1378786180270425,0.01561779670116437,0.0009482997977485336
-0.1377833980270425,0.01561779670116437,0.001289740166468739
-0.1376881780270425,0.01561779670116437,0.0009482997977485336
-0.1375929580270425,0.01561779670116437,0.0009482997977485336
-0.1374977380270425,0.01561779670116437,0.0009482997977485336
-0.1374025180270425,0.01561779670116437,0.0009482997977485336
-0.1373072980270425,0.01561779670116437,0.0009482997977485336
-0.1372120780270425,0.01561779670116437,0.0009482997977485336
-0.1371168580270425,0.01561779670116437,0.0009482997977485336
-0.1370216380270425,0.01561779670116437,0.0002654190603080947
-0.1369264180270425,0.01561779670116437,0.0009482997977485336
-0.1368311980270425,0.01561779670116437,0.0009482997977485336
-0.1367359780270425,0.01561779670116437,0.0009482997977485336
-0.1366407580270425,0.01561779670116437,0.0009482997977485336
-0.1365455380270425,0.01561779670116437,0.0009482997977485336
-0.1364503180270425,0.01561779670116437,0.0009482997977485336
-0.1363550980270425,0.01561779670116437,0.0009482997977485336
-0.1362598780270425,0.01561779670116437,0.0009482997977485336
-0.1361646580270425,0.01561779670116437,0.0009482997977485336
-0.1360694380270425,0.01561779670116437,0.0009482997977485336
-0.1359742180270425,0.01561779670116437,0.0009482997977483783
-0.1358789980270425,0.01561779670116437,0.0006068594290284694
-0.1357837780270425,0.01561779670116437,0.0006068594290283141
-0.1356885580270425,0.01561779670116437,0.0009482997977485336
-0.1355933380270425,0.01561779670116437,0.0006068594290283141
-0.1354981180270425,0.01561779670116437,0.0006068594290283141
-0.1354028980270425,0.01561779670116437,0.0006068594290283141
-0.1353076780270425,0.01561779670116437,0.0006068594290283141
-0.1352124580270425,0.01561779670116437,0.0006068594290283141
-0.1351172380270425,0.01561779670116437,0.0006068594290283141
-0.1350220180270425,0.01561779670116437,0.0009482997977485336
-0.1349267980270425,0.01561779670116437,0.0009482997977485336
-0.1348315780270425,0.01561779670116437,0.0009482997977485336
-0.1347363580270425,0.01561779670116437,0.0009482997977485336
-0.1346411380270425,0.01561779670116437,0.0009482997977485336
-0.1345459180270425,0.01561779670116437,0.0009482997977485336
-0.1344506980270425,0.01561779670116437,0.0009482997977485336
-0.1343554780270425,0.01561779670116437,0.0009482997977485336
-0.1342602580270425,0.01561779670116437,0.0009482997977485336
-0.1341650380270425,0.01561779670116437,0.0009482997977485336
-0.1340698180270425,0.01561779670116437,0.0009482997977485336
-0.1339745980270425,0.01561779670116437,0.0009482997977485336
-0.1338793780270425,0.01561779670116437,0.0009482997977485336
-0.1337841580270425,0.01561779670116437,0.0009482997977485336
-0.1336889380270425,0.01561779670116437,0.0009482997977485336
-0.1335937180270425,0.01561779670116437,0.0009482997977485336
-0.1334984980270425,0.01561779670116437,0.0009482997977485336
-0.1334032780270425,0.01561779670116437,0.0009482997977485336
-0.1333080580270425,0.01561779670116437,0.0009482997977485336
-0.1332128380270425,0.01561779670116437,0.0009482997977485336
-0.1331176180270425,0.01561779670116437,0.0009482997977485336
-0.1330223980270425,0.01561779670116437,0.001289740166468739
-0.1329271780270425,0.01561779670116437,0.0009482997977485336
-0.1328319580270425,0.01561779670116437,0.0009482997977485336
-0.1327367380270425,0.01561779670116437,0.0009482997977485336
-0.1326415180270425,0.01561779670116437,0.0009482997977485336
-0.1325462980270425,0.01561779670116437,0.0009482997977485336
-0.1324510780270425,0.01561779670116437,0.0009482997977485336
-0.1323558580270425,0.01561779670116437,0.0009482997977485336
-0.1322606380270425,0.01561779670116437,0.0009482997977485336
-0.1321654180270425,0.01561779670116437,0.0009482997977482231
-0.1320701980270425,0.01561779670116437,0.0002654190603084052
-0.1319749780270425,0.01561779670116437,0.0006068594290283141
-0.1318797580270425,0.01561779670116437,0.0009482997977485336
-0.1317845380270425,0.01561779670116437,0.0009482997977485336
-0.1316893180270425,0.01561779670116437,0.0009482997977485336
-0.1315940980270425,0.01561779670116437,0.0009482997977485336
-0.1314988780270425,0.01561779670116437,0.0009482997977485336
-0.1314036580270425,0.01561779670116437,0.0009482997977485336
-0.1313084380270425,0.01561779670116437,0.0009482997977485336
-0.1312132180270425,0.01561779670116437,0.0009482997977485336
-0.1311179980270425,0.01561779670116437,0.0009482997977485336
-0.1310227780270425,0.01561779670116437,0.001289740166468739
-0.1309275580270425,0.01561779670116437,0.0009482997977485336
-0.1308323380270425,0.01561779670116437,0.0009482997977485336
-0.1307371180270425,0.01561779670116437,0.0009482997977485336
-0.1306418980270425,0.01561779670116437,0.0009482997977485336
-0.1305466780270425,0.01561779670116437,0.0009482997977485336
-0.1304514580270425,0.01561779670116437,0.0009482997977485336
-0.1303562380270425,0.01561779670116437,0.0009482997977485336
-0.1302610180270425,0.01561779670116437,0.0009482997977485336
-0.1301657980270425,0.01561779670116437,0.0009482997977485336
-0.1300705780270425,0.01561779670116437,0.0009482997977485336
-0.1299753580270425,0.01184571808256063,0.0009482997977485336
-0.1298801380270425,0.01561779670116437,0.0009482997977485336
-0.1297849180270425,0.01561779670116437,0.0009482997977485336
-0.1296896980270425,0.01561779670116437,0.0009482997977485336
-0.1295944780270425,0.01561779670116437,0.0009482997977485336
-0.1294992580270425,0.01561779670116437,0.0009482997977485336
-0.1294040380270425,0.01561779670116437,0.0009482997977485336
-0.1293088180270425,0.01561779670116437,0.0009482997977485336
-0.1292135980270425,0.01561779670116437,0.0009482997977485336
-0.1291183780270425,0.01561779670116437,0.0009482997977488441
-0.1290231580270425,0.01561779670116437,0.001631180535188648
-0.1289279380270425,0.01561779670116437,0.0009482997977485336
-0.1288327180270425,0.01561779670116437,0.0009482997977485336
-0.1287374980270425,0.01561779670116437,0.0009482997977485336
-0.1286422780270425,0.01561779670116437,0.0009482997977485336
-0.1285470580270425,0.01561779670116437,0.0009482997977485336
-0.1284518380270425,0.01561779670116437,0.0009482997977485336
-0.1283566180270425,0.01561779670116437,0.0009482997977485336
-0.1282613980270425,0.01561779670116437,0.0009482997977485336
-0.1281661780270425,0.01561779670116437,0.0009482997977485336
-0.1280709580270425,0.01561779670116437,0.0002654190603080947
-0.1279757380270425,0.01561779670116437,0.0002654190603080947
-0.1278805180270425,0.01561779670116437,0.0006068594290283141
-0.1277852980270425,0.01561779670116437,0.0009482997977485336
-0.1276900780270425,0.01561779670116437,0.0009482997977485336
-0.1275948580270425,0.01561779670116437,0.0009482997977485336
-0.1274996380270425,0.01561779670116437,0.0009482997977485336
-0.1274044180270425,0.01561779670116437,0.0009482997977485336
-0.1273091980270425,0.01561779670116437,0.0009482997977485336
-0.1272139780270425,0.01561779670116437,0.0006068594290283141
-0.1271187580270425,0.01561779670116437,0.0006068594290283141
-0.1270235380270425,0.01561779670116437,0.0009482997977485336
-0.1269283180270425,0.01561779670116437,0.0009482997977485336
-0.1268330980270425,0.01561779670116437,0.0009482997977485336
-0.1267378780270425,0.01561779670116437,0.0009482997977485336
-0.1266426580270425,0.01561779670116437,0.0009482997977485336
-0.1265474380270425,0.01561779670116437,0.0009482997977485336
-0.1264522180270425,0.01561779670116437,0.0006068594290283141
-0.1263569980270425,0.01561779670116437,0.0009482997977485336
-0.1262617780270425,0.01561779670116437,0.0009482997977485336
-0.1261665580270425,0.01561779670116437,0.0006068594290283141
-0.1260713380270425,0.01561779670116437,0.0009482997977486888
-0.1259761180270425,0.01561779670116437,0.001289740166468584
-0.1258808980270425,0.01561779670116437,0.0009482997977485336
-0.1257856780270425,0.01561779670116437,0.0009482997977485336
-0.1256904580270425,0.01561779670116437,0.0009482997977485336
-0.1255952380270425,0.01561779670116437,0.0009482997977485336
-0.1255000180270425,0.01561779670116437,0.0009482997977485336
-0.1254047980270425,0.01561779670116437,0.0009482997977485336
-0.1253095780270425,0.01561779670116437,0.0009482997977485336
-0.1252143580270425,0.01561779670116437,0.0009482997977485336
-0.1251191380270425,0.01561779670116437,0.0009482997977485336
-0.1250239180270425,0.01561779670116437,0.0006068594290283141
-0.1249286980270425,0.01561779670116437,0.0009482997977485336
-0.1248334780270425,0.01561779670116437,0.0009482997977485336
-0.1247382580270425,0.01561779670116437,0.0009482997977485336
-0.1246430380270425,0.01561779670116437,0.0006068594290283141
-0.1245478180270425,0.01561779670116437,0.0006068594290283141
-0.1244525980270425,0.01561779670116437,0.0006068594290283141
-0.1243573780270425,0.01561779670116437,0.0009482997977485336
-0.1242621580270425,0.01561779670116437,0.0009482997977485336
-0.1241669380270425,0.01561779670116437,0.0009482997977485336
-0.1240717180270425,0.01561779670116437,0.001289740166468739
-0.1239764980270425,0.01561779670116437,0.001289740166468739
-0.1238812780270425,0.01561779670116437,0.0009482997977485336
-0.1237860580270425,0.01561779670116437,0.0009482997977485336
-0.1236908380270425,0.01561779670116437,0.0009482997977485336
-0.1235956180270425,0.01561779670116437,0.0009482997977485336
-0.1235003980270425,0.01561779670116437,0.0009482997977485336
-0.1234051780270425,0.01561779670116437,0.0009482997977485336
-0.1233099580270425,0.01561779670116437,0.0009482997977485336
-0.1232147380270425,0.01561779670116437,0.0009482997977485336
-0.1231195180270425,0.01561779670116437,0.0009482997977485336
-0.1230242980270425,0.01561779670116437,-0.0004174616771318645
-0.1229290780270425,0.01561779670116437,0.0006068594290278484
-0.1228338580270425,0.01561779670116437,0.0009482997977485336
-0.1227386380270425,0.01561779670116437,0.0009482997977485336
-0.1226434180270425,0.01561779670116437,0.0009482997977485336
-0.1225481980270425,0.01561779670116437,0.0009482997977485336
-0.1224529780270425,0.01561779670116437,0.0009482997977485336
-0.1223577580270425,0.01561779670116437,0.0009482997977485336
-0.1222625380270425,0.01561779670116437,0.0009482997977485336
-0.1221673180270425,0.01561779670116437,0.0009482997977485336
-0.1220720980270425,0.01561779670116437,0.001631180535188959
-0.1219768780270425,0.01561779670116437,0.001631180535188959
-0.1218816580270425,0.01561779670116437,0.001289740166468739
-0.1217864380270425,0.01561779670116437,0.0009482997977485336
-0.1216912180270425,0.01561779670116437,0.0009482997977485336
-0.1215959980270425,0.01561779670116437,0.0009482997977485336
-0.1215007780270425,0.01561779670116437,0.0009482997977485336
-0.1214055580270425,0.01561779670116437,0.0009482997977485336
-0.1213103380270425,0.01561779670116437,0.0009482997977485336
-0.1212151180270425,0.01561779670116437,0.0009482997977485336
-0.1211198980270425,0.01561779670116437,0.0009482997977485336
-0.1210246780270425,0.01561779670116437,0.0006068594290283141
-0.1209294580270425,0.01561779670116437,0.0009482997977485336
-0.1208342380270425,0.01184571808256063,0.0009482997977485336
-0.1207390180270425,0.01561779670116437,0.0009482997977483783
-0.1206437980270425,0.01561779670116437,0.0006068594290284694
-0.1205485780270425,0.01561779670116437,0.0009482997977485336
-0.1204533580270425,0.01561779670116437,0.0009482997977485336
-0.1203581380270425,0.01561779670116437,0.0009482997977485336
-0.1202629180270425,0.01561779670116437,0.0009482997977485336
-0.1201676980270425,0.01561779670116437,0.0009482997977485336
-0.1200724780270425,0.01561779670116437,0.0006068594290283141
-0.1199772580270425,0.01561779670116437,0.0006068594290283141
-0.1198820380270425,0.01561779670116437,0.0006068594290283141
-0.1197868180270425,0.01561779670116437,0.0009482997977485336
-0.1196915980270425,0.01561779670116437,0.0009482997977485336
-0.1195963780270425,0.01561779670116437,0.0006068594290283141
-0.1195011580270425,0.01561779670116437,0.0006068594290283141
-0.1194059380270425,0.01561779670116437,0.0006068594290283141
-0.1193107180270425,0.01561779670116437,0.0009482997977485336
-0.1192154980270425,0.01561779670116437,0.0009482997977485336
-0.1191202780270425,0.01561779670116437,0.0009482997977485336
-0.1190250580270425,0.01561779670116437,0.001289740166468739
-0.1189298380270425,0.01561779670116437,0.0009482997977485336
-0.1188346180270425,0.01561779670116437,0.0009482997977485336
-0.1187393980270425,0.01561779670116437,0.0009482997977485336
-0.1186441780270425,0.01561779670116437,0.0009482997977485336
-0.1185489580270425,0.01561779670116437,0.0009482997977485336
-0.1184537380270425,0.01561779670116437,0.0009482997977485336
-0.1183585180270425,0.01561779670116437,0.0009482997977485336
-0.1182632980270425,0.01561779670116437,0.0009482997977485336
-0.1181680780270425,0.01561779670116437,0.0009482997977485336
-0.1180728580270425,0.01561779670116437,0.0006068594290283141
-0.1179776380270425,0.01561779670116437,0.0006068594290283141
-0.1178824180270425,0.01561779670116437,0.0009482997977485336
-0.1177871980270425,0.01561779670116437,0.0009482997977485336
-0.1176919780270425,0.01561779670116437,0.0009482997977485336
-0.1175967580270425,0.01561779670116437,0.0009482997977485336
-0.1175015380270425,0.01561779670116437,0.0006068594290283141
-0.1174063180270425,0.01561779670116437,0.0009482997977485336
-0.1173110980270425,0.01561779670116437,0.0009482997977485336
-0.1172158780270425,0.01561779670116437,0.0009482997977485336
-0.1171206580270425,0.01561779670116437,0.0009482997977485336
-0.1170254380270425,0.01561779670116437,0.001631180535188959
-0.1169302180270425,0.01561779670116437,0.0009482997977485336
-0.1168349980270425,0.01561779670116437,0.0009482997977485336
-0.1167397780270425,0.01561779670116437,0.0009482997977485336
-0.1166445580270425,0.01561779670116437,0.0009482997977485336
-0.1165493380270425,0.01561779670116437,0.0009482997977485336
-0.1164541180270425,0.01561779670116437,0.0009482997977485336
-0.1163588980270425,0.01561779670116437,0.0009482997977485336
-0.1162636780270425,0.01561779670116437,0.0009482997977485336
-0.1161684580270425,0.01561779670116437,0.0009482997977485336
-0.1160732380270425,0.01561779670116437,0.0002654190603080947
-0.1159780180270425,0.01561779670116437,0.0006068594290283141
-0.1158827980270425,0.01561779670116437,0.0009482997977485336
-0.1157875780270425,0.01561779670116437,0.0009482997977485336
-0.1156923580270425,0.01561779670116437,0.0009482997977485336
-0.1155971380270425,0.01561779670116437,0.0009482997977485336
-0.1155019180270425,0.01561779670116437,0.0009482997977485336
-0.1154066980270425,0.01561779670116437,0.0009482997977485336
-0.1153114780270425,0.01561779670116437,0.0009482997977485336
-0.1152162580270425,0.01561779670116437,0.0009482997977485336
-0.1151210380270425,0.01561779670116437,0.0009482997977485336
-0.1150258180270425,0.01561779670116437,0.001289740166468739
-0.1149305980270425,0.01561779670116437,0.0009482997977485336
-0.1148353780270425,0.01561779670116437,0.0009482997977485336
-0.1147401580270425,0.01561779670116437,0.0009482997977485336
-0.1146449380270425,0.01561779670116437,0.0009482997977485336
-0.1145497180270425,0.01561779670116437,0.0009482997977485336
-0.1144544980270425,0.01561779670116437,0.0009482997977485336
-0.1143592780270425,0.01561779670116437,0.0006068594290283141
-0.1142640580270425,0.01561779670116437,0.0009482997977485336
-0.1141688380270425,0.01561779670116437,0.0009482997977485336
-0.1140736180270425,0.01561779670116437,0.0009482997977485336
-0.1139783980270425,0.01561779670116437,0.0006068594290283141
-0.1138831780270425,0.01561779670116437,0.0009482997977485336
-0.1137879580270425,0.01561779670116437,0.0006068594290283141
-0.1136927380270425,0.01561779670116437,0.0006068594290283141
-0.1135975180270425,0.01561779670116437,0.0009482997977485336
-0.1135022980270425,0.01561779670116437,0.0009482997977485336
-0.1134070780270425,0.01561779670116437,0.0009482997977485336
-0.1133118580270425,0.01561779670116437,0.0009482997977485336
-0.1132166380270425,0.01561779670116437,0.0006068594290283141
-0.1131214180270425,0.01561779670116437,0.0006068594290283141
-0.1130261980270425,0.01561779670116437,0.001631180535188959
-0.1129309780270425,0.01561779670116437,0.0009482997977485336
-0.1128357580270425,0.01561779670116437,0.0009482997977485336
-0.1127405380270425,0.01561779670116437,0.0009482997977485336
-0.1126453180270425,0.01561779670116437,0.0009482997977485336
-0.1125500980270425,0.01561779670116437,0.0009482997977485336
-0.1124548780270425,0.01561779670116437,0.0009482997977485336
-0.1123596580270425,0.01561779670116437,0.0009482997977485336
-0.1122644380270425,0.01561779670116437,0.0009482997977485336
-0.1121692180270425,0.01561779670116437,0.0009482997977485336
-0.1120739980270425,0.01561779670116437,0.0006068594290283141
-0.1119787780270425,0.01561779670116437,0.0006068594290283141
-0.1118835580270425,0.01561779670116437,0.0009482997977485336
-0.1117883380270425,0.01561779670116437,0.0009482997977485336
-0.1116931180270425,0.01561779670116437,0.0009482997977485336
-0.1115978980270425,0.01561779670116437,0.0009482997977485336
-0.1115026780270425,0.01561779670116437,0.0009482997977485336
-0.1114074580270425,0.01561779670116437,0.0009482997977485336
-0.1113122380270425,0.01561779670116437,0.0009482997977485336
-0.1112170180270425,0.01561779670116437,0.0009482997977485336
-0.1111217980270425,0.01561779670116437,0.0009482997977485336
-0.1110265780270425,0.01561779670116437,0.0006068594290283141
-0.1109313580270425,0.01561779670116437,0.0009482997977485336
-0.1108361380270425,0.01561779670116437,0.0009482997977485336
-0.1107409180270425,0.01561779670116437,0.0006068594290283141
-0.1106456980270425,0.01561779670116437,0.0009482997977485336
-0.1105504780270425,0.01561779670116437,0.0009482997977485336
-0.1104552580270425,0.01561779670116437,0.0009482997977485336
-0.1103600380270425,0.01561779670116437,0.0009482997977485336
-0.1102648180270425,0.01561779670116437,0.0009482997977485336
-0.1101695980270425,0.01561779670116437,0.0009482997977485336
-0.1100743780270425,0.01561779670116437,0.001289740166468739
-0.1099791580270425,0.01561779670116437,0.001289740166468739
-0.1098839380270425,0.01561779670116437,0.001289740166468739
-0.1097887180270425,0.01561779670116437,0.0009482997977485336
-0.1096934980270425,0.01561779670116437,0.0009482997977485336
-0.1095982780270425,0.01561779670116437,0.0009482997977485336
-0.1095030580270425,0.01561779670116437,0.0009482997977485336
-0.1094078380270425,0.01561779670116437,0.0009482997977485336
-0.1093126180270425,0.01561779670116437,0.0009482997977485336
-0.1092173980270425,0.01561779670116437,0.0009482997977485336
-0.1091221780270425,0.01561779670116437,0.0009482997977485336
-0.1090269580270425,0.01561779670116437,0.0006068594290283141
-0.1089317380270425,0.01561779670116437,0.0009482997977485336
-0.1088365180270425,0.01561779670116437,0.0006068594290283141
-0.1087412980270425,0.01561779670116437,0.0009482997977485336
-0.1086460780270425,0.01561779670116437,0.0009482997977485336
-0.1085508580270425,0.01561779670116437,0.0009482997977485336
-0.1084556380270425,0.01561779670116437,0.0009482997977485336
-0.1083604180270425,0.01561779670116437,0.0009482997977485336
-0.1082651980270425,0.01561779670116437,0.0009482997977485336
-0.1081699780270425,0.01561779670116437,0.0009482997977485336
-0.1080747580270425,0.01561779670116437,0.001289740166468739
-0.1079795380270425,0.01561779670116437,0.001289740166468739
-0.1078843180270425,0.01561779670116437,0.001289740166468739
-0.1077890980270425,0.01561779670116437,0.0009482997977485336
-0.1076938780270425,0.01561779670116437,0.0009482997977485336
-0.1075986580270425,0.01561779670116437,0.0009482997977485336
-0.1075034380270425,0.01561779670116437,0.0009482997977485336
-0.1074082180270425,0.01561779670116437,0.0009482997977485336
-0.1073129980270425,0.01561779670116437,0.0009482997977485336
-0.1072177780270425,0.01561779670116437,0.0009482997977485336
-0.1071225580270425,0.01561779670116437,0.0009482997977485336
-0.1070273380270425,0.01561779670116437,-0.0004174616771323303
-0.1069321180270425,0.01561779670116437,0.0006068594290283141
-0.1068368980270425,0.01561779670116437,0.0006068594290283141
-0.1067416780270425,0.01561779670116437,0.0009482997977485336
-0.1066464580270425,0.01561779670116437,0.0009482997977485336
-0.1065512380270425,0.01561779670116437,0.0006068594290283141
-0.1064560180270425,0.01561779670116437,0.0006068594290283141
-0.1063607980270425,0.01561779670116437,0.0009482997977485336
-0.1062655780270425,0.01561779670116437,0.0006068594290283141
-0.1061703580270425,0.01561779670116437,0.0009482997977485336
-0.1060751380270425,0.01561779670116437,0.001289740166468739
-0.1059799180270425,0.01561779670116437,0.001289740166468739
-0.1058846980270425,0.01561779670116437,0.0009482997977485336
-0.1057894780270425,0.01561779670116437,0.0009482997977485336
-0.1056942580270425,0.01561779670116437,0.0009482997977485336
-0.1055990380270425,0.01561779670116437,0.0009482997977485336
-0.1055038180270425,0.01561779670116437,0.0009482997977485336
-0.1054085980270425,0.01561779670116437,0.0009482997977485336
-0.1053133780270425,0.01561779670116437,0.0009482997977485336
-0.1052181580270425,0.01561779670116437,0.0009482997977485336
-0.1051229380270425,0.01561779670116437,0.0009482997977485336
-0.1050277180270425,0.01561779670116437,0.0002654190603080947
-0.1049324980270425,0.01561779670116437,0.0006068594290283141
-0.1048372780270425,0.01561779670116437,0.0009482997977485336
-0.1047420580270425,0.01561779670116437,0.0006068594290283141
-0.1046468380270425,0.01561779670116437,0.0006068594290283141
-0.1045516180270425,0.01561779670116437,0.0006068594290283141
-0.1044563980270425,0.01561779670116437,0.0006068594290283141
-0.1043611780270425,0.01561779670116437,0.0009482997977485336
-0.1042659580270425,0.01561779670116437,0.0009482997977485336
-0.1041707380270425,0.01561779670116437,0.0009482997977485336
-0.1040755180270425,0.01561779670116437,0.0006068594290283141
-0.1039802980270425,0.01561779670116437,0.0009482997977485336
-0.1038850780270425,0.01561779670116437,0.0009482997977485336
-0.1037898580270425,0.01561779670116437,0.0009482997977485336
-0.1036946380270425,0.01561779670116437,0.0009482997977485336
-0.1035994180270425,0.01561779670116437,0.0009482997977485336
-0.1035041980270425,0.01561779670116437,0.0009482997977485336
-0.1034089780270425,0.01561779670116437,0.0009482997977485336
-0.1033137580270425,0.01561779670116437,0.0009482997977485336
-0.1032185380270425,0.01561779670116437,0.0009482997977485336
-0.1031233180270425,0.01561779670116437,0.0009482997977485336
-0.1030280980270425,0.01561779670116437,0.001289740166468739
-0.1029328780270425,0.01561779670116437,0.001289740166468739
-0.1028376580270425,0.01561779670116437,0.0009482997977485336
-0.1027424380270425,0.01561779670116437,0.0009482997977485336
-0.1026472180270425,0.01561779670116437,0.001289740166468739
-0.1025519980270425,0.01561779670116437,0.001289740166468739
-0.1024567780270425,0.01561779670116437,0.0009482997977485336
-0.1023615580270425,0.01561779670116437,0.001289740166468739
-0.1022663380270425,0.01561779670116437,0.0009482997977485336
-0.1021711180270425,0.01561779670116437,0.0009482997977485336
-0.1020758980270425,0.01561779670116437,0.0006068594290283141
-0.1019806780270425,0.01561779670116437,0.0006068594290283141
-0.1018854580270425,0.01561779670116437,0.0006068594290283141
-0.1017902380270425,0.01561779670116437,0.0009482997977485336
-0.1016950180270425,0.01561779670116437,0.0009482997977485336
-0.1015997980270425,0.01561779670116437,0.0009482997977485336
-0.1015045780270425,0.01561779670116437,0.0009482997977485336
-0.1014093580270425,0.01561779670116437,0.0009482997977485336
-0.1013141380270425,0.01561779670116437,0.0009482997977485336
-0.1012189180270425,0.01561779670116437,0.0009482997977485336
-0.1011236980270425,0.01561779670116437,0.0009482997977485336
-0.1010284780270425,0.01561779670116437,0.001289740166468739
-0.1009332580270425,0.01561779670116437,0.0009482997977485336
-0.1008380380270425,0.01561779670116437,0.0009482997977485336
-0.1007428180270425,0.01561779670116437,0.0009482997977485336
-0.1006475980270425,0.01561779670116437,0.0009482997977485336
-0.1005523780270425,0.01561779670116437,0.0009482997977485336
-0.1004571580270425,0.01561779670116437,0.0009482997977485336
-0.1003619380270425,0.01561779670116437,0.0009482997977485336
-0.1002667180270425,0.01561779670116437,0.0009482997977485336
-0.1001714980270425,0.01561779670116437,0.0009482997977485336
-0.1000762780270425,0.01561779670116437,0.0002654190603080947
-0.09998105802704249,0.01561779670116437,0.0002654190603080947
-0.09988583802704248,0.01561779670116437,0.0006068594290283141
-0.09979061802704248,0.01561779670116437,0.0006068594290283141
-0.09969539802704247,0.01561779670116437,0.0009482997977485336
-0.09960017802704249,0.01561779670116437,0.0006068594290283141
-0.09950495802704248,0.01561779670116437,0.0009482997977485336
-0.09940973802704248,0.01561779670116437,0.0006068594290283141
-0.09931451802704247,0.01561779670116437,0.0006068594290283141
-0.09921929802704249,0.01561779670116437,0.0006068594290283141
-0.09912407802704248,0.01561779670116437,0.0006068594290283141
-0.09902885802704248,0.01561779670116437,0.0009482997977485336
-0.09893363802704247,0.01561779670116437,0.0009482997977485336
-0.09883841802704249,0.01561779670116437,0.0009482997977485336
-0.09874319802704248,0.01561779670116437,0.0009482997977485336
-0.09864797802704248,0.01561779670116437,0.0009482997977485336
-0.09855275802704247,0.01561779670116437,0.0009482997977485336
-0.09845753802704249,0.01561779670116437,0.0009482997977485336
-0.09836231802704248,0.01561779670116437,0.0009482997977485336
-0.09826709802704248,0.01561779670116437,0.0006068594290283141
-0.09817187802704247,0.01561779670116437,0.0009482997977485336
-0.09807665802704249,0.01561779670116437,0.0009482997977485336
-0.09798143802704248,0.01561779670116437,0.0009482997977485336
-0.09788621802704248,0.01561779670116437,0.0009482997977485336
-0.09779099802704247,0.01561779670116437,0.0009482997977485336
-0.09769577802704249,0.01561779670116437,0.0009482997977485336
-0.09760055802704248,0.01561779670116437,0.0009482997977485336
-0.09750533802704248,0.01561779670116437,0.0009482997977485336
-0.09741011802704247,0.01561779670116437,0.0009482997977485336
-0.09731489802704249,0.01561779670116437,0.0009482997977485336
-0.09721967802704248,0.01561779670116437,0.0009482997977485336
-0.09712445802704248,0.01561779670116437,0.0009482997977485336
-0.09702923802704247,0.01561779670116437,0.001631180535188959
-0.09693401802704249,0.01561779670116437,0.0009482997977485336
-0.09683879802704248,0.01561779670116437,0.0009482997977485336
-0.09674357802704248,0.01561779670116437,0.0009482997977485336
-0.09664835802704247,0.01561779670116437,0.0009482997977485336
-0.09655313802704249,0.01561779670116437,0.0009482997977485336
-0.09645791802704248,0.01561779670116437,0.0009482997977485336
-0.09636269802704248,0.01561779670116437,0.0009482997977485336
-0.09626747802704247,0.01561779670116437,0.0009482997977485336
-0.09617225802704249,0.01561779670116437,0.0009482997977485336
-0.09607703802704248,0.01561779670116437,0.0002654190603080947
-0.09598181802704248,0.01561779670116437,0.0002654190603080947
-0.09588659802704247,0.01561779670116437,0.0009482997977485336
-0.09579137802704249,0.01561779670116437,0.0006068594290283141
-0.09569615802704248,0.01561779670116437,0.0009482997977485336
-0.09560093802704248,0.01561779670116437,0.0009482997977485336
-0.09550571802704247,0.01561779670116437,0.0009482997977485336
-0.09541049802704249,0.01561779670116437,0.0006068594290283141
-0.09531527802704248,0.01561779670116437,0.0009482997977485336
-0.09522005802704248,0.01561779670116437,0.0009482997977485336
-0.09512483802704247,0.01561779670116437,0.0009482997977485336
-0.09502961802704249,0.01561779670116437,0.0009482997977485336
-0.09493439802704248,0.01561779670116437,0.0009482997977485336
-0.09483917802704248,0.01561779670116437,0.0009482997977485336
-0.09474395802704247,0.01561779670116437,0.0009482997977485336
-0.09464873802704249,0.01561779670116437,0.0009482997977485336
-0.09455351802704248,0.01561779670116437,0.0006068594290283141
-0.09445829802704248,0.01561779670116437,0.0006068594290283141
-0.09436307802704247,0.01561779670116437,0.0006068594290283141
-0.09426785802704249,0.01561779670116437,0.0006068594290283141
-0.09417263802704248,0.01561779670116437,0.0009482997977485336
-0.09407741802704248,0.01561779670116437,0.0009482997977485336
-0.09398219802704247,0.01561779670116437,0.001289740166468739
-0.09388697802704249,0.01561779670116437,0.0009482997977485336
-0.09379175802704248,0.01561779670116437,0.0009482997977485336
-0.09369653802704248,0.01561779670116437,0.0009482997977485336
-0.09360131802704247,0.01561779670116437,0.0009482997977485336
-0.09350609802704249,0.01561779670116437,0.0009482997977485336
-0.09341087802704248,0.01561779670116437,0.0009482997977485336
-0.09331565802704248,0.01561779670116437,0.0009482997977485336
-0.09322043802704247,0.01561779670116437,0.0009482997977485336
-0.09312521802704249,0.01561779670116437,0.0009482997977485336
-0.09302999802704248,0.01561779670116437,0.0006068594290283141
-0.09293477802704248,0.01561779670116437,0.0006068594290283141
-0.09283955802704247,0.01561779670116437,0.0009482997977485336
-0.09274433802704249,0.01561779670116437,0.0009482997977485336
-0.09264911802704248,0.01561779670116437,0.0009482997977485336
-0.09255389802704247,0.01561779670116437,0.0009482997977485336
-0.09245867802704247,0.01561779670116437,0.0009482997977485336
-0.09236345802704249,0.01561779670116437,0.0009482997977485336
-0.09226823802704248,0.01561779670116437,0.0009482997977485336
-0.09217301802704247,0.01561779670116437,0.0009482997977485336
-0.09207779802704247,0.01561779670116437,0.001289740166468739
-0.09198257802704249,0.01561779670116437,0.0009482997977485336
-0.09188735802704248,0.01561779670116437,0.0009482997977485336
-0.09179213802704247,0.01561779670116437,0.0009482997977485336
-0.09169691802704247,0.01561779670116437,0.0009482997977485336
-0.09160169802704249,0.01561779670116437,0.0009482997977485336
-0.09150647802704248,0.01561779670116437,0.0009482997977485336
-0.09141125802704247,0.01561779670116437,0.0009482997977485336
-0.09131603802704247,0.01561779670116437,0.0009482997977485336
-0.09122081802704249,0.01561779670116437,0.0009482997977485336
-0.09112559802704248,0.01561779670116437,0.0009482997977485336
-0.09103037802704247,0.01561779670116437,-7.602130841211086e-05
-0.09093515802704247,0.01561779670116437,0.0006068594290283141
-0.09083993802704249,0.01561779670116437,0.0009482997977485336
-0.09074471802704248,0.01561779670116437,0.0009482997977485336
-0.09064949802704247,0.01561779670116437,0.0009482997977485336
-0.09055427802704247,0.01561779670116437,0.0009482997977485336
-0.09045905802704249,0.01561779670116437,0.0009482997977485336
-0.09036383802704248,0.01561779670116437,0.0009482997977485336
-0.09026861802704247,0.01561779670116437,0.0009482997977485336
-0.09017339802704247,0.01561779670116437,0.0009482997977485336
-0.09007817802704249,0.01561779670116437,0.001631180535188959
-0.08998295802704248,0.01561779670116437,0.001631180535188959
-0.08988773802704247,0.01561779670116437,0.0009482997977485336
-0.08979251802704247,0.01561779670116437,0.0009482997977485336
-0.08969729802704249,0.01561779670116437,0.0009482997977485336
-0.08960207802704248,0.01561779670116437,0.0009482997977485336
-0.08950685802704247,0.01561779670116437,0.0009482997977485336
-0.08941163802704247,0.01561779670116437,0.0009482997977485336
-0.08931641802704249,0.01561779670116437,0.0009482997977485336
-0.08922119802704248,0.01561779670116437,0.0009482997977485336
-0.08912597802704247,0.01561779670116437,0.0009482997977485336
-0.08903075802704247,0.01561779670116437,0.0002654190603080947
-0.08893553802704249,0.01561779670116437,0.0006068594290283141
-0.08884031802704248,0.01561779670116437,0.0006068594290283141
-0.08874509802704247,0.01561779670116437,0.0009482997977485336
-0.08864987802704247,0.01561779670116437,0.0009482997977485336
-0.08855465802704249,0.01561779670116437,0.0009482997977485336
-0.08845943802704248,0.01561779670116437,0.0009482997977485336
-0.08836421802704247,0.01561779670116437,0.0009482997977485336
-0.08826899802704247,0.01561779670116437,0.0009482997977485336
-0.08817377802704249,0.01561779670116437,0.0009482997977485336
-0.08807855802704248,0.01561779670116437,0.0009482997977485336
-0.08798333802704247,0.01561779670116437,0.0009482997977485336
-0.08788811802704247,0.01561779670116437,0.0009482997977485336
-0.08779289802704249,0.01561779670116437,0.0009482997977485336
-0.08769767802704248,0.01561779670116437,0.0009482997977485336
-0.08760245802704247,0.01561779670116437,0.0009482997977485336
-0.08750723802704247,0.01561779670116437,0.0009482997977485336
-0.08741201802704249,0.01561779670116437,0.0009482997977485336
-0.08731679802704248,0.01561779670116437,0.0009482997977485336
-0.08722157802704247,0.01561779670116437,0.0009482997977485336
-0.08712635802704247,0.01561779670116437,0.0009482997977485336
-0.08703113802704249,0.01561779670116437,0.001289740166468739
-0.08693591802704248,0.01561779670116437,0.0009482997977485336
-0.08684069802704247,0.01561779670116437,0.0009482997977485336
-0.08674547802704247,0.01561779670116437,0.0009482997977485336
-0.08665025802704249,0.01561779670116437,0.0009482997977485336
-0.08655503802704248,0.01561779670116437,0.0009482997977485336
-0.08645981802704247,0.01561779670116437,0.0009482997977485336
-0.08636459802704247,0.01561779670116437,0.0009482997977485336
-0.08626937802704249,0.01561779670116437,0.0009482997977485336
-0.08617415802704248,0.01561779670116437,0.0009482997977485336
-0.08607893802704247,0.01561779670116437,0.0009482997977485336
-0.08598371802704247,0.01561779670116437,0.0006068594290283141
-0.08588849802704249,0.01561779670116437,0.0009482997977485336
-0.08579327802704248,0.01561779670116437,0.0006068594290283141
-0.08569805802704247,0.01561779670116437,0.0006068594290283141
-0.08560283802704247,0.01561779670116437,0.0009482997977485336
-0.08550761802704249,0.01561779670116437,0.0006068594290283141
-0.08541239802704248,0.01561779670116437,0.0006068594290283141
-0.08531717802704247,0.01561779670116437,0.0009482997977485336
-0.08522195802704247,0.01561779670116437,0.0009482997977485336
-0.08512673802704249,0.01561779670116437,0.0009482997977485336
-0.08503151802704248,0.01561779670116437,0.0009482997977485336
-0.08493629802704247,0.01561779670116437,0.0009482997977485336
-0.08484107802704247,0.01561779670116437,0.0009482997977485336
-0.08474585802704249,0.01561779670116437,0.0009482997977485336
-0.08465063802704248,0.01561779670116437,0.0009482997977485336
-0.08455541802704247,0.01561779670116437,0.0009482997977485336
-0.08446019802704247,0.01561779670116437,0.0009482997977485336
-0.08436497802704249,0.01561779670116437,0.0009482997977485336
-0.08426975802704248,0.01561779670116437,0.0009482997977485336
-0.08417453802704247,0.01561779670116437,0.0009482997977485336
-0.08407931802704247,0.01561779670116437,0.0006068594290283141
-0.08398409802704249,0.01561779670116437,0.0006068594290283141
-0.08388887802704248,0.01561779670116437,0.0009482997977485336
-0.08379365802704247,0.01561779670116437,0.0009482997977485336
-0.08369843802704247,0.01561779670116437,0.0009482997977485336
-0.08360321802704249,0.01561779670116437,0.0009482997977485336
-0.08350799802704248,0.01561779670116437,0.0009482997977485336
-0.08341277802704247,0.01561779670116437,0.0009482997977485336
-0.08331755802704247,0.01561779670116437,0.0009482997977485336
-0.08322233802704249,0.01561779670116437,0.0009482997977485336
-0.08312711802704248,0.01561779670116437,0.0009482997977485336
-0.08303189802704247,0.01561779670116437,0.001289740166468739
-0.08293667802704247,0.01561779670116437,0.0009482997977485336
-0.08284145802704249,0.01561779670116437,0.0009482997977485336
-0.08274623802704248,0.01561779670116437,0.0009482997977485336
-0.08265101802704247,0.01561779670116437,0.0009482997977485336
-0.08255579802704247,0.01561779670116437,0.0009482997977485336
-0.08246057802704249,0.01561779670116437,0.0009482997977485336
-0.08236535802704248,0.01561779670116437,0.0009482997977485336
-0.08227013802704247,0.01561779670116437,0.0009482997977485336
-0.08217491802704247,0.01561779670116437,0.0009482997977485336
-0.08207969802704249,0.01561779670116437,0.0009482997977485336
-0.08198447802704248,0.01561779670116437,0.001289740166468739
-0.08188925802704247,0.01561779670116437,0.0009482997977485336
-0.08179403802704246,0.01561779670116437,0.0009482997977485336
-0.08169881802704249,0.01561779670116437,0.0009482997977485336
-0.08160359802704248,0.01561779670116437,0.0009482997977485336
-0.08150837802704247,0.01561779670116437,0.0009482997977485336
-0.08141315802704246,0.01561779670116437,0.0009482997977485336
-0.08131793802704249,0.01561779670116437,0.0009482997977485336
-0.08122271802704248,0.01561779670116437,0.0009482997977485336
-0.08112749802704247,0.01561779670116437,0.0009482997977485336
-0.08103227802704246,0.01561779670116437,0.001631180535188959
-0.08093705802704249,0.01561779670116437,0.001289740166468739
-0.08084183802704248,0.01561779670116437,0.0009482997977485336
-0.08074661802704247,0.01561779670116437,0.0009482997977485336
-0.08065139802704246,0.01561779670116437,0.0009482997977485336
-0.08055617802704249,0.01561779670116437,0.001289740166468739
-0.08046095802704248,0.01561779670116437,0.0009482997977485336
-0.08036573802704247,0.01561779670116437,0.0009482997977485336
-0.08027051802704246,0.01561779670116437,0.0009482997977485336
-0.08017529802704249,0.01561779670116437,0.001289740166468739
-0.08008007802704248,0.01561779670116437,0.0002654190603080947
-0.07998485802704247,0.01561779670116437,0.0002654190603080947
-0.07988963802704246,0.01561779670116437,0.0009482997977485336
-0.07979441802704249,0.01561779670116437,0.0009482997977485336
-0.07969919802704248,0.01561779670116437,0.0009482997977485336
-0.07960397802704247,0.01561779670116437,0.0009482997977485336
-0.07950875802704246,0.01561779670116437,0.0009482997977485336
-0.07941353802704249,0.01561779670116437,0.0009482997977485336
-0.07931831802704248,0.01561779670116437,0.0009482997977485336
-0.07922309802704247,0.01561779670116437,0.0009482997977485336
-0.07912787802704246,0.01561779670116437,0.0009482997977485336
-0.07903265802704248,0.01561779670116437,0.001631180535188959
-0.07893743802704248,0.01561779670116437,0.0009482997977485336
-0.07884221802704247,0.01561779670116437,0.0009482997977485336
-0.07874699802704246,0.01561779670116437,0.0009482997977485336
-0.07865177802704248,0.01561779670116437,0.0009482997977485336
-0.07855655802704248,0.01561779670116437,0.0009482997977485336
-0.07846133802704247,0.01561779670116437,0.0009482997977485336
-0.07836611802704246,0.01561779670116437,0.0009482997977485336
-0.07827089802704248,0.01561779670116437,0.0009482997977485336
-0.07817567802704248,0.01561779670116437,0.0009482997977485336
-0.07808045802704247,0.01561779670116437,0.0009482997977485336
-0.07798523802704246,0.01561779670116437,0.0009482997977485336
-0.07789001802704248,0.01561779670116437,0.0009482997977485336
-0.07779479802704248,0.01561779670116437,0.0009482997977485336
-0.07769957802704247,0.01561779670116437,0.0009482997977485336
-0.07760435802704246,0.01561779670116437,0.0009482997977485336
-0.07750913802704248,0.01561779670116437,0.0009482997977485336
-0.07741391802704248,0.01561779670116437,0.0009482997977485336
-0.07731869802704247,0.01561779670116437,0.001289740166468739
-0.07722347802704246,0.01561779670116437,0.0009482997977485336
-0.07712825802704248,0.01561779670116437,0.0009482997977485336
-0.07703303802704248,0.01561779670116437,0.0009482997977485336
-0.07693781802704247,0.01561779670116437,0.0009482997977485336
-0.07684259802704249,0.01561779670116437,0.0009482997977485336
-0.07674737802704248,0.01561779670116437,0.0009482997977485336
-0.07665215802704248,0.01561779670116437,0.0009482997977485336
-0.07655693802704247,0.01561779670116437,0.0009482997977485336
-0.07646171802704249,0.01561779670116437,0.0009482997977485336
-0.07636649802704248,0.01561779670116437,0.0009482997977485336
-0.07627127802704248,0.01561779670116437,0.0009482997977485336
-0.07617605802704247,0.01561779670116437,0.0006068594290283141
-0.07608083802704249,0.01561779670116437,0.0009482997977485336
-0.07598561802704248,0.01561779670116437,0.0009482997977485336
-0.07589039802704248,0.01561779670116437,0.0009482997977485336
-0.07579517802704247,0.01561779670116437,0.0009482997977485336
-0.07569995802704249,0.01561779670116437,0.0009482997977485336
-0.07560473802704248,0.01561779670116437,0.0009482997977485336
-0.07550951802704248,0.01561779670116437,0.0009482997977485336
-0.07541429802704247,0.01561779670116437,0.0009482997977485336
-0.07531907802704249,0.01561779670116437,0.0009482997977485336
-0.07522385802704248,0.01561779670116437,0.0009482997977485336
-0.07512863802704248,0.01561779670116437,0.0009482997977485336
-0.07503341802704247,0.01561779670116437,-7.602130841211086e-05
-0.07493819802704249,0.01561779670116437,0.0006068594290283141
-0.07484297802704248,0.01561779670116437,0.0006068594290283141
-0.07474775802704248,0.01561779670116437,0.0009482997977485336
-0.07465253802704247,0.01561779670116437,0.0006068594290283141
-0.07455731802704249,0.01561779670116437,0.0009482997977485336
-0.07446209802704248,0.01561779670116437,0.0009482997977485336
-0.07436687802704248,0.01561779670116437,0.0009482997977485336
-0.07427165802704247,0.01561779670116437,0.0009482997977485336
-0.07417643802704249,0.01561779670116437,0.0009482997977485336
-0.07408121802704248,0.01561779670116437,0.001289740166468739
-0.07398599802704248,0.01561779670116437,0.001289740166468739
-0.07389077802704247,0.01561779670116437,0.0009482997977485336
-0.07379555802704249,0.01561779670116437,0.0009482997977485336
-0.07370033802704248,0.01561779670116437,0.0009482997977485336
-0.07360511802704248,0.01561779670116437,0.0009482997977485336
-0.07350989802704247,0.01561779670116437,0.0009482997977485336
-0.07341467802704249,0.01561779670116437,0.0009482997977485336
-0.07331945802704248,0.01561779670116437,0.0009482997977485336
-0.07322423802704248,0.01561779670116437,0.0009482997977485336
-0.07312901802704247,0.01561779670116437,0.0009482997977485336
-0.07303379802704249,0.01561779670116437,-7.602130841211086e-05
-0.07293857802704248,0.01561779670116437,0.0006068594290283141
-0.07284335802704248,0.01561779670116437,0.0006068594290283141
-0.07274813802704247,0.01561779670116437,0.0009482997977485336
-0.07265291802704249,0.01561779670116437,0.0009482997977485336
-0.07255769802704248,0.01561779670116437,0.0009482997977485336
-0.07246247802704248,0.01561779670116437,0.0009482997977485336
-0.07236725802704247,0.01561779670116437,0.0009482997977485336
-0.07227203802704249,0.01561779670116437,0.0009482997977485336
-0.07217681802704248,0.01561779670116437,0.0009482997977485336
-0.07208159802704248,0.01561779670116437,0.0009482997977485336
-0.07198637802704247,0.01561779670116437,0.0009482997977485336
-0.07189115802704249,0.01561779670116437,0.0009482997977485336
-0.07179593802704248,0.01561779670116437,0.0009482997977485336
-0.07170071802704248,0.01561779670116437,0.0009482997977485336
-0.07160549802704247,0.01561779670116437,0.0009482997977485336
-0.07151027802704249,0.01561779670116437,0.0009482997977485336
-0.07141505802704248,0.01561779670116437,0.0009482997977485336
-0.07131983802704248,0.01561779670116437,0.0009482997977485336
-0.07122461802704247,0.01561779670116437,0.0009482997977485336
-0.07112939802704249,0.01561779670116437,0.0009482997977485336
-0.07103417802704248,0.01561779670116437,0.001289740166468739
-0.07093895802704248,0.01561779670116437,0.001289740166468739
-0.07084373802704247,0.01561779670116437,0.0009482997977485336
-0.07074851802704249,0.01561779670116437,0.0009482997977485336
-0.07065329802704248,0.01561779670116437,0.0009482997977485336
-0.07055807802704248,0.01561779670116437,0.0009482997977485336
-0.07046285802704247,0.01561779670116437,0.001289740166468739
-0.07036763802704249,0.01561779670116437,0.001289740166468739
-0.07027241802704248,0.01561779670116437,0.0009482997977485336
-0.07017719802704248,0.01561779670116437,0.001289740166468739
-0.07008197802704247,0.01561779670116437,0.001289740166468739
-0.06998675802704249,0.01561779670116437,0.0009482997977485336
-0.06989153802704248,0.01561779670116437,0.0009482997977485336
-0.06979631802704248,0.01561779670116437,0.0009482997977485336
-0.06970109802704247,0.01561779670116437,0.0009482997977485336
-0.06960587802704249,0.01561779670116437,0.0009482997977485336
-0.06951065802704248,0.01561779670116437,0.0009482997977485336
-0.06941543802704248,0.01561779670116437,0.0009482997977485336
-0.06932021802704247,0.01561779670116437,0.0009482997977485336
-0.06922499802704249,0.01561779670116437,0.0009482997977485336
-0.06912977802704248,0.01561779670116437,0.0009482997977485336
-0.06903455802704248,0.01561779670116437,0.0006068594290283141
-0.06893933802704247,0.01561779670116437,0.0009482997977485336
-0.06884411802704249,0.01561779670116437,0.0009482997977485336
-0.06874889802704248,0.01561779670116437,0.0009482997977485336
-0.06865367802704248,0.01561779670116437,0.0009482997977485336
-0.06855845802704247,0.01561779670116437,0.0009482997977485336
-0.06846323802704249,0.01561779670116437,0.0009482997977485336
-0.06836801802704248,0.01561779670116437,0.0009482997977485336
-0.06827279802704248,0.01561779670116437,0.0009482997977485336
-0.06817757802704247,0.01561779670116437,0.0009482997977485336
-0.06808235802704249,0.01561779670116437,0.0006068594290283141
-0.06798713802704248,0.01561779670116437,0.0009482997977485336
-0.06789191802704247,0.01561779670116437,0.0009482997977485336
-0.06779669802704247,0.01561779670116437,0.001289740166468739
-0.06770147802704249,0.01561779670116437,0.0009482997977485336
-0.06760625802704248,0.01561779670116437,0.0009482997977485336
-0.06751103802704247,0.01561779670116437,0.0009482997977485336
-0.06741581802704247,0.01561779670116437,0.0009482997977485336
-0.06732059802704249,0.01561779670116437,0.0009482997977485336
-0.06722537802704248,0.01561779670116437,0.0009482997977485336
-0.06713015802704247,0.01561779670116437,0.0009482997977485336
-0.06703493802704247,0.01561779670116437,0.001289740166468739
-0.06693971802704249,0.01561779670116437,0.001289740166468739
-0.06684449802704248,0.01561779670116437,0.0009482997977485336
-0.06674927802704247,0.01561779670116437,0.0009482997977485336
-0.06665405802704247,0.01561779670116437,0.0009482997977485336
-0.06655883802704249,0.01561779670116437,0.001289740166468739
-0.06646361802704248,0.01561779670116437,0.0009482997977485336
-0.06636839802704247,0.01561779670116437,0.0009482997977485336
-0.06627317802704247,0.01561779670116437,0.0009482997977485336
-0.06617795802704249,0.01561779670116437,0.0009482997977485336
-0.06608273802704248,0.01561779670116437,0.001289740166468739
-0.06598751802704247,0.01561779670116437,0.001289740166468739
-0.06589229802704247,0.01561779670116437,0.0009482997977485336
-0.06579707802704249,0.01561779670116437,0.001289740166468739
-0.06570185802704248,0.01561779670116437,0.001289740166468739
-0.06560663802704247,0.01561779670116437,0.001289740166468739
-0.06551141802704247,0.01561779670116437,0.001289740166468739
-0.06541619802704249,0.01561779670116437,0.001289740166468739
-0.06532097802704248,0.01561779670116437,0.001289740166468739
-0.06522575802704247,0.01561779670116437,0.0009482997977485336
-0.06513053802704247,0.01561779670116437,0.0009482997977485336
-0.06503531802704249,0.01561779670116437,0.001289740166468739
-0.06494009802704248,0.01561779670116437,0.0009482997977485336
-0.06484487802704247,0.01184571808256063,0.0009482997977485336
-0.06474965802704247,0.01561779670116437,0.0009482997977485336
-0.06465443802704249,0.01561779670116437,0.0009482997977485336
-0.06455921802704248,0.01561779670116437,0.0009482997977485336
-0.06446399802704247,0.01561779670116437,0.0009482997977485336
-0.06436877802704247,0.01561779670116437,0.0009482997977485336
-0.06427355802704249,0.01561779670116437,0.0009482997977485336
-0.06417833802704248,0.01561779670116437,0.0009482997977485336
-0.06408311802704247,0.01561779670116437,0.0002654190603080947
-0.06398789802704247,0.01561779670116437,0.0002654190603080947
-0.06389267802704249,0.01561779670116437,0.0006068594290283141
-0.06379745802704248,0.01561779670116437,0.0009482997977485336
-0.06370223802704247,0.01561779670116437,0.0009482997977485336
-0.06360701802704247,0.01561779670116437,0.0009482997977485336
-0.06351179802704249,0.01561779670116437,0.0009482997977485336
-0.06341657802704248,0.01561779670116437,0.0009482997977485336
-0.06332135802704247,0.01561779670116437,0.0009482997977485336
-0.06322613802704247,0.01561779670116437,0.0009482997977485336
-0.06313091802704249,0.01561779670116437,0.0009482997977485336
-0.06303569802704248,0.01561779670116437,0.001631180535188959
-0.06294047802704247,0.01561779670116437,0.001289740166468739
-0.06284525802704247,0.01561779670116437,0.0009482997977485336
-0.06275003802704249,0.01561779670116437,0.0009482997977485336
-0.06265481802704248,0.01561779670116437,0.0009482997977485336
-0.06255959802704247,0.01561779670116437,0.0009482997977485336
-0.06246437802704247,0.01561779670116437,0.0009482997977485336
-0.06236915802704249,0.01561779670116437,0.0009482997977485336
-0.06227393802704248,0.01561779670116437,0.0009482997977485336
-0.06217871802704247,0.01561779670116437,0.0009482997977485336
-0.06208349802704247,0.01561779670116437,0.0006068594290283141
-0.06198827802704249,0.01561779670116437,0.0006068594290283141
-0.06189305802704248,0.01561779670116437,0.0006068594290283141
-0.06179783802704247,0.01561779670116437,0.0009482997977485336
-0.06170261802704247,0.01561779670116437,0.0009482997977485336
-0.06160739802704249,0.01561779670116437,0.0009482997977485336
-0.06151217802704248,0.01561779670116437,0.0009482997977485336
-0.06141695802704247,0.01561779670116437,0.0009482997977485336
-0.06132173802704247,0.01561779670116437,0.0009482997977485336
-0.06122651802704249,0.01561779670116437,0.0009482997977485336
-0.06113129802704248,0.01561779670116437,0.0009482997977485336
-0.06103607802704247,0.01561779670116437,0.0009482997977485336
-0.06094085802704247,0.01561779670116437,0.0006068594290283141
-0.06084563802704249,0.01561779670116437,0.0009482997977485336
-0.06075041802704248,0.01561779670116437,0.0006068594290283141
-0.06065519802704247,0.01561779670116437,0.0006068594290283141
-0.06055997802704247,0.01561779670116437,0.0006068594290283141
-0.06046475802704249,0.01561779670116437,0.0006068594290283141
-0.06036953802704248,0.01561779670116437,0.0006068594290283141
-0.06027431802704247,0.01561779670116437,0.0006068594290283141
-0.06017909802704247,0.01561779670116437,0.0006068594290283141
-0.06008387802704249,0.01561779670116437,0.0009482997977485336
-0.05998865802704248,0.01561779670116437,0.0009482997977485336
-0.05989343802704247,0.01561779670116437,0.0009482997977485336
-0.05979821802704247,0.01561779670116437,0.0009482997977485336
-0.05970299802704249,0.01561779670116437,0.0009482997977485336
-0.05960777802704248,0.01561779670116437,0.0009482997977485336
-0.05951255802704247,0.01561779670116437,0.0009482997977485336
-0.05941733802704247,0.01561779670116437,0.0009482997977485336
-0.05932211802704249,0.01561779670116437,0.0009482997977485336
-0.05922689802704248,0.01561779670116437,0.0009482997977485336
-0.05913167802704247,0.01561779670116437,0.0009482997977485336
-0.05903645802704247,0.01561779670116437,0.0006068594290283141
-0.05894123802704249,0.01561779670116437,0.0009482997977485336
-0.05884601802704248,0.01561779670116437,0.0009482997977485336
-0.05875079802704247,0.01561779670116437,0.0009482997977485336
-0.05865557802704247,0.01561779670116437,0.0009482997977485336
-0.05856035802704249,0.01561779670116437,0.0009482997977485336
-0.05846513802704248,0.01561779670116437,0.0009482997977485336
-0.05836991802704247,0.01561779670116437,0.0009482997977485336
-0.05827469802704247,0.01561779670116437,0.0006068594290283141
-0.05817947802704249,0.01561779670116437,0.0006068594290283141
-0.05808425802704248,0.01561779670116437,0.0009482997977485336
-0.05798903802704247,0.01561779670116437,0.001289740166468739
-0.05789381802704247,0.01561779670116437,0.0009482997977485336
-0.05779859802704249,0.01561779670116437,0.0009482997977485336
-0.05770337802704248,0.01561779670116437,0.0009482997977485336
-0.05760815802704247,0.01561779670116437,0.0009482997977485336
-0.05751293802704247,0.01561779670116437,0.0009482997977485336
-0.05741771802704249,0.01561779670116437,0.0009482997977485336
-0.05732249802704248,0.01561779670116437,0.0009482997977485336
-0.05722727802704247,0.01561779670116437,0.0009482997977485336
-0.05713205802704246,0.01561779670116437,0.0009482997977485336
-0.05703683802704249,0.01561779670116437,-7.602130841211086e-05
-0.05694161802704248,0.01561779670116437,0.0006068594290283141
-0.05684639802704247,0.01561779670116437,0.0006068594290283141
-0.05675117802704246,0.01561779670116437,0.0006068594290283141
-0.05665595802704249,0.01561779670116437,0.0006068594290283141
-0.05656073802704248,0.01561779670116437,0.0006068594290283141
-0.05646551802704247,0.01561779670116437,0.0006068594290283141
-0.05637029802704246,0.01561779670116437,0.0006068594290283141
-0.05627507802704249,0.01561779670116437,0.0009482997977485336
-0.05617985802704248,0.01561779670116437,0.0006068594290283141
-0.05608463802704247,0.01561779670116437,0.0009482997977485336
-0.05598941802704246,0.01561779670116437,0.001289740166468739
-0.05589419802704249,0.01561779670116437,0.0009482997977485336
-0.05579897802704248,0.01561779670116437,0.0009482997977485336
-0.05570375802704247,0.01561779670116437,0.0009482997977485336
-0.05560853802704246,0.01561779670116437,0.0009482997977485336
-0.05551331802704249,0.01561779670116437,0.0009482997977485336
-0.05541809802704248,0.01561779670116437,0.0009482997977485336
-0.05532287802704247,0.01561779670116437,0.0009482997977485336
-0.05522765802704246,0.01561779670116437,0.0009482997977485336
-0.05513243802704249,0.01561779670116437,0.0009482997977485336
-0.05503721802704248,0.01561779670116437,0.001289740166468739
-0.05494199802704247,0.01561779670116437,0.0009482997977485336
-0.05484677802704246,0.01561779670116437,0.0009482997977485336
-0.05475155802704249,0.01561779670116437,0.0009482997977485336
-0.05465633802704248,0.01561779670116437,0.0009482997977485336
-0.05456111802704247,0.01561779670116437,0.0009482997977485336
-0.05446589802704246,0.01561779670116437,0.0009482997977485336
-0.05437067802704248,0.01561779670116437,0.0009482997977485336
-0.05427545802704248,0.01561779670116437,0.0009482997977485336
-0.05418023802704247,0.01561779670116437,0.0009482997977485336
-0.05408501802704246,0.01561779670116437,0.001289740166468739
-0.05398979802704248,0.01561779670116437,0.001289740166468739
-0.05389457802704248,0.01561779670116437,0.0009482997977485336
-0.05379935802704247,0.01561779670116437,0.0009482997977485336
-0.05370413802704246,0.01561779670116437,0.0009482997977485336
-0.05360891802704248,0.01561779670116437,0.0009482997977485336
-0.05351369802704248,0.01561779670116437,0.0009482997977485336
-0.05341847802704247,0.01561779670116437,0.001289740166468739
-0.05332325802704246,0.01561779670116437,0.0009482997977485336
-0.05322803802704248,0.01561779670116437,0.0009482997977485336
-0.05313281802704248,0.01561779670116437,0.0009482997977485336
-0.05303759802704247,0.01561779670116437,0.0002654190603080947
-0.05294237802704246,0.01561779670116437,0.0009482997977485336
-0.05284715802704248,0.01561779670116437,0.0009482997977485336
-0.05275193802704248,0.01561779670116437,0.0009482997977485336
-0.05265671802704247,0.01561779670116437,0.0009482997977485336
-0.05256149802704246,0.01561779670116437,0.0009482997977485336
-0.05246627802704248,0.01561779670116437,0.0009482997977485336
-0.05237105802704248,0.01561779670116437,0.0009482997977485336
-0.05227583802704247,0.01561779670116437,0.0009482997977485336
-0.05218061802704246,0.01561779670116437,0.0009482997977485336
-0.05208539802704248,0.01561779670116437,0.0009482997977485336
-0.05199017802704248,0.01561779670116437,0.0009482997977485336
-0.05189495802704247,0.01561779670116437,0.0006068594290283141
-0.05179973802704246,0.01561779670116437,0.0006068594290283141
-0.05170451802704248,0.01561779670116437,0.0006068594290283141
-0.05160929802704248,0.01561779670116437,0.0006068594290283141
-0.05151407802704247,0.01561779670116437,0.0009482997977485336
-0.05141885802704246,0.01561779670116437,0.0006068594290283141
-0.05132363802704248,0.01561779670116437,0.0006068594290283141
-0.05122841802704248,0.01561779670116437,0.0009482997977485336
-0.05113319802704247,0.01561779670116437,0.0006068594290283141
-0.05103797802704246,0.01561779670116437,0.001289740166468739
-0.05094275802704248,0.01561779670116437,0.001289740166468739
-0.05084753802704248,0.01561779670116437,0.0009482997977485336
-0.05075231802704247,0.01561779670116437,0.0009482997977485336
-0.05065709802704246,0.01561779670116437,0.0009482997977485336
-0.05056187802704248,0.01561779670116437,0.0009482997977485336
-0.05046665802704248,0.01561779670116437,0.0009482997977485336
-0.05037143802704247,0.01561779670116437,0.0009482997977485336
-0.05027621802704246,0.01561779670116437,0.0009482997977485336
-0.05018099802704248,0.01561779670116437,0.0009482997977485336
-0.05008577802704248,0.01561779670116437,0.001289740166468739
-0.04999055802704247,0.01561779670116437,0.001289740166468739
-0.04989533802704246,0.01561779670116437,0.0009482997977485336
-0.04980011802704248,0.01561779670116437,0.0009482997977485336
-0.04970489802704248,0.01561779670116437,0.0009482997977485336
-0.04960967802704247,0.01561779670116437,0.0009482997977485336
-0.04951445802704246,0.01561779670116437,0.001289740166468739
-0.04941923802704248,0.01561779670116437,0.0009482997977485336
-0.04932401802704248,0.01561779670116437,0.0009482997977485336
-0.04922879802704247,0.01561779670116437,0.0009482997977485336
-0.04913357802704246,0.01561779670116437,0.001289740166468739
-0.04903835802704248,0.01561779670116437,0.001289740166468739
-0.04894313802704248,0.01561779670116437,0.0009482997977485336
-0.04884791802704247,0.01561779670116437,0.0009482997977485336
-0.04875269802704246,0.01561779670116437,0.0009482997977485336
-0.04865747802704248,0.01561779670116437,0.0009482997977485336
-0.04856225802704248,0.01561779670116437,0.0009482997977485336
-0.04846703802704247,0.01561779670116437,0.0009482997977485336
-0.04837181802704246,0.01561779670116437,0.0009482997977485336
-0.04827659802704248,0.01561779670116437,0.0009482997977485336
-0.04818137802704248,0.01561779670116437,0.0009482997977485336
-0.04808615802704247,0.01561779670116437,0.0006068594290283141
-0.04799093802704246,0.01561779670116437,0.0002654190603080947
-0.04789571802704248,0.01561779670116437,0.0006068594290283141
-0.04780049802704248,0.01561779670116437,0.0009482997977485336
-0.04770527802704247,0.01561779670116437,0.0009482997977485336
-0.04761005802704246,0.01561779670116437,0.0009482997977485336
-0.04751483802704248,0.01561779670116437,0.0009482997977485336
-0.04741961802704248,0.01561779670116437,0.0009482997977485336
-0.04732439802704247,0.01561779670116437,0.0009482997977485336
-0.04722917802704246,0.01561779670116437,0.0009482997977485336
-0.04713395802704248,0.01561779670116437,0.0009482997977485336
-0.04703873802704248,0.01561779670116437,0.001972620903909164
-0.04694351802704247,0.01561779670116437,0.001289740166468739
-0.04684829802704246,0.01561779670116437,0.0009482997977485336
-0.04675307802704248,0.01561779670116437,0.001289740166468739
-0.04665785802704248,0.01561779670116437,0.0009482997977485336
-0.04656263802704247,0.01561779670116437,0.0009482997977485336
-0.04646741802704246,0.01561779670116437,0.0009482997977485336
-0.04637219802704248,0.01561779670116437,0.0009482997977485336
-0.04627697802704248,0.01561779670116437,0.001289740166468739
-0.04618175802704247,0.01561779670116437,0.0009482997977485336
-0.04608653802704246,0.01561779670116437,0.0006068594290283141
-0.04599131802704248,0.01561779670116437,0.0006068594290283141
-0.04589609802704248,0.01561779670116437,0.0009482997977485336
-0.04580087802704247,0.01561779670116437,0.0009482997977485336
-0.04570565802704246,0.01561779670116437,0.0009482997977485336
-0.04561043802704248,0.01561779670116437,0.0009482997977485336
-0.04551521802704248,0.01561779670116437,0.0009482997977485336
-0.04541999802704247,0.01561779670116437,0.0009482997977485336
-0.04532477802704246,0.01561779670116437,0.0009482997977485336
-0.04522955802704248,0.01561779670116437,0.0009482997977485336
-0.04513433802704248,0.01561779670116437,0.0009482997977485336
-0.04503911802704247,0.01561779670116437,0.0009482997977485336
-0.04494389802704246,0.01561779670116437,0.0009482997977485336
-0.04484867802704248,0.01561779670116437,0.0009482997977485336
-0.04475345802704248,0.01561779670116437,0.0009482997977485336
-0.04465823802704247,0.01561779670116437,0.0009482997977485336
-0.04456301802704246,0.01561779670116437,0.0009482997977485336
-0.04446779802704248,0.01561779670116437,0.0006068594290283141
-0.04437257802704248,0.01561779670116437,0.0006068594290283141
-0.04427735802704247,0.01561779670116437,0.0006068594290283141
-0.04418213802704246,0.01561779670116437,0.0009482997977485336
-0.04408691802704248,0.01561779670116437,0.0009482997977485336
-0.04399169802704248,0.01561779670116437,0.0009482997977485336
-0.04389647802704247,0.01561779670116437,0.0009482997977485336
-0.04380125802704246,0.01561779670116437,0.0009482997977485336
-0.04370603802704248,0.01561779670116437,0.0009482997977485336
-0.04361081802704248,0.01561779670116437,0.0009482997977485336
-0.04351559802704247,0.01561779670116437,0.0009482997977485336
-0.04342037802704246,0.01561779670116437,0.0009482997977485336
-0.04332515802704248,0.01561779670116437,0.0009482997977485336
-0.04322993802704247,0.01561779670116437,0.0009482997977485336
-0.04313471802704247,0.01561779670116437,0.0009482997977485336
-0.04303949802704246,0.01561779670116437,0.0009482997977485336
-0.04294427802704248,0.01561779670116437,0.001289740166468739
-0.04284905802704247,0.01561779670116437,0.001289740166468739
-0.04275383802704247,0.01561779670116437,0.001289740166468739
-0.04265861802704246,0.01561779670116437,0.001289740166468739
-0.04256339802704248,0.01561779670116437,0.001289740166468739
-0.04246817802704247,0.01561779670116437,0.001289740166468739
-0.04237295802704247,0.01561779670116437,0.0009482997977485336
-0.04227773802704246,0.01561779670116437,0.001289740166468739
-0.04218251802704248,0.01561779670116437,0.001289740166468739
-0.04208729802704247,0.01561779670116437,0.001289740166468739
-0.04199207802704247,0.01561779670116437,0.001289740166468739
-0.04189685802704249,0.01561779670116437,0.001289740166468739
-0.04180163802704248,0.01561779670116437,0.001289740166468739
-0.04170641802704247,0.01561779670116437,0.0009482997977485336
-0.04161119802704247,0.01561779670116437,0.0009482997977485336
-0.04151597802704249,0.01561779670116437,0.0009482997977485336
-0.04142075802704248,0.01561779670116437,0.0009482997977485336
-0.04132553802704247,0.01561779670116437,0.0009482997977485336
-0.04123031802704247,0.01561779670116437,0.0009482997977485336
-0.04113509802704249,0.01561779670116437,0.0009482997977485336
-0.04103987802704248,0.01561779670116437,0.0002654190603080947
-0.04094465802704247,0.01561779670116437,0.0009482997977485336
-0.04084943802704247,0.01561779670116437,0.0009482997977485336
-0.04075421802704249,0.01561779670116437,0.0009482997977485336
-0.04065899802704248,0.01561779670116437,0.0009482997977485336
-0.04056377802704247,0.01561779670116437,0.0009482997977485336
-0.04046855802704247,0.01561779670116437,0.0009482997977485336
-0.04037333802704249,0.01561779670116437,0.0009482997977485336
-0.04027811802704248,0.01561779670116437,0.0009482997977485336
-0.04018289802704247,0.01561779670116437,0.0009482997977485336
-0.04008767802704247,0.01561779670116437,0.0009482997977485336
-0.03999245802704249,0.01561779670116437,0.001289740166468739
-0.03989723802704248,0.01561779670116437,0.0009482997977485336
-0.03980201802704247,0.01561779670116437,0.0009482997977485336
-0.03970679802704247,0.01561779670116437,0.0009482997977485336
-0.03961157802704249,0.01561779670116437,0.0009482997977485336
-0.03951635802704248,0.01561779670116437,0.0009482997977485336
-0.03942113802704247,0.01561779670116437,0.0009482997977485336
-0.03932591802704247,0.01561779670116437,0.0009482997977485336
-0.03923069802704249,0.01561779670116437,0.0009482997977485336
-0.03913547802704248,0.01561779670116437,0.0009482997977485336
-0.03904025802704247,0.01561779670116437,0.0009482997977485336
-0.03894503802704247,0.01561779670116437,0.0009482997977485336
-0.03884981802704249,0.01561779670116437,0.0006068594290283141
-0.03875459802704248,0.01561779670116437,0.0009482997977485336
-0.03865937802704247,0.01561779670116437,0.0009482997977485336
-0.03856415802704247,0.01561779670116437,0.0009482997977485336
-0.03846893802704249,0.01561779670116437,0.0009482997977485336
-0.03837371802704248,0.01561779670116437,0.0009482997977485336
-0.03827849802704247,0.01561779670116437,0.0009482997977485336
-0.03818327802704247,0.01561779670116437,0.0009482997977485336
-0.03808805802704249,0.01561779670116437,0.001289740166468739
-0.03799283802704248,0.01561779670116437,0.001289740166468739
-0.03789761802704247,0.01561779670116437,0.0009482997977485336
-0.03780239802704247,0.01561779670116437,0.0009482997977485336
-0.03770717802704249,0.01561779670116437,0.0009482997977485336
-0.03761195802704248,0.01561779670116437,0.0009482997977485336
-0.03751673802704247,0.01561779670116437,0.0009482997977485336
-0.03742151802704247,0.01561779670116437,0.0009482997977485336
-0.03732629802704249,0.01561779670116437,0.0009482997977485336
-0.03723107802704248,0.01561779670116437,0.0009482997977485336
-0.03713585802704247,0.01561779670116437,0.0009482997977485336
-0.03704063802704247,0.01561779670116437,-7.602130841211086e-05
-0.03694541802704249,0.01561779670116437,0.0006068594290283141
-0.03685019802704248,0.01561779670116437,0.0009482997977485336
-0.03675497802704247,0.01561779670116437,0.0009482997977485336
-0.03665975802704247,0.01561779670116437,0.0009482997977485336
-0.03656453802704249,0.01561779670116437,0.0009482997977485336
-0.03646931802704248,0.01561779670116437,0.0009482997977485336
-0.03637409802704247,0.01561779670116437,0.0009482997977485336
-0.03627887802704247,0.01561779670116437,0.0009482997977485336
-0.03618365802704249,0.01561779670116437,0.0009482997977485336
-0.03608843802704248,0.01561779670116437,0.001289740166468739
-0.03599321802704247,0.01561779670116437,0.001289740166468739
-0.03589799802704247,0.01561779670116437,0.0009482997977485336
-0.03580277802704249,0.01561779670116437,0.0009482997977485336
-0.03570755802704248,0.01561779670116437,0.0009482997977485336
-0.03561233802704247,0.01561779670116437,0.0009482997977485336
-0.03551711802704247,0.01561779670116437,0.0009482997977485336
-0.03542189802704249,0.01561779670116437,0.0009482997977485336
-0.03532667802704248,0.01561779670116437,0.0009482997977485336
-0.03523145802704247,0.01561779670116437,0.0009482997977485336
-0.03513623802704247,0.01561779670116437,0.0009482997977485336
-0.03504101802704249,0.01561779670116437,0.0009482997977485336
-0.03494579802704248,0.01561779670116437,0.001289740166468739
-0.03485057802704247,0.01561779670116437,0.0009482997977485336
-0.03475535802704247,0.01561779670116437,0.001289740166468739
-0.03466013802704249,0.01561779670116437,0.0009482997977485336
-0.03456491802704248,0.01561779670116437,0.0009482997977485336
-0.03446969802704247,0.01561779670116437,0.0009482997977485336
-0.03437447802704247,0.01561779670116437,0.0009482997977485336
-0.03427925802704249,0.01561779670116437,0.0009482997977485336
-0.03418403802704248,0.01561779670116437,0.0009482997977485336
-0.03408881802704247,0.01561779670116437,0.0009482997977485336
-0.03399359802704247,0.01561779670116437,0.0009482997977485336
-0.03389837802704249,0.01561779670116437,0.0009482997977485336
-0.03380315802704248,0.01561779670116437,0.0009482997977485336
-0.03370793802704247,0.01561779670116437,0.0009482997977485336
-0.03361271802704247,0.01561779670116437,0.0009482997977485336
-0.03351749802704249,0.01561779670116437,0.0009482997977485336
-0.03342227802704248,0.01561779670116437,0.0009482997977485336
-0.03332705802704247,0.01561779670116437,0.0009482997977485336
-0.03323183802704247,0.01561779670116437,0.0009482997977485336
-0.03313661802704249,0.01561779670116437,0.0009482997977485336
-0.03304139802704248,0.01561779670116437,0.0009482997977485336
-0.03294617802704247,0.01561779670116437,0.0009482997977485336
-0.03285095802704247,0.01561779670116437,0.0009482997977485336
-0.03275573802704249,0.01561779670116437,0.0009482997977485336
-0.03266051802704248,0.01561779670116437,0.0009482997977485336
-0.03256529802704247,0.01561779670116437,0.0009482997977485336
-0.03247007802704246,0.01561779670116437,0.0009482997977485336
-0.03237485802704249,0.01561779670116437,0.0009482997977485336
-0.03227963802704248,0.01561779670116437,0.0009482997977485336
-0.03218441802704247,0.01561779670116437,0.0009482997977485336
-0.03208919802704246,0.01561779670116437,0.0006068594290283141
-0.03199397802704249,0.01561779670116437,0.0002654190603080947
-0.03189875802704248,0.01561779670116437,0.0006068594290283141
-0.03180353802704247,0.01561779670116437,0.0006068594290283141
-0.03170831802704246,0.01561779670116437,0.0006068594290283141
-0.03161309802704249,0.01561779670116437,0.0009482997977485336
-0.03151787802704248,0.01561779670116437,0.0009482997977485336
-0.03142265802704247,0.01561779670116437,0.0006068594290283141
-0.03132743802704246,0.01561779670116437,0.0009482997977485336
-0.03123221802704249,0.01561779670116437,0.0009482997977485336
-0.03113699802704248,0.01561779670116437,0.0009482997977485336
-0.03104177802704247,0.01561779670116437,0.001631180535188959
-0.03094655802704246,0.01561779670116437,0.0009482997977485336
-0.03085133802704249,0.01561779670116437,0.0009482997977485336
-0.03075611802704248,0.01561779670116437,0.0009482997977485336
-0.03066089802704247,0.01561779670116437,0.0009482997977485336
-0.03056567802704246,0.01561779670116437,0.0009482997977485336
-0.03047045802704249,0.01561779670116437,0.0009482997977485336
-0.03037523802704248,0.01561779670116437,0.0009482997977485336
-0.03028001802704247,0.01561779670116437,0.0009482997977485336
-0.03018479802704246,0.01561779670116437,0.0009482997977485336
-0.03008957802704249,0.01561779670116437,0.0006068594290283141
-0.02999435802704248,0.01561779670116437,0.0002654190603080947
-0.02989913802704247,0.01561779670116437,0.0006068594290283141
-0.02980391802704246,0.01561779670116437,0.0006068594290283141
-0.02970869802704248,0.01561779670116437,0.0009482997977485336
-0.02961347802704248,0.01561779670116437,0.0006068594290283141
-0.02951825802704247,0.01561779670116437,0.0009482997977485336
-0.02942303802704246,0.01561779670116437,0.0009482997977485336
-0.02932781802704248,0.01561779670116437,0.0009482997977485336
-0.02923259802704248,0.01561779670116437,0.0009482997977485336
-0.02913737802704247,0.01561779670116437,0.0009482997977485336
-0.02904215802704246,0.01561779670116437,0.0009482997977485336
-0.02894693802704248,0.01561779670116437,0.0009482997977485336
-0.02885171802704248,0.01561779670116437,0.0009482997977485336
-0.02875649802704247,0.01561779670116437,0.0009482997977485336
-0.02866127802704246,0.01561779670116437,0.0009482997977485336
-0.02856605802704248,0.01561779670116437,0.0009482997977485336
-0.02847083802704248,0.01561779670116437,0.0009482997977485336
-0.02837561802704247,0.01561779670116437,0.0009482997977485336
-0.02828039802704246,0.01561779670116437,0.0009482997977485336
-0.02818517802704248,0.01561779670116437,0.0009482997977485336
-0.02808995802704248,0.01561779670116437,0.0009482997977485336
-0.02799473802704247,0.01561779670116437,0.0009482997977485336
-0.02789951802704246,0.01561779670116437,0.0009482997977485336
-0.02780429802704248,0.01561779670116437,0.0009482997977485336
-0.02770907802704248,0.01561779670116437,0.0009482997977485336
-0.02761385802704247,0.01561779670116437,0.0009482997977485336
-0.02751863802704246,0.01561779670116437,0.0009482997977485336
-0.02742341802704248,0.01561779670116437,0.0009482997977485336
-0.02732819802704248,0.01561779670116437,0.0009482997977485336
-0.02723297802704247,0.01561779670116437,0.0009482997977485336
-0.02713775802704246,0.01561779670116437,0.0009482997977485336
-0.02704253802704248,0.01561779670116437,0.001289740166468739
-0.02694731802704248,0.01561779670116437,0.0009482997977485336
-0.02685209802704247,0.01561779670116437,0.0009482997977485336
-0.02675687802704246,0.01561779670116437,0.0009482997977485336
-0.02666165802704248,0.01561779670116437,0.0009482997977485336
-0.02656643802704248,0.01561779670116437,0.0009482997977485336
-0.02647121802704247,0.01561779670116437,0.0009482997977485336
-0.02637599802704246,0.01561779670116437,0.0009482997977485336
-0.02628077802704248,0.01561779670116437,0.0009482997977485336
-0.02618555802704248,0.01561779670116437,0.0009482997977485336
-0.02609033802704247,0.01561779670116437,0.0009482997977485336
-0.02599511802704246,0.01561779670116437,0.0009482997977485336
-0.02589989802704248,0.01561779670116437,0.0009482997977485336
-0.02580467802704248,0.01561779670116437,0.0009482997977485336
-0.02570945802704247,0.01561779670116437,0.0009482997977485336
-0.02561423802704246,0.01561779670116437,0.0009482997977485336
-0.02551901802704248,0.01561779670116437,0.0009482997977485336
-0.02542379802704248,0.01561779670116437,0.0009482997977485336
-0.02532857802704247,0.01561779670116437,0.0009482997977485336
-0.02523335802704246,0.01561779670116437,0.0009482997977485336
-0.02513813802704248,0.01561779670116437,0.0009482997977485336
-0.02504291802704248,0.01561779670116437,0.0006068594290283141
-0.02494769802704247,0.01561779670116437,0.0006068594290283141
-0.02485247802704246,0.01561779670116437,0.0006068594290283141
-0.02475725802704248,0.01561779670116437,0.0009482997977485336
-0.02466203802704248,0.01561779670116437,0.0009482997977485336
-0.02456681802704247,0.01561779670116437,0.0009482997977485336
-0.02447159802704246,0.01561779670116437,0.0009482997977485336
-0.02437637802704248,0.01561779670116437,0.0009482997977485336
-0.02428115802704248,0.01561779670116437,0.0009482997977485336
-0.02418593802704247,0.01561779670116437,0.0009482997977485336
-0.02409071802704246,0.01561779670116437,0.0009482997977485336
-0.02399549802704248,0.01561779670116437,0.001289740166468739
-0.02390027802704248,0.01561779670116437,0.0009482997977485336
-0.02380505802704247,0.01561779670116437,0.0009482997977485336
-0.02370983802704246,0.01561779670116437,0.0009482997977485336
-0.02361461802704248,0.01561779670116437,0.0009482997977485336
-0.02351939802704248,0.01561779670116437,0.0009482997977485336
-0.02342417802704247,0.01561779670116437,0.0009482997977485336
-0.02332895802704246,0.01561779670116437,0.0009482997977485336
-0.02323373802704248,0.01561779670116437,0.0009482997977485336
-0.02313851802704248,0.01561779670116437,0.0009482997977485336
-0.02304329802704247,0.01561779670116437,0.0009482997977485336
-0.02294807802704246,0.01561779670116437,0.0009482997977485336
-0.02285285802704248,0.01561779670116437,0.0009482997977485336
-0.02275763802704248,0.01561779670116437,0.0009482997977485336
-0.02266241802704247,0.01561779670116437,0.0009482997977485336
-0.02256719802704246,0.01561779670116437,0.0009482997977485336
-0.02247197802704248,0.01561779670116437,0.0009482997977485336
-0.02237675802704248,0.01561779670116437,0.0009482997977485336
-0.02228153802704247,0.01561779670116437,0.0009482997977485336
-0.02218631802704246,0.01561779670116437,0.0009482997977485336
-0.02209109802704248,0.01561779670116437,0.001289740166468739
-0.02199587802704248,0.01561779670116437,0.001289740166468739
-0.02190065802704247,0.01561779670116437,0.0009482997977485336
-0.02180543802704246,0.01561779670116437,0.0009482997977485336
-0.02171021802704248,0.01561779670116437,0.0009482997977485336
-0.02161499802704248,0.01561779670116437,0.0009482997977485336
-0.02151977802704247,0.01561779670116437,0.0009482997977485336
-0.02142455802704246,0.01561779670116437,0.0009482997977485336
-0.02132933802704248,0.01561779670116437,0.0009482997977485336
-0.02123411802704248,0.01561779670116437,0.0009482997977485336
-0.02113889802704247,0.01561779670116437,0.0009482997977485336
-0.02104367802704246,0.01561779670116437,-7.602130841211086e-05
-0.02094845802704248,0.01561779670116437,0.0006068594290283141
-0.02085323802704248,0.01561779670116437,0.0006068594290283141
-0.02075801802704247,0.01561779670116437,0.0009482997977485336
-0.02066279802704246,0.01561779670116437,0.0009482997977485336
-0.02056757802704248,0.01561779670116437,0.0009482997977485336
-0.02047235802704248,0.01561779670116437,0.0009482997977485336
-0.02037713802704247,0.01561779670116437,0.0009482997977485336
-0.02028191802704246,0.01561779670116437,0.0009482997977485336
-0.02018669802704248,0.01561779670116437,0.0009482997977485336
-0.02009147802704248,0.01561779670116437,0.001289740166468739
-0.01999625802704247,0.01561779670116437,0.001289740166468739
-0.01990103802704246,0.01561779670116437,0.0009482997977485336
-0.01980581802704248,0.01561779670116437,0.0009482997977485336
-0.01971059802704248,0.01561779670116437,0.0009482997977485336
-0.01961537802704247,0.01561779670116437,0.0009482997977485336
-0.01952015802704246,0.01561779670116437,0.0009482997977485336
-0.01942493802704248,0.01561779670116437,0.0009482997977485336
-0.01932971802704248,0.01561779670116437,0.0009482997977485336
-0.01923449802704247,0.01561779670116437,0.0009482997977485336
-0.01913927802704246,0.01561779670116437,0.0009482997977485336
-0.01904405802704248,0.01561779670116437,0.0009482997977485336
-0.01894883802704247,0.01561779670116437,0.0009482997977485336
-0.01885361802704247,0.01561779670116437,0.0009482997977485336
-0.01875839802704246,0.01561779670116437,0.0009482997977485336
-0.01866317802704248,0.01561779670116437,0.0009482997977485336
-0.01856795802704247,0.01561779670116437,0.0009482997977485336
-0.01847273802704247,0.01561779670116437,0.0009482997977485336
-0.01837751802704246,0.01561779670116437,0.0009482997977485336
-0.01828229802704248,0.01561779670116437,0.0009482997977485336
-0.01818707802704247,0.01561779670116437,0.0009482997977485336
-0.01809185802704247,0.01561779670116437,0.0009482997977485336
-0.01799663802704246,0.01561779670116437,0.0009482997977485336
-0.01790141802704248,0.01561779670116437,0.0009482997977485336
-0.01780619802704247,0.01561779670116437,0.0009482997977485336
-0.01771097802704247,0.01561779670116437,0.0009482997977485336
-0.01761575802704246,0.01561779670116437,0.0009482997977485336
-0.01752053802704248,0.01561779670116437,0.0009482997977485336
-0.01742531802704247,0.01561779670116437,0.0009482997977485336
-0.01733009802704247,0.01561779670116437,0.0009482997977485336
-0.01723487802704246,0.01561779670116437,0.0009482997977485336
-0.01713965802704248,0.01561779670116437,0.0009482997977485336
-0.01704443802704247,0.01561779670116437,0.001289740166468739
-0.01694921802704247,0.01561779670116437,0.0009482997977485336
-0.01685399802704246,0.01561779670116437,0.0009482997977485336
-0.01675877802704248,0.01561779670116437,0.0009482997977485336
-0.01666355802704247,0.01561779670116437,0.0009482997977485336
-0.01656833802704247,0.01561779670116437,0.0009482997977485336
-0.01647311802704246,0.01561779670116437,0.0009482997977485336
-0.01637789802704248,0.01561779670116437,0.0009482997977485336
-0.01628267802704247,0.01561779670116437,0.0009482997977485336
-0.01618745802704247,0.01561779670116437,0.0009482997977485336
-0.01609223802704246,0.01561779670116437,0.0006068594290283141
-0.01599701802704248,0.01561779670116437,0.0002654190603080947
-0.01590179802704247,0.01561779670116437,0.0009482997977485336
-0.01580657802704247,0.01561779670116437,0.0009482997977485336
-0.01571135802704246,0.01561779670116437,0.0009482997977485336
-0.01561613802704248,0.01561779670116437,0.0009482997977485336
-0.01552091802704247,0.01561779670116437,0.0009482997977485336
-0.01542569802704247,0.01561779670116437,0.0009482997977485336
-0.01533047802704246,0.01561779670116437,0.0009482997977485336
-0.01523525802704248,0.01561779670116437,0.0009482997977485336
-0.01514003802704247,0.01561779670116437,0.0009482997977485336
-0.01504481802704247,0.01561779670116437,0.001972620903909164
-0.01494959802704246,0.01561779670116437,0.001289740166468739
-0.01485437802704248,0.01561779670116437,0.001289740166468739
-0.01475915802704247,0.01561779670116437,0.0009482997977485336
-0.01466393802704247,0.01561779670116437,0.0009482997977485336
-0.01456871802704246,0.01561779670116437,0.0009482997977485336
-0.01447349802704248,0.01561779670116437,0.0009482997977485336
-0.01437827802704247,0.01561779670116437,0.0009482997977485336
-0.01428305802704247,0.01561779670116437,0.0009482997977485336
-0.01418783802704246,0.01561779670116437,0.0009482997977485336
-0.01409261802704248,0.01561779670116437,0.0009482997977485336
-0.01399739802704247,0.01561779670116437,0.0006068594290283141
-0.01390217802704247,0.01561779670116437,0.0009482997977485336
-0.01380695802704246,0.01561779670116437,0.0009482997977485336
-0.01371173802704248,0.01561779670116437,0.0009482997977485336
-0.01361651802704247,0.01561779670116437,0.0009482997977485336
-0.01352129802704247,0.01561779670116437,0.0009482997977485336
-0.01342607802704246,0.01561779670116437,0.0009482997977485336
-0.01333085802704248,0.01561779670116437,0.0009482997977485336
-0.01323563802704247,0.01561779670116437,0.0009482997977485336
-0.01314041802704247,0.01561779670116437,0.0009482997977485336
-0.01304519802704246,0.01561779670116437,0.0009482997977485336
-0.01294997802704248,0.01561779670116437,0.0009482997977485336
-0.01285475802704247,0.01561779670116437,0.0006068594290283141
-0.01275953802704247,0.01561779670116437,0.0006068594290283141
-0.01266431802704246,0.01561779670116437,0.0006068594290283141
-0.01256909802704248,0.01561779670116437,0.0006068594290283141
-0.01247387802704247,0.01561779670116437,0.0009482997977485336
-0.01237865802704247,0.01561779670116437,0.0009482997977485336
-0.01228343802704246,0.01561779670116437,0.0009482997977485336
-0.01218821802704248,0.01561779670116437,0.0006068594290283141
-0.01209299802704247,0.01561779670116437,0.0009482997977485336
-0.01199777802704247,0.01561779670116437,0.001289740166468739
-0.01190255802704246,0.01561779670116437,0.0009482997977485336
-0.01180733802704248,0.01561779670116437,0.0009482997977485336
-0.01171211802704247,0.01561779670116437,0.0009482997977485336
-0.01161689802704247,0.01561779670116437,0.0009482997977485336
-0.01152167802704246,0.01561779670116437,0.0009482997977485336
-0.01142645802704248,0.01561779670116437,0.0009482997977485336
-0.01133123802704247,0.01561779670116437,0.0009482997977485336
-0.01123601802704247,0.01561779670116437,0.0009482997977485336
-0.01114079802704246,0.01561779670116437,0.0009482997977485336
-0.01104557802704248,0.01561779670116437,0.0009482997977485336
-0.01095035802704247,0.01561779670116437,0.0009482997977485336
-0.01085513802704247,0.01561779670116437,0.0009482997977485336
-0.01075991802704246,0.01561779670116437,0.0009482997977485336
-0.01066469802704248,0.01561779670116437,0.0006068594290283141
-0.01056947802704247,0.01561779670116437,0.0009482997977485336
-0.01047425802704247,0.01561779670116437,0.0006068594290283141
-0.01037903802704246,0.01561779670116437,0.0009482997977485336
-0.01028381802704248,0.01561779670116437,0.0009482997977485336
-0.01018859802704247,0.01561779670116437,0.0009482997977485336
-0.01009337802704247,0.01561779670116437,0.0009482997977485336
-0.009998158027042459,0.01561779670116437,0.001289740166468739
-0.009902938027042479,0.01561779670116437,0.0009482997977485336
-0.009807718027042472,0.01561779670116437,0.0009482997977485336
-0.009712498027042465,0.01561779670116437,0.0009482997977485336
-0.009617278027042458,0.01561779670116437,0.0009482997977485336
-0.009522058027042479,0.01561779670116437,0.0009482997977485336
-0.009426838027042472,0.01561779670116437,0.0009482997977485336
-0.009331618027042465,0.01561779670116437,0.0009482997977485336
-0.009236398027042458,0.01561779670116437,0.0009482997977485336
-0.009141178027042479,0.01561779670116437,0.001289740166468739
-0.009045958027042472,0.01561779670116437,0.0002654190603080947
-0.008950738027042465,0.01561779670116437,0.0006068594290283141
-0.008855518027042458,0.01561779670116437,0.0006068594290283141
-0.008760298027042479,0.01561779670116437,0.0006068594290283141
-0.008665078027042472,0.01561779670116437,0.0009482997977485336
-0.008569858027042465,0.01561779670116437,0.0009482997977485336
-0.008474638027042458,0.01561779670116437,0.0009482997977485336
-0.008379418027042479,0.01561779670116437,0.0009482997977485336
-0.008284198027042472,0.01561779670116437,0.0009482997977485336
-0.008188978027042465,0.01561779670116437,0.0009482997977485336
-0.008093758027042458,0.01561779670116437,0.0009482997977485336
-0.007998538027042479,0.01561779670116437,0.0009482997977485336
-0.007903318027042472,0.01561779670116437,0.0006068594290283141
-0.007808098027042465,0.01561779670116437,0.0009482997977485336
-0.007712878027042458,0.01561779670116437,0.0009482997977485336
-0.007617658027042479,0.01561779670116437,0.0006068594290283141
-0.007522438027042472,0.01561779670116437,0.0006068594290283141
-0.007427218027042465,0.01561779670116437,0.0009482997977485336
-0.007331998027042486,0.01561779670116437,0.0009482997977485336
-0.007236778027042479,0.01561779670116437,0.0009482997977485336
-0.007141558027042472,0.01561779670116437,0.0009482997977485336
-0.007046338027042465,0.01561779670116437,0.0009482997977485336
-0.006951118027042485,0.01561779670116437,0.001289740166468739
-0.006855898027042479,0.01561779670116437,0.0009482997977485336
-0.006760678027042472,0.01561779670116437,0.0009482997977485336
-0.006665458027042465,0.01561779670116437,0.0009482997977485336
-0.006570238027042485,0.01561779670116437,0.0009482997977485336
-0.006475018027042478,0.01561779670116437,0.0009482997977485336
-0.006379798027042471,0.07597105459882325,0.001972620903909164
-0.006284578027042464,3.037052770202727,0.02348336413328264
-0.006189358027042485,3.014420298491106,0.003679822747510234
-0.006094138027042478,3.010648219872502,0.001631180535188959
-0.005998918027042471,3.010648219872502,0.001289740166468739
-0.005903698027042464,3.010648219872502,0.0009482997977485336
-0.005808478027042485,3.010648219872502,0.0009482997977485336
-0.005713258027042478,3.010648219872502,0.0009482997977485336
-0.005618038027042471,3.010648219872502,0.0009482997977485336
-0.005522818027042464,3.010648219872502,0.0009482997977485336
-0.005427598027042485,3.010648219872502,0.0009482997977485336
-0.005332378027042478,3.010648219872502,0.0009482997977485336
-0.005237158027042471,3.010648219872502,0.0009482997977485336
-0.005141938027042464,3.010648219872502,0.0009482997977485336
-0.005046718027042485,3.010648219872502,-7.602130841211086e-05
-0.004951498027042478,3.010648219872502,0.0006068594290283141
-0.004856278027042471,3.010648219872502,0.0009482997977485336
-0.004761058027042464,3.010648219872502,0.0009482997977485336
-0.004665838027042485,3.010648219872502,0.0006068594290283141
-0.004570618027042478,3.010648219872502,0.0006068594290283141
-0.004475398027042471,3.010648219872502,0.0006068594290283141
-0.004380178027042464,3.010648219872502,0.0006068594290283141
-0.004284958027042485,3.010648219872502,0.0009482997977485336
-0.004189738027042478,3.010648219872502,0.0009482997977485336
-0.004094518027042471,3.010648219872502,0.0009482997977485336
-0.003999298027042464,3.010648219872502,0.001289740166468739
-0.003904078027042485,3.010648219872502,0.0009482997977485336
-0.003808858027042478,3.010648219872502,0.0009482997977485336
-0.003713638027042471,3.010648219872502,0.0009482997977485336
-0.003618418027042464,3.010648219872502,0.0009482997977485336
-0.003523198027042485,3.010648219872502,0.0009482997977485336
-0.003427978027042478,3.010648219872502,0.0009482997977485336
-0.003332758027042471,3.010648219872502,0.0009482997977485336
-0.003237538027042464,3.010648219872502,0.0009482997977485336
-0.003142318027042484,3.010648219872502,0.0009482997977485336
-0.003047098027042477,3.010648219872502,0.0009482997977485336
-0.00295187802704247,3.010648219872502,0.0009482997977485336
-0.002856658027042464,3.010648219872502,0.0009482997977485336
-0.002761438027042484,3.010648219872502,0.0009482997977485336
-0.002666218027042477,3.010648219872502,0.0009482997977485336
-0.00257099802704247,3.010648219872502,0.0009482997977485336
-0.002475778027042463,3.010648219872502,0.0009482997977485336
-0.002380558027042484,3.010648219872502,0.0009482997977485336
-0.002285338027042477,3.014420298491106,0.0009482997977485336
-0.00219011802704247,3.014420298491106,0.0009482997977485336
-0.002094898027042463,3.010648219872502,0.0009482997977485336
-0.001999678027042484,3.010648219872502,0.0006068594290283141
-0.001904458027042477,3.010648219872502,0.0009482997977485336
-0.00180923802704247,3.010648219872502,0.0009482997977485336
-0.001714018027042463,3.014420298491106,0.0009482997977485336
-0.001618798027042484,3.014420298491106,0.0009482997977485336
-0.001523578027042477,3.010648219872502,0.0009482997977485336
-0.00142835802704247,3.014420298491106,0.0009482997977485336
-0.001333138027042463,3.010648219872502,0.0009482997977485336
-0.001237918027042484,3.010648219872502,0.0009482997977485336
-0.001142698027042477,3.010648219872502,0.0009482997977485336
-0.00104747802704247,3.014420298491106,0.001289740166468739
-0.000952258027042463,3.014420298491106,0.0009482997977485336
-0.0008570380270424838,3.014420298491106,0.0009482997977485336
-0.0007618180270424768,3.014420298491106,0.0009482997977485336
-0.0006665980270424698,3.014420298491106,0.0009482997977485336
-0.0005713780270424629,3.014420298491106,0.0009482997977485336
-0.0004761580270424837,3.010648219872502,0.0009482997977485336
-0.0003809380270424767,3.014420298491106,0.0009482997977485336
-0.0002857180270424697,3.014420298491106,0.0009482997977485336
-0.0001904980270424628,3.014420298491106,0.0009482997977485336
-9.527802704248356e-05,3.010648219872502,0.0006068594290283141
-5.802704247659385e-08,3.010648219872502,0.0002654190603080947
9.516197295753037e-05,3.010648219872502,0.0009482997977485336
0.0001903819729575373,3.010648219872502,0.0009482997977485336
0.0002856019729575165,3.014420298491106,0.0009482997977485336
0.0003808219729575235,3.010648219872502,0.0009482997977485336
0.0004760419729575305,3.014420298491106,0.0009482997977485336
0.0005712619729575374,3.010648219872502,0.0009482997977485336
0.0006664819729575167,3.014420298491106,0.0009482997977485336
0.0007617019729575236,3.010648219872502,0.0009482997977485336
0.0008569219729575306,3.010648219872502,0.0009482997977485336
0.0009521419729575376,3.010648219872502,0.001631180535188959
0.001047361972957517,3.010648219872502,0.001289740166468739
0.001142581972957524,3.010648219872502,0.001289740166468739
0.001237801972957531,3.014420298491106,0.0009482997977485336
0.001333021972957538,3.014420298491106,0.0009482997977485336
0.001428241972957517,3.014420298491106,0.0009482997977485336
0.001523461972957524,3.014420298491106,0.0009482997977485336
0.001618681972957531,3.010648219872502,0.0009482997977485336
0.001713901972957538,3.010648219872502,0.0009482997977485336
0.001809121972957517,3.014420298491106,0.0009482997977485336
0.001904341972957524,3.014420298491106,0.0006068594290283141
0.001999561972957531,3.014420298491106,0.0006068594290283141
0.002094781972957538,3.010648219872502,0.0006068594290283141
0.002190001972957517,3.014420298491106,0.0009482997977485336
0.002285221972957524,3.014420298491106,0.0009482997977485336
0.002380441972957531,3.014420298491106,0.0006068594290283141
0.002475661972957538,3.014420298491106,0.0009482997977485336
0.002570881972957517,3.014420298491106,0.0009482997977485336
0.002666101972957524,3.014420298491106,0.0006068594290283141
0.002761321972957531,3.014420298491106,0.0009482997977485336
0.002856541972957538,3.014420298491106,0.0009482997977485336
0.002951761972957517,3.014420298491106,0.0006068594290283141
0.003046981972957524,3.014420298491106,0.0009482997977485336
0.003142201972957531,3.014420298491106,0.0006068594290283141
0.003237421972957538,3.014420298491106,0.0009482997977485336
0.003332641972957517,3.014420298491106,0.0009482997977485336
0.003427861972957524,3.014420298491106,0.0006068594290283141
0.003523081972957531,3.014420298491106,0.0006068594290283141
0.003618301972957538,3.014420298491106,0.0006068594290283141
0.003713521972957518,3.014420298491106,0.0006068594290283141
0.003808741972957524,3.014420298491106,0.0009482997977485336
0.003903961972957531,3.014420298491106,0.0009482997977485336
0.003999181972957538,3.014420298491106,0.001289740166468739
0.004094401972957518,3.014420298491106,0.0009482997977485336
0.004189621972957525,3.014420298491106,0.0009482997977485336
0.004284841972957532,3.014420298491106,0.0009482997977485336
0.004380061972957539,3.014420298491106,0.0009482997977485336
0.004475281972957518,3.014420298491106,0.001289740166468739
0.004570501972957525,3.014420298491106,0.0009482997977485336
0.004665721972957532,3.014420298491106,0.0009482997977485336
0.004760941972957539,3.014420298491106,0.0009482997977485336
0.004856161972957518,3.014420298491106,0.001289740166468739
0.004951381972957525,3.010648219872502,0.0009482997977485336
0.005046601972957532,3.014420298491106,0.0009482997977485336
0.005141821972957539,3.014420298491106,0.0009482997977485336
0.005237041972957518,3.014420298491106,0.0009482997977485336
0.005332261972957525,3.014420298491106,0.0009482997977485336
0.005427481972957532,3.010648219872502,0.0009482997977485336
0.005522701972957539,3.014420298491106,0.0009482997977485336
0.005617921972957518,3.014420298491106,0.0009482997977485336
0.005713141972957525,3.014420298491106,0.0009482997977485336
0.005808361972957532,3.014420298491106,0.0009482997977485336
0.005903581972957539,3.014420298491106,0.0009482997977485336
0.005998801972957518,3.014420298491106,0.001289740166468739
0.006094021972957525,3.014420298491106,0.0009482997977485336
0.006189241972957532,3.014420298491106,0.0009482997977485336
0.006284461972957539,3.014420298491106,0.0009482997977485336
0.006379681972957518,3.014420298491106,0.0009482997977485336
0.006474901972957525,3.014420298491106,0.0009482997977485336
0.006570121972957532,3.014420298491106,0.0009482997977485336
0.006665341972957539,3.014420298491106,0.0009482997977485336
0.006760561972957518,3.014420298491106,0.0009482997977485336
0.006855781972957525,3.014420298491106,0.0009482997977485336
0.006951001972957532,3.014420298491106,0.0002654190603080947
0.007046221972957525,3.010648219872502,0.0009482997977485336
0.007141441972957532,3.010648219872502,0.0009482997977485336
0.007236661972957525,3.014420298491106,0.0009482997977485336
0.007331881972957532,3.014420298491106,0.0009482997977485336
0.007427101972957525,3.014420298491106,0.0009482997977485336
0.007522321972957532,3.014420298491106,0.0009482997977485336
0.007617541972957526,3.014420298491106,0.0009482997977485336
0.007712761972957533,3.014420298491106,0.0009482997977485336
0.007807981972957526,3.014420298491106,0.0009482997977485336
0.007903201972957533,3.014420298491106,0.0009482997977485336
0.007998421972957526,3.014420298491106,0.001289740166468739
0.008093641972957533,3.014420298491106,0.0009482997977485336
0.008188861972957526,3.014420298491106,0.0009482997977485336
0.008284081972957533,3.014420298491106,0.0009482997977485336
0.008379301972957526,3.014420298491106,0.0009482997977485336
0.008474521972957533,3.014420298491106,0.0009482997977485336
0.008569741972957526,3.014420298491106,0.0009482997977485336
0.008664961972957533,3.014420298491106,0.0009482997977485336
0.008760181972957526,3.014420298491106,0.0009482997977485336
0.008855401972957533,3.014420298491106,0.0009482997977485336
0.008950621972957526,3.014420298491106,0.0009482997977485336
0.009045841972957533,3.014420298491106,0.0009482997977485336
0.009141061972957526,3.014420298491106,0.0009482997977485336
0.009236281972957533,3.014420298491106,0.0009482997977485336
0.009331501972957526,3.014420298491106,0.0009482997977485336
0.009426721972957533,3.014420298491106,0.0009482997977485336
0.009521941972957526,3.014420298491106,0.0009482997977485336
0.009617161972957533,3.010648219872502,0.0009482997977485336
0.009712381972957526,3.010648219872502,0.0009482997977485336
0.009807601972957533,3.014420298491106,0.0009482997977485336
0.009902821972957526,3.014420298491106,0.001289740166468739
0.009998041972957533,3.014420298491106,0.001289740166468739
0.01009326197295753,3.014420298491106,0.0009482997977485336
0.01018848197295753,3.014420298491106,0.0009482997977485336
0.01028370197295753,3.010648219872502,0.0009482997977485336
0.01037892197295753,3.014420298491106,0.0009482997977485336
0.01047414197295753,3.014420298491106,0.0009482997977485336
0.01056936197295753,3.010648219872502,0.0009482997977485336
0.01066458197295753,3.010648219872502,0.0009482997977485336
0.01075980197295753,3.014420298491106,0.0009482997977485336
0.01085502197295753,3.014420298491106,0.0009482997977485336
0.01095024197295753,3.014420298491106,-7.602130841211086e-05
0.01104546197295753,3.014420298491106,0.0006068594290283141
0.01114068197295753,3.014420298491106,0.0009482997977485336
0.01123590197295753,3.014420298491106,0.0009482997977485336
0.01133112197295753,3.014420298491106,0.0009482997977485336
0.01142634197295753,3.014420298491106,0.0006068594290283141
0.01152156197295753,3.014420298491106,0.0009482997977485336
0.01161678197295753,3.014420298491106,0.0009482997977485336
0.01171200197295753,3.014420298491106,0.0009482997977485336
0.01180722197295753,3.010648219872502,0.0009482997977485336
0.01190244197295753,3.014420298491106,0.0009482997977485336
0.01199766197295753,3.014420298491106,0.0009482997977485336
0.01209288197295753,3.014420298491106,0.0009482997977485336
0.01218810197295753,3.014420298491106,0.0009482997977485336
0.01228332197295753,3.014420298491106,0.0009482997977485336
0.01237854197295753,3.014420298491106,0.0009482997977485336
0.01247376197295753,3.014420298491106,0.0009482997977485336
0.01256898197295753,3.014420298491106,0.0009482997977485336
0.01266420197295753,3.014420298491106,0.0009482997977485336
0.01275942197295753,3.014420298491106,0.0009482997977485336
0.01285464197295753,3.014420298491106,0.0009482997977485336
0.01294986197295753,3.014420298491106,0.001289740166468739
0.01304508197295753,3.014420298491106,0.0009482997977485336
0.01314030197295753,3.014420298491106,0.0009482997977485336
0.01323552197295753,3.014420298491106,0.0009482997977485336
0.01333074197295753,3.014420298491106,0.0009482997977485336
0.01342596197295753,3.014420298491106,0.0009482997977485336
0.01352118197295753,3.014420298491106,0.0009482997977485336
0.01361640197295753,3.014420298491106,0.0009482997977485336
0.01371162197295753,3.014420298491106,0.0009482997977485336
0.01380684197295753,3.010648219872502,0.0009482997977485336
0.01390206197295753,3.014420298491106,0.0009482997977485336
0.01399728197295753,3.014420298491106,0.0009482997977485336
0.01409250197295753,3.014420298491106,0.0009482997977485336
0.01418772197295753,3.010648219872502,0.0009482997977485336
0.01428294197295753,3.014420298491106,0.0009482997977485336
0.01437816197295753,3.010648219872502,0.0009482997977485336
0.01447338197295753,3.014420298491106,0.0009482997977485336
0.01456860197295753,3.014420298491106,0.0009482997977485336
0.01466382197295753,3.014420298491106,0.0009482997977485336
0.01475904197295753,3.014420298491106,0.0009482997977485336
0.01485426197295753,3.014420298491106,0.0009482997977485336
0.01494948197295753,3.014420298491106,0.001289740166468739
0.01504470197295753,3.014420298491106,0.0009482997977485336
0.01513992197295753,3.014420298491106,0.0009482997977485336
0.01523514197295753,3.014420298491106,0.0009482997977485336
0.01533036197295753,3.014420298491106,0.0009482997977485336
0.01542558197295753,3.014420298491106,0.0009482997977485336
0.01552080197295753,3.014420298491106,0.0009482997977485336
0.01561602197295753,3.014420298491106,0.0009482997977485336
0.01571124197295753,3.014420298491106,0.0009482997977485336
0.01580646197295753,3.014420298491106,0.0009482997977485336
0.01590168197295753,3.014420298491106,0.0006068594290283141
0.01599690197295753,3.014420298491106,-7.602130841211086e-05
0.01609212197295753,3.014420298491106,0.0009482997977485336
0.01618734197295753,3.014420298491106,0.0009482997977485336
0.01628256197295753,3.014420298491106,0.0009482997977485336
0.01637778197295753,3.014420298491106,0.0009482997977485336
0.01647300197295753,3.014420298491106,0.0009482997977485336
0.01656822197295753,3.014420298491106,0.0009482997977485336
0.01666344197295754,3.010648219872502,0.0009482997977485336
0.01675866197295753,3.014420298491106,0.0009482997977485336
0.01685388197295754,3.014420298491106,0.0009482997977485336
0.01694910197295753,3.014420298491106,0.001631180535188959
0.01704432197295754,3.014420298491106,0.001289740166468739
0.01713954197295753,3.014420298491106,0.0009482997977485336
0.01723476197295754,3.014420298491106,0.0009482997977485336
0.01732998197295753,3.014420298491106,0.0009482997977485336
0.01742520197295754,3.014420298491106,0.0009482997977485336
0.01752042197295753,3.014420298491106,0.0009482997977485336
0.01761564197295754,3.014420298491106,0.0009482997977485336
0.01771086197295753,3.014420298491106,0.0009482997977485336
0.01780608197295754,3.014420298491106,0.0009482997977485336
0.01790130197295753,3.014420298491106,0.0009482997977485336
0.01799652197295754,3.014420298491106,0.0006068594290283141
0.01809174197295753,3.014420298491106,0.0009482997977485336
0.01818696197295754,3.014420298491106,0.0009482997977485336
0.01828218197295753,3.014420298491106,0.0009482997977485336
0.01837740197295754,3.014420298491106,0.0009482997977485336
0.01847262197295753,3.014420298491106,0.0009482997977485336
0.01856784197295754,3.014420298491106,0.0009482997977485336
0.01866306197295753,3.014420298491106,0.0009482997977485336
0.01875828197295754,3.014420298491106,0.0009482997977485336
0.01885350197295753,3.014420298491106,0.0009482997977485336
0.01894872197295754,3.014420298491106,0.0009482997977485336
0.01904394197295753,3.014420298491106,0.0009482997977485336
0.01913916197295754,3.010648219872502,0.0009482997977485336
0.01923438197295753,3.014420298491106,0.0006068594290283141
0.01932960197295754,3.014420298491106,0.0006068594290283141
0.01942482197295753,3.014420298491106,0.0009482997977485336
0.01952004197295754,3.010648219872502,0.0009482997977485336
0.01961526197295753,3.014420298491106,0.0009482997977485336
0.01971048197295754,3.014420298491106,0.0009482997977485336
0.01980570197295753,3.014420298491106,0.0006068594290283141
0.01990092197295754,3.014420298491106,0.0009482997977485336
0.01999614197295753,3.014420298491106,0.001289740166468739
0.02009136197295754,3.014420298491106,0.0009482997977485336
0.02018658197295753,3.014420298491106,0.0009482997977485336
0.02028180197295754,3.014420298491106,0.0009482997977485336
0.02037702197295753,3.014420298491106,0.0009482997977485336
0.02047224197295754,3.014420298491106,0.0009482997977485336
0.02056746197295753,3.014420298491106,0.0009482997977485336
0.02066268197295754,3.014420298491106,0.0009482997977485336
0.02075790197295753,3.014420298491106,0.0009482997977485336
0.02085312197295754,3.014420298491106,0.0009482997977485336
0.02094834197295753,3.014420298491106,0.0006068594290283141
0.02104356197295754,3.014420298491106,0.0009482997977485336
0.02113878197295753,3.014420298491106,0.0006068594290283141
0.02123400197295754,3.010648219872502,0.0009482997977485336
0.02132922197295753,3.014420298491106,0.0009482997977485336
0.02142444197295754,3.014420298491106,0.0009482997977485336
0.02151966197295753,3.010648219872502,0.0009482997977485336
0.02161488197295754,3.014420298491106,0.0009482997977485336
0.02171010197295753,3.014420298491106,0.0009482997977485336
0.02180532197295754,3.010648219872502,0.0009482997977485336
0.02190054197295753,3.014420298491106,0.0009482997977485336
0.02199576197295754,3.010648219872502,0.001289740166468739
0.02209098197295753,3.014420298491106,0.0009482997977485336
0.02218620197295754,3.014420298491106,0.0009482997977485336
0.02228142197295753,3.014420298491106,0.0009482997977485336
0.02237664197295754,3.014420298491106,0.0009482997977485336
0.02247186197295753,3.010648219872502,0.0009482997977485336
0.02256708197295754,3.014420298491106,0.0009482997977485336
0.02266230197295753,3.014420298491106,0.0009482997977485336
0.02275752197295754,3.014420298491106,0.0009482997977485336
0.02285274197295753,3.014420298491106,0.0009482997977485336
0.02294796197295754,3.014420298491106,0.0002654190603080947
0.02304318197295753,1.40751480696593,-0.01748948011314302
0.02313840197295754,0.008073639463956894,-0.006904828682816389
0.02323362197295753,0.01561779670116437,-7.602130841211086e-05
0.02332884197295754,0.01561779670116437,0.0006068594290283141
0.02342406197295753,0.01561779670116437,0.0006068594290283141
0.02351928197295754,0.01561779670116437,0.0009482997977485336
0.02361450197295753,0.01561779670116437,0.0009482997977485336
0.02370972197295754,0.01561779670116437,0.0009482997977485336
0.02380494197295753,0.01561779670116437,0.0009482997977485336
0.02390016197295754,0.01561779670116437,0.0009482997977485336
0.02399538197295753,0.01561779670116437,0.001289740166468739
0.02409060197295754,0.01561779670116437,0.0009482997977485336
0.02418582197295753,0.01561779670116437,0.0009482997977485336
0.02428104197295754,0.01561779670116437,0.0009482997977485336
0.02437626197295753,0.01561779670116437,0.0009482997977485336
0.02447148197295754,0.01561779670116437,0.0009482997977485336
0.02456670197295753,0.01561779670116437,0.0009482997977485336
0.02466192197295754,0.01561779670116437,0.0009482997977485336
0.02475714197295753,0.01561779670116437,0.0009482997977485336
0.02485236197295754,0.01561779670116437,0.0009482997977485336
0.02494758197295753,0.01561779670116437,0.0006068594290283141
0.02504280197295754,0.01561779670116437,0.0009482997977485336
0.02513802197295753,0.01561779670116437,0.0006068594290283141
0.02523324197295754,0.01561779670116437,0.0006068594290283141
0.02532846197295753,0.01561779670116437,0.0009482997977485336
0.02542368197295754,0.01561779670116437,0.0006068594290283141
0.02551890197295753,0.01561779670116437,0.0009482997977485336
0.02561412197295754,0.01561779670116437,0.0006068594290283141
0.02570934197295753,0.01561779670116437,0.0006068594290283141
0.02580456197295754,0.01561779670116437,0.0009482997977485336
0.02589978197295753,0.01561779670116437,0.0009482997977485336
0.02599500197295754,0.01561779670116437,0.001631180535188959
0.02609022197295753,0.01561779670116437,0.001289740166468739
0.02618544197295754,0.01561779670116437,0.0009482997977485336
0.02628066197295753,0.01561779670116437,0.0009482997977485336
0.02637588197295754,0.01561779670116437,0.0009482997977485336
0.02647110197295753,0.01561779670116437,0.0009482997977485336
0.02656632197295754,0.01561779670116437,0.0009482997977485336
0.02666154197295753,0.01561779670116437,0.0009482997977485336
0.02675676197295754,0.01561779670116437,0.0009482997977485336
0.02685198197295753,0.01561779670116437,0.0009482997977485336
0.02694720197295754,0.01561779670116437,0.0002654190603080947
0.02704242197295753,0.01561779670116437,0.0006068594290283141
0.02713764197295754,0.01561779670116437,0.0009482997977485336
0.02723286197295753,0.01561779670116437,0.0009482997977485336
0.02732808197295754,0.01561779670116437,0.0009482997977485336
0.02742330197295753,0.01561779670116437,0.0009482997977485336
0.02751852197295752,0.01561779670116437,0.0009482997977485336
0.02761374197295753,0.01561779670116437,0.0009482997977485336
0.02770896197295752,0.01561779670116437,0.0009482997977485336
0.02780418197295753,0.01561779670116437,0.0009482997977485336
0.02789940197295752,0.01561779670116437,0.0009482997977485336
0.02799462197295753,0.01561779670116437,0.001289740166468739
0.02808984197295752,0.01561779670116437,0.0009482997977485336
0.02818506197295753,0.01561779670116437,0.0009482997977485336
0.02828028197295752,0.01561779670116437,0.0009482997977485336
0.02837550197295753,0.01561779670116437,0.0009482997977485336
0.02847072197295752,0.01561779670116437,0.0009482997977485336
0.02856594197295753,0.01561779670116437,0.0009482997977485336
0.02866116197295752,0.01561779670116437,0.0009482997977485336
0.02875638197295753,0.01561779670116437,0.0009482997977485336
0.02885160197295752,0.01561779670116437,0.0009482997977485336
0.02894682197295753,0.01561779670116437,0.0009482997977485336
0.02904204197295752,0.01561779670116437,0.0009482997977485336
0.02913726197295753,0.01561779670116437,0.0009482997977485336
0.02923248197295752,0.01561779670116437,0.0009482997977485336
0.02932770197295753,0.01561779670116437,0.0009482997977485336
0.02942292197295752,0.01561779670116437,0.0009482997977485336
0.02951814197295753,0.01561779670116437,0.0009482997977485336
0.02961336197295752,0.01561779670116437,0.001289740166468739
0.02970858197295753,0.01561779670116437,0.0009482997977485336
0.02980380197295752,0.01561779670116437,0.0009482997977485336
0.02989902197295753,0.01561779670116437,0.0009482997977485336
0.02999424197295752,0.01561779670116437,0.0009482997977485336
0.03008946197295753,0.01561779670116437,0.001289740166468739
0.03018468197295752,0.01561779670116437,0.001289740166468739
0.03027990197295753,0.01561779670116437,0.0009482997977485336
0.03037512197295753,0.01561779670116437,0.0009482997977485336
0.03047034197295753,0.01561779670116437,0.0009482997977485336
0.03056556197295753,0.01561779670116437,0.0009482997977485336
0.03066078197295753,0.01561779670116437,0.0009482997977485336
0.03075600197295753,0.01561779670116437,0.0009482997977485336
0.03085122197295753,0.01561779670116437,0.0009482997977485336
0.03094644197295753,0.01561779670116437,0.001289740166468739
0.03104166197295753,0.01561779670116437,0.0009482997977485336
0.03113688197295753,0.01561779670116437,0.0009482997977485336
0.03123210197295753,0.01561779670116437,0.0009482997977485336
0.03132732197295753,0.01561779670116437,0.0009482997977485336
0.03142254197295753,0.01561779670116437,0.0009482997977485336
0.03151776197295753,0.01561779670116437,0.0009482997977485336
0.03161298197295753,0.01561779670116437,0.0009482997977485336
0.03170820197295753,0.01561779670116437,0.0009482997977485336
0.03180342197295753,0.01561779670116437,0.0009482997977485336
0.03189864197295753,0.01561779670116437,0.0009482997977485336
0.03199386197295753,0.01561779670116437,0.0002654190603080947
0.03208908197295753,0.01561779670116437,0.0009482997977485336
0.03218430197295753,0.01561779670116437,0.0009482997977485336
0.03227952197295753,0.01561779670116437,0.0009482997977485336
0.03237474197295753,0.01561779670116437,0.0009482997977485336
0.03246996197295753,0.01561779670116437,0.0009482997977485336
0.03256518197295753,0.01561779670116437,0.0009482997977485336
0.03266040197295753,0.01184571808256063,0.0009482997977485336
0.03275562197295753,0.01561779670116437,0.0009482997977485336
0.03285084197295753,0.01561779670116437,0.0009482997977485336
0.03294606197295753,0.01561779670116437,0.001972620903909164
0.03304128197295753,0.01561779670116437,0.001289740166468739
0.03313650197295753,0.01561779670116437,0.001289740166468739
0.03323172197295753,0.01561779670116437,0.001289740166468739
0.03332694197295753,0.01561779670116437,0.0009482997977485336
0.03342216197295753,0.01561779670116437,0.001289740166468739
0.03351738197295753,0.01561779670116437,0.0009482997977485336
0.03361260197295753,0.01561779670116437,0.001289740166468739
0.03370782197295753,0.01561779670116437,0.0009482997977485336
0.03380304197295753,0.01561779670116437,0.0009482997977485336
0.03389826197295753,0.01561779670116437,0.0009482997977485336
0.03399348197295753,0.01561779670116437,0.0002654190603080947
0.03408870197295753,0.01561779670116437,0.0009482997977485336
0.03418392197295753,0.01561779670116437,0.0009482997977485336
0.03427914197295753,0.01561779670116437,0.0009482997977485336
0.03437436197295753,0.01561779670116437,0.0009482997977485336
0.03446958197295753,0.01561779670116437,0.0009482997977485336
0.03456480197295753,0.01561779670116437,0.0009482997977485336
0.03466002197295753,0.01561779670116437,0.0009482997977485336
0.03475524197295753,0.01561779670116437,0.0009482997977485336
0.03485046197295753,0.01561779670116437,0.0009482997977485336
0.03494568197295753,0.01561779670116437,0.0009482997977485336
0.03504090197295753,0.01561779670116437,0.0009482997977485336
0.03513612197295753,0.01561779670116437,0.0009482997977485336
0.03523134197295753,0.01561779670116437,0.0009482997977485336
0.03532656197295753,0.01561779670116437,0.0009482997977485336
0.03542178197295753,0.01561779670116437,0.0006068594290283141
0.03551700197295753,0.01561779670116437,0.0009482997977485336
0.03561222197295753,0.01561779670116437,0.0009482997977485336
0.03570744197295753,0.01561779670116437,0.0006068594290283141
0.03580266197295753,0.01561779670116437,0.0006068594290283141
0.03589788197295753,0.01561779670116437,0.0009482997977485336
0.03599310197295753,0.01561779670116437,0.001289740166468739
0.03608832197295753,0.01561779670116437,0.0009482997977485336
0.03618354197295753,0.01561779670116437,0.0009482997977485336
0.03627876197295753,0.01561779670116437,0.0009482997977485336
0.03637398197295753,0.01561779670116437,0.0009482997977485336
0.03646920197295753,0.01561779670116437,0.0009482997977485336
0.03656442197295753,0.01561779670116437,0.0009482997977485336
0.03665964197295753,0.01561779670116437,0.001289740166468739
0.03675486197295753,0.01561779670116437,0.0009482997977485336
0.03685008197295753,0.01561779670116437,0.0009482997977485336
0.03694530197295753,0.01561779670116437,0.0009482997977485336
0.03704052197295753,0.01561779670116437,0.0009482997977485336
0.03713574197295753,0.01561779670116437,0.0009482997977485336
0.03723096197295753,0.01561779670116437,0.0009482997977485336
0.03732618197295753,0.01561779670116437,0.0009482997977485336
0.03742140197295753,0.01561779670116437,0.0009482997977485336
0.03751662197295753,0.01561779670116437,0.0009482997977485336
0.03761184197295753,0.01561779670116437,0.0006068594290283141
0.03770706197295753,0.01561779670116437,0.0009482997977485336
0.03780228197295753,0.01184571808256063,0.0009482997977485336
0.03789750197295753,0.01561779670116437,0.0009482997977485336
0.03799272197295753,0.01561779670116437,0.001289740166468739
0.03808794197295753,0.01561779670116437,0.0009482997977485336
0.03818316197295753,0.01561779670116437,0.001289740166468739
0.03827838197295753,0.01561779670116437,0.001289740166468739
0.03837360197295753,0.01561779670116437,0.001289740166468739
0.03846882197295753,0.01561779670116437,0.0009482997977485336
0.03856404197295753,0.01561779670116437,0.0009482997977485336
0.03865926197295753,0.01561779670116437,0.0009482997977485336
0.03875448197295753,0.01561779670116437,0.0009482997977485336
0.03884970197295753,0.01561779670116437,0.0009482997977485336
0.03894492197295753,0.01561779670116437,0.0006068594290283141
0.03904014197295753,0.01561779670116437,0.0009482997977485336
0.03913536197295753,0.01561779670116437,0.0009482997977485336
0.03923058197295753,0.01561779670116437,0.0009482997977485336
0.03932580197295753,0.01561779670116437,0.0009482997977485336
0.03942102197295753,0.01561779670116437,0.0009482997977485336
0.03951624197295753,0.01561779670116437,0.0009482997977485336
0.03961146197295753,0.01561779670116437,0.0009482997977485336
0.03970668197295753,0.01561779670116437,0.0009482997977485336
0.03980190197295753,0.01561779670116437,0.0009482997977485336
0.03989712197295753,0.01561779670116437,0.0009482997977485336
0.03999234197295753,0.01561779670116437,0.001289740166468739
0.04008756197295753,0.01561779670116437,0.0009482997977485336
0.04018278197295753,0.01561779670116437,0.0009482997977485336
0.04027800197295753,0.01561779670116437,0.0009482997977485336
0.04037322197295753,0.01561779670116437,0.0009482997977485336
0.04046844197295753,0.01561779670116437,0.0009482997977485336
0.04056366197295753,0.01561779670116437,0.0009482997977485336
0.04065888197295753,0.01561779670116437,0.0009482997977485336
0.04075410197295753,0.01561779670116437,0.0009482997977485336
0.04084932197295753,0.01561779670116437,0.0006068594290283141
0.04094454197295753,0.01561779670116437,0.0006068594290283141
0.04103976197295753,0.01561779670116437,0.0009482997977485336
0.04113498197295754,0.01561779670116437,0.0006068594290283141
0.04123020197295753,0.01184571808256063,0.0009482997977485336
0.04132542197295754,0.01561779670116437,0.0009482997977485336
0.04142064197295753,0.01561779670116437,0.0009482997977485336
0.04151586197295754,0.01184571808256063,0.0009482997977485336
0.04161108197295753,0.01184571808256063,0.0009482997977485336
0.04170630197295754,0.01184571808256063,0.0006068594290283141
0.04180152197295753,0.01184571808256063,0.0009482997977485336
0.04189674197295754,0.01561779670116437,0.0009482997977485336
0.04199196197295753,0.01184571808256063,0.001289740166468739
0.04208718197295754,0.01561779670116437,0.0009482997977485336
0.04218240197295753,0.01561779670116437,0.0009482997977485336
0.04227762197295754,0.01561779670116437,0.0009482997977485336
0.04237284197295753,0.01561779670116437,0.0009482997977485336
0.04246806197295754,0.01561779670116437,0.0009482997977485336
0.04256328197295753,0.01561779670116437,0.0009482997977485336
0.04265850197295754,0.01561779670116437,0.0009482997977485336
0.04275372197295753,0.01561779670116437,0.0009482997977485336
0.04284894197295754,0.01561779670116437,0.0009482997977485336
0.04294416197295753,0.01561779670116437,-7.602130841211086e-05
0.04303938197295754,0.01561779670116437,0.0006068594290283141
0.04313460197295753,0.01561779670116437,0.0009482997977485336
0.04322982197295754,0.01561779670116437,0.0006068594290283141
0.04332504197295753,0.01561779670116437,0.0006068594290283141
0.04342026197295754,0.01561779670116437,0.0006068594290283141
0.04351548197295753,0.01561779670116437,0.0009482997977485336
0.04361070197295754,0.01561779670116437,0.0006068594290283141
0.04370592197295753,0.01561779670116437,0.0009482997977485336
0.04380114197295754,0.01561779670116437,0.0006068594290283141
0.04389636197295753,0.01561779670116437,0.0009482997977485336
0.04399158197295754,0.01561779670116437,0.001289740166468739
0.04408680197295753,0.01561779670116437,0.0009482997977485336
0.04418202197295754,0.01561779670116437,0.0009482997977485336
0.04427724197295753,0.01561779670116437,0.0009482997977485336
0.04437246197295754,0.01561779670116437,0.0009482997977485336
0.04446768197295753,0.01561779670116437,0.0009482997977485336
0.04456290197295754,0.01561779670116437,0.0009482997977485336
0.04465812197295753,0.01561779670116437,0.0009482997977485336
0.04475334197295754,0.01561779670116437,0.0009482997977485336
0.04484856197295753,0.01561779670116437,0.0009482997977485336
0.04494378197295754,0.01561779670116437,0.0009482997977485336
0.04503900197295753,0.01561779670116437,0.0009482997977485336
0.04513422197295754,0.01561779670116437,0.0009482997977485336
0.04522944197295753,0.01561779670116437,0.0009482997977485336
0.04532466197295754,0.01561779670116437,0.0009482997977485336
0.04541988197295753,0.01561779670116437,0.0009482997977485336
0.04551510197295754,0.01561779670116437,0.0009482997977485336
0.04561032197295753,0.01561779670116437,0.0009482997977485336
0.04570554197295754,0.01561779670116437,0.0009482997977485336
0.04580076197295753,0.01561779670116437,0.0009482997977485336
0.04589598197295754,0.01561779670116437,0.0009482997977485336
0.04599120197295753,0.01561779670116437,0.0009482997977485336
0.04608642197295754,0.01561779670116437,0.0009482997977485336
0.04618164197295753,0.01561779670116437,0.001289740166468739
0.04627686197295754,0.01561779670116437,0.0009482997977485336
0.04637208197295753,0.01561779670116437,0.0009482997977485336
0.04646730197295754,0.01561779670116437,0.0009482997977485336
0.04656252197295753,0.01561779670116437,0.0009482997977485336
0.04665774197295754,0.01561779670116437,0.001289740166468739
0.04675296197295753,0.01561779670116437,0.0009482997977485336
0.04684818197295754,0.01561779670116437,0.0009482997977485336
0.04694340197295753,0.01561779670116437,0.001289740166468739
0.04703862197295754,0.01561779670116437,0.0009482997977485336
0.04713384197295753,0.01561779670116437,0.0009482997977485336
0.04722906197295754,0.01561779670116437,0.0009482997977485336
0.04732428197295753,0.01561779670116437,0.0009482997977485336
0.04741950197295754,0.01561779670116437,0.0009482997977485336
0.04751472197295753,0.01561779670116437,0.0009482997977485336
0.04760994197295754,0.01561779670116437,0.0009482997977485336
0.04770516197295753,0.01561779670116437,0.0009482997977485336
0.04780038197295754,0.01561779670116437,0.0009482997977485336
0.04789560197295753,0.01561779670116437,0.0009482997977485336
0.04799082197295754,0.01561779670116437,0.0002654190603080947
0.04808604197295753,0.01561779670116437,0.0009482997977485336
0.04818126197295754,0.01561779670116437,0.0009482997977485336
0.04827648197295753,0.01561779670116437,0.0009482997977485336
0.04837170197295754,0.01561779670116437,0.0009482997977485336
0.04846692197295753,0.01561779670116437,0.0009482997977485336
0.04856214197295754,0.01561779670116437,0.0009482997977485336
0.04865736197295753,0.01561779670116437,0.0009482997977485336
0.04875258197295754,0.01561779670116437,0.0009482997977485336
0.04884780197295753,0.01561779670116437,0.0009482997977485336
0.04894302197295754,0.01561779670116437,0.001972620903909164
0.04903824197295753,0.01561779670116437,0.001289740166468739
0.04913346197295754,0.01561779670116437,0.0009482997977485336
0.04922868197295753,0.01561779670116437,0.0009482997977485336
0.04932390197295754,0.01561779670116437,0.0009482997977485336
0.04941912197295753,0.01561779670116437,0.0009482997977485336
0.04951434197295754,0.01561779670116437,0.0009482997977485336
0.04960956197295753,0.01561779670116437,0.0009482997977485336
0.04970478197295754,0.01561779670116437,0.0009482997977485336
0.04980000197295753,0.01561779670116437,0.0009482997977485336
0.04989522197295754,0.01561779670116437,0.0009482997977485336
0.04999044197295753,0.01561779670116437,0.0002654190603080947
0.05008566197295754,0.01561779670116437,0.0009482997977485336
0.05018088197295753,0.01561779670116437,0.0006068594290283141
0.05027610197295754,0.01561779670116437,0.0009482997977485336
0.05037132197295753,0.01561779670116437,0.0009482997977485336
0.05046654197295754,0.01561779670116437,0.0009482997977485336
0.05056176197295753,0.01561779670116437,0.0006068594290283141
0.05065698197295754,0.01561779670116437,0.0009482997977485336
0.05075220197295753,0.01561779670116437,0.0009482997977485336
0.05084742197295754,0.01561779670116437,0.0009482997977485336
0.05094264197295753,0.01561779670116437,0.0009482997977485336
0.05103786197295754,0.01561779670116437,0.0009482997977485336
0.05113308197295753,0.01561779670116437,0.0009482997977485336
0.05122830197295754,0.01561779670116437,0.0009482997977485336
0.05132352197295753,0.01561779670116437,0.0009482997977485336
0.05141874197295754,0.01561779670116437,0.0009482997977485336
0.05151396197295753,0.01561779670116437,0.0009482997977485336
0.05160918197295754,0.01561779670116437,0.0009482997977485336
0.05170440197295753,0.01561779670116437,0.0009482997977485336
0.05179962197295754,0.01561779670116437,0.0009482997977485336
0.05189484197295753,0.01561779670116437,0.0009482997977485336
0.05199006197295754,0.01561779670116437,0.001289740166468739
0.05208528197295753,0.01561779670116437,0.001289740166468739
0.05218050197295754,0.01561779670116437,0.001289740166468739
0.05227572197295753,0.01561779670116437,0.001289740166468739
0.05237094197295754,0.01561779670116437,0.0009482997977485336
0.05246616197295753,0.01561779670116437,0.0009482997977485336
0.05256138197295754,0.01561779670116437,0.001289740166468739
0.05265660197295753,0.01561779670116437,0.0009482997977485336
0.05275182197295754,0.01561779670116437,0.0009482997977485336
0.05284704197295753,0.01561779670116437,0.0009482997977485336
0.05294226197295754,0.01561779670116437,0.0009482997977485336
0.05303748197295753,0.01561779670116437,0.0009482997977485336
0.05313270197295754,0.01561779670116437,0.0009482997977485336
0.05322792197295753,0.01561779670116437,0.0009482997977485336
0.05332314197295754,0.01561779670116437,0.0009482997977485336
0.05341836197295753,0.01561779670116437,0.0009482997977485336
0.05351358197295754,0.01561779670116437,0.0009482997977485336
0.05360880197295753,0.01561779670116437,0.0009482997977485336
0.05370402197295754,0.01561779670116437,0.0009482997977485336
0.05379924197295753,0.01561779670116437,0.0009482997977485336
0.05389446197295754,0.01561779670116437,0.0009482997977485336
0.05398968197295753,0.01561779670116437,0.001289740166468739
0.05408490197295754,0.01561779670116437,0.0009482997977485336
0.05418012197295753,0.01561779670116437,0.0009482997977485336
0.05427534197295754,0.01561779670116437,0.0009482997977485336
0.05437056197295753,0.01561779670116437,0.0009482997977485336
0.05446578197295754,0.01561779670116437,0.0009482997977485336
0.05456100197295753,0.01561779670116437,0.0009482997977485336
0.05465622197295754,0.01561779670116437,0.0009482997977485336
0.05475144197295753,0.01561779670116437,0.0009482997977485336
0.05484666197295754,0.01561779670116437,0.0009482997977485336
0.05494188197295753,0.01561779670116437,0.0006068594290283141
0.05503710197295754,0.01561779670116437,0.0009482997977485336
0.05513232197295753,0.01561779670116437,0.0009482997977485336
0.05522754197295754,0.01561779670116437,0.0009482997977485336
0.05532276197295753,0.01561779670116437,0.0009482997977485336
0.05541798197295754,0.01561779670116437,0.0009482997977485336
0.05551320197295753,0.01561779670116437,0.0009482997977485336
0.05560842197295754,0.01561779670116437,0.0009482997977485336
0.05570364197295753,0.01561779670116437,0.0009482997977485336
0.05579886197295754,0.01561779670116437,0.0009482997977485336
0.05589408197295753,0.01561779670116437,0.0009482997977485336
0.05598930197295754,0.01561779670116437,0.001289740166468739
0.05608452197295753,0.01561779670116437,0.0009482997977485336
0.05617974197295754,0.01561779670116437,0.0009482997977485336
0.05627496197295753,0.01561779670116437,0.0009482997977485336
0.05637018197295754,0.01561779670116437,0.0006068594290283141
0.05646540197295753,0.01561779670116437,0.0009482997977485336
0.05656062197295754,0.01561779670116437,0.0009482997977485336
0.05665584197295753,0.01561779670116437,0.0009482997977485336
0.05675106197295754,0.01561779670116437,0.0009482997977485336
0.05684628197295753,0.01561779670116437,0.0009482997977485336
0.05694150197295754,0.01561779670116437,0.0009482997977485336
0.05703672197295753,0.01561779670116437,0.0006068594290283141
0.05713194197295754,0.01561779670116437,0.0006068594290283141
0.05722716197295753,0.01561779670116437,0.0006068594290283141
0.05732238197295754,0.01561779670116437,0.0006068594290283141
0.05741760197295753,0.01561779670116437,0.0006068594290283141
0.05751282197295754,0.01561779670116437,0.0006068594290283141
0.05760804197295753,0.01561779670116437,0.0006068594290283141
0.05770326197295754,0.01561779670116437,0.0009482997977485336
0.05779848197295753,0.01561779670116437,0.0009482997977485336
0.05789370197295754,0.01561779670116437,0.0009482997977485336
0.05798892197295753,0.01561779670116437,0.001631180535188959
0.05808414197295754,0.01561779670116437,0.0009482997977485336
0.05817936197295753,0.01561779670116437,0.0009482997977485336
0.05827458197295754,0.01561779670116437,0.0009482997977485336
0.05836980197295753,0.01561779670116437,0.0009482997977485336
0.05846502197295754,0.01561779670116437,0.0009482997977485336
0.05856024197295753,0.01561779670116437,0.0009482997977485336
0.05865546197295754,0.01561779670116437,0.0009482997977485336
0.05875068197295753,0.01561779670116437,0.0009482997977485336
0.05884590197295754,0.01561779670116437,0.0009482997977485336
0.05894112197295753,0.01561779670116437,0.0002654190603080947
0.05903634197295754,0.01561779670116437,0.0006068594290283141
0.05913156197295753,0.01561779670116437,0.0009482997977485336
0.05922678197295754,0.01561779670116437,0.0006068594290283141
0.05932200197295753,0.01561779670116437,0.0006068594290283141
0.05941722197295754,0.01561779670116437,0.0009482997977485336
0.05951244197295753,0.01561779670116437,0.0006068594290283141
0.05960766197295754,0.01561779670116437,0.0006068594290283141
0.05970288197295753,0.01561779670116437,0.0006068594290283141
0.05979810197295754,0.01561779670116437,0.0009482997977485336
0.05989332197295753,0.01561779670116437,0.0009482997977485336
0.05998854197295754,0.01561779670116437,0.001289740166468739
0.06008376197295753,0.01561779670116437,0.0009482997977485336
0.06017898197295754,0.01561779670116437,0.0009482997977485336
0.06027420197295753,0.01561779670116437,0.0009482997977485336
0.06036942197295754,0.01561779670116437,0.0009482997977485336
0.06046464197295753,0.01561779670116437,0.0009482997977485336
0.06055986197295754,0.01561779670116437,0.0009482997977485336
0.06065508197295753,0.01561779670116437,0.0009482997977485336
0.06075030197295754,0.01561779670116437,0.0009482997977485336
0.06084552197295753,0.01561779670116437,0.0009482997977485336
0.06094074197295754,0.01561779670116437,0.001289740166468739
0.06103596197295753,0.01561779670116437,0.0009482997977485336
0.06113118197295754,0.01561779670116437,0.0009482997977485336
0.06122640197295753,0.01561779670116437,0.0009482997977485336
0.06132162197295754,0.01561779670116437,0.0009482997977485336
0.06141684197295753,0.01561779670116437,0.0009482997977485336
0.06151206197295754,0.01561779670116437,0.0009482997977485336
0.06160728197295753,0.01561779670116437,0.0009482997977485336
0.06170250197295754,0.01561779670116437,0.0009482997977485336
0.06179772197295753,0.01561779670116437,0.0009482997977485336
0.06189294197295754,0.01561779670116437,0.0009482997977485336
0.06198816197295753,0.01561779670116437,0.0009482997977485336
0.06208338197295754,0.01561779670116437,0.0009482997977485336
0.06217860197295753,0.01561779670116437,0.0009482997977485336
0.06227382197295753,0.01561779670116437,0.0009482997977485336
0.06236904197295753,0.01561779670116437,0.0009482997977485336
0.06246426197295753,0.01561779670116437,0.0009482997977485336
0.06255948197295753,0.01561779670116437,0.0009482997977485336
0.06265470197295753,0.01561779670116437,0.0009482997977485336
0.06274992197295753,0.01561779670116437,0.0009482997977485336
0.06284514197295753,0.01561779670116437,0.0009482997977485336
0.06294036197295753,0.01561779670116437,0.001289740166468739
0.06303558197295753,0.01561779670116437,0.0009482997977485336
0.06313080197295753,0.01561779670116437,0.0009482997977485336
0.06322602197295753,0.01561779670116437,0.0009482997977485336
0.06332124197295753,0.01561779670116437,0.0009482997977485336
0.06341646197295753,0.01561779670116437,0.0009482997977485336
0.06351168197295753,0.01561779670116437,0.0009482997977485336
0.06360690197295753,0.01561779670116437,0.0009482997977485336
0.06370212197295753,0.01561779670116437,0.0009482997977485336
0.06379734197295753,0.01561779670116437,0.0009482997977485336
0.06389256197295753,0.01561779670116437,0.0009482997977485336
0.06398778197295753,0.01561779670116437,-7.602130841211086e-05
0.06408300197295753,0.01561779670116437,0.0006068594290283141
0.06417822197295753,0.01561779670116437,0.0009482997977485336
0.06427344197295753,0.01561779670116437,0.0009482997977485336
0.06436866197295753,0.01561779670116437,0.0009482997977485336
0.06446388197295753,0.01561779670116437,0.0009482997977485336
0.06455910197295753,0.01561779670116437,0.0009482997977485336
0.06465432197295753,0.01561779670116437,0.0009482997977485336
0.06474954197295753,0.01561779670116437,0.0009482997977485336
0.06484476197295753,0.01561779670116437,0.0009482997977485336
0.06493998197295753,0.01561779670116437,0.001631180535188959
0.06503520197295753,0.01561779670116437,0.001289740166468739
0.06513042197295753,0.01561779670116437,0.0009482997977485336
0.06522564197295753,0.01561779670116437,0.0009482997977485336
0.06532086197295753,0.01561779670116437,0.0009482997977485336
0.06541608197295753,0.01561779670116437,0.0009482997977485336
0.06551130197295753,0.01561779670116437,0.0009482997977485336
0.06560652197295753,0.01561779670116437,0.0009482997977485336
0.06570174197295753,0.01561779670116437,0.0009482997977485336
0.06579696197295754,0.01561779670116437,0.0009482997977485336
0.06589218197295753,0.01561779670116437,0.0009482997977485336
0.06598740197295754,0.01561779670116437,0.0002654190603080947
0.06608262197295753,0.01561779670116437,0.0009482997977485336
0.06617784197295754,0.01561779670116437,0.0009482997977485336
0.06627306197295753,0.01561779670116437,0.0009482997977485336
0.06636828197295754,0.01561779670116437,0.0009482997977485336
0.06646350197295753,0.01561779670116437,0.0009482997977485336
0.06655872197295754,0.01561779670116437,0.0009482997977485336
0.06665394197295753,0.01561779670116437,0.0009482997977485336
0.06674916197295754,0.01561779670116437,0.0009482997977485336
0.06684438197295753,0.01561779670116437,0.0009482997977485336
0.06693960197295754,0.01561779670116437,0.0009482997977485336
0.06703482197295753,0.01561779670116437,0.0009482997977485336
0.06713004197295754,0.01561779670116437,0.0009482997977485336
0.06722526197295753,0.01561779670116437,0.0009482997977485336
0.06732048197295754,0.01561779670116437,0.0009482997977485336
0.06741570197295753,0.01561779670116437,0.0009482997977485336
0.06751092197295754,0.01561779670116437,0.0009482997977485336
0.06760614197295753,0.01561779670116437,0.0009482997977485336
0.06770136197295754,0.01561779670116437,0.0009482997977485336
0.06779658197295753,0.01561779670116437,0.0009482997977485336
0.06789180197295754,0.01561779670116437,0.0009482997977485336
0.06798702197295753,0.01561779670116437,0.001289740166468739
0.06808224197295754,0.01561779670116437,0.0009482997977485336
0.06817746197295753,0.01561779670116437,0.0009482997977485336
0.06827268197295754,0.01561779670116437,0.0009482997977485336
0.06836790197295753,0.01561779670116437,0.0009482997977485336
0.06846312197295754,0.01561779670116437,0.0009482997977485336
0.06855834197295753,0.01561779670116437,0.0009482997977485336
0.06865356197295754,0.01561779670116437,0.0009482997977485336
0.06874878197295753,0.01561779670116437,0.0009482997977485336
0.06884400197295754,0.01561779670116437,0.0009482997977485336
0.06893922197295753,0.01561779670116437,0.0006068594290283141
0.06903444197295754,0.01561779670116437,0.0006068594290283141
0.06912966197295753,0.01561779670116437,0.0009482997977485336
0.06922488197295754,0.01561779670116437,0.0009482997977485336
0.06932010197295753,0.01561779670116437,0.0009482997977485336
0.06941532197295754,0.01561779670116437,0.0009482997977485336
0.06951054197295753,0.01561779670116437,0.0009482997977485336
0.06960576197295754,0.01561779670116437,0.0009482997977485336
0.06970098197295754,0.01561779670116437,0.0009482997977485336
0.06979620197295754,0.01561779670116437,0.0009482997977485336
0.06989142197295753,0.01561779670116437,0.0009482997977485336
0.06998664197295754,0.01561779670116437,0.001631180535188959
0.07008186197295754,0.01561779670116437,0.0009482997977485336
0.07017708197295754,0.01561779670116437,0.0009482997977485336
0.07027230197295753,0.01561779670116437,0.0009482997977485336
0.07036752197295754,0.01561779670116437,0.0009482997977485336
0.07046274197295754,0.01561779670116437,0.0009482997977485336
0.07055796197295754,0.01561779670116437,0.0009482997977485336
0.07065318197295753,0.01561779670116437,0.0009482997977485336
0.07074840197295754,0.01561779670116437,0.0009482997977485336
0.07084362197295754,0.01561779670116437,0.0009482997977485336
0.07093884197295754,0.01561779670116437,0.0002654190603080947
0.07103406197295753,0.01561779670116437,0.0006068594290283141
0.07112928197295754,0.01561779670116437,0.0009482997977485336
0.07122450197295754,0.01561779670116437,0.0009482997977485336
0.07131972197295754,0.01561779670116437,0.0009482997977485336
0.07141494197295753,0.01561779670116437,0.0009482997977485336
0.07151016197295754,0.01561779670116437,0.0009482997977485336
0.07160538197295754,0.01561779670116437,0.0009482997977485336
0.07170060197295754,0.01561779670116437,0.0009482997977485336
0.07179582197295753,0.01561779670116437,0.0009482997977485336
0.07189104197295754,0.01561779670116437,0.0009482997977485336
0.07198626197295754,0.01561779670116437,0.001289740166468739
0.07208148197295754,0.01561779670116437,0.0009482997977485336
0.07217670197295753,0.01561779670116437,0.0009482997977485336
0.07227192197295754,0.01561779670116437,0.0009482997977485336
0.07236714197295754,0.01561779670116437,0.0009482997977485336
0.07246236197295754,0.01561779670116437,0.0009482997977485336
0.07255758197295753,0.01561779670116437,0.0009482997977485336
0.07265280197295754,0.01561779670116437,0.0009482997977485336
0.07274802197295754,0.01561779670116437,0.0009482997977485336
0.07284324197295754,0.01561779670116437,0.0009482997977485336
0.07293846197295753,0.01561779670116437,0.0009482997977485336
0.07303368197295754,0.01184571808256063,0.0009482997977485336
0.07312890197295754,0.01561779670116437,0.0009482997977485336
0.07322412197295754,0.01561779670116437,0.0009482997977485336
0.07331934197295753,0.01561779670116437,0.0009482997977485336
0.07341456197295754,0.01561779670116437,0.0009482997977485336
0.07350978197295754,0.01561779670116437,0.001289740166468739
0.07360500197295754,0.01561779670116437,0.001289740166468739
0.07370022197295753,0.01561779670116437,0.001289740166468739
0.07379544197295754,0.01561779670116437,0.0009482997977485336
0.07389066197295754,0.01561779670116437,0.0009482997977485336
0.07398588197295754,0.01561779670116437,0.001289740166468739
0.07408110197295753,0.01561779670116437,0.0009482997977485336
0.07417632197295754,0.01561779670116437,0.0009482997977485336
0.07427154197295754,0.01561779670116437,0.0009482997977485336
0.07436676197295754,0.01561779670116437,0.0009482997977485336
0.07446198197295753,0.01561779670116437,0.0009482997977485336
0.07455720197295754,0.01561779670116437,0.0009482997977485336
0.07465242197295754,0.01561779670116437,0.0009482997977485336
0.07474764197295754,0.01561779670116437,0.0009482997977485336
0.07484286197295753,0.01561779670116437,0.0009482997977485336
0.07493808197295754,0.01561779670116437,0.0006068594290283141
0.07503330197295754,0.01561779670116437,0.0006068594290283141
0.07512852197295754,0.01561779670116437,0.0006068594290283141
0.07522374197295753,0.01561779670116437,0.0009482997977485336
0.07531896197295754,0.01561779670116437,0.0009482997977485336
0.07541418197295754,0.01561779670116437,0.0009482997977485336
0.07550940197295754,0.01561779670116437,0.0009482997977485336
0.07560462197295753,0.01561779670116437,0.0009482997977485336
0.07569984197295754,0.01561779670116437,0.0009482997977485336
0.07579506197295754,0.01561779670116437,0.0009482997977485336
0.07589028197295754,0.01561779670116437,0.0006068594290283141
0.07598550197295753,0.01561779670116437,0.0006068594290283141
0.07608072197295754,0.01561779670116437,0.0009482997977485336
0.07617594197295754,0.01561779670116437,0.0009482997977485336
0.07627116197295754,0.01561779670116437,0.0009482997977485336
0.07636638197295753,0.01561779670116437,0.0006068594290283141
0.07646160197295754,0.01561779670116437,0.0009482997977485336
0.07655682197295754,0.01561779670116437,0.0009482997977485336
0.07665204197295754,0.01561779670116437,0.0009482997977485336
0.07674726197295753,0.01561779670116437,0.0009482997977485336
0.07684248197295754,0.01561779670116437,0.0009482997977485336
0.07693770197295755,0.01561779670116437,0.001289740166468739
0.07703292197295754,0.01561779670116437,0.001289740166468739
0.07712814197295753,0.01561779670116437,0.0009482997977485336
0.07722336197295754,0.01561779670116437,0.0009482997977485336
0.07731858197295755,0.01561779670116437,0.0009482997977485336
0.07741380197295754,0.01561779670116437,0.0009482997977485336
0.07750902197295753,0.01561779670116437,0.0009482997977485336
0.07760424197295754,0.01561779670116437,0.0009482997977485336
0.07769946197295755,0.01561779670116437,0.0009482997977485336
0.07779468197295754,0.01561779670116437,0.0009482997977485336
0.07788990197295753,0.01561779670116437,0.0009482997977485336
0.07798512197295754,0.01561779670116437,0.0009482997977485336
0.07808034197295755,0.01561779670116437,0.0009482997977485336
0.07817556197295754,0.01561779670116437,0.0009482997977485336
0.07827078197295753,0.01561779670116437,0.0009482997977485336
0.07836600197295754,0.01561779670116437,0.0009482997977485336
0.07846122197295755,0.01561779670116437,0.0009482997977485336
0.07855644197295754,0.01561779670116437,0.0009482997977485336
0.07865166197295753,0.01561779670116437,0.0009482997977485336
0.07874688197295754,0.01561779670116437,0.0009482997977485336
0.07884210197295755,0.01561779670116437,0.0009482997977485336
0.07893732197295754,0.01561779670116437,0.001631180535188959
0.07903254197295753,0.01561779670116437,0.001289740166468739
0.07912776197295754,0.01561779670116437,0.0009482997977485336
0.07922298197295755,0.01561779670116437,0.0009482997977485336
0.07931820197295754,0.01561779670116437,0.0009482997977485336
0.07941342197295753,0.01561779670116437,0.0009482997977485336
0.07950864197295754,0.01561779670116437,0.0009482997977485336
0.07960386197295755,0.01561779670116437,0.0009482997977485336
0.07969908197295753,0.01561779670116437,0.0009482997977485336
0.07979430197295753,0.01561779670116437,0.0009482997977485336
0.07988952197295754,0.01561779670116437,0.0009482997977485336
0.07998474197295753,0.01561779670116437,-7.602130841211086e-05
0.08007996197295753,0.01561779670116437,0.0009482997977485336
0.08017518197295753,0.01561779670116437,0.0009482997977485336
0.08027040197295754,0.01561779670116437,0.0009482997977485336
0.08036562197295753,0.01561779670116437,0.0009482997977485336
0.08046084197295753,0.01561779670116437,0.0009482997977485336
0.08055606197295753,0.01561779670116437,0.0009482997977485336
0.08065128197295754,0.01561779670116437,0.0009482997977485336
0.08074650197295753,0.01561779670116437,0.0009482997977485336
0.08084172197295753,0.01561779670116437,0.0009482997977485336
0.08093694197295753,0.01561779670116437,0.001631180535188959
0.08103216197295754,0.01561779670116437,0.001289740166468739
0.08112738197295753,0.01561779670116437,0.001289740166468739
0.08122260197295753,0.01561779670116437,0.0009482997977485336
0.08131782197295753,0.01561779670116437,0.0009482997977485336
0.08141304197295754,0.01561779670116437,0.0009482997977485336
0.08150826197295753,0.01561779670116437,0.0009482997977485336
0.08160348197295753,0.01561779670116437,0.0009482997977485336
0.08169870197295753,0.01561779670116437,0.0009482997977485336
0.08179392197295754,0.01561779670116437,0.0009482997977485336
0.08188914197295753,0.01561779670116437,0.001289740166468739
0.08198436197295753,0.01561779670116437,0.0009482997977485336
0.08207958197295753,0.01561779670116437,0.0009482997977485336
0.08217480197295754,0.01561779670116437,0.0009482997977485336
0.08227002197295753,0.01561779670116437,0.0009482997977485336
0.08236524197295753,0.01561779670116437,0.0009482997977485336
0.08246046197295753,0.01561779670116437,0.0009482997977485336
0.08255568197295754,0.01561779670116437,0.0009482997977485336
0.08265090197295753,0.01561779670116437,0.001289740166468739
0.08274612197295753,0.01561779670116437,0.001289740166468739
0.08284134197295753,0.01561779670116437,0.001289740166468739
0.08293656197295754,0.01561779670116437,0.0009482997977485336
0.08303178197295753,0.01561779670116437,0.0009482997977485336
0.08312700197295753,0.01561779670116437,0.0009482997977485336
0.08322222197295753,0.01561779670116437,0.0009482997977485336
0.08331744197295754,0.01561779670116437,0.0009482997977485336
0.08341266197295753,0.01561779670116437,0.0009482997977485336
0.08350788197295753,0.01561779670116437,0.0009482997977485336
0.08360310197295753,0.01561779670116437,0.0009482997977485336
0.08369832197295754,0.01561779670116437,0.0009482997977485336
0.08379354197295753,0.01561779670116437,0.0009482997977485336
0.08388876197295753,0.01561779670116437,0.0009482997977485336
0.08398398197295753,0.01561779670116437,0.001289740166468739
0.08407920197295754,0.01561779670116437,0.001289740166468739
0.08417442197295753,0.01561779670116437,0.0009482997977485336
0.08426964197295753,0.01561779670116437,0.0009482997977485336
0.08436486197295753,0.01561779670116437,0.0009482997977485336
0.08446008197295754,0.01561779670116437,0.0009482997977485336
0.08455530197295753,0.01561779670116437,0.001289740166468739
0.08465052197295753,0.01561779670116437,0.0009482997977485336
0.08474574197295753,0.01561779670116437,0.0009482997977485336
0.08484096197295754,0.01561779670116437,0.0009482997977485336
0.08493618197295753,0.01561779670116437,0.0002654190603080947
0.08503140197295753,0.01561779670116437,0.0006068594290283141
0.08512662197295753,0.01561779670116437,0.0009482997977485336
0.08522184197295754,0.01561779670116437,0.0009482997977485336
0.08531706197295753,0.01561779670116437,0.0009482997977485336
0.08541228197295753,0.01561779670116437,0.0009482997977485336
0.08550750197295753,0.01561779670116437,0.0009482997977485336
0.08560272197295754,0.01561779670116437,0.0009482997977485336
0.08569794197295753,0.01561779670116437,0.0009482997977485336
0.08579316197295753,0.01561779670116437,0.0009482997977485336
0.08588838197295753,0.01561779670116437,0.0009482997977485336
0.08598360197295754,0.01561779670116437,0.001972620903909164
0.08607882197295753,0.01561779670116437,0.001289740166468739
0.08617404197295753,0.01561779670116437,0.001289740166468739
0.08626926197295753,0.01561779670116437,0.0009482997977485336
0.08636448197295754,0.01561779670116437,0.0009482997977485336
0.08645970197295753,0.01561779670116437,0.0009482997977485336
0.08655492197295753,0.01561779670116437,0.0009482997977485336
0.08665014197295753,0.01561779670116437,0.0009482997977485336
0.08674536197295754,0.01561779670116437,0.0009482997977485336
0.08684058197295753,0.01561779670116437,0.0009482997977485336
0.08693580197295753,0.01561779670116437,0.0006068594290283141
0.08703102197295753,0.01561779670116437,0.0006068594290283141
0.08712624197295754,0.01561779670116437,0.0009482997977485336
0.08722146197295753,0.01561779670116437,0.0009482997977485336
0.08731668197295753,0.01561779670116437,0.0009482997977485336
0.08741190197295753,0.01561779670116437,0.0009482997977485336
0.08750712197295754,0.01561779670116437,0.0009482997977485336
0.08760234197295753,0.01561779670116437,0.0009482997977485336
0.08769756197295753,0.01561779670116437,0.0009482997977485336
0.08779278197295753,0.01561779670116437,0.0009482997977485336
0.08788800197295754,0.01561779670116437,0.0009482997977485336
0.08798322197295753,0.01561779670116437,0.0009482997977485336
0.08807844197295753,0.01561779670116437,0.0009482997977485336
0.08817366197295753,0.01561779670116437,0.0009482997977485336
0.08826888197295754,0.01561779670116437,0.0009482997977485336
0.08836410197295753,0.01561779670116437,0.0009482997977485336
0.08845932197295753,0.01561779670116437,0.0009482997977485336
0.08855454197295753,0.01561779670116437,0.0009482997977485336
0.08864976197295754,0.01561779670116437,0.0009482997977485336
0.08874498197295753,0.01561779670116437,0.0009482997977485336
0.08884020197295753,0.01561779670116437,0.0009482997977485336
0.08893542197295753,0.01561779670116437,0.0009482997977485336
0.08903064197295754,0.01561779670116437,0.0009482997977485336
0.08912586197295753,0.01561779670116437,0.0009482997977485336
0.08922108197295753,0.01561779670116437,0.001289740166468739
0.08931630197295753,0.01561779670116437,0.0009482997977485336
0.08941152197295754,0.01561779670116437,0.0009482997977485336
0.08950674197295753,0.01561779670116437,0.0009482997977485336
0.08960196197295753,0.01561779670116437,0.0009482997977485336
0.08969718197295753,0.01561779670116437,0.0009482997977485336
0.08979240197295754,0.01561779670116437,0.0009482997977485336
0.08988762197295753,0.01561779670116437,0.0009482997977485336
0.08998284197295753,0.01561779670116437,0.001289740166468739
0.09007806197295753,0.01561779670116437,0.0009482997977485336
0.09017328197295754,0.01561779670116437,0.0009482997977485336
0.09026850197295753,0.01561779670116437,0.0009482997977485336
0.09036372197295753,0.01561779670116437,0.0009482997977485336
0.09045894197295754,0.01561779670116437,0.0009482997977485336
0.09055416197295754,0.01561779670116437,0.0009482997977485336
0.09064938197295754,0.01561779670116437,0.0009482997977485336
0.09074460197295753,0.01561779670116437,0.0009482997977485336
0.09083982197295754,0.01561779670116437,0.0009482997977485336
0.09093504197295754,0.01561779670116437,0.0009482997977485336
0.09103026197295754,0.01561779670116437,0.0009482997977485336
0.09112548197295753,0.01561779670116437,0.0009482997977485336
0.09122070197295754,0.01561779670116437,0.0009482997977485336
0.09131592197295754,0.01561779670116437,0.0009482997977485336
0.09141114197295754,0.01561779670116437,0.0009482997977485336
0.09150636197295753,0.01561779670116437,0.0009482997977485336
0.09160158197295754,0.01561779670116437,0.0009482997977485336
0.09169680197295754,0.01561779670116437,0.0009482997977485336
0.09179202197295754,0.01561779670116437,0.0009482997977485336
0.09188724197295753,0.01561779670116437,0.0009482997977485336
0.09198246197295754,0.01561779670116437,0.0006068594290283141
0.09207768197295754,0.01561779670116437,0.0009482997977485336
0.09217290197295754,0.01561779670116437,0.0009482997977485336
0.09226812197295753,0.01561779670116437,0.0009482997977485336
0.09236334197295754,0.01561779670116437,0.0009482997977485336
0.09245856197295754,0.01561779670116437,0.0009482997977485336
0.09255378197295754,0.01561779670116437,0.0009482997977485336
0.09264900197295753,0.01561779670116437,0.0009482997977485336
0.09274422197295754,0.01561779670116437,0.0009482997977485336
0.09283944197295754,0.01561779670116437,0.0009482997977485336
0.09293466197295754,0.01561779670116437,0.001289740166468739
0.09302988197295753,0.01561779670116437,0.001289740166468739
0.09312510197295754,0.01561779670116437,0.0009482997977485336
0.09322032197295754,0.01561779670116437,0.0009482997977485336
0.09331554197295754,0.01561779670116437,0.0009482997977485336
0.09341076197295753,0.01561779670116437,0.0009482997977485336
0.09350598197295754,0.01561779670116437,0.0009482997977485336
0.09360120197295754,0.01561779670116437,0.0009482997977485336
0.09369642197295754,0.01561779670116437,0.0009482997977485336
0.09379164197295753,0.01561779670116437,0.0009482997977485336
0.09388686197295754,0.01561779670116437,0.0009482997977485336
0.09398208197295754,0.01561779670116437,0.0009482997977485336
0.09407730197295754,0.01561779670116437,0.0009482997977485336
0.09417252197295753,0.01561779670116437,0.0009482997977485336
0.09426774197295754,0.01561779670116437,0.0009482997977485336
0.09436296197295754,0.01561779670116437,0.0009482997977485336
0.09445818197295754,0.01561779670116437,0.0009482997977485336
0.09455340197295753,0.01561779670116437,0.0009482997977485336
0.09464862197295754,0.01561779670116437,0.0009482997977485336
0.09474384197295754,0.01561779670116437,0.0009482997977485336
0.09483906197295754,0.01561779670116437,0.0009482997977485336
0.09493428197295753,0.01561779670116437,0.001289740166468739
0.09502950197295754,0.01561779670116437,0.001289740166468739
0.09512472197295754,0.01561779670116437,0.0009482997977485336
0.09521994197295754,0.01561779670116437,0.0009482997977485336
0.09531516197295753,0.01561779670116437,0.0009482997977485336
0.09541038197295754,0.01184571808256063,0.0009482997977485336
0.09550560197295754,0.01561779670116437,0.0009482997977485336
0.09560082197295754,0.01561779670116437,0.0009482997977485336
0.09569604197295753,0.01561779670116437,0.0009482997977485336
0.09579126197295754,0.01561779670116437,0.0009482997977485336
0.09588648197295754,0.01561779670116437,0.0009482997977485336
0.09598170197295754,0.01561779670116437,-0.0004174616771323303
0.09607692197295753,0.01561779670116437,0.0006068594290283141
0.09617214197295754,0.01561779670116437,0.0006068594290283141
0.09626736197295754,0.01561779670116437,0.0006068594290283141
0.09636258197295754,0.01561779670116437,0.0006068594290283141
0.09645780197295753,0.01561779670116437,0.0006068594290283141
0.09655302197295754,0.01561779670116437,0.0006068594290283141
0.09664824197295754,0.01561779670116437,0.0006068594290283141
0.09674346197295754,0.01561779670116437,0.0009482997977485336
0.09683868197295753,0.01561779670116437,0.0009482997977485336
0.09693390197295754,0.01561779670116437,0.001289740166468739
0.09702912197295754,0.01561779670116437,0.001289740166468739
0.09712434197295754,0.01561779670116437,0.001289740166468739
0.09721956197295753,0.01561779670116437,0.001289740166468739
0.09731478197295754,0.01561779670116437,0.0009482997977485336
0.09741000197295754,0.01561779670116437,0.0009482997977485336
0.09750522197295754,0.01561779670116437,0.0009482997977485336
0.09760044197295753,0.01561779670116437,0.0009482997977485336
0.09769566197295754,0.01561779670116437,0.0009482997977485336
0.09779088197295754,0.01561779670116437,0.0009482997977485336
0.09788610197295754,0.01561779670116437,0.0009482997977485336
0.09798132197295753,0.01561779670116437,0.0009482997977485336
0.09807654197295754,0.01561779670116437,0.0009482997977485336
0.09817176197295754,0.01561779670116437,0.0009482997977485336
0.09826698197295754,0.01561779670116437,0.0009482997977485336
0.09836220197295753,0.01561779670116437,0.0009482997977485336
0.09845742197295754,0.01561779670116437,0.0009482997977485336
0.09855264197295754,0.01561779670116437,0.0009482997977485336
0.09864786197295754,0.01561779670116437,0.0009482997977485336
0.09874308197295753,0.01561779670116437,0.0009482997977485336
0.09883830197295754,0.01561779670116437,0.0009482997977485336
0.09893352197295754,0.01561779670116437,0.0006068594290283141
0.09902874197295754,0.01561779670116437,0.0006068594290283141
0.09912396197295753,0.01561779670116437,0.0006068594290283141
0.09921918197295754,0.01561779670116437,0.0006068594290283141
0.09931440197295754,0.01561779670116437,0.0006068594290283141
0.09940962197295754,0.01561779670116437,0.0006068594290283141
0.09950484197295753,0.01561779670116437,0.0009482997977485336
0.09960006197295754,0.01561779670116437,0.0009482997977485336
0.09969528197295754,0.01561779670116437,0.0009482997977485336
0.09979050197295754,0.01561779670116437,0.0009482997977485336
0.09988572197295753,0.01561779670116437,0.0006068594290283141
0.09998094197295754,0.01561779670116437,0.001289740166468739
0.1000761619729575,0.01561779670116437,0.001289740166468739
0.1001713819729575,0.01561779670116437,0.001289740166468739
0.1002666019729575,0.01561779670116437,0.001289740166468739
0.1003618219729575,0.01561779670116437,0.001289740166468739
0.1004570419729575,0.01561779670116437,0.0009482997977485336
0.1005522619729575,0.01561779670116437,0.0009482997977485336
0.1006474819729575,0.01561779670116437,0.0009482997977485336
0.1007427019729575,0.01561779670116437,0.0009482997977485336
0.1008379219729575,0.01561779670116437,0.0009482997977485336
0.1009331419729575,0.01561779670116437,0.0006068594290283141
0.1010283619729575,0.01561779670116437,0.0006068594290283141
0.1011235819729575,0.01561779670116437,0.0009482997977485336
0.1012188019729575,0.01561779670116437,0.0009482997977485336
0.1013140219729575,0.01561779670116437,0.0009482997977485336
0.1014092419729575,0.01561779670116437,0.0009482997977485336
0.1015044619729575,0.01561779670116437,0.0009482997977485336
0.1015996819729575,0.01561779670116437,0.0009482997977485336
0.1016949019729575,0.01561779670116437,0.0009482997977485336
0.1017901219729575,0.01561779670116437,0.0009482997977485336
0.1018853419729575,0.01561779670116437,0.0009482997977485336
0.1019805619729575,0.01561779670116437,0.001631180535188959
0.1020757819729575,0.01561779670116437,0.0009482997977485336
0.1021710019729575,0.01561779670116437,0.0009482997977485336
0.1022662219729575,0.01561779670116437,0.0009482997977485336
0.1023614419729575,0.01561779670116437,0.0009482997977485336
0.1024566619729575,0.01561779670116437,0.0009482997977485336
0.1025518819729575,0.01561779670116437,0.0009482997977485336
0.1026471019729575,0.01561779670116437,0.0009482997977485336
0.1027423219729575,0.01561779670116437,0.0009482997977485336
0.1028375419729575,0.01561779670116437,0.0009482997977485336
0.1029327619729575,0.01561779670116437,0.0002654190603080947
0.1030279819729575,0.01561779670116437,0.0006068594290283141
0.1031232019729575,0.01561779670116437,0.0009482997977485336
0.1032184219729575,0.01561779670116437,0.0009482997977485336
0.1033136419729575,0.01561779670116437,0.0009482997977485336
0.1034088619729575,0.01561779670116437,0.0009482997977485336
0.1035040819729575,0.01561779670116437,0.0009482997977485336
0.1035993019729575,0.01561779670116437,0.0009482997977485336
0.1036945219729575,0.01561779670116437,0.0009482997977485336
0.1037897419729575,0.01561779670116437,0.0009482997977485336
0.1038849619729575,0.01561779670116437,0.0009482997977485336
0.1039801819729575,0.01561779670116437,0.001289740166468739
0.1040754019729575,0.01561779670116437,0.0009482997977485336
0.1041706219729575,0.01561779670116437,0.0009482997977485336
0.1042658419729575,0.01561779670116437,0.0009482997977485336
0.1043610619729575,0.01561779670116437,0.0009482997977485336
0.1044562819729575,0.01561779670116437,0.0009482997977485336
0.1045515019729575,0.01561779670116437,0.0009482997977485336
0.1046467219729575,0.01561779670116437,0.0009482997977485336
0.1047419419729575,0.01561779670116437,0.0009482997977485336
0.1048371619729575,0.01561779670116437,0.0009482997977485336
0.1049323819729575,0.01561779670116437,0.0009482997977485336
0.1050276019729575,0.01561779670116437,0.0009482997977485336
0.1051228219729575,0.01561779670116437,0.0006068594290283141
0.1052180419729575,0.01561779670116437,0.0006068594290283141
0.1053132619729575,0.01561779670116437,0.0009482997977485336
0.1054084819729575,0.01561779670116437,0.0009482997977485336
0.1055037019729575,0.01561779670116437,0.0009482997977485336
0.1055989219729575,0.01561779670116437,0.0009482997977485336
0.1056941419729575,0.01561779670116437,0.0009482997977485336
0.1057893619729575,0.01561779670116437,0.0009482997977485336
0.1058845819729575,0.01561779670116437,0.0009482997977485336
0.1059798019729575,0.01561779670116437,0.001631180535188959
0.1060750219729575,0.01561779670116437,0.0009482997977485336
0.1061702419729575,0.01561779670116437,0.0009482997977485336
0.1062654619729575,0.01561779670116437,0.0009482997977485336
0.1063606819729575,0.01561779670116437,0.0009482997977485336
0.1064559019729575,0.01561779670116437,0.0009482997977485336
0.1065511219729575,0.01561779670116437,0.0009482997977485336
0.1066463419729575,0.01561779670116437,0.0009482997977485336
0.1067415619729575,0.01561779670116437,0.0009482997977485336
0.1068367819729575,0.01561779670116437,0.0009482997977485336
0.1069320019729575,0.01561779670116437,0.0006068594290283141
0.1070272219729575,0.01561779670116437,0.0006068594290283141
0.1071224419729575,0.01561779670116437,0.0009482997977485336
0.1072176619729575,0.01561779670116437,0.0009482997977485336
0.1073128819729575,0.01561779670116437,0.0009482997977485336
0.1074081019729575,0.01561779670116437,0.0009482997977485336
0.1075033219729575,0.01561779670116437,0.0009482997977485336
0.1075985419729575,0.01561779670116437,0.0009482997977485336
0.1076937619729575,0.01561779670116437,0.0009482997977485336
0.1077889819729575,0.01561779670116437,0.0009482997977485336
0.1078842019729575,0.01561779670116437,0.0009482997977485336
0.1079794219729575,0.01561779670116437,0.0006068594290283141
0.1080746419729575,0.01561779670116437,0.0006068594290283141
0.1081698619729575,0.01561779670116437,0.0006068594290283141
0.1082650819729575,0.01561779670116437,0.0006068594290283141
0.1083603019729575,0.01561779670116437,0.0006068594290283141
0.1084555219729575,0.01561779670116437,0.0006068594290283141
0.1085507419729575,0.01561779670116437,0.0006068594290283141
0.1086459619729575,0.01561779670116437,0.0006068594290283141
0.1087411819729575,0.01561779670116437,0.0006068594290283141
0.1088364019729575,0.01561779670116437,0.0006068594290283141
0.1089316219729575,0.01561779670116437,0.0009482997977485336
0.1090268419729575,0.01561779670116437,0.0009482997977485336
0.1091220619729575,0.01561779670116437,0.0009482997977485336
0.1092172819729575,0.01561779670116437,0.0009482997977485336
0.1093125019729575,0.01561779670116437,0.0009482997977485336
0.1094077219729575,0.01561779670116437,0.0009482997977485336
0.1095029419729575,0.01561779670116437,0.0009482997977485336
0.1095981619729575,0.01561779670116437,0.0009482997977485336
0.1096933819729575,0.01561779670116437,0.0009482997977485336
0.1097886019729575,0.01561779670116437,0.0009482997977485336
0.1098838219729575,0.01561779670116437,0.0009482997977485336
0.1099790419729575,0.01561779670116437,0.0009482997977485336
0.1100742619729575,0.01561779670116437,0.0009482997977485336
0.1101694819729575,0.01561779670116437,0.0009482997977485336
0.1102647019729575,0.01561779670116437,0.0009482997977485336
0.1103599219729575,0.01561779670116437,0.0009482997977485336
0.1104551419729575,0.01561779670116437,0.0009482997977485336
0.1105503619729575,0.01561779670116437,0.0009482997977485336
0.1106455819729575,0.01561779670116437,0.0009482997977485336
0.1107408019729575,0.01561779670116437,0.0009482997977485336
0.1108360219729575,0.01561779670116437,0.0009482997977485336
0.1109312419729575,0.01561779670116437,0.001289740166468739
0.1110264619729575,0.01561779670116437,0.001289740166468739
0.1111216819729575,0.01561779670116437,0.0009482997977485336
0.1112169019729575,0.01561779670116437,0.0009482997977485336
0.1113121219729575,0.01561779670116437,0.0009482997977485336
0.1114073419729575,0.01561779670116437,0.0009482997977485336
0.1115025619729575,0.01561779670116437,0.0009482997977485336
0.1115977819729575,0.01561779670116437,0.0009482997977485336
0.1116930019729575,0.01561779670116437,0.0009482997977485336
0.1117882219729575,0.01561779670116437,0.0009482997977485336
0.1118834419729575,0.01561779670116437,0.0009482997977485336
0.1119786619729575,0.01561779670116437,-7.602130841211086e-05
0.1120738819729575,0.01561779670116437,0.0009482997977485336
0.1121691019729575,0.01561779670116437,0.0009482997977485336
0.1122643219729575,0.01561779670116437,0.0009482997977485336
0.1123595419729575,0.01561779670116437,0.0009482997977485336
0.1124547619729575,0.01561779670116437,0.0009482997977485336
0.1125499819729575,0.01561779670116437,0.0009482997977485336
0.1126452019729575,0.01561779670116437,0.0009482997977485336
0.1127404219729575,0.01184571808256063,0.0009482997977485336
0.1128356419729575,0.01561779670116437,0.0009482997977485336
0.1129308619729575,0.01561779670116437,0.001631180535188959
0.1130260819729575,0.01561779670116437,0.001289740166468739
0.1131213019729575,0.01561779670116437,0.0009482997977485336
0.1132165219729575,0.01561779670116437,0.0009482997977485336
0.1133117419729575,0.01561779670116437,0.0009482997977485336
0.1134069619729575,0.01561779670116437,0.0009482997977485336
0.1135021819729575,0.01561779670116437,0.0009482997977485336
0.1135974019729575,0.01561779670116437,0.0009482997977485336
0.1136926219729575,0.01561779670116437,0.0009482997977485336
0.1137878419729575,0.01561779670116437,0.0009482997977485336
0.1138830619729575,0.01561779670116437,0.0009482997977485336
0.1139782819729575,0.01561779670116437,0.0002654190603080947
0.1140735019729575,0.01561779670116437,0.0006068594290283141
0.1141687219729575,0.01561779670116437,0.0009482997977485336
0.1142639419729575,0.01561779670116437,0.0009482997977485336
0.1143591619729575,0.01561779670116437,0.0009482997977485336
0.1144543819729575,0.01561779670116437,0.0006068594290283141
0.1145496019729575,0.01561779670116437,0.0009482997977485336
0.1146448219729575,0.01561779670116437,0.0009482997977485336
0.1147400419729575,0.01561779670116437,0.0009482997977485336
0.1148352619729575,0.01561779670116437,0.0006068594290283141
0.1149304819729575,0.01561779670116437,0.0009482997977485336
0.1150257019729575,0.01561779670116437,0.0009482997977485336
0.1151209219729575,0.01561779670116437,0.0009482997977485336
0.1152161419729575,0.01561779670116437,0.0009482997977485336
0.1153113619729575,0.01561779670116437,0.0009482997977485336
0.1154065819729575,0.01561779670116437,0.0009482997977485336
0.1155018019729575,0.01561779670116437,0.0009482997977485336
0.1155970219729575,0.01561779670116437,0.0009482997977485336
0.1156922419729575,0.01561779670116437,0.0009482997977485336
0.1157874619729575,0.01561779670116437,0.0009482997977485336
0.1158826819729575,0.01561779670116437,0.0009482997977485336
0.1159779019729575,0.01561779670116437,0.001289740166468739
0.1160731219729575,0.01561779670116437,0.001289740166468739
0.1161683419729575,0.01561779670116437,0.0009482997977485336
0.1162635619729575,0.01561779670116437,0.0009482997977485336
0.1163587819729575,0.01561779670116437,0.0009482997977485336
0.1164540019729575,0.01561779670116437,0.0009482997977485336
0.1165492219729575,0.01561779670116437,0.0009482997977485336
0.1166444419729575,0.01561779670116437,0.0009482997977485336
0.1167396619729575,0.01561779670116437,0.0009482997977485336
0.1168348819729575,0.01561779670116437,0.0009482997977485336
0.1169301019729575,0.01561779670116437,0.0009482997977485336
0.1170253219729575,0.01561779670116437,0.0006068594290283141
0.1171205419729575,0.01561779670116437,0.0009482997977485336
0.1172157619729575,0.01561779670116437,0.0009482997977485336
0.1173109819729575,0.01561779670116437,0.0006068594290283141
0.1174062019729575,0.01561779670116437,0.0009482997977485336
0.1175014219729575,0.01561779670116437,0.0009482997977485336
0.1175966419729575,0.01561779670116437,0.0009482997977485336
0.1176918619729575,0.01561779670116437,0.0009482997977485336
0.1177870819729575,0.01561779670116437,0.0009482997977485336
0.1178823019729575,0.01561779670116437,0.0006068594290283141
0.1179775219729575,0.01561779670116437,0.001289740166468739
0.1180727419729575,0.01561779670116437,0.0009482997977485336
0.1181679619729575,0.01561779670116437,0.0009482997977485336
0.1182631819729575,0.01561779670116437,0.0009482997977485336
0.1183584019729575,0.01561779670116437,0.0009482997977485336
0.1184536219729575,0.01561779670116437,0.0009482997977485336
0.1185488419729575,0.01561779670116437,0.0009482997977485336
0.1186440619729575,0.01561779670116437,0.0009482997977485336
0.1187392819729575,0.01561779670116437,0.0009482997977485336
0.1188345019729575,0.01561779670116437,0.0009482997977485336
0.1189297219729575,0.01561779670116437,0.0002654190603080947
0.1190249419729575,0.01561779670116437,0.0006068594290283141
0.1191201619729575,0.01561779670116437,0.0006068594290283141
0.1192153819729575,0.01561779670116437,0.0006068594290283141
0.1193106019729575,0.01561779670116437,0.0006068594290283141
0.1194058219729575,0.01561779670116437,0.0006068594290283141
0.1195010419729575,0.01561779670116437,0.0006068594290283141
0.1195962619729575,0.01561779670116437,0.0006068594290283141
0.1196914819729575,0.01561779670116437,0.0006068594290283141
0.1197867019729575,0.01561779670116437,0.0009482997977485336
0.1198819219729575,0.01561779670116437,0.0006068594290283141
0.1199771419729575,0.01561779670116437,0.001289740166468739
0.1200723619729575,0.01561779670116437,0.0009482997977485336
0.1201675819729575,0.01561779670116437,0.0009482997977485336
0.1202628019729575,0.01561779670116437,0.0009482997977485336
0.1203580219729575,0.01561779670116437,0.0006068594290283141
0.1204532419729575,0.01561779670116437,0.0006068594290283141
0.1205484619729575,0.01561779670116437,0.0009482997977485336
0.1206436819729575,0.01561779670116437,0.0009482997977485336
0.1207389019729575,0.01561779670116437,0.0009482997977485336
0.1208341219729575,0.01561779670116437,0.0006068594290283141
0.1209293419729575,0.01561779670116437,0.0009482997977485336
0.1210245619729575,0.01561779670116437,0.0009482997977485336
0.1211197819729575,0.01561779670116437,0.0006068594290283141
0.1212150019729575,0.01561779670116437,0.0006068594290283141
0.1213102219729575,0.01561779670116437,0.0009482997977485336
0.1214054419729575,0.01561779670116437,0.0009482997977485336
0.1215006619729575,0.01561779670116437,0.0006068594290283141
0.1215958819729575,0.01561779670116437,0.0006068594290283141
0.1216911019729575,0.01561779670116437,0.0006068594290283141
0.1217863219729575,0.01561779670116437,0.0006068594290283141
0.1218815419729575,0.01561779670116437,0.0006068594290283141
0.1219767619729575,0.01561779670116437,0.001631180535188959
0.1220719819729575,0.01561779670116437,0.0009482997977485336
0.1221672019729575,0.01561779670116437,0.0009482997977485336
0.1222624219729575,0.01561779670116437,0.0009482997977485336
0.1223576419729575,0.01561779670116437,0.0009482997977485336
0.1224528619729575,0.01561779670116437,0.0009482997977485336
0.1225480819729575,0.01561779670116437,0.0009482997977485336
0.1226433019729575,0.01561779670116437,0.0009482997977485336
0.1227385219729575,0.01561779670116437,0.0006068594290283141
0.1228337419729575,0.01561779670116437,0.0009482997977485336
0.1229289619729575,0.01561779670116437,0.0002654190603080947
0.1230241819729575,0.01561779670116437,0.0002654190603080947
0.1231194019729575,0.01561779670116437,0.0009482997977485336
0.1232146219729575,0.01561779670116437,0.0006068594290283141
0.1233098419729575,0.01561779670116437,0.0009482997977485336
0.1234050619729575,0.01561779670116437,0.0009482997977485336
0.1235002819729575,0.01561779670116437,0.0009482997977485336
0.1235955019729575,0.01561779670116437,0.0006068594290283141
0.1236907219729575,0.01561779670116437,0.0006068594290283141
0.1237859419729575,0.01561779670116437,0.0009482997977485336
0.1238811619729575,0.01561779670116437,0.0009482997977485336
0.1239763819729575,0.01561779670116437,0.001289740166468739
0.1240716019729575,0.01561779670116437,0.0009482997977485336
0.1241668219729575,0.01561779670116437,0.0009482997977485336
0.1242620419729575,0.01561779670116437,0.0009482997977485336
0.1243572619729575,0.01561779670116437,0.0009482997977485336
0.1244524819729575,0.01561779670116437,0.0009482997977485336
0.1245477019729575,0.01561779670116437,0.0009482997977485336
0.1246429219729575,0.01561779670116437,0.0009482997977485336
0.1247381419729575,0.01561779670116437,0.0009482997977485336
0.1248333619729575,0.01561779670116437,0.0009482997977485336
0.1249285819729575,0.01561779670116437,0.0009482997977485336
0.1250238019729575,0.01561779670116437,0.0009482997977485336
0.1251190219729575,0.01561779670116437,0.0009482997977485336
0.1252142419729576,0.01561779670116437,0.0009482997977485336
0.1253094619729575,0.01561779670116437,0.0009482997977485336
0.1254046819729575,0.01561779670116437,0.0009482997977485336
0.1254999019729575,0.01561779670116437,0.0009482997977485336
0.1255951219729576,0.01561779670116437,0.0009482997977485336
0.1256903419729575,0.01561779670116437,0.0009482997977485336
0.1257855619729575,0.01561779670116437,0.0009482997977485336
0.1258807819729575,0.01561779670116437,0.0009482997977485336
0.1259760019729576,0.01561779670116437,0.0009482997977485336
0.1260712219729575,0.01561779670116437,0.0009482997977485336
0.1261664419729575,0.01561779670116437,0.0009482997977485336
0.1262616619729575,0.01561779670116437,0.0009482997977485336
0.1263568819729576,0.01561779670116437,0.0009482997977485336
0.1264521019729575,0.01561779670116437,0.0009482997977485336
0.1265473219729575,0.01561779670116437,0.0009482997977485336
0.1266425419729575,0.01561779670116437,0.0009482997977485336
0.1267377619729576,0.01561779670116437,0.0009482997977485336
0.1268329819729575,0.01561779670116437,0.0009482997977485336
0.1269282019729575,0.01561779670116437,0.0009482997977485336
0.1270234219729575,0.01561779670116437,0.0009482997977485336
0.1271186419729576,0.01561779670116437,0.0009482997977485336
0.1272138619729575,0.01561779670116437,0.0009482997977485336
0.1273090819729575,0.01561779670116437,0.0009482997977485336
0.1274043019729575,0.01561779670116437,0.0009482997977485336
0.1274995219729576,0.01561779670116437,0.0009482997977485336
0.1275947419729575,0.01561779670116437,0.0009482997977485336
0.1276899619729575,0.01561779670116437,0.0009482997977485336
0.1277851819729575,0.01561779670116437,0.0009482997977485336
0.1278804019729576,0.01561779670116437,0.0009482997977485336
0.1279756219729575,0.01561779670116437,0.0002654190603080947
0.1280708419729575,0.01561779670116437,0.0006068594290283141
0.1281660619729575,0.01561779670116437,0.0009482997977485336
0.1282612819729576,0.01561779670116437,0.0009482997977485336
0.1283565019729575,0.01561779670116437,0.0009482997977485336
0.1284517219729575,0.01561779670116437,0.0009482997977485336
0.1285469419729575,0.01561779670116437,0.0009482997977485336
0.1286421619729576,0.01561779670116437,0.0009482997977485336
0.1287373819729575,0.01561779670116437,0.0006068594290283141
0.1288326019729575,0.01561779670116437,0.0009482997977485336
0.1289278219729575,0.01561779670116437,0.001631180535188959
0.1290230419729576,0.01561779670116437,0.001289740166468739
0.1291182619729575,0.01561779670116437,0.0009482997977485336
0.1292134819729575,0.01561779670116437,0.0009482997977485336
0.1293087019729575,0.01561779670116437,0.0009482997977485336
0.1294039219729576,0.01561779670116437,0.0009482997977485336
0.1294991419729575,0.01561779670116437,0.0009482997977485336
0.1295943619729575,0.01561779670116437,0.0009482997977485336
0.1296895819729575,0.01561779670116437,0.0009482997977485336
0.1297848019729576,0.01561779670116437,0.0009482997977485336
0.1298800219729575,0.01561779670116437,0.0009482997977485336
0.1299752419729575,0.01561779670116437,0.0002654190603080947
0.1300704619729575,0.01561779670116437,0.0006068594290283141
0.1301656819729576,0.01561779670116437,0.0009482997977485336
0.1302609019729575,0.01561779670116437,0.0006068594290283141
0.1303561219729575,0.01561779670116437,0.0009482997977485336
0.1304513419729575,0.01561779670116437,0.0009482997977485336
0.1305465619729576,0.01561779670116437,0.0009482997977485336
0.1306417819729575,0.01561779670116437,0.0009482997977485336
0.1307370019729575,0.01561779670116437,0.0009482997977485336
0.1308322219729575,0.01561779670116437,0.0006068594290283141
0.1309274419729576,0.01561779670116437,0.0009482997977485336
0.1310226619729575,0.01561779670116437,0.0009482997977485336
0.1311178819729575,0.01561779670116437,0.0006068594290283141
0.1312131019729575,0.01561779670116437,0.0009482997977485336
0.1313083219729576,0.01561779670116437,0.0006068594290283141
0.1314035419729575,0.01561779670116437,0.0009482997977485336
0.1314987619729575,0.01561779670116437,0.0009482997977485336
0.1315939819729575,0.01561779670116437,0.0009482997977485336
0.1316892019729576,0.01561779670116437,0.0009482997977485336
0.1317844219729575,0.01561779670116437,0.0009482997977485336
0.1318796419729575,0.01561779670116437,0.0009482997977485336
0.1319748619729575,0.01561779670116437,0.0009482997977485336
0.1320700819729575,0.01561779670116437,0.0009482997977485336
0.1321653019729575,0.01561779670116437,0.0009482997977485336
0.1322605219729575,0.01561779670116437,0.0006068594290283141
0.1323557419729575,0.01561779670116437,0.0009482997977485336
0.1324509619729575,0.01561779670116437,0.0009482997977485336
0.1325461819729575,0.01561779670116437,0.0009482997977485336
0.1326414019729575,0.01561779670116437,0.0009482997977485336
0.1327366219729575,0.01561779670116437,0.0006068594290283141
0.1328318419729575,0.01561779670116437,0.0006068594290283141
0.1329270619729575,0.01561779670116437,0.0009482997977485336
0.1330222819729575,0.01561779670116437,0.001289740166468739
0.1331175019729575,0.01561779670116437,0.0009482997977485336
0.1332127219729575,0.01561779670116437,0.0009482997977485336
0.1333079419729575,0.01561779670116437,0.0009482997977485336
0.1334031619729575,0.01561779670116437,0.0009482997977485336
0.1334983819729575,0.01561779670116437,0.0009482997977485336
0.1335936019729575,0.01561779670116437,0.0009482997977485336
0.1336888219729575,0.01561779670116437,0.0009482997977485336
0.1337840419729575,0.01561779670116437,0.0009482997977485336
0.1338792619729575,0.01561779670116437,0.0009482997977485336
0.1339744819729575,0.01561779670116437,0.0006068594290283141
0.1340697019729575,0.01561779670116437,0.0009482997977485336
0.1341649219729575,0.01561779670116437,0.0009482997977485336
0.1342601419729575,0.01561779670116437,0.0009482997977485336
0.1343553619729575,0.01561779670116437,0.0009482997977485336
0.1344505819729575,0.01561779670116437,0.0009482997977485336
0.1345458019729575,0.01561779670116437,0.0009482997977485336
0.1346410219729575,0.01561779670116437,0.0009482997977485336
0.1347362419729575,0.01561779670116437,0.0009482997977485336
0.1348314619729575,0.01561779670116437,0.0009482997977485336
0.1349266819729575,0.01561779670116437,0.0006068594290283141
0.1350219019729575,0.01561779670116437,0.0006068594290283141
0.1351171219729575,0.01561779670116437,0.0009482997977485336
0.1352123419729575,0.01561779670116437,0.0009482997977485336
0.1353075619729575,0.01561779670116437,0.0009482997977485336
0.1354027819729575,0.01561779670116437,0.0009482997977485336
0.1354980019729575,0.01561779670116437,0.0009482997977485336
0.1355932219729575,0.01561779670116437,0.0009482997977485336
0.1356884419729575,0.01561779670116437,0.0009482997977485336
0.1357836619729575,0.01561779670116437,0.0009482997977485336
0.1358788819729575,0.01561779670116437,0.0009482997977485336
0.1359741019729575,0.01561779670116437,0.001289740166468739
0.1360693219729575,0.01561779670116437,0.001289740166468739
0.1361645419729575,0.01561779670116437,0.0009482997977485336
0.1362597619729575,0.01561779670116437,0.001289740166468739
0.1363549819729575,0.01561779670116437,0.001289740166468739
0.1364502019729575,0.01561779670116437,0.001289740166468739
0.1365454219729575,0.01561779670116437,0.001289740166468739
0.1366406419729575,0.01561779670116437,0.001289740166468739
0.1367358619729575,0.01561779670116437,0.001289740166468739
0.1368310819729575,0.01561779670116437,0.0009482997977485336
0.1369263019729575,0.01561779670116437,0.0009482997977485336
0.1370215219729575,0.01561779670116437,0.0009482997977485336
0.1371167419729575,0.01561779670116437,0.0009482997977485336
0.1372119619729575,0.01561779670116437,0.0009482997977485336
0.1373071819729575,0.01561779670116437,0.0009482997977485336
0.1374024019729575,0.01561779670116437,0.0009482997977485336
0.1374976219729575,0.01561779670116437,0.0009482997977485336
0.1375928419729575,0.01561779670116437,0.0009482997977485336
0.1376880619729575,0.01561779670116437,0.0009482997977485336
0.1377832819729575,0.01561779670116437,0.0009482997977485336
0.1378785019729575,0.01561779670116437,0.0009482997977485336
0.1379737219729575,0.01561779670116437,0.001289740166468739
0.1380689419729575,0.01561779670116437,0.0009482997977485336
0.1381641619729575,0.01561779670116437,0.0009482997977485336
0.1382593819729575,0.01561779670116437,0.0009482997977485336
0.1383546019729575,0.01561779670116437,0.0009482997977485336
0.1384498219729575,0.01561779670116437,0.0009482997977485336
0.1385450419729575,0.01561779670116437,0.0009482997977485336
0.1386402619729575,0.01561779670116437,0.0009482997977485336
0.1387354819729575,0.01561779670116437,0.0009482997977485336
0.1388307019729575,0.01561779670116437,0.0009482997977485336
0.1389259219729575,0.01561779670116437,0.0002654190603080947
0.1390211419729575,0.01561779670116437,0.0002654190603080947
0.1391163619729575,0.01561779670116437,0.0009482997977485336
0.1392115819729575,0.01561779670116437,0.0009482997977485336
0.1393068019729575,0.01561779670116437,0.0009482997977485336
0.1394020219729575,0.01561779670116437,0.0009482997977485336
0.1394972419729575,0.01561779670116437,0.0009482997977485336
0.1395924619729575,0.01561779670116437,0.0009482997977485336
0.1396876819729575,0.01561779670116437,0.0009482997977485336
0.1397829019729575,0.01561779670116437,0.0009482997977485336
0.1398781219729575,0.01561779670116437,0.0009482997977485336
0.1399733419729575,0.01561779670116437,0.001972620903909164
0.1400685619729575,0.01561779670116437,0.0009482997977485336
0.1401637819729575,0.01561779670116437,0.0009482997977485336
0.1402590019729575,0.01561779670116437,0.0009482997977485336
0.1403542219729575,0.01561779670116437,0.0009482997977485336
0.1404494419729575,0.01561779670116437,0.0009482997977485336
0.1405446619729575,0.01561779670116437,0.0009482997977485336
0.1406398819729575,0.01561779670116437,0.0009482997977485336
0.1407351019729575,0.01561779670116437,0.0009482997977485336
0.1408303219729575,0.01561779670116437,0.0009482997977485336
0.1409255419729575,0.01561779670116437,0.0009482997977485336
0.1410207619729575,0.01561779670116437,0.0009482997977485336
0.1411159819729575,0.01561779670116437,0.0009482997977485336
0.1412112019729575,0.01561779670116437,0.0009482997977485336
0.1413064219729575,0.01561779670116437,0.001289740166468739
0.1414016419729575,0.01561779670116437,0.0009482997977485336
0.1414968619729575,0.01561779670116437,0.0009482997977485336
0.1415920819729575,0.01561779670116437,0.0009482997977485336
0.1416873019729575,0.01561779670116437,0.0009482997977485336
0.1417825219729575,0.01561779670116437,0.001289740166468739
0.1418777419729575,0.01561779670116437,0.001289740166468739
0.1419729619729575,0.01561779670116437,0.0009482997977485336
0.1420681819729575,0.01561779670116437,0.0009482997977485336
0.1421634019729575,0.01561779670116437,0.0009482997977485336
0.1422586219729575,0.01561779670116437,0.0009482997977485336
0.1423538419729575,0.01561779670116437,0.0009482997977485336
0.1424490619729575,0.01561779670116437,0.0009482997977485336
0.1425442819729575,0.01561779670116437,0.0009482997977485336
0.1426395019729575,0.01561779670116437,0.0009482997977485336
0.1427347219729575,0.01561779670116437,0.0009482997977485336
0.1428299419729575,0.01561779670116437,0.0009482997977485336
0.1429251619729575,0.01561779670116437,0.0009482997977485336
0.1430203819729575,0.01561779670116437,0.001289740166468739
0.1431156019729575,0.01561779670116437,0.0009482997977485336
0.1432108219729575,0.01561779670116437,0.0009482997977485336
0.1433060419729575,0.01561779670116437,0.0009482997977485336
0.1434012619729575,0.01561779670116437,0.0009482997977485336
0.1434964819729575,0.01561779670116437,0.0009482997977485336
0.1435917019729575,0.01561779670116437,0.0009482997977485336
0.1436869219729575,0.01561779670116437,0.0009482997977485336
0.1437821419729576,0.01561779670116437,0.0009482997977485336
0.1438773619729575,0.01561779670116437,0.0009482997977485336
0.1439725819729575,0.01561779670116437,0.0006068594290283141
0.1440678019729575,0.01561779670116437,0.0009482997977485336
0.1441630219729576,0.01561779670116437,0.0009482997977485336
0.1442582419729575,0.01561779670116437,0.0009482997977485336
0.1443534619729575,0.01561779670116437,0.0009482997977485336
0.1444486819729575,0.01561779670116437,0.0009482997977485336
0.1445439019729576,0.01561779670116437,0.0009482997977485336
0.1446391219729575,0.01561779670116437,0.0009482997977485336
0.1447343419729575,0.01561779670116437,0.0009482997977485336
0.1448295619729575,0.01561779670116437,0.0009482997977485336
0.1449247819729576,0.01561779670116437,0.001289740166468739
0.1450200019729575,0.01561779670116437,0.001289740166468739
0.1451152219729575,0.01561779670116437,0.0009482997977485336
0.1452104419729575,0.01561779670116437,0.0009482997977485336
0.1453056619729576,0.01561779670116437,0.0009482997977485336
0.1454008819729575,0.01561779670116437,0.001289740166468739
0.1454961019729575,0.01561779670116437,0.0009482997977485336
0.1455913219729575,0.01561779670116437,0.001289740166468739
0.1456865419729576,0.01561779670116437,0.0009482997977485336
0.1457817619729575,0.01561779670116437,0.0009482997977485336
0.1458769819729575,0.01561779670116437,0.0009482997977485336
0.1459722019729575,0.01561779670116437,0.0002654190603080947
0.1460674219729576,0.01561779670116437,0.0009482997977485336
0.1461626419729575,0.01561779670116437,0.0009482997977485336
0.1462578619729575,0.01561779670116437,0.0009482997977485336
0.1463530819729575,0.01561779670116437,0.0009482997977485336
0.1464483019729576,0.01561779670116437,0.0009482997977485336
0.1465435219729575,0.01561779670116437,0.0009482997977485336
0.1466387419729575,0.01561779670116437,0.0009482997977485336
0.1467339619729575,0.01561779670116437,0.0009482997977485336
0.1468291819729576,0.01561779670116437,0.0009482997977485336
0.1469244019729575,0.01561779670116437,0.001289740166468739
0.1470196219729575,0.01561779670116437,0.0009482997977485336
0.1471148419729575,0.01561779670116437,0.0009482997977485336
0.1472100619729576,0.01561779670116437,0.0009482997977485336
0.1473052819729575,0.01561779670116437,0.0009482997977485336
0.1474005019729575,0.01561779670116437,0.0009482997977485336
0.1474957219729575,0.01561779670116437,0.0006068594290283141
0.1475909419729576,0.01561779670116437,0.0009482997977485336
0.1476861619729575,0.01561779670116437,0.0009482997977485336
0.1477813819729575,0.01561779670116437,0.0009482997977485336
0.1478766019729575,0.01561779670116437,0.0009482997977485336
0.1479718219729576,0.01561779670116437,0.0009482997977485336
0.1480670419729575,0.01561779670116437,0.0009482997977485336
0.1481622619729575,0.01561779670116437,0.0009482997977485336
0.1482574819729575,0.01561779670116437,0.0009482997977485336
0.1483527019729576,0.01561779670116437,0.0009482997977485336
0.1484479219729575,0.01561779670116437,0.0009482997977485336
0.1485431419729575,0.01561779670116437,0.0009482997977485336
0.1486383619729575,0.01561779670116437,0.0009482997977485336
0.1487335819729576,0.01561779670116437,0.0009482997977485336
0.1488288019729575,0.01561779670116437,0.0009482997977485336
0.1489240219729575,0.01561779670116437,0.001289740166468739
0.1490192419729575,0.01561779670116437,0.001289740166468739
0.1491144619729576,0.01561779670116437,0.0009482997977485336
0.1492096819729575,0.01561779670116437,0.0009482997977485336
0.1493049019729575,0.01561779670116437,0.0009482997977485336
0.1494001219729575,0.01561779670116437,0.0009482997977485336
0.1494953419729576,0.01561779670116437,0.0009482997977485336
0.1495905619729575,0.01561779670116437,0.0009482997977485336
0.1496857819729575,0.01561779670116437,0.0009482997977485336
0.1497810019729575,0.01561779670116437,0.0009482997977485336
0.1498762219729576,0.01561779670116437,0.001289740166468739
0.1499714419729575,0.01561779670116437,-7.602130841211086e-05
0.1500666619729575,0.01561779670116437,0.0006068594290283141
0.1501618819729575,0.01561779670116437,0.0009482997977485336
0.1502571019729576,0.01561779670116437,0.0009482997977485336
0.1503523219729575,0.01561779670116437,0.0009482997977485336
0.1504475419729575,0.01561779670116437,0.0009482997977485336
0.1505427619729575,0.01561779670116437,0.0009482997977485336
0.1506379819729576,0.01561779670116437,0.0009482997977485336
0.1507332019729575,0.01561779670116437,0.0009482997977485336
0.1508284219729575,0.01561779670116437,0.0009482997977485336
0.1509236419729575,0.01561779670116437,0.0009482997977485336
0.1510188619729576,0.01561779670116437,0.0009482997977485336
0.1511140819729575,0.01561779670116437,0.0009482997977485336
0.1512093019729575,0.01561779670116437,0.0009482997977485336
0.1513045219729575,0.01561779670116437,0.0009482997977485336
0.1513997419729576,0.01561779670116437,0.0009482997977485336
0.1514949619729575,0.01561779670116437,0.0009482997977485336
0.1515901819729575,0.01561779670116437,0.0009482997977485336
0.1516854019729575,0.01561779670116437,0.0006068594290283141
0.1517806219729576,0.01561779670116437,0.0009482997977485336
0.1518758419729575,0.01561779670116437,0.0009482997977485336
0.1519710619729575,0.01561779670116437,0.001289740166468739
0.1520662819729575,0.01561779670116437,0.0009482997977485336
0.1521615019729576,0.01561779670116437,0.0009482997977485336
0.1522567219729575,0.01561779670116437,0.0009482997977485336
0.1523519419729575,0.01561779670116437,0.0009482997977485336
0.1524471619729575,0.01561779670116437,0.0009482997977485336
0.1525423819729576,0.01561779670116437,0.0009482997977485336
0.1526376019729575,0.01561779670116437,0.0009482997977485336
0.1527328219729575,0.01561779670116437,0.0009482997977485336
0.1528280419729575,0.01561779670116437,0.0009482997977485336
0.1529232619729576,0.01561779670116437,0.0009482997977485336
0.1530184819729575,0.01561779670116437,0.0009482997977485336
0.1531137019729575,0.01561779670116437,0.0009482997977485336
0.1532089219729575,0.01561779670116437,0.0009482997977485336
0.1533041419729576,0.01561779670116437,0.0009482997977485336
0.1533993619729575,0.01561779670116437,0.0009482997977485336
0.1534945819729575,0.01561779670116437,0.0009482997977485336
0.1535898019729575,0.01561779670116437,0.0009482997977485336
0.1536850219729576,0.01561779670116437,0.0009482997977485336
0.1537802419729575,0.01561779670116437,0.0009482997977485336
0.1538754619729575,0.01561779670116437,0.0009482997977485336
0.1539706819729575,0.01561779670116437,0.001289740166468739
0.1540659019729576,0.01561779670116437,0.0009482997977485336
0.1541611219729575,0.01561779670116437,0.0009482997977485336
0.1542563419729575,0.01561779670116437,0.0009482997977485336
0.1543515619729575,0.01561779670116437,0.0009482997977485336
0.1544467819729576,0.01561779670116437,0.0009482997977485336
0.1545420019729575,0.01561779670116437,0.0009482997977485336
0.1546372219729575,0.01561779670116437,0.0009482997977485336
0.1547324419729575,0.01561779670116437,0.0009482997977485336
0.1548276619729576,0.01561779670116437,0.0009482997977485336
0.1549228819729575,0.01561779670116437,0.0002654190603080947
0.1550181019729575,0.01561779670116437,0.0006068594290283141
0.1551133219729575,0.01561779670116437,0.0009482997977485336
0.1552085419729576,0.01561779670116437,0.0009482997977485336
0.1553037619729575,0.01561779670116437,0.0009482997977485336
0.1553989819729575,0.01561779670116437,0.0009482997977485336
0.1554942019729575,0.01561779670116437,0.0009482997977485336
0.1555894219729576,0.01561779670116437,0.0009482997977485336
0.1556846419729575,0.01561779670116437,0.0009482997977485336
0.1557798619729575,0.01561779670116437,0.0009482997977485336
0.1558750819729575,0.01561779670116437,0.0009482997977485336
0.1559703019729576,0.01561779670116437,0.001972620903909164
0.1560655219729575,0.01561779670116437,0.001289740166468739
0.1561607419729575,0.01561779670116437,0.0009482997977485336
0.1562559619729575,0.01561779670116437,0.0009482997977485336
0.1563511819729576,0.01561779670116437,0.0009482997977485336
0.1564464019729575,0.01561779670116437,0.0009482997977485336
0.1565416219729575,0.01561779670116437,0.0009482997977485336
0.1566368419729575,0.01561779670116437,0.0009482997977485336
0.1567320619729576,0.01561779670116437,0.0009482997977485336
0.1568272819729575,0.01561779670116437,0.0009482997977485336
0.1569225019729575,0.01561779670116437,0.0006068594290283141
0.1570177219729575,0.01561779670116437,0.0006068594290283141
0.1571129419729576,0.01561779670116437,0.0009482997977485336
0.1572081619729575,0.01561779670116437,0.0009482997977485336
0.1573033819729575,0.01561779670116437,0.0009482997977485336
0.1573986019729575,0.01561779670116437,0.0009482997977485336
0.1574938219729576,0.01561779670116437,0.0009482997977485336
0.1575890419729575,0.01561779670116437,0.0009482997977485336
0.1576842619729575,0.01561779670116437,0.0009482997977485336
0.1577794819729575,0.01561779670116437,0.0009482997977485336
0.1578747019729576,0.01561779670116437,0.0009482997977485336
0.1579699219729575,0.01561779670116437,0.0009482997977485336
0.1580651419729575,0.01561779670116437,0.0009482997977485336
0.1581603619729575,0.01561779670116437,0.0009482997977485336
0.1582555819729575,0.01561779670116437,0.0006068594290283141
0.1583508019729575,0.01561779670116437,0.0009482997977485336
0.1584460219729575,0.01561779670116437,0.0009482997977485336
0.1585412419729575,0.01561779670116437,0.0009482997977485336
0.1586364619729576,0.01561779670116437,0.0006068594290283141
0.1587316819729575,0.01561779670116437,0.0009482997977485336
0.1588269019729575,0.01561779670116437,0.0009482997977485336
0.1589221219729575,0.01561779670116437,0.0009482997977485336
0.1590173419729575,0.01561779670116437,0.0009482997977485336
0.1591125619729575,0.01184571808256063,0.0009482997977485336
0.1592077819729575,0.01561779670116437,0.0009482997977485336
0.1593030019729575,0.01561779670116437,0.0009482997977485336
0.1593982219729576,0.01561779670116437,0.0009482997977485336
0.1594934419729575,0.01561779670116437,0.0009482997977485336
0.1595886619729575,0.01561779670116437,0.0009482997977485336
0.1596838819729575,0.01561779670116437,0.0009482997977485336
0.1597791019729575,0.01561779670116437,0.0009482997977485336
0.1598743219729575,0.01561779670116437,0.0009482997977485336
0.1599695419729575,0.01561779670116437,0.0006068594290283141
0.1600647619729575,0.01561779670116437,0.0009482997977485336
0.1601599819729576,0.01184571808256063,0.0009482997977485336
0.1602552019729575,0.01561779670116437,0.0009482997977485336
0.1603504219729575,0.01561779670116437,0.0009482997977485336
0.1604456419729575,0.01561779670116437,0.0009482997977485336
0.1605408619729575,0.01561779670116437,0.0009482997977485336
0.1606360819729575,0.01561779670116437,0.0009482997977485336
0.1607313019729575,0.01561779670116437,0.0009482997977485336
0.1608265219729575,0.01561779670116437,0.0009482997977485336
0.1609217419729576,0.01561779670116437,0.001289740166468739
0.1610169619729575,0.01561779670116437,0.001289740166468739
0.1611121819729575,0.01561779670116437,0.0009482997977485336
0.1612074019729575,0.01561779670116437,0.0009482997977485336
0.1613026219729575,0.01561779670116437,0.0009482997977485336
0.1613978419729575,0.01561779670116437,0.0009482997977485336
0.1614930619729575,0.01561779670116437,0.0009482997977485336
0.1615882819729575,0.01561779670116437,0.0009482997977485336
0.1616835019729576,0.01561779670116437,0.0009482997977485336
0.1617787219729575,0.01561779670116437,0.0009482997977485336
0.1618739419729575,0.01561779670116437,0.0009482997977485336
0.1619691619729575,0.01561779670116437,0.0002654190603080947
0.1620643819729575,0.01561779670116437,0.0009482997977485336
0.1621596019729575,0.01561779670116437,0.0009482997977485336
0.1622548219729575,0.01561779670116437,0.0009482997977485336
0.1623500419729575,0.01561779670116437,0.0009482997977485336
0.1624452619729576,0.01561779670116437,0.0009482997977485336
0.1625404819729575,0.01561779670116437,0.0009482997977485336
0.1626357019729575,0.01561779670116437,0.0009482997977485336
0.1627309219729575,0.01561779670116437,0.0009482997977485336
0.1628261419729575,0.01561779670116437,0.0009482997977485336
0.1629213619729575,0.01561779670116437,0.0009482997977485336
0.1630165819729575,0.01561779670116437,0.0009482997977485336
0.1631118019729575,0.01561779670116437,0.0006068594290283141
0.1632070219729576,0.01561779670116437,0.0006068594290283141
0.1633022419729575,0.01561779670116437,0.0006068594290283141
0.1633974619729575,0.01561779670116437,0.0006068594290283141
0.1634926819729575,0.01561779670116437,0.0006068594290283141
0.1635879019729575,0.01561779670116437,0.0006068594290283141
0.1636831219729575,0.01561779670116437,0.0006068594290283141
0.1637783419729575,0.01561779670116437,0.0006068594290283141
0.1638735619729575,0.01561779670116437,0.0006068594290283141
0.1639687819729576,0.01561779670116437,0.0009482997977485336
0.1640640019729575,0.01561779670116437,0.0006068594290283141
0.1641592219729575,0.01561779670116437,0.0006068594290283141
0.1642544419729575,0.01561779670116437,0.0006068594290283141
0.1643496619729575,0.01561779670116437,0.0009482997977485336
0.1644448819729575,0.01561779670116437,0.0006068594290283141
0.1645401019729575,0.01561779670116437,0.0009482997977485336
0.1646353219729575,0.01561779670116437,0.0006068594290283141
0.1647305419729576,0.01561779670116437,0.0009482997977485336
0.1648257619729575,0.01561779670116437,0.0006068594290283141
0.1649209819729575,0.01561779670116437,0.001289740166468739
0.1650162019729575,0.01561779670116437,0.001289740166468739
0.1651114219729575,0.01561779670116437,0.0009482997977485336
0.1652066419729575,0.01561779670116437,0.0009482997977485336
0.1653018619729575,0.01561779670116437,0.0009482997977485336
0.1653970819729575,0.01561779670116437,0.0009482997977485336
0.1654923019729576,0.01561779670116437,0.0009482997977485336
0.1655875219729575,0.01561779670116437,0.0009482997977485336
0.1656827419729575,0.01561779670116437,0.0009482997977485336
0.1657779619729575,0.01561779670116437,0.0009482997977485336
0.1658731819729575,0.01561779670116437,0.0009482997977485336
0.1659684019729575,0.01561779670116437,-7.602130841211086e-05
0.1660636219729575,0.01561779670116437,0.0006068594290283141
0.1661588419729575,0.01561779670116437,0.0009482997977485336
0.1662540619729576,0.01561779670116437,0.0009482997977485336
0.1663492819729575,0.01561779670116437,0.0009482997977485336
0.1664445019729575,0.01561779670116437,0.0009482997977485336
0.1665397219729575,0.01561779670116437,0.0009482997977485336
0.1666349419729575,0.01561779670116437,0.0009482997977485336
0.1667301619729575,0.01561779670116437,0.0009482997977485336
0.1668253819729575,0.01561779670116437,0.0009482997977485336
0.1669206019729575,0.01561779670116437,0.0009482997977485336
0.1670158219729576,0.01561779670116437,0.0009482997977485336
0.1671110419729575,0.01561779670116437,0.0009482997977485336
0.1672062619729575,0.01561779670116437,0.0009482997977485336
0.1673014819729575,0.01561779670116437,0.0009482997977485336
0.1673967019729575,0.01561779670116437,0.0006068594290283141
0.1674919219729575,0.01561779670116437,0.0009482997977485336
0.1675871419729575,0.01561779670116437,0.0009482997977485336
0.1676823619729575,0.01561779670116437,0.0009482997977485336
0.1677775819729576,0.01561779670116437,0.0006068594290283141
0.1678728019729575,0.01561779670116437,0.0009482997977485336
0.1679680219729575,0.01561779670116437,0.0009482997977485336
0.1680632419729575,0.01561779670116437,0.0009482997977485336
0.1681584619729575,0.01561779670116437,0.0009482997977485336
0.1682536819729575,0.01561779670116437,0.0009482997977485336
0.1683489019729575,0.01561779670116437,0.0009482997977485336
0.1684441219729576,0.01561779670116437,0.0009482997977485336
0.1685393419729576,0.01561779670116437,0.0009482997977485336
0.1686345619729575,0.01561779670116437,0.0009482997977485336
0.1687297819729575,0.01561779670116437,0.0009482997977485336
0.1688250019729576,0.01561779670116437,0.0009482997977485336
0.1689202219729575,0.01561779670116437,0.0009482997977485336
0.1690154419729575,0.01561779670116437,0.0009482997977485336
0.1691106619729575,0.01561779670116437,0.0009482997977485336
0.1692058819729576,0.01561779670116437,0.0009482997977485336
0.1693011019729576,0.01561779670116437,0.0009482997977485336
0.1693963219729575,0.01561779670116437,0.0009482997977485336
0.1694915419729575,0.01561779670116437,0.0009482997977485336
0.1695867619729576,0.01561779670116437,0.0009482997977485336
0.1696819819729575,0.01561779670116437,0.0009482997977485336
0.1697772019729575,0.01561779670116437,0.0009482997977485336
0.1698724219729575,0.01561779670116437,0.0009482997977485336
0.1699676419729576,0.01561779670116437,0.001289740166468739
0.1700628619729576,0.01561779670116437,0.0009482997977485336
0.1701580819729575,0.01561779670116437,0.0009482997977485336
0.1702533019729575,0.01561779670116437,0.0009482997977485336
0.1703485219729576,0.01561779670116437,0.0009482997977485336
0.1704437419729575,0.01561779670116437,0.0009482997977485336
0.1705389619729575,0.01561779670116437,0.0009482997977485336
0.1706341819729575,0.01561779670116437,0.0009482997977485336
0.1707294019729576,0.01561779670116437,0.0009482997977485336
0.1708246219729576,0.01561779670116437,0.0009482997977485336
0.1709198419729575,0.01561779670116437,0.0002654190603080947
0.1710150619729575,0.01561779670116437,0.0002654190603080947
0.1711102819729576,0.01561779670116437,0.0009482997977485336
0.1712055019729575,0.01561779670116437,0.0009482997977485336
0.1713007219729575,0.01561779670116437,0.0009482997977485336
0.1713959419729575,0.01561779670116437,0.0009482997977485336
0.1714911619729576,0.01561779670116437,0.0009482997977485336
0.1715863819729576,0.01561779670116437,0.0009482997977485336
0.1716816019729575,0.01561779670116437,0.0009482997977485336
0.1717768219729575,0.01561779670116437,0.0009482997977485336
0.1718720419729576,0.01561779670116437,0.0009482997977485336
0.1719672619729575,0.01561779670116437,0.001972620903909164
0.1720624819729575,0.01561779670116437,0.0009482997977485336
0.1721577019729575,0.01561779670116437,0.0009482997977485336
0.1722529219729576,0.01561779670116437,0.0009482997977485336
0.1723481419729576,0.01561779670116437,0.0009482997977485336
0.1724433619729575,0.01561779670116437,0.0009482997977485336
0.1725385819729575,0.01561779670116437,0.0009482997977485336
0.1726338019729576,0.01561779670116437,0.0009482997977485336
0.1727290219729575,0.01561779670116437,0.0009482997977485336
0.1728242419729575,0.01561779670116437,0.0009482997977485336
0.1729194619729575,0.01561779670116437,0.0006068594290283141
0.1730146819729576,0.01561779670116437,0.0006068594290283141
0.1731099019729576,0.01561779670116437,0.0009482997977485336
0.1732051219729575,0.01561779670116437,0.0006068594290283141
0.1733003419729575,0.01561779670116437,0.0006068594290283141
0.1733955619729576,0.01561779670116437,0.0009482997977485336
0.1734907819729575,0.01561779670116437,0.0009482997977485336
0.1735860019729575,0.01561779670116437,0.0009482997977485336
0.1736812219729575,0.01561779670116437,0.0006068594290283141
0.1737764419729576,0.01561779670116437,0.0009482997977485336
0.1738716619729576,0.01561779670116437,0.0006068594290283141
0.1739668819729575,0.01561779670116437,0.0009482997977485336
0.1740621019729575,0.01561779670116437,0.0009482997977485336
0.1741573219729576,0.01561779670116437,0.0009482997977485336
0.1742525419729575,0.01561779670116437,0.0009482997977485336
0.1743477619729575,0.01561779670116437,0.0009482997977485336
0.1744429819729575,0.01561779670116437,0.0009482997977485336
0.1745382019729576,0.01561779670116437,0.0009482997977485336
0.1746334219729576,0.01561779670116437,0.0009482997977485336
0.1747286419729575,0.01561779670116437,0.0009482997977485336
0.1748238619729575,0.01561779670116437,0.0009482997977485336
0.1749190819729576,0.01561779670116437,0.0009482997977485336
0.1750143019729575,0.01561779670116437,0.001289740166468739
0.1751095219729575,0.01561779670116437,0.0009482997977485336
0.1752047419729575,0.01561779670116437,0.0009482997977485336
0.1752999619729576,0.01561779670116437,0.0009482997977485336
0.1753951819729576,0.01561779670116437,0.001289740166468739
0.1754904019729575,0.01561779670116437,0.0009482997977485336
0.1755856219729575,0.01561779670116437,0.0009482997977485336
0.1756808419729576,0.01561779670116437,0.001289740166468739
0.1757760619729575,0.01561779670116437,0.0009482997977485336
0.1758712819729575,0.01561779670116437,0.001289740166468739
0.1759665019729575,0.01561779670116437,0.0006068594290283141
0.1760617219729576,0.01561779670116437,0.0006068594290283141
0.1761569419729576,0.01561779670116437,0.0009482997977485336
0.1762521619729575,0.01561779670116437,0.0009482997977485336
0.1763473819729575,0.01561779670116437,0.0006068594290283141
0.1764426019729576,0.01561779670116437,0.0006068594290283141
0.1765378219729575,0.01561779670116437,0.0009482997977485336
0.1766330419729575,0.01561779670116437,0.0009482997977485336
0.1767282619729575,0.01561779670116437,0.0009482997977485336
0.1768234819729576,0.01561779670116437,0.0009482997977485336
0.1769187019729576,0.01561779670116437,0.0009482997977485336
0.1770139219729575,0.01561779670116437,0.001289740166468739
0.1771091419729575,0.01561779670116437,0.0009482997977485336
0.1772043619729576,0.01561779670116437,0.0009482997977485336
0.1772995819729575,0.01561779670116437,0.0009482997977485336
0.1773948019729575,0.01561779670116437,0.0009482997977485336
0.1774900219729575,0.01561779670116437,0.0009482997977485336
0.1775852419729576,0.01561779670116437,0.0009482997977485336
0.1776804619729576,0.01561779670116437,0.0009482997977485336
0.1777756819729575,0.01561779670116437,0.0009482997977485336
0.1778709019729575,0.01561779670116437,0.0009482997977485336
0.1779661219729576,0.01561779670116437,0.0002654190603080947
0.1780613419729575,0.01561779670116437,0.0009482997977485336
0.1781565619729575,0.01561779670116437,0.0009482997977485336
0.1782517819729575,0.01561779670116437,0.0009482997977485336
0.1783470019729576,0.01561779670116437,0.0009482997977485336
0.1784422219729576,0.01561779670116437,0.0009482997977485336
0.1785374419729575,0.01561779670116437,0.0009482997977485336
0.1786326619729575,0.01561779670116437,0.0009482997977485336
0.1787278819729576,0.01561779670116437,0.0009482997977485336
0.1788231019729575,0.01561779670116437,0.0009482997977485336
0.1789183219729575,0.01561779670116437,0.001289740166468739
0.1790135419729575,0.01561779670116437,0.001289740166468739
0.1791087619729576,0.01561779670116437,0.0009482997977485336
0.1792039819729576,0.01561779670116437,0.0009482997977485336
0.1792992019729575,0.01561779670116437,0.0009482997977485336
0.1793944219729575,0.01561779670116437,0.0009482997977485336
0.1794896419729576,0.01561779670116437,0.0009482997977485336
0.1795848619729575,0.01561779670116437,0.0009482997977485336
0.1796800819729575,0.01561779670116437,0.0009482997977485336
0.1797753019729575,0.01561779670116437,0.0009482997977485336
0.1798705219729576,0.01561779670116437,0.0009482997977485336
0.1799657419729576,0.01561779670116437,0.0009482997977485336
0.1800609619729575,0.01561779670116437,0.0006068594290283141
0.1801561819729575,0.01561779670116437,0.0009482997977485336
0.1802514019729576,0.01561779670116437,0.0006068594290283141
0.1803466219729575,0.01561779670116437,0.0009482997977485336
0.1804418419729575,0.01561779670116437,0.0009482997977485336
0.1805370619729575,0.01561779670116437,0.0009482997977485336
0.1806322819729576,0.01561779670116437,0.0006068594290283141
0.1807275019729576,0.01561779670116437,0.0009482997977485336
0.1808227219729575,0.01561779670116437,0.0006068594290283141
0.1809179419729575,0.01561779670116437,0.001289740166468739
0.1810131619729576,0.01561779670116437,0.001289740166468739
0.1811083819729575,0.01561779670116437,0.001289740166468739
0.1812036019729575,0.01561779670116437,0.0009482997977485336
0.1812988219729575,0.01561779670116437,0.0009482997977485336
0.1813940419729576,0.01561779670116437,0.0009482997977485336
0.1814892619729576,0.01561779670116437,0.001289740166468739
0.1815844819729575,0.01561779670116437,0.0009482997977485336
0.1816797019729575,0.01561779670116437,0.0009482997977485336
0.1817749219729576,0.01561779670116437,0.0009482997977485336
0.1818701419729575,0.01561779670116437,0.0009482997977485336
0.1819653619729575,0.01561779670116437,0.0002654190603080947
0.1820605819729575,0.01561779670116437,0.0006068594290283141
0.1821558019729576,0.01561779670116437,0.0009482997977485336
0.1822510219729576,0.01561779670116437,0.0009482997977485336
0.1823462419729575,0.01561779670116437,0.0009482997977485336
0.1824414619729575,0.01561779670116437,0.0009482997977485336
0.1825366819729576,0.01561779670116437,0.0009482997977485336
0.1826319019729575,0.01561779670116437,0.0009482997977485336
0.1827271219729575,0.01561779670116437,0.0009482997977485336
0.1828223419729575,0.01561779670116437,0.0009482997977485336
0.1829175619729576,0.01561779670116437,0.0009482997977485336
0.1830127819729576,2.863537153746957,0.02382480450200286
0.1831080019729575,3.010648219872502,0.003679822747510234
0.1832032219729575,3.010648219872502,0.001289740166468739
0.1832984419729576,3.010648219872502,0.0009482997977485336
0.1833936619729575,3.010648219872502,0.0009482997977485336
0.1834888819729575,3.010648219872502,0.0009482997977485336
0.1835841019729575,3.010648219872502,0.0006068594290283141
0.1836793219729576,3.010648219872502,0.0009482997977485336
0.1837745419729576,3.010648219872502,0.0009482997977485336
0.1838697619729575,3.010648219872502,0.0009482997977485336
0.1839649819729575,3.010648219872502,0.001289740166468739
0.1840602019729576,3.010648219872502,0.001289740166468739
0.1841554219729575,3.010648219872502,0.0009482997977485336
0.1842506419729575,3.010648219872502,0.0009482997977485336
0.1843458619729575,3.010648219872502,0.001289740166468739
0.1844410819729576,3.010648219872502,0.001289740166468739
0.1845363019729575,3.010648219872502,0.0009482997977485336
0.1846315219729575,3.010648219872502,0.0009482997977485336
0.1847267419729575,3.010648219872502,0.0009482997977485336
0.1848219619729575,3.010648219872502,0.0009482997977485336
0.1849171819729575,3.010648219872502,0.0009482997977485336
0.1850124019729575,3.010648219872502,0.0009482997977485336
0.1851076219729575,3.010648219872502,0.0009482997977485336
0.1852028419729576,3.010648219872502,0.0009482997977485336
0.1852980619729575,3.010648219872502,0.0009482997977485336
0.1853932819729575,3.010648219872502,0.0009482997977485336
0.1854885019729575,3.010648219872502,0.0009482997977485336
0.1855837219729575,3.010648219872502,0.0009482997977485336
0.1856789419729575,3.010648219872502,0.0009482997977485336
0.1857741619729575,3.010648219872502,0.0009482997977485336
0.1858693819729575,3.010648219872502,0.0009482997977485336
0.1859646019729576,3.010648219872502,0.001289740166468739
0.1860598219729575,3.010648219872502,0.0009482997977485336
0.1861550419729575,3.014420298491106,0.0009482997977485336
0.1862502619729575,3.014420298491106,0.0009482997977485336
0.1863454819729575,3.014420298491106,0.0009482997977485336
0.1864407019729575,3.014420298491106,0.0009482997977485336
0.1865359219729575,3.010648219872502,0.0009482997977485336
0.1866311419729575,3.010648219872502,0.0009482997977485336
0.1867263619729576,3.014420298491106,0.0009482997977485336
0.1868215819729575,3.010648219872502,0.0009482997977485336
0.1869168019729575,3.014420298491106,0.0002654190603080947
0.1870120219729575,3.014420298491106,0.0002654190603080947
0.1871072419729575,3.010648219872502,0.0006068594290283141
0.1872024619729575,3.014420298491106,0.0006068594290283141
0.1872976819729575,3.014420298491106,0.0009482997977485336
0.1873929019729575,3.010648219872502,0.0009482997977485336
0.1874881219729576,3.014420298491106,0.0009482997977485336
0.1875833419729575,3.010648219872502,0.0009482997977485336
0.1876785619729575,3.014420298491106,0.0009482997977485336
0.1877737819729575,3.010648219872502,0.0009482997977485336
0.1878690019729575,3.014420298491106,0.0009482997977485336
0.1879642219729575,3.014420298491106,0.001631180535188959
0.1880594419729575,3.014420298491106,0.001289740166468739
0.1881546619729575,3.010648219872502,0.0009482997977485336
0.1882498819729576,3.010648219872502,0.0009482997977485336
0.1883451019729575,3.014420298491106,0.0009482997977485336
0.1884403219729575,3.014420298491106,0.0009482997977485336
0.1885355419729575,3.010648219872502,0.0009482997977485336
0.1886307619729575,3.014420298491106,0.0009482997977485336
0.1887259819729575,3.014420298491106,0.0009482997977485336
0.1888212019729575,3.014420298491106,0.0009482997977485336
0.1889164219729575,3.014420298491106,0.0006068594290283141
0.1890116419729576,3.010648219872502,0.0006068594290283141
0.1891068619729575,3.014420298491106,0.0009482997977485336
0.1892020819729575,3.014420298491106,0.0009482997977485336
0.1892973019729575,3.014420298491106,0.0009482997977485336
0.1893925219729575,3.014420298491106,0.0009482997977485336
0.1894877419729575,3.010648219872502,0.0009482997977485336
0.1895829619729575,3.014420298491106,0.0009482997977485336
0.1896781819729575,3.014420298491106,0.0009482997977485336
0.1897734019729576,3.014420298491106,0.0009482997977485336
0.1898686219729575,3.014420298491106,0.0009482997977485336
0.1899638419729575,3.014420298491106,0.0006068594290283141
0.1900590619729575,3.014420298491106,0.0006068594290283141
0.1901542819729575,3.014420298491106,0.0006068594290283141
0.1902495019729575,3.014420298491106,0.0006068594290283141
0.1903447219729575,3.014420298491106,0.0006068594290283141
0.1904399419729575,3.014420298491106,0.0009482997977485336
0.1905351619729576,3.014420298491106,0.0006068594290283141
0.1906303819729575,3.014420298491106,0.0006068594290283141
0.1907256019729575,3.014420298491106,0.0009482997977485336
0.1908208219729575,3.014420298491106,0.0006068594290283141
0.1909160419729575,3.014420298491106,0.0009482997977485336
0.1910112619729575,3.014420298491106,0.0009482997977485336
0.1911064819729575,3.014420298491106,0.0009482997977485336
0.1912017019729575,3.014420298491106,0.0009482997977485336
0.1912969219729576,3.014420298491106,0.0009482997977485336
0.1913921419729575,3.014420298491106,0.0009482997977485336
0.1914873619729575,3.014420298491106,0.0009482997977485336
0.1915825819729575,3.014420298491106,0.0009482997977485336
0.1916778019729575,3.014420298491106,0.0009482997977485336
0.1917730219729575,3.014420298491106,0.0009482997977485336
0.1918682419729575,3.014420298491106,0.0009482997977485336
0.1919634619729575,3.014420298491106,0.0006068594290283141
0.1920586819729576,3.014420298491106,0.0006068594290283141
0.1921539019729575,3.014420298491106,0.0009482997977485336
0.1922491219729575,3.014420298491106,0.0009482997977485336
0.1923443419729575,3.014420298491106,0.0009482997977485336
0.1924395619729575,3.014420298491106,0.0009482997977485336
0.1925347819729575,3.014420298491106,0.0006068594290283141
0.1926300019729575,3.014420298491106,0.0009482997977485336
0.1927252219729575,3.014420298491106,0.0009482997977485336
0.1928204419729576,3.014420298491106,0.0009482997977485336
0.1929156619729575,3.014420298491106,0.0009482997977485336
0.1930108819729575,3.014420298491106,0.001289740166468739
0.1931061019729576,3.014420298491106,0.0009482997977485336
0.1932013219729575,3.014420298491106,0.0009482997977485336
0.1932965419729575,3.014420298491106,0.0009482997977485336
0.1933917619729575,3.014420298491106,0.0009482997977485336
0.1934869819729576,3.014420298491106,0.0009482997977485336
0.1935822019729576,3.014420298491106,0.0009482997977485336
0.1936774219729575,3.014420298491106,0.0009482997977485336
0.1937726419729575,3.014420298491106,0.0009482997977485336
0.1938678619729576,3.014420298491106,0.0009482997977485336
0.1939630819729575,3.014420298491106,0.0002654190603080947
0.1940583019729575,3.014420298491106,0.0006068594290283141
0.1941535219729575,3.014420298491106,0.0009482997977485336
0.1942487419729576,3.014420298491106,0.0009482997977485336
0.1943439619729576,3.014420298491106,0.0009482997977485336
0.1944391819729576,3.014420298491106,0.0009482997977485336
0.1945344019729575,3.014420298491106,0.0009482997977485336
0.1946296219729576,3.014420298491106,0.0009482997977485336
0.1947248419729575,3.014420298491106,0.0009482997977485336
0.1948200619729575,3.014420298491106,0.0009482997977485336
0.1949152819729575,3.014420298491106,0.0009482997977485336
0.1950105019729576,3.014420298491106,0.0009482997977485336
0.1951057219729576,3.014420298491106,0.0009482997977485336
0.1952009419729576,3.014420298491106,0.0009482997977485336
0.1952961619729575,3.014420298491106,0.0009482997977485336
0.1953913819729576,3.014420298491106,0.0009482997977485336
0.1954866019729575,3.014420298491106,0.0009482997977485336
0.1955818219729575,3.014420298491106,0.0009482997977485336
0.1956770419729575,3.014420298491106,0.0009482997977485336
0.1957722619729576,3.014420298491106,0.0006068594290283141
0.1958674819729576,3.014420298491106,0.0006068594290283141
0.1959627019729576,3.014420298491106,0.0009482997977485336
0.1960579219729575,3.014420298491106,0.0009482997977485336
0.1961531419729576,3.014420298491106,0.0009482997977485336
0.1962483619729575,3.014420298491106,0.0009482997977485336
0.1963435819729575,3.014420298491106,0.0009482997977485336
0.1964388019729575,3.014420298491106,0.0009482997977485336
0.1965340219729576,3.010648219872502,0.0006068594290283141
0.1966292419729576,3.014420298491106,0.0009482997977485336
0.1967244619729576,3.014420298491106,0.0009482997977485336
0.1968196819729575,3.014420298491106,0.0009482997977485336
0.1969149019729576,3.014420298491106,0.0009482997977485336
0.1970101219729575,3.014420298491106,0.001289740166468739
0.1971053419729575,3.014420298491106,0.0009482997977485336
0.1972005619729575,3.014420298491106,0.0009482997977485336
0.1972957819729576,3.014420298491106,0.0009482997977485336
0.1973910019729576,3.014420298491106,0.0009482997977485336
0.1974862219729576,3.014420298491106,0.0009482997977485336
0.1975814419729575,3.014420298491106,0.0009482997977485336
0.1976766619729576,3.014420298491106,0.0009482997977485336
0.1977718819729575,3.010648219872502,0.0009482997977485336
0.1978671019729575,3.014420298491106,0.0009482997977485336
0.1979623219729575,3.014420298491106,0.0002654190603080947
0.1980575419729576,3.014420298491106,0.0009482997977485336
0.1981527619729576,3.014420298491106,0.0009482997977485336
0.1982479819729576,3.014420298491106,0.0009482997977485336
0.1983432019729575,3.014420298491106,0.0009482997977485336
0.1984384219729576,3.010648219872502,0.0009482997977485336
0.1985336419729575,3.014420298491106,0.0009482997977485336
0.1986288619729575,3.014420298491106,0.0009482997977485336
0.1987240819729575,3.014420298491106,0.0009482997977485336
0.1988193019729576,3.014420298491106,0.0009482997977485336
0.1989145219729576,3.014420298491106,0.0009482997977485336
0.1990097419729576,3.014420298491106,0.0006068594290283141
0.1991049619729575,3.014420298491106,0.0006068594290283141
0.1992001819729576,3.014420298491106,0.0009482997977485336
0.1992954019729575,3.014420298491106,0.0009482997977485336
0.1993906219729575,3.014420298491106,0.0009482997977485336
0.1994858419729575,3.014420298491106,0.0009482997977485336
0.1995810619729576,3.010648219872502,0.0009482997977485336
0.1996762819729576,3.014420298491106,0.0009482997977485336
0.1997715019729576,3.014420298491106,0.0009482997977485336
0.1998667219729575,3.014420298491106,0.0009482997977485336
0.1999619419729576,3.010648219872502,0.001289740166468739
0.2000571619729575,3.014420298491106,0.0009482997977485336
0.2001523819729575,3.010648219872502,0.0009482997977485336
0.2002476019729575,3.014420298491106,0.0009482997977485336
0.2003428219729576,3.014420298491106,0.0009482997977485336
0.2004380419729576,3.014420298491106,0.0009482997977485336
0.2005332619729576,3.014420298491106,0.0009482997977485336
0.2006284819729575,3.014420298491106,0.0009482997977485336
0.2007237019729576,3.010648219872502,0.0009482997977485336
0.2008189219729575,3.014420298491106,0.0009482997977485336
0.2009141419729575,3.014420298491106,0.0009482997977485336
0.2010093619729575,3.014420298491106,0.0006068594290283141
0.2011045819729576,3.014420298491106,0.0006068594290283141
0.2011998019729576,3.010648219872502,0.0009482997977485336
0.2012950219729576,3.014420298491106,0.0009482997977485336
0.2013902419729575,3.014420298491106,0.0009482997977485336
0.2014854619729576,3.014420298491106,0.0006068594290283141
0.2015806819729575,3.014420298491106,0.0009482997977485336
0.2016759019729575,3.014420298491106,0.0009482997977485336
0.2017711219729575,3.014420298491106,0.0006068594290283141
0.2018663419729576,3.010648219872502,0.0009482997977485336
0.2019615619729576,3.014420298491106,0.001631180535188959
0.2020567819729575,3.014420298491106,0.0009482997977485336
0.2021520019729575,3.010648219872502,0.0009482997977485336
0.2022472219729575,3.010648219872502,0.0009482997977485336
0.2023424419729575,3.010648219872502,0.0009482997977485336
0.2024376619729575,3.014420298491106,0.0009482997977485336
0.2025328819729575,3.010648219872502,0.0009482997977485336
0.2026281019729576,3.010648219872502,0.0009482997977485336
0.2027233219729576,3.014420298491106,0.0009482997977485336
0.2028185419729575,3.014420298491106,0.0009482997977485336
0.2029137619729575,3.010648219872502,0.0002654190603080947
0.2030089819729575,3.010648219872502,0.0002654190603080947
0.2031042019729575,3.014420298491106,0.0009482997977485336
0.2031994219729575,3.014420298491106,0.0009482997977485336
0.2032946419729575,3.010648219872502,0.0009482997977485336
0.2033898619729576,3.014420298491106,0.0009482997977485336
0.2034850819729576,3.014420298491106,0.0009482997977485336
0.2035803019729575,3.014420298491106,0.0009482997977485336
0.2036755219729575,3.014420298491106,0.0009482997977485336
0.2037707419729575,3.014420298491106,0.0009482997977485336
0.2038659619729575,3.014420298491106,0.0009482997977485336
0.2039611819729575,3.014420298491106,0.001631180535188959
0.2040564019729575,3.014420298491106,0.0009482997977485336
0.2041516219729576,3.014420298491106,0.0009482997977485336
0.2042468419729576,3.014420298491106,0.0009482997977485336
0.2043420619729575,3.014420298491106,0.0009482997977485336
0.2044372819729575,3.010648219872502,0.0009482997977485336
0.2045325019729575,3.014420298491106,0.0009482997977485336
0.2046277219729575,3.014420298491106,0.0009482997977485336
0.2047229419729575,3.010648219872502,0.0009482997977485336
0.2048181619729575,3.014420298491106,0.0009482997977485336
0.2049133819729576,3.010648219872502,0.0009482997977485336
0.2050086019729576,3.014420298491106,0.0009482997977485336
0.2051038219729575,3.010648219872502,0.0009482997977485336
0.2051990419729575,3.014420298491106,0.0009482997977485336
0.2052942619729575,3.014420298491106,0.0009482997977485336
0.2053894819729575,3.014420298491106,0.0009482997977485336
0.2054847019729575,3.014420298491106,0.0009482997977485336
0.2055799219729575,3.014420298491106,0.0009482997977485336
0.2056751419729576,3.014420298491106,0.0009482997977485336
0.2057703619729576,3.014420298491106,0.0009482997977485336
0.2058655819729575,3.014420298491106,0.0009482997977485336
0.2059608019729575,3.014420298491106,0.0006068594290283141
0.2060560219729575,3.014420298491106,0.0006068594290283141
0.2061512419729575,3.014420298491106,0.0006068594290283141
0.2062464619729575,3.014420298491106,0.0006068594290283141
0.2063416819729575,3.014420298491106,0.0006068594290283141
0.2064369019729576,3.014420298491106,0.0009482997977485336
0.2065321219729576,3.014420298491106,0.0009482997977485336
0.2066273419729575,3.014420298491106,0.0009482997977485336
0.2067225619729575,3.014420298491106,0.0006068594290283141
0.2068177819729575,3.014420298491106,0.0009482997977485336
0.2069130019729575,3.014420298491106,0.0009482997977485336
0.2070082219729575,3.014420298491106,0.001289740166468739
0.2071034419729575,3.014420298491106,0.0009482997977485336
0.2071986619729576,3.014420298491106,0.0009482997977485336
0.2072938819729576,3.014420298491106,0.0009482997977485336
0.2073891019729575,3.014420298491106,0.0009482997977485336
0.2074843219729575,3.014420298491106,0.0009482997977485336
0.2075795419729575,3.014420298491106,0.0009482997977485336
0.2076747619729575,3.014420298491106,0.0009482997977485336
0.2077699819729575,3.014420298491106,0.0009482997977485336
0.2078652019729575,3.014420298491106,0.0009482997977485336
0.2079604219729576,3.014420298491106,0.0002654190603080947
0.2080556419729576,3.014420298491106,0.0006068594290283141
0.2081508619729575,3.014420298491106,0.0009482997977485336
0.2082460819729575,3.014420298491106,0.0009482997977485336
0.2083413019729575,3.014420298491106,0.0009482997977485336
0.2084365219729575,3.014420298491106,0.0009482997977485336
0.2085317419729575,3.014420298491106,0.0009482997977485336
0.2086269619729575,3.014420298491106,0.0009482997977485336
0.2087221819729576,3.014420298491106,0.0009482997977485336
0.2088174019729576,3.014420298491106,0.0009482997977485336
0.2089126219729575,3.014420298491106,0.001289740166468739
0.2090078419729575,3.014420298491106,0.001289740166468739
0.2091030619729575,3.014420298491106,0.0009482997977485336
0.2091982819729575,3.014420298491106,0.0009482997977485336
0.2092935019729575,3.014420298491106,0.0009482997977485336
0.2093887219729575,3.014420298491106,0.0009482997977485336
0.2094839419729576,3.014420298491106,0.0009482997977485336
0.2095791619729576,3.014420298491106,0.0009482997977485336
0.2096743819729575,3.014420298491106,0.0009482997977485336
0.2097696019729575,3.010648219872502,0.0009482997977485336
0.2098648219729575,3.010648219872502,0.0009482997977485336
0.2099600419729575,3.014420298491106,0.0002654190603080947
0.2100552619729575,3.010648219872502,0.0009482997977485336
0.2101504819729575,3.014420298491106,0.001289740166468739
0.2102457019729576,3.014420298491106,0.001289740166468739
0.2103409219729576,3.014420298491106,0.001289740166468739
0.2104361419729575,3.014420298491106,0.0009482997977485336
0.2105313619729575,3.014420298491106,0.0009482997977485336
0.2106265819729575,3.014420298491106,0.0009482997977485336
0.2107218019729575,3.014420298491106,0.0009482997977485336
0.2108170219729575,3.014420298491106,0.001289740166468739
0.2109122419729575,3.014420298491106,0.001289740166468739
0.2110074619729576,3.014420298491106,0.001289740166468739
0.2111026819729576,3.014420298491106,0.0009482997977485336
0.2111979019729575,3.014420298491106,0.0009482997977485336
0.2112931219729575,3.014420298491106,0.0009482997977485336
0.2113883419729575,3.014420298491106,0.0009482997977485336
0.2114835619729575,3.014420298491106,0.0009482997977485336
0.2115787819729575,3.014420298491106,0.0009482997977485336
0.2116740019729575,3.014420298491106,0.0009482997977485336
0.2117692219729576,3.014420298491106,0.0009482997977485336
0.2118644419729576,3.014420298491106,0.0009482997977485336
0.2119596619729575,3.014420298491106,0.001289740166468739
0.2120548819729575,3.014420298491106,0.001289740166468739
0.2121501019729575,3.014420298491106,0.001289740166468739
0.2122453219729575,3.014420298491106,0.001289740166468739
0.2123405419729575,3.014420298491106,0.001289740166468739
0.2124357619729575,3.014420298491106,0.001289740166468739
0.2125309819729576,3.014420298491106,0.001289740166468739
0.2126262019729576,3.014420298491106,0.001289740166468739
0.2127214219729575,3.014420298491106,0.001289740166468739
0.2128166419729575,3.014420298491106,0.001289740166468739
0.2129118619729575,3.014420298491106,0.001289740166468739
0.2130070819729575,0.01561779670116437,-0.02261108564394623
0.2131023019729575,0.01184571808256063,-0.00178322315201318
0.2131975219729575,0.01561779670116437,0.0006068594290283141
0.2132927419729576,0.01561779670116437,0.0009482997977485336
0.2133879619729576,0.01561779670116437,0.0009482997977485336
0.2134831819729575,0.01561779670116437,0.0009482997977485336
0.2135784019729575,0.01561779670116437,0.0009482997977485336
0.2136736219729575,0.01561779670116437,0.0009482997977485336
0.2137688419729575,0.01561779670116437,0.0009482997977485336
0.2138640619729575,0.01561779670116437,0.0009482997977485336
0.2139592819729575,0.01561779670116437,0.0009482997977485336
0.2140545019729576,0.01561779670116437,0.0009482997977485336
0.2141497219729576,0.01561779670116437,0.0009482997977485336
0.2142449419729575,0.01561779670116437,0.0009482997977485336
0.2143401619729575,0.01561779670116437,0.0009482997977485336
0.2144353819729575,0.01561779670116437,0.0009482997977485336
0.2145306019729575,0.01561779670116437,0.0009482997977485336
0.2146258219729575,0.01561779670116437,0.0009482997977485336
0.2147210419729575,0.01561779670116437,0.0009482997977485336
0.2148162619729576,0.01561779670116437,0.0009482997977485336
0.2149114819729576,0.01561779670116437,0.0009482997977485336
0.2150067019729575,0.01561779670116437,0.0006068594290283141
0.2151019219729575,0.01561779670116437,0.0009482997977485336
0.2151971419729575,0.01561779670116437,0.0009482997977485336
0.2152923619729575,0.01561779670116437,0.0009482997977485336
0.2153875819729575,0.01561779670116437,0.0009482997977485336
0.2154828019729575,0.01561779670116437,0.0009482997977485336
0.2155780219729576,0.01561779670116437,0.0009482997977485336
0.2156732419729576,0.01561779670116437,0.0009482997977485336
0.2157684619729575,0.01561779670116437,0.0009482997977485336
0.2158636819729575,0.01561779670116437,0.0009482997977485336
0.2159589019729575,0.01561779670116437,0.001289740166468739
0.2160541219729575,0.01561779670116437,0.001289740166468739
0.2161493419729575,0.01561779670116437,0.0009482997977485336
0.2162445619729575,0.01561779670116437,0.0009482997977485336
0.2163397819729576,0.01561779670116437,0.0009482997977485336
0.2164350019729576,0.01561779670116437,0.0009482997977485336
0.2165302219729575,0.01561779670116437,0.0009482997977485336
0.2166254419729575,0.01561779670116437,0.0009482997977485336
0.2167206619729575,0.01561779670116437,0.0009482997977485336
0.2168158819729575,0.01561779670116437,0.0009482997977485336
0.2169111019729575,0.01561779670116437,0.0009482997977485336
0.2170063219729575,0.01561779670116437,0.0009482997977485336
0.2171015419729576,0.01561779670116437,0.0009482997977485336
0.2171967619729576,0.01561779670116437,0.0009482997977485336
0.2172919819729575,0.01561779670116437,0.0009482997977485336
0.2173872019729575,0.01561779670116437,0.0009482997977485336
0.2174824219729575,0.01561779670116437,0.0006068594290283141
0.2175776419729575,0.01561779670116437,0.0009482997977485336
0.2176728619729575,0.01561779670116437,0.0009482997977485336
0.2177680819729576,0.01561779670116437,0.0009482997977485336
0.2178633019729576,0.01561779670116437,0.0009482997977485336
0.2179585219729576,0.01561779670116437,0.001631180535188959
0.2180537419729575,0.01561779670116437,0.0009482997977485336
0.2181489619729576,0.01561779670116437,0.0009482997977485336
0.2182441819729575,0.01561779670116437,0.0009482997977485336
0.2183394019729575,0.01561779670116437,0.0009482997977485336
0.2184346219729575,0.01561779670116437,0.0009482997977485336
0.2185298419729576,0.01561779670116437,0.0009482997977485336
0.2186250619729576,0.01561779670116437,0.0009482997977485336
0.2187202819729576,0.01561779670116437,0.0009482997977485336
0.2188155019729575,0.01561779670116437,0.0009482997977485336
0.2189107219729576,0.01561779670116437,0.0006068594290283141
0.2190059419729575,0.01561779670116437,0.0002654190603080947
0.2191011619729575,0.01561779670116437,0.0009482997977485336
0.2191963819729575,0.01561779670116437,0.0009482997977485336
0.2192916019729576,0.01561779670116437,0.0009482997977485336
0.2193868219729576,0.01561779670116437,0.0009482997977485336
0.2194820419729576,0.01561779670116437,0.0009482997977485336
0.2195772619729575,0.01561779670116437,0.0009482997977485336
0.2196724819729576,0.01561779670116437,0.0009482997977485336
0.2197677019729575,0.01561779670116437,0.0009482997977485336
0.2198629219729575,0.01561779670116437,0.0009482997977485336
0.2199581419729575,0.01561779670116437,0.001289740166468739
0.2200533619729576,0.01561779670116437,0.001289740166468739
0.2201485819729576,0.01561779670116437,0.0009482997977485336
0.2202438019729576,0.01561779670116437,0.0009482997977485336
0.2203390219729575,0.01561779670116437,0.0009482997977485336
0.2204342419729576,0.01561779670116437,0.0009482997977485336
0.2205294619729575,0.01561779670116437,0.0009482997977485336
0.2206246819729575,0.01561779670116437,0.0009482997977485336
0.2207199019729575,0.01561779670116437,0.0009482997977485336
0.2208151219729576,0.01561779670116437,0.0009482997977485336
0.2209103419729576,0.01561779670116437,0.0009482997977485336
0.2210055619729576,0.01561779670116437,0.0009482997977485336
0.2211007819729575,0.01561779670116437,0.0009482997977485336
0.2211960019729576,0.01561779670116437,0.0009482997977485336
0.2212912219729575,0.01561779670116437,0.0009482997977485336
0.2213864419729575,0.01561779670116437,0.0009482997977485336
0.2214816619729575,0.01561779670116437,0.0009482997977485336
0.2215768819729576,0.01561779670116437,0.0009482997977485336
0.2216721019729576,0.01561779670116437,0.0009482997977485336
0.2217673219729576,0.01561779670116437,0.0009482997977485336
0.2218625419729575,0.01561779670116437,0.0009482997977485336
0.2219577619729576,0.01561779670116437,0.0006068594290283141
0.2220529819729575,0.01561779670116437,0.0006068594290283141
0.2221482019729575,0.01561779670116437,0.0006068594290283141
0.2222434219729575,0.01561779670116437,0.0009482997977485336
0.2223386419729576,0.01561779670116437,0.0009482997977485336
0.2224338619729576,0.01561779670116437,0.0009482997977485336
0.2225290819729576,0.01561779670116437,0.0009482997977485336
0.2226243019729575,0.01561779670116437,0.0009482997977485336
0.2227195219729576,0.01561779670116437,0.0009482997977485336
0.2228147419729575,0.01561779670116437,0.0009482997977485336
0.2229099619729575,0.01561779670116437,0.001289740166468739
0.2230051819729575,0.01561779670116437,0.001289740166468739
0.2231004019729576,0.01561779670116437,0.0009482997977485336
0.2231956219729576,0.01561779670116437,0.0009482997977485336
0.2232908419729576,0.01561779670116437,0.0009482997977485336
0.2233860619729575,0.01561779670116437,0.0009482997977485336
0.2234812819729576,0.01561779670116437,0.0009482997977485336
0.2235765019729575,0.01561779670116437,0.0009482997977485336
0.2236717219729575,0.01561779670116437,0.0009482997977485336
0.2237669419729575,0.01561779670116437,0.0009482997977485336
0.2238621619729576,0.01561779670116437,0.0009482997977485336
0.2239573819729576,0.01561779670116437,-7.602130841211086e-05
0.2240526019729576,0.01561779670116437,0.0006068594290283141
0.2241478219729575,0.01561779670116437,0.0009482997977485336
0.2242430419729576,0.01561779670116437,0.0009482997977485336
0.2243382619729575,0.01561779670116437,0.0009482997977485336
0.2244334819729575,0.01561779670116437,0.0009482997977485336
0.2245287019729575,0.01561779670116437,0.0009482997977485336
0.2246239219729576,0.01561779670116437,0.0009482997977485336
0.2247191419729576,0.01561779670116437,0.0009482997977485336
0.2248143619729576,0.01561779670116437,0.0009482997977485336
0.2249095819729575,0.01561779670116437,0.001289740166468739
0.2250048019729576,0.01561779670116437,0.001972620903909164
0.2251000219729575,0.01561779670116437,0.001289740166468739
0.2251952419729575,0.01561779670116437,0.0009482997977485336
0.2252904619729575,0.01561779670116437,0.0009482997977485336
0.2253856819729576,0.01561779670116437,0.0009482997977485336
0.2254809019729576,0.01561779670116437,0.0009482997977485336
0.2255761219729576,0.01561779670116437,0.0009482997977485336
0.2256713419729575,0.01561779670116437,0.0009482997977485336
0.2257665619729576,0.01561779670116437,0.0009482997977485336
0.2258617819729575,0.01561779670116437,0.0009482997977485336
0.2259570019729575,0.01561779670116437,0.0002654190603080947
0.2260522219729575,0.01561779670116437,0.0006068594290283141
0.2261474419729576,0.01561779670116437,0.0006068594290283141
0.2262426619729576,0.01561779670116437,0.0009482997977485336
0.2263378819729576,0.01561779670116437,0.0009482997977485336
0.2264331019729575,0.01561779670116437,0.0009482997977485336
0.2265283219729576,0.01561779670116437,0.0006068594290283141
0.2266235419729575,0.01561779670116437,0.0009482997977485336
0.2267187619729575,0.01561779670116437,0.0009482997977485336
0.2268139819729575,0.01561779670116437,0.0009482997977485336
0.2269092019729576,0.01561779670116437,0.0009482997977485336
0.2270044219729576,0.01561779670116437,0.0009482997977485336
0.2270996419729576,0.01561779670116437,0.0009482997977485336
0.2271948619729575,0.01561779670116437,0.0009482997977485336
0.2272900819729576,0.01561779670116437,0.0009482997977485336
0.2273853019729575,0.01561779670116437,0.0009482997977485336
0.2274805219729575,0.01561779670116437,0.0009482997977485336
0.2275757419729575,0.01561779670116437,0.0009482997977485336
0.2276709619729576,0.01561779670116437,0.0009482997977485336
0.2277661819729576,0.01561779670116437,0.0009482997977485336
0.2278614019729576,0.01561779670116437,0.0009482997977485336
0.2279566219729575,0.01561779670116437,0.001289740166468739
0.2280518419729576,0.01561779670116437,0.001289740166468739
0.2281470619729575,0.01561779670116437,0.0009482997977485336
0.2282422819729575,0.01561779670116437,0.0009482997977485336
0.2283375019729575,0.01561779670116437,0.0009482997977485336
0.2284327219729576,0.01561779670116437,0.0009482997977485336
0.2285279419729576,0.01561779670116437,0.0009482997977485336
0.2286231619729576,0.01561779670116437,0.0009482997977485336
0.2287183819729575,0.01561779670116437,0.0009482997977485336
0.2288136019729576,0.01561779670116437,0.0009482997977485336
0.2289088219729575,0.01561779670116437,0.0006068594290283141
0.2290040419729575,0.01561779670116437,0.0006068594290283141
0.2290992619729575,0.01561779670116437,0.0009482997977485336
0.2291944819729576,0.01561779670116437,0.0009482997977485336
0.2292897019729576,0.01561779670116437,0.0009482997977485336
0.2293849219729576,0.01561779670116437,0.0009482997977485336
0.2294801419729575,0.01561779670116437,0.0009482997977485336
0.2295753619729576,0.01561779670116437,0.0009482997977485336
0.2296705819729575,0.01561779670116437,0.0009482997977485336
0.2297658019729575,0.01561779670116437,0.0009482997977485336
0.2298610219729575,0.01561779670116437,0.0009482997977485336
0.2299562419729576,0.01561779670116437,0.001631180535188959
0.2300514619729576,0.01561779670116437,0.001289740166468739
0.2301466819729576,0.01561779670116437,0.001289740166468739
0.2302419019729575,0.01561779670116437,0.001289740166468739
0.2303371219729576,0.01561779670116437,0.0009482997977485336
0.2304323419729575,0.01561779670116437,0.001289740166468739
0.2305275619729575,0.01561779670116437,0.001289740166468739
0.2306227819729575,0.01561779670116437,0.0009482997977485336
0.2307180019729576,0.01561779670116437,0.0009482997977485336
0.2308132219729576,0.01561779670116437,0.0009482997977485336
0.2309084419729576,0.01561779670116437,0.0006068594290283141
0.2310036619729575,0.01561779670116437,0.0002654190603080947
0.2310988819729576,0.01561779670116437,0.0009482997977485336
0.2311941019729575,0.01561779670116437,0.0006068594290283141
0.2312893219729575,0.01561779670116437,0.0009482997977485336
0.2313845419729575,0.01561779670116437,0.0009482997977485336
0.2314797619729576,0.01561779670116437,0.0009482997977485336
0.2315749819729576,0.01561779670116437,0.0009482997977485336
0.2316702019729576,0.01561779670116437,0.0009482997977485336
0.2317654219729575,0.01561779670116437,0.0009482997977485336
0.2318606419729576,0.01561779670116437,0.0009482997977485336
0.2319558619729575,0.01561779670116437,0.001289740166468739
0.2320510819729575,0.01561779670116437,0.0009482997977485336
0.2321463019729575,0.01561779670116437,0.0009482997977485336
0.2322415219729576,0.01561779670116437,0.0006068594290283141
0.2323367419729576,0.01561779670116437,0.0009482997977485336
0.2324319619729576,0.01561779670116437,0.0009482997977485336
0.2325271819729575,0.01561779670116437,0.0009482997977485336
0.2326224019729576,0.01561779670116437,0.0009482997977485336
0.2327176219729575,0.01561779670116437,0.0009482997977485336
0.2328128419729575,0.01561779670116437,0.0009482997977485336
0.2329080619729575,0.01561779670116437,0.0009482997977485336
0.2330032819729576,0.01561779670116437,0.0009482997977485336
0.2330985019729576,0.01561779670116437,0.0006068594290283141
0.2331937219729576,0.01561779670116437,0.0009482997977485336
0.2332889419729575,0.01561779670116437,0.0006068594290283141
0.2333841619729576,0.01561779670116437,0.0006068594290283141
0.2334793819729575,0.01561779670116437,0.0006068594290283141
0.2335746019729575,0.01561779670116437,0.0006068594290283141
0.2336698219729575,0.01561779670116437,0.0006068594290283141
0.2337650419729576,0.01561779670116437,0.0006068594290283141
0.2338602619729576,0.01561779670116437,0.0006068594290283141
0.2339554819729576,0.01561779670116437,0.001289740166468739
0.2340507019729575,0.01561779670116437,0.0009482997977485336
0.2341459219729576,0.01561779670116437,0.0009482997977485336
0.2342411419729575,0.01561779670116437,0.0009482997977485336
0.2343363619729575,0.01561779670116437,0.0009482997977485336
0.2344315819729575,0.01561779670116437,0.0009482997977485336
0.2345268019729576,0.01561779670116437,0.0009482997977485336
0.2346220219729576,0.01561779670116437,0.0009482997977485336
0.2347172419729576,0.01561779670116437,0.0009482997977485336
0.2348124619729575,0.01561779670116437,0.0009482997977485336
0.2349076819729576,0.01184571808256063,0.0009482997977485336
0.2350029019729575,0.01561779670116437,0.0009482997977485336
0.2350981219729575,0.01561779670116437,0.0009482997977485336
0.2351933419729575,0.01561779670116437,0.0009482997977485336
0.2352885619729576,0.01561779670116437,0.0009482997977485336
0.2353837819729576,0.01561779670116437,0.0009482997977485336
0.2354790019729576,0.01561779670116437,0.0009482997977485336
0.2355742219729575,0.01561779670116437,0.0009482997977485336
0.2356694419729576,0.01561779670116437,0.0009482997977485336
0.2357646619729575,0.01561779670116437,0.0009482997977485336
0.2358598819729575,0.01561779670116437,0.0009482997977485336
0.2359551019729575,0.01561779670116437,0.0006068594290283141
0.2360503219729576,0.01561779670116437,0.0009482997977485336
0.2361455419729576,0.01561779670116437,0.0009482997977485336
0.2362407619729576,0.01561779670116437,0.0009482997977485336
0.2363359819729575,0.01561779670116437,0.0009482997977485336
0.2364312019729575,0.01561779670116437,0.0009482997977485336
0.2365264219729575,0.01561779670116437,0.0009482997977485336
0.2366216419729575,0.01561779670116437,0.0009482997977485336
0.2367168619729575,0.01561779670116437,0.0009482997977485336
0.2368120819729576,0.01561779670116437,0.0009482997977485336
0.2369073019729576,0.01561779670116437,0.001289740166468739
0.2370025219729575,0.01561779670116437,0.001289740166468739
0.2370977419729575,0.01561779670116437,0.0009482997977485336
0.2371929619729575,0.01561779670116437,0.001289740166468739
0.2372881819729575,0.01561779670116437,0.0009482997977485336
0.2373834019729575,0.01561779670116437,0.0009482997977485336
0.2374786219729575,0.01561779670116437,0.0009482997977485336
0.2375738419729576,0.01561779670116437,0.0009482997977485336
0.2376690619729576,0.01561779670116437,0.0009482997977485336
0.2377642819729575,0.01561779670116437,0.0009482997977485336
0.2378595019729575,0.01561779670116437,0.0009482997977485336
0.2379547219729575,0.01561779670116437,0.0006068594290283141
0.2380499419729575,0.01561779670116437,0.0006068594290283141
0.2381451619729575,0.01561779670116437,0.0009482997977485336
0.2382403819729575,0.01561779670116437,0.0009482997977485336
0.2383356019729576,0.01561779670116437,0.0009482997977485336
0.2384308219729576,0.01561779670116437,0.0009482997977485336
0.2385260419729575,0.01561779670116437,0.0006068594290283141
0.2386212619729575,0.01561779670116437,0.0009482997977485336
0.2387164819729575,0.01561779670116437,0.0009482997977485336
0.2388117019729575,0.01561779670116437,0.0009482997977485336
0.2389069219729575,0.01561779670116437,0.0009482997977485336
0.2390021419729575,0.01561779670116437,0.001289740166468739
0.2390973619729576,0.01561779670116437,0.0009482997977485336
0.2391925819729576,0.01561779670116437,0.0009482997977485336
0.2392878019729575,0.01561779670116437,0.0009482997977485336
0.2393830219729575,0.01561779670116437,0.0009482997977485336
0.2394782419729575,0.01561779670116437,0.0009482997977485336
0.2395734619729575,0.01561779670116437,0.0009482997977485336
0.2396686819729575,0.01561779670116437,0.0009482997977485336
0.2397639019729575,0.01561779670116437,0.0009482997977485336
0.2398591219729576,0.01561779670116437,0.0009482997977485336
0.2399543419729576,0.01561779670116437,-7.602130841211086e-05
0.2400495619729575,0.01561779670116437,0.0006068594290283141
0.2401447819729575,0.01561779670116437,0.0009482997977485336
0.2402400019729575,0.01561779670116437,0.0006068594290283141
0.2403352219729575,0.01561779670116437,0.0009482997977485336
0.2404304419729575,0.01561779670116437,0.0006068594290283141
0.2405256619729575,0.01561779670116437,0.0009482997977485336
0.2406208819729576,0.01561779670116437,0.0009482997977485336
0.2407161019729576,0.01561779670116437,0.0006068594290283141
0.2408113219729575,0.01561779670116437,0.0009482997977485336
0.2409065419729575,0.01561779670116437,0.0009482997977485336
0.2410017619729575,0.01561779670116437,0.001289740166468739
0.2410969819729575,0.01561779670116437,0.0009482997977485336
0.2411922019729575,0.01561779670116437,0.0009482997977485336
0.2412874219729575,0.01561779670116437,0.0009482997977485336
0.2413826419729576,0.01561779670116437,0.0009482997977485336
0.2414778619729576,0.01561779670116437,0.0009482997977485336
0.2415730819729575,0.01561779670116437,0.0009482997977485336
0.2416683019729575,0.01561779670116437,0.0009482997977485336
0.2417635219729575,0.01561779670116437,0.0009482997977485336
0.2418587419729575,0.01561779670116437,0.0009482997977485336
0.2419539619729575,0.01561779670116437,0.0009482997977485336
0.2420491819729576,0.01561779670116437,0.0009482997977485336
0.2421444019729576,0.01561779670116437,0.0009482997977485336
0.2422396219729576,0.01561779670116437,0.0009482997977485336
0.2423348419729575,0.01561779670116437,0.0009482997977485336
0.2424300619729576,0.01561779670116437,0.0009482997977485336
0.2425252819729575,0.01561779670116437,0.0009482997977485336
0.2426205019729575,0.01561779670116437,0.0009482997977485336
0.2427157219729575,0.01561779670116437,0.0009482997977485336
0.2428109419729576,0.01561779670116437,0.0009482997977485336
0.2429061619729576,0.01561779670116437,0.0006068594290283141
0.2430013819729576,0.01561779670116437,0.0006068594290283141
0.2430966019729575,0.01561779670116437,0.0006068594290283141
0.2431918219729576,0.01561779670116437,0.0006068594290283141
0.2432870419729575,0.01561779670116437,0.0006068594290283141
0.2433822619729575,0.01561779670116437,0.0006068594290283141
0.2434774819729575,0.01561779670116437,0.0006068594290283141
0.2435727019729576,0.01561779670116437,0.0006068594290283141
0.2436679219729576,0.01561779670116437,0.0006068594290283141
0.2437631419729576,0.01561779670116437,0.0006068594290283141
0.2438583619729575,0.01561779670116437,0.0006068594290283141
0.2439535819729576,0.01561779670116437,0.001289740166468739
0.2440488019729575,0.01561779670116437,0.001289740166468739
0.2441440219729575,0.01561779670116437,0.0009482997977485336
0.2442392419729575,0.01561779670116437,0.0009482997977485336
0.2443344619729576,0.01561779670116437,0.0009482997977485336
0.2444296819729576,0.01561779670116437,0.0009482997977485336
0.2445249019729576,0.01561779670116437,0.0009482997977485336
0.2446201219729575,0.01561779670116437,0.0009482997977485336
0.2447153419729576,0.01561779670116437,0.0009482997977485336
0.2448105619729575,0.01561779670116437,0.0009482997977485336
0.2449057819729575,0.01561779670116437,0.0002654190603080947
0.2450010019729575,0.01561779670116437,-7.602130841211086e-05
0.2450962219729576,0.01561779670116437,0.0009482997977485336
0.2451914419729576,0.01561779670116437,0.0009482997977485336
0.2452866619729576,0.01561779670116437,0.0009482997977485336
0.2453818819729575,0.01184571808256063,0.0009482997977485336
0.2454771019729576,0.01561779670116437,0.0009482997977485336
0.2455723219729575,0.01561779670116437,0.0009482997977485336
0.2456675419729575,0.01184571808256063,0.0009482997977485336
0.2457627619729575,0.01561779670116437,0.0009482997977485336
0.2458579819729576,0.01184571808256063,0.0009482997977485336
0.2459532019729576,0.01561779670116437,0.001972620903909164
0.2460484219729576,0.01184571808256063,0.001289740166468739
0.2461436419729575,0.01561779670116437,0.0009482997977485336
0.2462388619729576,0.01184571808256063,0.0009482997977485336
0.2463340819729575,0.01561779670116437,0.0009482997977485336
0.2464293019729575,0.01561779670116437,0.0009482997977485336
0.2465245219729575,0.01561779670116437,0.0009482997977485336
0.2466197419729576,0.01184571808256063,0.0009482997977485336
0.2467149619729576,0.01561779670116437,0.0009482997977485336
0.2468101819729576,0.01561779670116437,0.0009482997977485336
0.2469054019729575,0.01561779670116437,0.0009482997977485336
0.2470006219729576,0.01561779670116437,0.0009482997977485336
0.2470958419729575,0.01561779670116437,0.0009482997977485336
0.2471910619729575,0.01561779670116437,0.001289740166468739
0.2472862819729575,0.01561779670116437,0.0009482997977485336
0.2473815019729576,0.01561779670116437,0.0009482997977485336
0.2474767219729576,0.01561779670116437,0.0009482997977485336
0.2475719419729576,0.01561779670116437,0.0009482997977485336
0.2476671619729575,0.01561779670116437,0.0009482997977485336
0.2477623819729576,0.01561779670116437,0.0009482997977485336
0.2478576019729575,0.01561779670116437,0.0009482997977485336
0.2479528219729575,0.01561779670116437,0.0009482997977485336
0.2480480419729575,0.01561779670116437,0.0009482997977485336
0.2481432619729576,0.01561779670116437,0.0009482997977485336
0.2482384819729576,0.01561779670116437,0.0009482997977485336
0.2483337019729576,0.01561779670116437,0.0009482997977485336
0.2484289219729575,0.01561779670116437,0.0009482997977485336
0.2485241419729576,0.01561779670116437,0.0009482997977485336
0.2486193619729575,0.01561779670116437,0.0009482997977485336
0.2487145819729575,0.01561779670116437,0.0009482997977485336
0.2488098019729575,0.01561779670116437,0.0009482997977485336
0.2489050219729576,0.01561779670116437,0.0009482997977485336
0.2490002419729576,0.01561779670116437,0.001289740166468739
0.2490954619729576,0.01561779670116437,0.0009482997977485336
0.2491906819729575,0.01561779670116437,0.0009482997977485336
0.2492859019729576,0.01561779670116437,0.0009482997977485336
0.2493811219729575,0.01561779670116437,0.0009482997977485336
0.2494763419729575,0.01561779670116437,0.0009482997977485336
0.2495715619729575,0.01561779670116437,0.0009482997977485336
0.2496667819729576,0.01561779670116437,0.0009482997977485336
0.2497620019729576,0.01561779670116437,0.0009482997977485336
0.2498572219729576,0.01561779670116437,0.0009482997977485336
0.2499524419729575,0.01561779670116437,0.0002654190603080947
0.2500476619729576,0.01561779670116437,0.0006068594290283141
0.2501428819729575,0.01561779670116437,0.0009482997977485336
0.2502381019729575,0.01561779670116437,0.0009482997977485336
0.2503333219729575,0.01561779670116437,0.0009482997977485336
0.2504285419729576,0.01561779670116437,0.0009482997977485336
0.2505237619729576,0.01561779670116437,0.0006068594290283141
0.2506189819729576,0.01561779670116437,0.0009482997977485336
0.2507142019729576,0.01561779670116437,0.0009482997977485336
0.2508094219729575,0.01561779670116437,0.0009482997977485336
0.2509046419729575,0.01561779670116437,0.001289740166468739
0.2509998619729575,0.01561779670116437,0.001631180535188959
0.2510950819729575,0.01561779670116437,0.0009482997977485336
0.2511903019729576,0.01561779670116437,0.0009482997977485336
0.2512855219729576,0.01561779670116437,0.0009482997977485336
0.2513807419729576,0.01561779670116437,0.0009482997977485336
0.2514759619729575,0.01561779670116437,0.0009482997977485336
0.2515711819729576,0.01561779670116437,0.0009482997977485336
0.2516664019729575,0.01561779670116437,0.0009482997977485336
0.2517616219729575,0.01561779670116437,0.0009482997977485336
0.2518568419729575,0.01561779670116437,0.0009482997977485336
0.2519520619729576,0.01561779670116437,0.0002654190603080947
0.2520472819729576,0.01561779670116437,0.0006068594290283141
0.2521425019729576,0.01561779670116437,0.0006068594290283141
0.2522377219729576,0.01561779670116437,0.0009482997977485336
0.2523329419729575,0.01561779670116437,0.0009482997977485336
0.2524281619729575,0.01561779670116437,0.0009482997977485336
0.2525233819729575,0.01561779670116437,0.0009482997977485336
0.2526186019729575,0.01561779670116437,0.0009482997977485336
0.2527138219729576,0.01561779670116437,0.0009482997977485336
0.2528090419729576,0.01561779670116437,0.0009482997977485336
0.2529042619729576,0.01561779670116437,0.0009482997977485336
0.2529994819729575,0.01561779670116437,0.001289740166468739
0.2530947019729576,0.01561779670116437,0.0009482997977485336
0.2531899219729575,0.01561779670116437,0.0009482997977485336
0.2532851419729575,0.01561779670116437,0.0009482997977485336
0.2533803619729575,0.01561779670116437,0.0009482997977485336
0.2534755819729576,0.01561779670116437,0.0009482997977485336
0.2535708019729576,0.01561779670116437,0.0009482997977485336
0.2536660219729576,0.01561779670116437,0.0009482997977485336
0.2537612419729576,0.01561779670116437,0.0009482997977485336
0.2538564619729575,0.01561779670116437,0.0009482997977485336
0.2539516819729575,0.01561779670116437,0.0009482997977485336
0.2540469019729575,0.01561779670116437,0.0009482997977485336
0.2541421219729575,0.01561779670116437,0.0009482997977485336
0.2542373419729576,0.01561779670116437,0.0009482997977485336
0.2543325619729576,0.01561779670116437,0.0009482997977485336
0.2544277819729576,0.01561779670116437,0.0009482997977485336
0.2545230019729575,0.01561779670116437,0.001289740166468739
0.2546182219729576,0.01561779670116437,0.0009482997977485336
0.2547134419729575,0.01561779670116437,0.0009482997977485336
0.2548086619729575,0.01561779670116437,0.0009482997977485336
0.2549038819729575,0.01561779670116437,0.0009482997977485336
0.2549991019729576,0.01561779670116437,0.0009482997977485336
0.2550943219729576,0.01561779670116437,0.0009482997977485336
0.2551895419729576,0.01561779670116437,0.0009482997977485336
0.2552847619729576,0.01561779670116437,0.0009482997977485336
0.2553799819729575,0.01561779670116437,0.0009482997977485336
0.2554752019729575,0.01561779670116437,0.0009482997977485336
0.2555704219729575,0.01561779670116437,0.0009482997977485336
0.2556656419729575,0.01561779670116437,0.0009482997977485336
0.2557608619729576,0.01561779670116437,0.0009482997977485336
0.2558560819729576,0.01561779670116437,0.0009482997977485336
0.2559513019729576,0.01561779670116437,0.0009482997977485336
0.2560465219729575,0.01561779670116437,0.0009482997977485336
0.2561417419729576,0.01561779670116437,0.0009482997977485336
0.2562369619729575,0.01561779670116437,0.0009482997977485336
0.2563321819729575,0.01561779670116437,0.0009482997977485336
0.2564274019729575,0.01561779670116437,0.0009482997977485336
0.2565226219729576,0.01561779670116437,0.0009482997977485336
0.2566178419729576,0.01561779670116437,0.0009482997977485336
0.2567130619729576,0.01561779670116437,0.0009482997977485336
0.2568082819729576,0.01561779670116437,0.0009482997977485336
0.2569035019729575,0.01561779670116437,0.0009482997977485336
0.2569987219729576,0.01561779670116437,0.0002654190603080947
0.2570939419729575,0.01561779670116437,0.0009482997977485336
0.2571891619729575,0.01561779670116437,0.0009482997977485336
0.2572843819729576,0.01561779670116437,0.0009482997977485336
0.2573796019729576,0.01561779670116437,0.0009482997977485336
0.2574748219729576,0.01561779670116437,0.0009482997977485336
0.2575700419729575,0.01561779670116437,0.0009482997977485336
0.2576652619729576,0.01561779670116437,0.0009482997977485336
0.2577604819729575,0.01561779670116437,0.0009482997977485336
0.2578557019729575,0.01561779670116437,0.0009482997977485336
0.2579509219729575,0.01561779670116437,0.001631180535188959
0.2580461419729576,0.01561779670116437,0.001289740166468739
0.2581413619729576,0.01561779670116437,0.0009482997977485336
0.2582365819729575,0.01561779670116437,0.0009482997977485336
0.2583318019729576,0.01561779670116437,0.0009482997977485336
0.2584270219729575,0.01561779670116437,0.001289740166468739
0.2585222419729576,0.01561779670116437,0.001289740166468739
0.2586174619729575,0.01561779670116437,0.0009482997977485336
0.2587126819729575,0.01561779670116437,0.0009482997977485336
0.2588079019729576,0.01561779670116437,0.0009482997977485336
0.2589031219729576,0.01561779670116437,0.0009482997977485336
0.2589983419729576,0.01561779670116437,0.0009482997977485336
0.2590935619729575,0.01561779670116437,0.0009482997977485336
0.2591887819729576,0.01561779670116437,0.0009482997977485336
0.2592840019729575,0.01561779670116437,0.0009482997977485336
0.2593792219729575,0.01561779670116437,0.0009482997977485336
0.2594744419729575,0.01561779670116437,0.0009482997977485336
0.2595696619729576,0.01561779670116437,0.0009482997977485336
0.2596648819729576,0.01561779670116437,0.0009482997977485336
0.2597601019729575,0.01561779670116437,0.0009482997977485336
0.2598553219729576,0.01561779670116437,0.0009482997977485336
0.2599505419729575,0.01561779670116437,0.001631180535188959
0.2600457619729576,0.01561779670116437,0.0009482997977485336
0.2601409819729575,0.01561779670116437,0.0009482997977485336
0.2602362019729575,0.01561779670116437,0.0009482997977485336
0.2603314219729576,0.01561779670116437,0.0009482997977485336
0.2604266419729576,0.01561779670116437,0.0009482997977485336
0.2605218619729576,0.01561779670116437,0.0009482997977485336
0.2606170819729575,0.01561779670116437,0.0009482997977485336
0.2607123019729576,0.01561779670116437,0.0009482997977485336
0.2608075219729575,0.01561779670116437,0.0009482997977485336
0.2609027419729575,0.01561779670116437,0.0006068594290283141
0.2609979619729575,0.01561779670116437,-7.602130841211086e-05
0.2610931819729576,0.01561779670116437,0.0009482997977485336
0.2611884019729576,0.01561779670116437,0.0009482997977485336
0.2612836219729575,0.01561779670116437,0.0009482997977485336
0.2613788419729576,0.01561779670116437,0.0009482997977485336
0.2614740619729575,0.01561779670116437,0.0009482997977485336
0.2615692819729576,0.01561779670116437,0.0009482997977485336
0.2616645019729575,0.01561779670116437,0.0009482997977485336
0.2617597219729575,0.01561779670116437,0.0009482997977485336
0.2618549419729576,0.01561779670116437,0.0009482997977485336
0.2619501619729576,0.01561779670116437,0.0009482997977485336
0.2620453819729576,0.01561779670116437,0.0009482997977485336
0.2621406019729575,0.01561779670116437,0.0009482997977485336
0.2622358219729576,0.01561779670116437,0.0006068594290283141
0.2623310419729575,0.01561779670116437,0.0009482997977485336
0.2624262619729575,0.01561779670116437,0.0006068594290283141
0.2625214819729575,0.01561779670116437,0.0009482997977485336
0.2626167019729576,0.01561779670116437,0.0009482997977485336
0.2627119219729576,0.01561779670116437,0.0006068594290283141
0.2628071419729575,0.01561779670116437,0.0009482997977485336
0.2629023619729576,0.01561779670116437,0.0009482997977485336
0.2629975819729575,0.01561779670116437,0.001289740166468739
0.2630928019729576,0.01561779670116437,0.0009482997977485336
0.2631880219729575,0.01561779670116437,0.001289740166468739
0.2632832419729575,0.01561779670116437,0.0009482997977485336
0.2633784619729576,0.01561779670116437,0.0009482997977485336
0.2634736819729576,0.01561779670116437,0.0009482997977485336
0.2635689019729576,0.01561779670116437,0.0009482997977485336
0.2636641219729575,0.01561779670116437,0.0009482997977485336
0.2637593419729576,0.01561779670116437,0.0009482997977485336
0.2638545619729575,0.01561779670116437,0.0009482997977485336
0.2639497819729575,0.01561779670116437,0.0006068594290283141
0.2640450019729575,0.01561779670116437,0.0006068594290283141
0.2641402219729576,0.01561779670116437,0.0006068594290283141
0.2642354419729576,0.01561779670116437,0.0006068594290283141
0.2643306619729575,0.01561779670116437,0.0009482997977485336
0.2644258819729576,0.01561779670116437,0.0006068594290283141
0.2645211019729575,0.01561779670116437,0.0009482997977485336
0.2646163219729576,0.01561779670116437,0.0009482997977485336
0.2647115419729575,0.01561779670116437,0.0009482997977485336
0.2648067619729575,0.01561779670116437,0.0009482997977485336
0.2649019819729576,0.01561779670116437,0.0009482997977485336
0.2649972019729576,0.01561779670116437,0.001631180535188959
0.2650924219729576,0.01561779670116437,0.0009482997977485336
0.2651876419729575,0.01561779670116437,0.0009482997977485336
0.2652828619729576,0.01561779670116437,0.0009482997977485336
0.2653780819729575,0.01561779670116437,0.0009482997977485336
0.2654733019729575,0.01561779670116437,0.0009482997977485336
0.2655685219729575,0.01561779670116437,0.0009482997977485336
0.2656637419729576,0.01561779670116437,0.0009482997977485336
0.2657589619729576,0.01561779670116437,0.0009482997977485336
0.2658541819729575,0.01561779670116437,0.0009482997977485336
0.2659494019729576,0.01561779670116437,-0.0004174616771323303
0.2660446219729575,0.01561779670116437,0.0006068594290283141
0.2661398419729576,0.01561779670116437,0.0009482997977485336
0.2662350619729575,0.01561779670116437,0.0009482997977485336
0.2663302819729575,0.01561779670116437,0.0009482997977485336
0.2664255019729576,0.01561779670116437,0.0009482997977485336
0.2665207219729576,0.01561779670116437,0.0009482997977485336
0.2666159419729576,0.01561779670116437,0.0009482997977485336
0.2667111619729575,0.01561779670116437,0.0009482997977485336
0.2668063819729576,0.01561779670116437,0.0009482997977485336
0.2669016019729575,0.01561779670116437,0.001289740166468739
0.2669968219729575,0.01561779670116437,0.001631180535188959
0.2670920419729576,0.01561779670116437,0.0009482997977485336
0.2671872619729576,0.01561779670116437,0.0009482997977485336
0.2672824819729576,0.01561779670116437,0.0009482997977485336
0.2673777019729575,0.01561779670116437,0.0009482997977485336
0.2674729219729576,0.01561779670116437,0.0009482997977485336
0.2675681419729575,0.01561779670116437,0.0009482997977485336
0.2676633619729576,0.01561779670116437,0.0009482997977485336
0.2677585819729575,0.01561779670116437,0.0009482997977485336
0.2678538019729576,0.01561779670116437,0.0009482997977485336
0.2679490219729576,0.01561779670116437,0.0006068594290283141
0.2680442419729576,0.01561779670116437,0.0009482997977485336
0.2681394619729576,0.01561779670116437,0.0009482997977485336
0.2682346819729575,0.01561779670116437,0.0009482997977485336
0.2683299019729576,0.01561779670116437,0.0009482997977485336
0.2684251219729575,0.01561779670116437,0.001289740166468739
0.2685203419729575,0.01561779670116437,0.0009482997977485336
0.2686155619729576,0.01561779670116437,0.0009482997977485336
0.2687107819729576,0.01561779670116437,0.0009482997977485336
0.2688060019729576,0.01561779670116437,0.0009482997977485336
0.2689012219729575,0.01561779670116437,0.0009482997977485336
0.2689964419729576,0.01561779670116437,0.0006068594290283141
0.2690916619729575,0.01561779670116437,0.0009482997977485336
0.2691868819729576,0.01561779670116437,0.0009482997977485336
0.2692821019729575,0.01561779670116437,0.0009482997977485336
0.2693773219729576,0.01561779670116437,0.0009482997977485336
0.2694725419729576,0.01561779670116437,0.0009482997977485336
0.2695677619729576,0.01561779670116437,0.0009482997977485336
0.2696629819729576,0.01561779670116437,0.0009482997977485336
0.2697582019729575,0.01561779670116437,0.0009482997977485336
0.2698534219729576,0.01561779670116437,0.0009482997977485336
0.2699486419729575,0.01561779670116437,0.001289740166468739
0.2700438619729575,0.01561779670116437,0.0009482997977485336
0.2701390819729576,0.01561779670116437,0.0009482997977485336
0.2702343019729576,0.01561779670116437,0.0009482997977485336
0.2703295219729576,0.01561779670116437,0.0009482997977485336
0.2704247419729575,0.01561779670116437,0.0009482997977485336
0.2705199619729576,0.01561779670116437,0.0009482997977485336
0.2706151819729575,0.01561779670116437,0.0009482997977485336
0.2707104019729576,0.01561779670116437,0.0009482997977485336
0.2708056219729575,0.01561779670116437,0.0009482997977485336
0.2709008419729576,0.01561779670116437,0.0006068594290283141
0.2709960619729576,0.01561779670116437,0.0002654190603080947
0.2710912819729576,0.01561779670116437,0.0009482997977485336
0.2711865019729576,0.01561779670116437,0.0009482997977485336
0.2712817219729575,0.01561779670116437,0.0009482997977485336
0.2713769419729576,0.01561779670116437,0.0009482997977485336
0.2714721619729575,0.01561779670116437,0.0009482997977485336
0.2715673819729575,0.01561779670116437,0.0009482997977485336
0.2716626019729576,0.01561779670116437,0.0009482997977485336
0.2717578219729576,0.01561779670116437,0.0009482997977485336
0.2718530419729576,0.01561779670116437,0.0009482997977485336
0.2719482619729575,0.01561779670116437,0.001631180535188959
0.2720434819729576,0.01561779670116437,0.001289740166468739
0.2721387019729575,0.01561779670116437,0.0009482997977485336
0.2722339219729575,0.01561779670116437,0.0009482997977485336
0.2723291419729575,0.01561779670116437,0.0009482997977485336
0.2724243619729576,0.01561779670116437,0.0009482997977485336
0.2725195819729576,0.01561779670116437,0.0009482997977485336
0.2726148019729575,0.01561779670116437,0.0009482997977485336
0.2727100219729576,0.01561779670116437,0.0009482997977485336
0.2728052419729575,0.01561779670116437,0.0009482997977485336
0.2729004619729576,0.01561779670116437,0.0009482997977485336
0.2729956819729575,0.01561779670116437,0.0002654190603080947
0.2730909019729575,0.01561779670116437,0.0006068594290283141
0.2731861219729576,0.01561779670116437,0.0006068594290283141
0.2732813419729576,0.01561779670116437,0.0009482997977485336
0.2733765619729576,0.01561779670116437,0.0009482997977485336
0.2734717819729575,0.01561779670116437,0.0009482997977485336
0.2735670019729576,0.01561779670116437,0.0009482997977485336
0.2736622219729575,0.01561779670116437,0.0009482997977485336
0.2737574419729575,0.01561779670116437,0.0009482997977485336
0.2738526619729575,0.01561779670116437,0.0009482997977485336
0.2739478819729576,0.01561779670116437,0.001289740166468739
0.2740431019729576,0.01561779670116437,0.0009482997977485336
0.2741383219729575,0.01561779670116437,0.0009482997977485336
0.2742335419729576,0.01561779670116437,0.0009482997977485336
0.2743287619729575,0.01561779670116437,0.0009482997977485336
0.2744239819729576,0.01561779670116437,0.0009482997977485336
0.2745192019729575,0.01561779670116437,0.0009482997977485336
0.2746144219729575,0.01561779670116437,0.0009482997977485336
0.2747096419729576,0.01561779670116437,0.0009482997977485336
0.2748048619729576,0.01561779670116437,0.0009482997977485336
0.2749000819729576,0.01561779670116437,0.0009482997977485336
0.2749953019729575,0.01561779670116437,0.0009482997977485336
0.2750905219729576,0.01561779670116437,0.0009482997977485336
0.2751857419729575,0.01561779670116437,0.0009482997977485336
0.2752809619729575,0.01561779670116437,0.0009482997977485336
0.2753761819729575,0.01561779670116437,0.0009482997977485336
0.2754714019729576,0.01561779670116437,0.0009482997977485336
0.2755666219729576,0.01561779670116437,0.0009482997977485336
0.2756618419729575,0.01561779670116437,0.0009482997977485336
0.2757570619729576,0.01561779670116437,0.0009482997977485336
0.2758522819729575,0.01561779670116437,0.0009482997977485336
0.2759475019729576,0.01561779670116437,0.0009482997977485336
0.2760427219729575,0.01561779670116437,0.0009482997977485336
0.2761379419729575,0.01561779670116437,0.0009482997977485336
0.2762331619729576,0.01561779670116437,0.0009482997977485336
0.2763283819729576,0.01561779670116437,0.0009482997977485336
0.2764236019729576,0.01561779670116437,0.0009482997977485336
0.2765188219729575,0.01561779670116437,0.0009482997977485336
0.2766140419729576,0.01561779670116437,0.0009482997977485336
0.2767092619729575,0.01561779670116437,0.0009482997977485336
0.2768044819729575,0.01561779670116437,0.0009482997977485336
0.2768997019729575,0.01561779670116437,0.0009482997977485336
0.2769949219729576,0.01561779670116437,0.001289740166468739
0.2770901419729576,0.01561779670116437,0.0009482997977485336
0.2771853619729575,0.01561779670116437,0.0009482997977485336
0.2772805819729576,0.01561779670116437,0.0009482997977485336
0.2773758019729575,0.01561779670116437,0.0009482997977485336
0.2774710219729576,0.01561779670116437,0.001289740166468739
0.2775662419729575,0.01561779670116437,0.001289740166468739
0.2776614619729575,0.01561779670116437,0.0009482997977485336
0.2777566819729576,0.01561779670116437,0.0009482997977485336
0.2778519019729576,0.01561779670116437,0.0009482997977485336
0.2779471219729576,0.01561779670116437,0.0002654190603080947
0.2780423419729575,0.01561779670116437,0.0006068594290283141
0.2781375619729576,0.01561779670116437,0.0009482997977485336
0.2782327819729575,0.01561779670116437,0.0009482997977485336
0.2783280019729575,0.01561779670116437,0.0009482997977485336
0.2784232219729575,0.01561779670116437,0.0009482997977485336
0.2785184419729576,0.01561779670116437,0.0009482997977485336
0.2786136619729576,0.01561779670116437,0.0009482997977485336
0.2787088819729575,0.01561779670116437,0.0009482997977485336
0.2788041019729576,0.01561779670116437,0.0009482997977485336
0.2788993219729575,0.01561779670116437,0.0009482997977485336
0.2789945419729576,0.01561779670116437,0.001289740166468739
0.2790897619729575,0.01561779670116437,0.0009482997977485336
0.2791849819729575,0.01561779670116437,0.0009482997977485336
0.2792802019729576,0.01561779670116437,0.0009482997977485336
0.2793754219729576,0.01561779670116437,0.0009482997977485336
0.2794706419729576,0.01561779670116437,0.0009482997977485336
0.2795658619729575,0.01561779670116437,0.0009482997977485336
0.2796610819729576,0.01561779670116437,0.0009482997977485336
0.2797563019729575,0.01561779670116437,0.0009482997977485336
0.2798515219729575,0.01561779670116437,0.0009482997977485336
0.2799467419729575,0.01561779670116437,0.0006068594290283141
0.2800419619729576,0.01561779670116437,0.0006068594290283141
0.2801371819729576,0.01561779670116437,0.0009482997977485336
0.2802324019729575,0.01561779670116437,0.0009482997977485336
0.2803276219729576,0.01561779670116437,0.0009482997977485336
0.2804228419729575,0.01561779670116437,0.0009482997977485336
0.2805180619729576,0.01561779670116437,0.0009482997977485336
0.2806132819729575,0.01561779670116437,0.0009482997977485336
0.2807085019729575,0.01561779670116437,0.0009482997977485336
0.2808037219729576,0.01561779670116437,0.0009482997977485336
0.2808989419729576,0.01561779670116437,0.0009482997977485336
0.2809941619729576,0.01561779670116437,0.001631180535188959
0.2810893819729575,0.01561779670116437,0.0009482997977485336
0.2811846019729576,0.01561779670116437,0.0009482997977485336
0.2812798219729575,0.01561779670116437,0.0009482997977485336
0.2813750419729575,0.01561779670116437,0.0009482997977485336
0.2814702619729575,0.01561779670116437,0.0009482997977485336
0.2815654819729576,0.01561779670116437,0.0009482997977485336
0.2816607019729576,0.01561779670116437,0.0009482997977485336
0.2817559219729575,0.01561779670116437,0.0009482997977485336
0.2818511419729576,0.01561779670116437,0.0009482997977485336
0.2819463619729575,0.01561779670116437,-7.602130841211086e-05
0.2820415819729576,0.01561779670116437,0.0006068594290283141
0.2821368019729575,0.01561779670116437,0.0009482997977485336
0.2822320219729575,0.01561779670116437,0.0009482997977485336
0.2823272419729576,0.01561779670116437,0.0009482997977485336
0.2824224619729576,0.01561779670116437,0.0009482997977485336
0.2825176819729576,0.01561779670116437,0.0009482997977485336
0.2826129019729575,0.01561779670116437,0.0009482997977485336
0.2827081219729576,0.01561779670116437,0.0009482997977485336
0.2828033419729575,0.01561779670116437,0.0009482997977485336
0.2828985619729575,0.01561779670116437,0.0009482997977485336
0.2829937819729575,0.01561779670116437,0.001289740166468739
0.2830890019729576,0.01561779670116437,0.0009482997977485336
0.2831842219729576,0.01561779670116437,0.0009482997977485336
0.2832794419729575,0.01561779670116437,0.0009482997977485336
0.2833746619729576,0.01561779670116437,0.0009482997977485336
0.2834698819729575,0.01561779670116437,0.0009482997977485336
0.2835651019729576,0.01561779670116437,0.0009482997977485336
0.2836603219729575,0.01561779670116437,0.0009482997977485336
0.2837555419729575,0.01561779670116437,0.0009482997977485336
0.2838507619729576,0.01561779670116437,0.0009482997977485336
0.2839459819729576,0.01561779670116437,0.0009482997977485336
0.2840412019729576,0.01561779670116437,0.0009482997977485336
0.2841364219729575,0.01561779670116437,0.0009482997977485336
0.2842316419729576,0.01561779670116437,0.0009482997977485336
0.2843268619729575,0.01561779670116437,0.0009482997977485336
0.2844220819729575,0.01561779670116437,0.0009482997977485336
0.2845173019729575,0.01561779670116437,0.0009482997977485336
0.2846125219729576,0.01561779670116437,0.0009482997977485336
0.2847077419729576,0.01561779670116437,0.0009482997977485336
0.2848029619729575,0.01561779670116437,0.0009482997977485336
0.2848981819729576,0.01561779670116437,0.0009482997977485336
0.2849934019729575,0.01561779670116437,0.0006068594290283141
0.2850886219729576,0.01561779670116437,0.0006068594290283141
0.2851838419729575,0.01561779670116437,0.0009482997977485336
0.2852790619729575,0.01561779670116437,0.0009482997977485336
0.2853742819729576,0.01561779670116437,0.0009482997977485336
0.2854695019729576,0.01561779670116437,0.0009482997977485336
0.2855647219729576,0.01561779670116437,0.0009482997977485336
0.2856599419729575,0.01561779670116437,0.0009482997977485336
0.2857551619729576,0.01561779670116437,0.0009482997977485336
0.2858503819729575,0.01561779670116437,0.0009482997977485336
0.2859456019729575,0.01561779670116437,0.001631180535188959
0.2860408219729575,0.01561779670116437,0.001289740166468739
0.2861360419729576,0.01561779670116437,0.0009482997977485336
0.2862312619729576,0.01561779670116437,0.0009482997977485336
0.2863264819729575,0.01561779670116437,0.0009482997977485336
0.2864217019729576,0.01561779670116437,0.0009482997977485336
0.2865169219729575,0.01561779670116437,0.0009482997977485336
0.2866121419729576,0.01561779670116437,0.0009482997977485336
0.2867073619729575,0.01561779670116437,0.0009482997977485336
0.2868025819729575,0.01561779670116437,0.0009482997977485336
0.2868978019729576,0.01561779670116437,0.0006068594290283141
0.2869930219729576,0.01561779670116437,-7.602130841211086e-05
0.2870882419729576,0.01561779670116437,0.0009482997977485336
0.2871834619729575,0.01561779670116437,0.0009482997977485336
0.2872786819729576,0.01561779670116437,0.0009482997977485336
0.2873739019729575,0.01561779670116437,0.0009482997977485336
0.2874691219729575,0.01561779670116437,0.0009482997977485336
0.2875643419729575,0.01561779670116437,0.0009482997977485336
0.2876595619729576,0.01561779670116437,0.0009482997977485336
0.2877547819729576,0.01561779670116437,0.0009482997977485336
0.2878500019729575,0.01561779670116437,0.0009482997977485336
0.2879452219729576,0.01561779670116437,0.001972620903909164
0.2880404419729575,0.01561779670116437,0.001289740166468739
0.2881356619729576,0.01561779670116437,0.0009482997977485336
0.2882308819729575,0.01561779670116437,0.0009482997977485336
0.2883261019729575,0.01561779670116437,0.0009482997977485336
0.2884213219729576,0.01561779670116437,0.0009482997977485336
0.2885165419729576,0.01561779670116437,0.0009482997977485336
0.2886117619729576,0.01561779670116437,0.0009482997977485336
0.2887069819729575,0.01561779670116437,0.0009482997977485336
0.2888022019729576,0.01561779670116437,0.0009482997977485336
0.2888974219729575,0.01561779670116437,0.0009482997977485336
0.2889926419729575,0.01561779670116437,0.0002654190603080947
0.2890878619729575,0.01561779670116437,0.0006068594290283141
0.2891830819729576,0.01561779670116437,0.0009482997977485336
0.2892783019729576,0.01561779670116437,0.0009482997977485336
0.2893735219729575,0.01184571808256063,0.0006068594290283141
0.2894687419729576,0.01561779670116437,0.0006068594290283141
0.2895639619729575,0.01561779670116437,0.0006068594290283141
0.2896591819729576,0.01561779670116437,0.0009482997977485336
0.2897544019729575,0.01561779670116437,0.0009482997977485336
0.2898496219729575,0.01184571808256063,0.0009482997977485336
0.2899448419729576,0.01184571808256063,0.0006068594290283141
0.2900400619729576,0.01561779670116437,0.0009482997977485336
0.2901352819729576,0.01561779670116437,0.0009482997977485336
0.2902305019729575,0.01561779670116437,0.0009482997977485336
0.2903257219729576,0.01561779670116437,0.0009482997977485336
0.2904209419729575,0.01561779670116437,0.0009482997977485336
0.2905161619729575,0.01561779670116437,0.0009482997977485336
0.2906113819729575,0.01561779670116437,0.0009482997977485336
0.2907066019729576,0.01561779670116437,0.0009482997977485336
0.2908018219729576,0.01561779670116437,0.0009482997977485336
0.2908970419729575,0.01561779670116437,0.0009482997977485336
0.2909922619729576,0.01561779670116437,0.001289740166468739
0.2910874819729575,0.01561779670116437,0.0009482997977485336
0.2911827019729576,0.01561779670116437,0.0009482997977485336
0.2912779219729575,0.01561779670116437,0.0009482997977485336
0.2913731419729576,0.01561779670116437,0.001289740166468739
0.2914683619729576,0.01561779670116437,0.001289740166468739
0.2915635819729576,0.01561779670116437,0.0009482997977485336
0.2916588019729576,0.01561779670116437,0.0009482997977485336
0.2917540219729575,0.01561779670116437,0.0009482997977485336
0.2918492419729576,0.01561779670116437,0.001289740166468739
0.2919444619729575,0.01561779670116437,0.0006068594290283141
0.2920396819729575,0.01561779670116437,0.0009482997977485336
0.2921349019729576,0.01561779670116437,0.0009482997977485336
0.2922301219729576,0.01561779670116437,0.0009482997977485336
0.2923253419729576,0.01561779670116437,0.0009482997977485336
0.2924205619729575,0.01561779670116437,0.0009482997977485336
0.2925157819729576,0.01561779670116437,0.0009482997977485336
0.2926110019729575,0.01561779670116437,0.0009482997977485336
0.2927062219729576,0.01561779670116437,0.0009482997977485336
0.2928014419729575,0.01561779670116437,0.0009482997977485336
0.2928966619729576,0.01561779670116437,0.0009482997977485336
0.2929918819729576,0.01561779670116437,0.001289740166468739
0.2930871019729576,0.01561779670116437,0.0009482997977485336
0.2931823219729576,0.01561779670116437,0.0009482997977485336
0.2932775419729575,0.01561779670116437,0.0009482997977485336
0.2933727619729576,0.01561779670116437,0.0009482997977485336
0.2934679819729575,0.01561779670116437,0.0009482997977485336
0.2935632019729575,0.01561779670116437,0.0009482997977485336
0.2936584219729576,0.01561779670116437,0.0009482997977485336
0.2937536419729576,0.01561779670116437,0.0009482997977485336
0.2938488619729576,0.01561779670116437,0.0009482997977485336
0.2939440819729575,0.01561779670116437,0.0002654190603080947
0.2940393019729576,0.01561779670116437,0.0009482997977485336
0.2941345219729575,0.01561779670116437,0.0009482997977485336
0.2942297419729576,0.01561779670116437,0.0009482997977485336
0.2943249619729575,0.01561779670116437,0.0009482997977485336
0.2944201819729576,0.01561779670116437,0.0009482997977485336
0.2945154019729576,0.01561779670116437,0.0009482997977485336
0.2946106219729576,0.01561779670116437,0.0009482997977485336
0.2947058419729576,0.01561779670116437,0.0009482997977485336
0.2948010619729575,0.01561779670116437,0.0009482997977485336
0.2948962819729576,0.01561779670116437,0.0009482997977485336
0.2949915019729575,0.01561779670116437,0.001289740166468739
0.2950867219729575,0.01561779670116437,0.0009482997977485336
0.2951819419729576,0.01561779670116437,0.0009482997977485336
0.2952771619729576,0.01561779670116437,0.0009482997977485336
0.2953723819729576,0.01561779670116437,0.0009482997977485336
0.2954676019729575,0.01561779670116437,0.0009482997977485336
0.2955628219729576,0.01561779670116437,0.0009482997977485336
0.2956580419729575,0.01561779670116437,0.0009482997977485336
0.2957532619729576,0.01561779670116437,0.0009482997977485336
0.2958484819729575,0.01561779670116437,0.0009482997977485336
0.2959437019729576,0.01561779670116437,0.0009482997977485336
0.2960389219729576,0.01561779670116437,0.0009482997977485336
0.2961341419729576,0.01561779670116437,0.0009482997977485336
0.2962293619729576,0.01561779670116437,0.0009482997977485336
0.2963245819729575,0.01561779670116437,0.0009482997977485336
0.2964198019729576,0.01561779670116437,0.0009482997977485336
0.2965150219729575,0.01561779670116437,0.0009482997977485336
0.2966102419729575,0.01561779670116437,0.0009482997977485336
0.2967054619729576,0.01561779670116437,0.0009482997977485336
0.2968006819729576,0.01561779670116437,0.0009482997977485336
0.2968959019729576,0.01561779670116437,0.0009482997977485336
0.2969911219729575,0.01561779670116437,0.001631180535188959
0.2970863419729576,0.01561779670116437,0.0009482997977485336
0.2971815619729575,0.01561779670116437,0.0009482997977485336
0.2972767819729576,0.01561779670116437,0.0009482997977485336
0.2973720019729575,0.01561779670116437,0.0009482997977485336
0.2974672219729576,0.01561779670116437,0.0009482997977485336
0.2975624419729576,0.01561779670116437,0.0009482997977485336
0.2976576619729576,0.01561779670116437,0.0009482997977485336
0.2977528819729576,0.01561779670116437,0.0009482997977485336
0.2978481019729575,0.01561779670116437,0.0009482997977485336
0.2979433219729576,0.01561779670116437,0.0002654190603080947
0.2980385419729575,0.01561779670116437,0.0006068594290283141
0.2981337619729575,0.01561779670116437,0.0006068594290283141
0.2982289819729576,0.01561779670116437,0.0009482997977485336
0.2983242019729576,0.01561779670116437,0.0009482997977485336
0.2984194219729576,0.01561779670116437,0.0009482997977485336
0.2985146419729575,0.01561779670116437,0.0009482997977485336
0.2986098619729576,0.01561779670116437,0.0006068594290283141
0.2987050819729575,0.01561779670116437,0.0009482997977485336
0.2988003019729576,0.01561779670116437,0.0009482997977485336
0.2988955219729575,0.01561779670116437,0.0009482997977485336
0.2989907419729576,0.01561779670116437,0.0009482997977485336
0.2990859619729576,0.01561779670116437,0.0009482997977485336
0.2991811819729576,0.01561779670116437,0.0009482997977485336
0.2992764019729576,0.01561779670116437,0.0009482997977485336
0.2993716219729575,0.01561779670116437,0.0009482997977485336
0.2994668419729576,0.01561779670116437,0.0009482997977485336
0.2995620619729575,0.01561779670116437,0.0009482997977485336
0.2996572819729575,0.01561779670116437,0.0009482997977485336
0.2997525019729576,0.01561779670116437,0.0009482997977485336
0.2998477219729576,0.01561779670116437,0.0009482997977485336
0.2999429419729576,0.01561779670116437,0.001289740166468739
0.3000381619729575,0.01561779670116437,0.0009482997977485336
0.3001333819729576,0.01561779670116437,0.0009482997977485336
0.3002286019729575,0.01561779670116437,0.0009482997977485336
0.3003238219729576,0.01561779670116437,0.0009482997977485336
0.3004190419729575,0.01561779670116437,0.0009482997977485336
0.3005142619729576,0.01561779670116437,0.0009482997977485336
0.3006094819729576,0.01561779670116437,0.0009482997977485336
0.3007047019729576,0.01561779670116437,0.0009482997977485336
0.3007999219729576,0.01561779670116437,0.0009482997977485336
0.3008951419729575,0.01561779670116437,0.0009482997977485336
0.3009903619729576,0.01561779670116437,0.0006068594290283141
0.3010855819729575,0.01561779670116437,0.0009482997977485336
0.3011808019729575,0.01561779670116437,0.0009482997977485336
0.3012760219729576,0.01561779670116437,0.0009482997977485336
0.3013712419729576,0.01561779670116437,0.0006068594290283141
0.3014664619729576,0.01184571808256063,0.0006068594290283141
0.3015616819729575,0.01561779670116437,0.0006068594290283141
0.3016569019729576,0.01561779670116437,0.0006068594290283141
0.3017521219729575,0.01561779670116437,0.0009482997977485336
0.3018473419729576,0.01561779670116437,0.0006068594290283141
0.3019425619729575,0.01561779670116437,0.001631180535188959
0.3020377819729576,0.01561779670116437,0.001289740166468739
0.3021330019729576,0.01561779670116437,0.0009482997977485336
0.3022282219729576,0.01561779670116437,0.0009482997977485336
0.3023234419729576,0.01561779670116437,0.0009482997977485336
0.3024186619729575,0.01561779670116437,0.0009482997977485336
0.3025138819729576,0.01561779670116437,0.0009482997977485336
0.3026091019729575,0.01561779670116437,0.0009482997977485336
0.3027043219729575,0.01561779670116437,0.0009482997977485336
0.3027995419729576,0.01561779670116437,0.0009482997977485336
0.3028947619729576,0.01561779670116437,0.0009482997977485336
0.3029899819729576,0.01561779670116437,-0.0004174616771323303
0.3030852019729575,0.01561779670116437,0.0006068594290283141
0.3031804219729576,0.01561779670116437,0.0009482997977485336
0.3032756419729575,0.01561779670116437,0.0006068594290283141
0.3033708619729576,0.01561779670116437,0.0009482997977485336
0.3034660819729575,0.01561779670116437,0.0009482997977485336
0.3035613019729576,0.01561779670116437,0.0009482997977485336
0.3036565219729576,0.01561779670116437,0.0009482997977485336
0.3037517419729576,0.01561779670116437,0.0009482997977485336
0.3038469619729576,0.01561779670116437,0.0009482997977485336
0.3039421819729575,0.01561779670116437,0.001631180535188959
0.3040374019729576,0.01561779670116437,0.001289740166468739
0.3041326219729575,0.01561779670116437,0.0009482997977485336
0.3042278419729575,0.01561779670116437,0.0009482997977485336
0.3043230619729576,0.01561779670116437,0.0009482997977485336
0.3044182819729576,0.01561779670116437,0.0009482997977485336
0.3045135019729576,0.01561779670116437,0.0009482997977485336
0.3046087219729575,0.01561779670116437,0.0009482997977485336
0.3047039419729576,0.01561779670116437,0.0009482997977485336
0.3047991619729575,0.01561779670116437,0.001289740166468739
0.3048943819729576,0.01561779670116437,0.0009482997977485336
0.3049896019729575,0.01561779670116437,0.0006068594290283141
0.3050848219729576,0.01561779670116437,0.0009482997977485336
0.3051800419729576,0.01561779670116437,0.0009482997977485336
0.3052752619729576,0.01561779670116437,0.0009482997977485336
0.3053704819729576,0.01561779670116437,0.0009482997977485336
0.3054657019729575,0.01561779670116437,0.0009482997977485336
0.3055609219729576,0.01561779670116437,0.0009482997977485336
0.3056561419729575,0.01561779670116437,0.0009482997977485336
0.3057513619729575,0.01561779670116437,0.0009482997977485336
0.3058465819729576,0.01561779670116437,0.0009482997977485336
0.3059418019729576,0.01561779670116437,0.0006068594290283141
0.3060370219729576,0.01561779670116437,0.0006068594290283141
0.3061322419729575,0.01561779670116437,0.0009482997977485336
0.3062274619729576,0.01561779670116437,0.0009482997977485336
0.3063226819729575,0.01561779670116437,0.0009482997977485336
0.3064179019729575,0.01561779670116437,0.0009482997977485336
0.3065131219729575,0.01561779670116437,0.0009482997977485336
0.3066083419729576,0.01561779670116437,0.0009482997977485336
0.3067035619729576,0.01561779670116437,0.0009482997977485336
0.3067987819729575,0.01561779670116437,0.0009482997977485336
0.3068940019729576,0.01561779670116437,0.0009482997977485336
0.3069892219729575,0.01561779670116437,0.001289740166468739
0.3070844419729576,0.01561779670116437,0.0009482997977485336
0.3071796619729575,0.01561779670116437,0.0009482997977485336
0.3072748819729575,0.01561779670116437,0.0009482997977485336
0.3073701019729576,0.01561779670116437,0.0009482997977485336
0.3074653219729576,0.01561779670116437,0.0009482997977485336
0.3075605419729576,0.01561779670116437,0.0009482997977485336
0.3076557619729575,0.01561779670116437,0.0009482997977485336
0.3077509819729576,0.01561779670116437,0.0009482997977485336
0.3078462019729575,0.01561779670116437,0.0009482997977485336
0.3079414219729575,0.01561779670116437,0.0006068594290283141
0.3080366419729575,0.01561779670116437,0.0006068594290283141
0.3081318619729576,0.01561779670116437,0.0009482997977485336
0.3082270819729576,0.01561779670116437,0.0009482997977485336
0.3083223019729575,0.01561779670116437,0.0009482997977485336
0.3084175219729576,0.01561779670116437,0.0009482997977485336
0.3085127419729575,0.01561779670116437,0.0009482997977485336
0.3086079619729576,0.01561779670116437,0.0009482997977485336
0.3087031819729575,0.01561779670116437,0.0009482997977485336
0.3087984019729575,0.01561779670116437,0.0009482997977485336
0.3088936219729576,0.01561779670116437,0.0009482997977485336
0.3089888419729576,0.01561779670116437,0.001631180535188959
0.3090840619729576,0.01561779670116437,0.0009482997977485336
0.3091792819729575,0.01561779670116437,0.0009482997977485336
0.3092745019729576,0.01561779670116437,0.0009482997977485336
0.3093697219729575,0.01561779670116437,0.0009482997977485336
0.3094649419729575,0.01561779670116437,0.0009482997977485336
0.3095601619729575,0.01561779670116437,0.0009482997977485336
0.3096553819729576,0.01561779670116437,0.0006068594290283141
0.3097506019729576,0.01561779670116437,0.0009482997977485336
0.3098458219729575,0.01561779670116437,0.0009482997977485336
0.3099410419729576,0.01561779670116437,0.0002654190603080947
0.3100362619729575,0.01561779670116437,0.0006068594290283141
0.3101314819729576,0.01561779670116437,0.0009482997977485336
0.3102267019729575,0.01561779670116437,0.0009482997977485336
0.3103219219729575,0.01561779670116437,0.0009482997977485336
0.3104171419729576,0.01561779670116437,0.0009482997977485336
0.3105123619729576,0.01561779670116437,0.0009482997977485336
0.3106075819729576,0.01561779670116437,0.0009482997977485336
0.3107028019729575,0.01561779670116437,0.0009482997977485336
0.3107980219729576,0.01561779670116437,0.0009482997977485336
0.3108932419729575,0.01561779670116437,0.0006068594290283141
0.3109884619729575,0.01561779670116437,0.001289740166468739
0.3110836819729575,0.01561779670116437,0.0006068594290283141
0.3111789019729576,0.01561779670116437,0.0006068594290283141
0.3112741219729576,0.01561779670116437,0.0006068594290283141
0.3113693419729575,0.01561779670116437,0.0009482997977485336
0.3114645619729576,0.01561779670116437,0.0009482997977485336
0.3115597819729575,0.01561779670116437,0.0009482997977485336
0.3116550019729576,0.01561779670116437,0.0006068594290283141
0.3117502219729575,0.01561779670116437,0.0006068594290283141
0.3118454419729575,0.01561779670116437,0.0009482997977485336
0.3119406619729576,0.01561779670116437,0.0009482997977485336
0.3120358819729576,0.01561779670116437,0.0009482997977485336
0.3121311019729576,0.01561779670116437,0.0006068594290283141
0.3122263219729575,0.01561779670116437,0.0006068594290283141
0.3123215419729576,0.01561779670116437,0.0006068594290283141
0.3124167619729575,0.01561779670116437,0.0006068594290283141
0.3125119819729575,0.01561779670116437,0.0006068594290283141
0.3126072019729575,0.01561779670116437,0.0006068594290283141
0.3127024219729576,0.01561779670116437,0.0009482997977485336
0.3127976419729576,0.01561779670116437,0.0006068594290283141
0.3128928619729575,0.01561779670116437,0.0009482997977485336
0.3129880819729576,0.01561779670116437,0.001631180535188959
0.3130833019729575,0.01561779670116437,0.001289740166468739
0.3131785219729576,0.01561779670116437,0.0009482997977485336
0.3132737419729575,0.01561779670116437,0.0009482997977485336
0.3133689619729575,0.01561779670116437,0.0009482997977485336
0.3134641819729576,0.01561779670116437,0.0009482997977485336
0.3135594019729576,0.01561779670116437,0.0009482997977485336
0.3136546219729576,0.01561779670116437,0.0009482997977485336
0.3137498419729575,0.01561779670116437,0.0009482997977485336
0.3138450619729576,0.01561779670116437,0.0009482997977485336
0.3139402819729575,0.01561779670116437,0.0002654190603080947
0.3140355019729575,0.01561779670116437,0.0006068594290283141
0.3141307219729575,0.01561779670116437,0.0009482997977485336
0.3142259419729576,0.01561779670116437,0.0009482997977485336
0.3143211619729576,0.01561779670116437,0.0009482997977485336
0.3144163819729575,0.01561779670116437,0.0009482997977485336
0.3145116019729576,0.01561779670116437,0.0006068594290283141
0.3146068219729575,0.01561779670116437,0.0006068594290283141
0.3147020419729576,0.01561779670116437,0.0009482997977485336
0.3147972619729575,0.01561779670116437,0.0006068594290283141
0.3148924819729575,0.01561779670116437,0.0006068594290283141
0.3149877019729576,0.01561779670116437,0.0009482997977485336
0.3150829219729576,0.01561779670116437,0.0009482997977485336
0.3151781419729576,0.01561779670116437,0.0009482997977485336
0.3152733619729575,0.01561779670116437,0.0009482997977485336
0.3153685819729576,0.01561779670116437,0.0009482997977485336
0.3154638019729575,0.01561779670116437,0.0009482997977485336
0.3155590219729575,0.01561779670116437,0.0009482997977485336
0.3156542419729575,0.01561779670116437,0.0009482997977485336
0.3157494619729576,0.01561779670116437,0.0009482997977485336
0.3158446819729576,0.01561779670116437,0.0009482997977485336
0.3159399019729575,0.01561779670116437,0.001289740166468739
0.3160351219729576,0.01561779670116437,0.0009482997977485336
0.3161303419729575,0.01561779670116437,0.0009482997977485336
0.3162255619729576,0.01561779670116437,0.0009482997977485336
0.3163207819729575,0.01561779670116437,0.0009482997977485336
0.3164160019729576,0.01561779670116437,0.0009482997977485336
0.3165112219729576,0.01561779670116437,0.0009482997977485336
0.3166064419729576,0.01561779670116437,0.0009482997977485336
0.3167016619729576,0.01561779670116437,0.0009482997977485336
0.3167968819729575,0.01561779670116437,0.0009482997977485336
0.3168921019729576,0.01561779670116437,0.0009482997977485336
0.3169873219729575,0.01561779670116437,0.0009482997977485336
0.3170825419729575,0.01561779670116437,0.0009482997977485336
0.3171777619729576,0.01561779670116437,0.0009482997977485336
0.3172729819729576,0.01561779670116437,0.0009482997977485336
0.3173682019729576,0.01561779670116437,0.001289740166468739
0.3174634219729575,0.01561779670116437,0.0009482997977485336
0.3175586419729576,0.01561779670116437,0.0009482997977485336
0.3176538619729575,0.01561779670116437,0.0009482997977485336
0.3177490819729576,0.01561779670116437,0.001289740166468739
0.3178443019729575,0.01561779670116437,0.001289740166468739
0.3179395219729576,0.01561779670116437,0.001631180535188959
0.3180347419729576,0.01561779670116437,0.001289740166468739
0.3181299619729576,0.01561779670116437,0.0009482997977485336
0.3182251819729576,0.01561779670116437,0.0009482997977485336
0.3183204019729575,0.01561779670116437,0.0009482997977485336
0.3184156219729576,0.01561779670116437,0.0009482997977485336
0.3185108419729575,0.01561779670116437,0.0009482997977485336
0.3186060619729575,0.01561779670116437,0.0009482997977485336
0.3187012819729576,0.01561779670116437,0.0009482997977485336
0.3187965019729576,0.01561779670116437,0.0009482997977485336
0.3188917219729576,0.01561779670116437,0.0009482997977485336
0.3189869419729575,0.01561779670116437,-0.0004174616771323303
0.3190821619729576,0.01561779670116437,0.0006068594290283141
0.3191773819729575,0.01561779670116437,0.0009482997977485336
0.3192726019729576,0.01561779670116437,0.0009482997977485336
0.3193678219729575,0.01561779670116437,0.0009482997977485336
0.3194630419729576,0.01561779670116437,0.0009482997977485336
0.3195582619729576,0.01561779670116437,0.0009482997977485336
0.3196534819729576,0.01561779670116437,0.0009482997977485336
0.3197487019729576,0.01561779670116437,0.0009482997977485336
0.3198439219729575,0.01561779670116437,0.0009482997977485336
0.3199391419729576,0.01561779670116437,0.001631180535188959
0.3200343619729575,0.01561779670116437,0.001289740166468739
0.3201295819729575,0.01561779670116437,0.0009482997977485336
0.3202248019729576,0.01561779670116437,0.0009482997977485336
0.3203200219729576,0.01561779670116437,0.0009482997977485336
0.3204152419729576,0.01561779670116437,0.0009482997977485336
0.3205104619729575,0.01561779670116437,0.0009482997977485336
0.3206056819729576,0.01561779670116437,0.0009482997977485336
0.3207009019729575,0.01561779670116437,0.0009482997977485336
0.3207961219729576,0.01561779670116437,0.0009482997977485336
0.3208913419729575,0.01561779670116437,0.0009482997977485336
0.3209865619729576,0.01561779670116437,0.0002654190603080947
0.3210817819729576,0.01561779670116437,0.0009482997977485336
0.3211770019729576,0.01561779670116437,0.0009482997977485336
0.3212722219729576,0.01561779670116437,0.0009482997977485336
0.3213674419729575,0.01561779670116437,0.0009482997977485336
0.3214626619729576,0.01561779670116437,0.0006068594290283141
0.3215578819729575,0.01561779670116437,0.0009482997977485336
0.3216531019729575,0.01561779670116437,0.0009482997977485336
0.3217483219729576,0.01561779670116437,0.0009482997977485336
0.3218435419729576,0.01561779670116437,0.0009482997977485336
0.3219387619729576,0.01561779670116437,0.0006068594290283141
0.3220339819729575,0.01561779670116437,0.0009482997977485336
0.3221292019729576,0.01561779670116437,0.0009482997977485336
0.3222244219729575,0.01561779670116437,0.0009482997977485336
0.3223196419729576,0.01561779670116437,0.0009482997977485336
0.3224148619729575,0.01561779670116437,0.0009482997977485336
0.3225100819729576,0.01561779670116437,0.0009482997977485336
0.3226053019729576,0.01561779670116437,0.0009482997977485336
0.3227005219729576,0.01561779670116437,0.0009482997977485336
0.3227957419729576,0.01561779670116437,0.0009482997977485336
0.3228909619729575,0.01561779670116437,0.0009482997977485336
0.3229861819729576,0.01561779670116437,0.001289740166468739
0.3230814019729575,0.01561779670116437,0.0009482997977485336
0.3231766219729575,0.01561779670116437,0.0009482997977485336
0.3232718419729576,0.01561779670116437,0.0009482997977485336
0.3233670619729576,0.01561779670116437,0.0009482997977485336
0.3234622819729576,0.01561779670116437,0.0009482997977485336
0.3235575019729575,0.01561779670116437,0.0009482997977485336
0.3236527219729576,0.01561779670116437,0.0009482997977485336
0.3237479419729575,0.01561779670116437,0.0009482997977485336
0.3238431619729576,0.01561779670116437,0.0009482997977485336
0.3239383819729575,0.01561779670116437,0.0006068594290283141
0.3240336019729576,0.01561779670116437,0.0006068594290283141
0.3241288219729576,0.01561779670116437,0.0009482997977485336
0.3242240419729576,0.01561779670116437,0.0009482997977485336
0.3243192619729576,0.01561779670116437,0.0006068594290283141
0.3244144819729575,0.01561779670116437,0.0009482997977485336
0.3245097019729576,0.01561779670116437,0.0009482997977485336
0.3246049219729575,0.01561779670116437,0.0009482997977485336
0.3247001419729575,0.01561779670116437,0.0009482997977485336
0.3247953619729576,0.01561779670116437,0.0009482997977485336
0.3248905819729576,0.01561779670116437,0.0009482997977485336
0.3249858019729576,0.01561779670116437,0.001289740166468739
0.3250810219729575,0.01561779670116437,0.0009482997977485336
0.3251762419729576,0.01561779670116437,0.0009482997977485336
0.3252714619729575,0.01561779670116437,0.0009482997977485336
0.3253666819729576,0.01561779670116437,0.0009482997977485336
0.3254619019729575,0.01561779670116437,0.0009482997977485336
0.3255571219729576,0.01561779670116437,0.0009482997977485336
0.3256523419729576,0.01561779670116437,0.0009482997977485336
0.3257475619729576,0.01561779670116437,0.0009482997977485336
0.3258427819729576,0.01561779670116437,0.0009482997977485336
0.3259380019729575,0.01561779670116437,0.0002654190603080947
0.3260332219729576,0.01561779670116437,0.0006068594290283141
0.3261284419729575,0.01561779670116437,0.0009482997977485336
0.3262236619729575,0.01561779670116437,0.0009482997977485336
0.3263188819729576,0.01561779670116437,0.0009482997977485336
0.3264141019729576,0.01561779670116437,0.0009482997977485336
0.3265093219729576,0.01561779670116437,0.0009482997977485336
0.3266045419729575,0.01561779670116437,0.0009482997977485336
0.3266997619729576,0.01561779670116437,0.0009482997977485336
0.3267949819729575,0.01561779670116437,0.0009482997977485336
0.3268902019729576,0.01561779670116437,0.0009482997977485336
0.3269854219729575,0.01561779670116437,0.001289740166468739
0.3270806419729576,0.01561779670116437,0.0009482997977485336
0.3271758619729576,0.01561779670116437,0.0009482997977485336
0.3272710819729576,0.01561779670116437,0.0009482997977485336
0.3273663019729576,0.01561779670116437,0.0009482997977485336
0.3274615219729575,0.01561779670116437,0.0009482997977485336
0.3275567419729576,0.01561779670116437,0.0009482997977485336
0.3276519619729575,0.01561779670116437,0.0009482997977485336
0.3277471819729575,0.01561779670116437,0.0009482997977485336
0.3278424019729576,0.01561779670116437,0.0009482997977485336
0.3279376219729576,0.01561779670116437,0.0009482997977485336
0.3280328419729576,0.01561779670116437,0.0009482997977485336
0.3281280619729575,0.01561779670116437,0.0009482997977485336
0.3282232819729576,0.01561779670116437,0.0009482997977485336
0.3283185019729575,0.01561779670116437,0.0009482997977485336
0.3284137219729576,0.01561779670116437,0.0009482997977485336
0.3285089419729575,0.01561779670116437,0.0009482997977485336
0.3286041619729576,0.01561779670116437,0.0009482997977485336
0.3286993819729576,0.01561779670116437,0.0009482997977485336
0.3287946019729576,0.01561779670116437,0.0009482997977485336
0.3288898219729576,0.01561779670116437,0.0009482997977485336
0.3289850419729575,0.01561779670116437,0.001631180535188959
0.3290802619729576,0.01561779670116437,0.0009482997977485336
0.3291754819729575,0.01561779670116437,0.0009482997977485336
0.3292707019729575,0.01561779670116437,0.0009482997977485336
0.3293659219729576,0.01561779670116437,0.0009482997977485336
0.3294611419729576,0.01561779670116437,0.0009482997977485336
0.3295563619729576,0.01561779670116437,0.0009482997977485336
0.3296515819729575,0.01561779670116437,0.0009482997977485336
0.3297468019729576,0.01561779670116437,0.0009482997977485336
0.3298420219729575,0.01561779670116437,0.0009482997977485336
0.3299372419729576,0.01561779670116437,0.0002654190603080947
0.3300324619729575,0.01561779670116437,0.0006068594290283141
0.3301276819729576,0.01561779670116437,0.0006068594290283141
0.3302229019729576,0.01561779670116437,0.0009482997977485336
0.3303181219729576,0.01561779670116437,0.0009482997977485336
0.3304133419729576,0.01561779670116437,0.0009482997977485336
0.3305085619729575,0.01561779670116437,0.0009482997977485336
0.3306037819729576,0.01561779670116437,0.0009482997977485336
0.3306990019729575,0.01184571808256063,0.0009482997977485336
0.3307942219729575,0.01561779670116437,0.0009482997977485336
0.3308894419729576,0.01561779670116437,0.0009482997977485336
0.3309846619729576,0.01561779670116437,0.001289740166468739
0.3310798819729576,0.01561779670116437,0.0009482997977485336
0.3311751019729575,0.01561779670116437,0.0009482997977485336
0.3312703219729576,0.01561779670116437,0.0009482997977485336
0.3313655419729575,0.01561779670116437,0.0009482997977485336
0.3314607619729576,0.01561779670116437,0.0009482997977485336
0.3315559819729575,0.01184571808256063,0.0009482997977485336
0.3316512019729576,0.01561779670116437,0.0009482997977485336
0.3317464219729576,0.01184571808256063,0.0009482997977485336
0.3318416419729576,0.01561779670116437,0.0009482997977485336
0.3319368619729576,0.01561779670116437,0.0009482997977485336
0.3320320819729575,0.01561779670116437,0.0009482997977485336
0.3321273019729576,0.01561779670116437,0.0009482997977485336
0.3322225219729575,0.01184571808256063,0.0009482997977485336
0.3323177419729575,0.01561779670116437,0.0009482997977485336
0.3324129619729576,0.01561779670116437,0.0009482997977485336
0.3325081819729576,0.01561779670116437,0.0009482997977485336
0.3326034019729576,0.01561779670116437,0.0009482997977485336
0.3326986219729575,0.01561779670116437,0.0009482997977485336
0.3327938419729576,0.01561779670116437,0.0009482997977485336
0.3328890619729575,0.01561779670116437,0.0009482997977485336
0.3329842819729576,0.01561779670116437,0.0009482997977485336
0.3330795019729575,0.01561779670116437,0.001289740166468739
0.3331747219729576,0.01561779670116437,0.0009482997977485336
0.3332699419729576,0.01561779670116437,0.0009482997977485336
0.3333651619729576,0.01561779670116437,0.0009482997977485336
0.3334603819729576,0.01561779670116437,0.001289740166468739
0.3335556019729575,0.01561779670116437,0.0009482997977485336
0.3336508219729576,0.01561779670116437,0.0009482997977485336
0.3337460419729575,0.01561779670116437,0.0009482997977485336
0.3338412619729575,0.01561779670116437,0.0009482997977485336
0.3339364819729576,0.01561779670116437,0.001289740166468739
0.3340317019729576,0.01561779670116437,0.0009482997977485336
0.3341269219729576,0.01561779670116437,0.0009482997977485336
0.3342221419729575,0.01561779670116437,0.0009482997977485336
0.3343173619729576,0.01561779670116437,0.0009482997977485336
0.3344125819729575,0.01561779670116437,0.0009482997977485336
0.3345078019729576,0.01561779670116437,0.0009482997977485336
0.3346030219729575,0.01561779670116437,0.0009482997977485336
0.3346982419729576,0.01561779670116437,0.0009482997977485336
0.3347934619729576,0.01561779670116437,0.0009482997977485336
0.3348886819729576,0.01561779670116437,0.0009482997977485336
0.3349839019729576,0.01561779670116437,-0.0004174616771323303
0.3350791219729575,0.01561779670116437,0.0006068594290283141
0.3351743419729576,0.01561779670116437,0.0006068594290283141
0.3352695619729575,0.01561779670116437,0.0006068594290283141
0.3353647819729575,0.01561779670116437,0.0006068594290283141
0.3354600019729576,0.01561779670116437,0.0009482997977485336
0.3355552219729576,0.01561779670116437,0.0006068594290283141
0.3356504419729576,0.01561779670116437,0.0006068594290283141
0.3357456619729575,0.01561779670116437,0.0006068594290283141
0.3358408819729576,0.01561779670116437,0.0006068594290283141
0.3359361019729575,0.01561779670116437,0.001631180535188959
0.3360313219729576,0.01561779670116437,0.001289740166468739
0.3361265419729575,0.01561779670116437,0.0009482997977485336
0.3362217619729576,0.01561779670116437,0.0009482997977485336
0.3363169819729576,0.01561779670116437,0.0009482997977485336
0.3364122019729576,0.01561779670116437,0.0009482997977485336
0.3365074219729576,0.01561779670116437,0.0009482997977485336
0.3366026419729575,0.01561779670116437,0.0009482997977485336
0.3366978619729576,0.01561779670116437,0.0009482997977485336
0.3367930819729575,0.01561779670116437,0.0009482997977485336
0.3368883019729575,0.01561779670116437,0.0009482997977485336
0.3369835219729576,0.01561779670116437,0.0002654190603080947
0.3370787419729576,0.01561779670116437,0.0006068594290283141
0.3371739619729576,0.01561779670116437,0.0009482997977485336
0.3372691819729575,0.01561779670116437,0.0009482997977485336
0.3373644019729576,0.01561779670116437,0.0009482997977485336
0.3374596219729575,0.01561779670116437,0.0006068594290283141
0.3375548419729576,0.01561779670116437,0.0006068594290283141
0.3376500619729575,0.01561779670116437,0.0006068594290283141
0.3377452819729576,0.01561779670116437,0.0009482997977485336
0.3378405019729576,0.01561779670116437,0.0009482997977485336
0.3379357219729576,0.01561779670116437,0.0009482997977485336
0.3380309419729576,0.01561779670116437,0.0009482997977485336
0.3381261619729575,0.01561779670116437,0.0009482997977485336
0.3382213819729576,0.01561779670116437,0.0009482997977485336
0.3383166019729575,0.01561779670116437,0.0009482997977485336
0.3384118219729575,0.01561779670116437,0.0009482997977485336
0.3385070419729576,0.01561779670116437,0.0009482997977485336
0.3386022619729576,0.01561779670116437,0.0009482997977485336
0.3386974819729576,0.01561779670116437,0.0009482997977485336
0.3387927019729575,0.01561779670116437,0.0009482997977485336
0.3388879219729576,0.01561779670116437,0.0009482997977485336
0.3389831419729575,0.01561779670116437,0.001289740166468739
0.3390783619729576,0.01561779670116437,0.001289740166468739
0.3391735819729575,0.01561779670116437,0.0009482997977485336
0.3392688019729576,0.01561779670116437,0.0009482997977485336
0.3393640219729576,0.01561779670116437,0.0009482997977485336
0.3394592419729576,0.01561779670116437,0.0009482997977485336
0.3395544619729576,0.01561779670116437,0.0009482997977485336
0.3396496819729575,0.01561779670116437,0.0009482997977485336
0.3397449019729576,0.01561779670116437,0.0009482997977485336
0.3398401219729575,0.01561779670116437,0.0009482997977485336
0.3399353419729575,0.01561779670116437,0.0009482997977485336
0.3400305619729576,0.01561779670116437,0.0009482997977485336
0.3401257819729576,0.01561779670116437,0.0009482997977485336
0.3402210019729576,0.01561779670116437,0.0009482997977485336
0.3403162219729575,0.01561779670116437,0.0009482997977485336
0.3404114419729576,0.01561779670116437,0.0009482997977485336
0.3405066619729575,0.01561779670116437,0.0009482997977485336
0.3406018819729576,0.01561779670116437,0.0009482997977485336
0.3406971019729576,0.01561779670116437,0.0009482997977485336
0.3407923219729576,0.01561779670116437,0.0009482997977485336
0.3408875419729576,0.01561779670116437,0.0009482997977485336
0.3409827619729575,0.01561779670116437,0.0009482997977485336
0.3410779819729576,0.01561779670116437,0.0009482997977485336
0.3411732019729575,0.01561779670116437,0.0009482997977485336
0.3412684219729576,0.01561779670116437,0.0009482997977485336
0.3413636419729575,0.01561779670116437,0.0009482997977485336
0.3414588619729576,0.01561779670116437,0.0009482997977485336
0.3415540819729576,0.01561779670116437,0.0009482997977485336
0.3416493019729576,0.01561779670116437,0.0009482997977485336
0.3417445219729576,0.01561779670116437,0.0009482997977485336
0.3418397419729575,0.01561779670116437,0.0009482997977485336
0.3419349619729576,0.01561779670116437,0.0006068594290283141
0.3420301819729575,0.01561779670116437,0.0009482997977485336
0.3421254019729575,0.01561779670116437,0.0009482997977485336
0.3422206219729576,0.01561779670116437,0.0009482997977485336
0.3423158419729576,0.01561779670116437,0.0009482997977485336
0.3424110619729576,0.01561779670116437,0.0009482997977485336
0.3425062819729575,0.01561779670116437,0.0009482997977485336
0.3426015019729576,0.01561779670116437,0.0009482997977485336
0.3426967219729575,0.01561779670116437,0.0009482997977485336
0.3427919419729576,0.01561779670116437,0.0009482997977485336
0.3428871619729575,0.01561779670116437,0.0009482997977485336
0.3429823819729576,0.01184571808256063,0.001289740166468739
0.3430776019729576,0.01561779670116437,0.0009482997977485336
0.3431728219729576,0.01561779670116437,0.0009482997977485336
0.3432680419729576,0.01561779670116437,0.0006068594290283141
0.3433632619729575,0.01561779670116437,0.0009482997977485336
0.3434584819729576,0.01561779670116437,0.0009482997977485336
0.3435537019729575,0.01561779670116437,0.0009482997977485336
0.3436489219729575,0.01561779670116437,0.0009482997977485336
0.3437441419729576,0.01561779670116437,0.0006068594290283141
0.3438393619729576,0.01561779670116437,0.0009482997977485336
0.3439345819729576,0.01561779670116437,0.0009482997977485336
0.3440298019729575,0.01561779670116437,0.0009482997977485336
0.3441250219729576,0.01561779670116437,0.0009482997977485336
0.3442202419729575,0.01561779670116437,0.0009482997977485336
0.3443154619729576,0.01561779670116437,0.0009482997977485336
0.3444106819729575,0.01561779670116437,0.0009482997977485336
0.3445059019729576,0.01561779670116437,0.0009482997977485336
0.3446011219729576,0.01561779670116437,0.0009482997977485336
0.3446963419729576,0.01561779670116437,0.0009482997977485336
0.3447915619729576,0.01561779670116437,0.0009482997977485336
0.3448867819729575,0.01561779670116437,0.0009482997977485336
0.3449820019729576,0.01561779670116437,0.001631180535188959
0.3450772219729575,0.01561779670116437,0.0009482997977485336
0.3451724419729575,0.01561779670116437,0.0009482997977485336
0.3452676619729576,0.01561779670116437,0.0009482997977485336
0.3453628819729576,0.01561779670116437,0.0009482997977485336
0.3454581019729576,0.01561779670116437,0.0009482997977485336
0.3455533219729575,0.01561779670116437,0.0009482997977485336
0.3456485419729576,0.01561779670116437,0.0009482997977485336
0.3457437619729575,0.01561779670116437,0.0009482997977485336
0.3458389819729576,0.01561779670116437,0.0009482997977485336
0.3459342019729575,0.01561779670116437,0.0002654190603080947
0.3460294219729576,0.01561779670116437,0.0006068594290283141
0.3461246419729576,0.01561779670116437,0.0009482997977485336
0.3462198619729576,0.01561779670116437,0.0009482997977485336
0.3463150819729576,0.01561779670116437,0.0009482997977485336
0.3464103019729575,0.01561779670116437,0.0009482997977485336
0.3465055219729576,0.01561779670116437,0.0009482997977485336
0.3466007419729575,0.01561779670116437,0.0009482997977485336
0.3466959619729575,0.01561779670116437,0.0009482997977485336
0.3467911819729576,0.01561779670116437,0.0009482997977485336
0.3468864019729576,0.01561779670116437,0.0009482997977485336
0.3469816219729576,0.01561779670116437,0.001289740166468739
0.3470768419729575,0.01561779670116437,0.0009482997977485336
0.3471720619729576,0.01561779670116437,0.0009482997977485336
0.3472672819729575,0.01561779670116437,0.0009482997977485336
0.3473625019729576,0.01561779670116437,0.0009482997977485336
0.3474577219729575,0.01561779670116437,0.0006068594290283141
0.3475529419729576,0.01561779670116437,0.0009482997977485336
0.3476481619729576,0.01561779670116437,0.0009482997977485336
0.3477433819729576,0.01561779670116437,0.0009482997977485336
0.3478386019729576,0.01561779670116437,0.0009482997977485336
0.3479338219729575,0.01561779670116437,0.0009482997977485336
0.3480290419729576,0.01561779670116437,0.0009482997977485336
0.3481242619729575,0.01561779670116437,0.0009482997977485336
0.3482194819729575,0.01561779670116437,0.0009482997977485336
0.3483147019729576,0.01561779670116437,0.0009482997977485336
0.3484099219729576,0.01561779670116437,0.0009482997977485336
0.3485051419729576,0.01561779670116437,0.0009482997977485336
0.3486003619729575,0.01561779670116437,0.0009482997977485336
0.3486955819729576,0.01561779670116437,0.0009482997977485336
0.3487908019729575,0.01561779670116437,0.0009482997977485336
0.3488860219729576,0.01561779670116437,0.0009482997977485336
0.3489812419729575,0.01561779670116437,0.0009482997977485336
0.3490764619729576,0.01561779670116437,0.0009482997977485336
0.3491716819729576,0.01561779670116437,0.0009482997977485336
0.3492669019729576,0.01561779670116437,0.0009482997977485336
0.3493621219729576,0.01561779670116437,0.0009482997977485336
0.3494573419729575,0.01561779670116437,0.0009482997977485336
0.3495525619729576,0.01561779670116437,0.0009482997977485336
0.3496477819729575,0.01561779670116437,0.0009482997977485336
0.3497430019729575,0.01561779670116437,0.0009482997977485336
0.3498382219729576,0.01561779670116437,0.0009482997977485336
0.3499334419729576,0.01561779670116437,0.001289740166468739
0.3500286619729576,0.01561779670116437,0.0009482997977485336
0.3501238819729575,0.01561779670116437,0.0009482997977485336
0.3502191019729576,0.01561779670116437,0.0009482997977485336
0.3503143219729575,0.01561779670116437,0.0009482997977485336
0.3504095419729576,0.01561779670116437,0.0009482997977485336
0.3505047619729575,0.01561779670116437,0.0009482997977485336
0.3505999819729576,0.01561779670116437,0.0009482997977485336
0.3506952019729576,0.01561779670116437,0.0009482997977485336
0.3507904219729576,0.01561779670116437,0.0009482997977485336
0.3508856419729576,0.01561779670116437,0.0009482997977485336
0.3509808619729575,0.01561779670116437,0.0002654190603080947
0.3510760819729576,0.01561779670116437,0.0009482997977485336
0.3511713019729575,0.01561779670116437,0.0009482997977485336
0.3512665219729575,0.01561779670116437,0.0009482997977485336
0.3513617419729576,0.01561779670116437,0.0009482997977485336
0.3514569619729576,0.01561779670116437,0.0009482997977485336
0.3515521819729576,0.01561779670116437,0.0009482997977485336
0.3516474019729575,0.01561779670116437,0.0009482997977485336
0.3517426219729576,0.01561779670116437,0.0009482997977485336
0.3518378419729575,0.01561779670116437,0.0009482997977485336
0.3519330619729576,0.01561779670116437,0.001631180535188959
0.3520282819729575,0.01561779670116437,0.001289740166468739
0.3521235019729576,0.01561779670116437,0.0009482997977485336
0.3522187219729576,0.01561779670116437,0.0009482997977485336
0.3523139419729576,0.01561779670116437,0.0009482997977485336
0.3524091619729576,0.01561779670116437,0.0009482997977485336
0.3525043819729575,0.01561779670116437,0.0009482997977485336
0.3525996019729576,0.01561779670116437,0.0009482997977485336
0.3526948219729575,0.01561779670116437,0.0009482997977485336
0.3527900419729575,0.01561779670116437,0.0009482997977485336
0.3528852619729576,0.01561779670116437,0.0009482997977485336
0.3529804819729576,0.01561779670116437,0.0002654190603080947
0.3530757019729576,0.01561779670116437,0.0009482997977485336
0.3531709219729575,0.01561779670116437,0.0009482997977485336
0.3532661419729576,0.01561779670116437,0.0009482997977485336
0.3533613619729575,0.01561779670116437,0.0009482997977485336
0.3534565819729576,0.01561779670116437,0.0009482997977485336
0.3535518019729575,0.01561779670116437,0.0009482997977485336
0.3536470219729576,0.01561779670116437,0.0009482997977485336
0.3537422419729576,0.01561779670116437,0.0009482997977485336
0.3538374619729576,0.01561779670116437,0.0009482997977485336
0.3539326819729576,0.01561779670116437,0.0009482997977485336
0.3540279019729575,0.01561779670116437,0.0009482997977485336
0.3541231219729576,0.01561779670116437,0.0009482997977485336
0.3542183419729575,0.01561779670116437,0.0009482997977485336
0.3543135619729575,0.01561779670116437,0.0009482997977485336
0.3544087819729576,0.01561779670116437,0.0009482997977485336
0.3545040019729576,0.01561779670116437,0.0009482997977485336
0.3545992219729576,0.01561779670116437,0.0009482997977485336
0.3546944419729575,0.01561779670116437,0.0009482997977485336
0.3547896619729576,0.01561779670116437,0.0009482997977485336
0.3548848819729575,0.01184571808256063,0.0009482997977485336
0.3549801019729576,0.01561779670116437,0.001289740166468739
0.3550753219729575,0.01561779670116437,0.0009482997977485336
0.3551705419729576,0.01561779670116437,0.001289740166468739
0.3552657619729576,0.01561779670116437,0.0009482997977485336
0.3553609819729576,0.01561779670116437,0.0009482997977485336
0.3554562019729576,0.01561779670116437,0.0009482997977485336
0.3555514219729575,0.01561779670116437,0.0009482997977485336
0.3556466419729576,0.01561779670116437,0.0009482997977485336
0.3557418619729575,0.01561779670116437,0.0009482997977485336
0.3558370819729575,0.01561779670116437,0.0009482997977485336
0.3559323019729576,0.01561779670116437,0.001289740166468739
0.3560275219729576,0.01561779670116437,0.001289740166468739
0.3561227419729576,0.01561779670116437,0.001289740166468739
0.3562179619729575,0.01561779670116437,0.0009482997977485336
0.3563131819729576,0.01561779670116437,0.0009482997977485336
0.3564084019729575,0.01561779670116437,0.0009482997977485336
0.3565036219729576,0.01561779670116437,0.0009482997977485336
0.3565988419729575,0.01561779670116437,0.0009482997977485336
0.3566940619729576,0.01561779670116437,0.0009482997977485336
0.3567892819729576,0.01561779670116437,0.0009482997977485336
0.3568845019729576,0.01561779670116437,0.0009482997977485336
0.3569797219729576,0.01561779670116437,0.0002654190603080947
0.3570749419729575,0.01561779670116437,0.0009482997977485336
0.3571701619729576,0.01561779670116437,0.0009482997977485336
0.3572653819729575,0.01561779670116437,0.0009482997977485336
0.3573606019729575,0.01561779670116437,0.0009482997977485336
0.3574558219729576,0.01561779670116437,0.0009482997977485336
0.3575510419729576,0.01561779670116437,0.0009482997977485336
0.3576462619729576,0.01561779670116437,0.0009482997977485336
0.3577414819729575,0.01561779670116437,0.0009482997977485336
0.3578367019729576,0.01561779670116437,0.0009482997977485336
0.3579319219729575,0.01561779670116437,0.0006068594290283141
0.3580271419729576,0.01561779670116437,0.0006068594290283141
0.3581223619729575,0.01561779670116437,0.0009482997977485336
0.3582175819729576,0.01561779670116437,0.0009482997977485336
0.3583128019729576,0.01561779670116437,0.0006068594290283141
0.3584080219729576,0.01561779670116437,0.0009482997977485336
0.3585032419729576,0.01561779670116437,0.0009482997977485336
0.3585984619729575,0.01561779670116437,0.0006068594290283141
0.3586936819729576,0.01561779670116437,0.0009482997977485336
0.3587889019729575,0.01561779670116437,0.0009482997977485336
0.3588841219729575,0.01561779670116437,0.0009482997977485336
0.3589793419729576,0.01561779670116437,0.001289740166468739
0.3590745619729576,0.01561779670116437,0.0009482997977485336
0.3591697819729576,0.01561779670116437,0.0009482997977485336
0.3592650019729575,0.01561779670116437,0.0009482997977485336
0.3593602219729576,0.01561779670116437,0.0009482997977485336
0.3594554419729575,0.01561779670116437,0.0009482997977485336
0.3595506619729576,0.01184571808256063,0.0009482997977485336
0.3596458819729575,0.01561779670116437,0.0009482997977485336
0.3597411019729576,0.01561779670116437,0.0009482997977485336
0.3598363219729576,0.01561779670116437,0.0009482997977485336
0.3599315419729576,0.01561779670116437,0.0009482997977485336
0.3600267619729576,0.01561779670116437,0.0009482997977485336
0.3601219819729575,0.01561779670116437,0.001289740166468739
0.3602172019729576,0.01561779670116437,0.0009482997977485336
0.3603124219729575,0.01561779670116437,0.001289740166468739
0.3604076419729575,0.01561779670116437,0.0009482997977485336
0.3605028619729576,0.01561779670116437,0.0009482997977485336
0.3605980819729576,0.01561779670116437,0.0009482997977485336
0.3606933019729576,0.01561779670116437,0.001289740166468739
0.3607885219729575,0.01561779670116437,0.0009482997977485336
0.3608837419729576,0.01561779670116437,0.0009482997977485336
0.3609789619729575,0.01561779670116437,0.001631180535188959
0.3610741819729576,0.01561779670116437,0.001289740166468739
0.3611694019729575,0.01561779670116437,0.0009482997977485336
0.3612646219729576,0.01561779670116437,0.001289740166468739
0.3613598419729576,0.01561779670116437,0.0009482997977485336
0.3614550619729576,0.01561779670116437,0.0009482997977485336
0.3615502819729576,0.01561779670116437,0.0009482997977485336
0.3616455019729575,0.01184571808256063,0.0009482997977485336
0.3617407219729576,0.01561779670116437,0.001289740166468739
0.3618359419729575,0.01561779670116437,0.0009482997977485336
0.3619311619729575,0.01561779670116437,0.0002654190603080947
0.3620263819729576,0.01561779670116437,0.0006068594290283141
0.3621216019729576,0.01561779670116437,0.0009482997977485336
0.3622168219729576,0.01561779670116437,0.0009482997977485336
0.3623120419729575,0.01184571808256063,0.0009482997977485336
0.3624072619729576,0.01561779670116437,0.0009482997977485336
0.3625024819729575,0.01561779670116437,0.0009482997977485336
0.3625977019729576,0.01561779670116437,0.0009482997977485336
0.3626929219729575,0.01561779670116437,0.0009482997977485336
0.3627881419729576,0.01561779670116437,0.0009482997977485336
0.3628833619729576,0.01561779670116437,0.0009482997977485336
0.3629785819729576,0.01561779670116437,0.001631180535188959
0.3630738019729576,0.01561779670116437,0.0009482997977485336
0.3631690219729575,0.01561779670116437,0.0009482997977485336
0.3632642419729576,0.01561779670116437,0.0009482997977485336
0.3633594619729575,0.01561779670116437,0.0009482997977485336
0.3634546819729575,0.01561779670116437,0.0009482997977485336
0.3635499019729576,0.01561779670116437,0.0009482997977485336
0.3636451219729576,0.01561779670116437,0.0009482997977485336
0.3637403419729576,0.01561779670116437,0.0009482997977485336
0.3638355619729575,0.01561779670116437,0.0009482997977485336
0.3639307819729576,0.01561779670116437,0.0006068594290283141
0.3640260019729575,0.01561779670116437,0.0006068594290283141
0.3641212219729576,0.01561779670116437,0.0009482997977485336
0.3642164419729575,0.01561779670116437,0.0009482997977485336
0.3643116619729576,0.01184571808256063,0.0009482997977485336
0.3644068819729576,0.01184571808256063,0.0009482997977485336
0.3645021019729576,0.01561779670116437,0.0009482997977485336
0.3645973219729576,0.01184571808256063,0.0009482997977485336
0.3646925419729575,0.01184571808256063,0.0009482997977485336
0.3647877619729576,0.01561779670116437,0.0009482997977485336
0.3648829819729575,0.01184571808256063,0.0009482997977485336
0.3649782019729575,0.01184571808256063,0.0006068594290283141
0.3650734219729576,0.01184571808256063,0.0009482997977485336
0.3651686419729576,0.01184571808256063,0.0009482997977485336
0.3652638619729576,0.01184571808256063,0.0009482997977485336
0.3653590819729575,0.01561779670116437,0.0009482997977485336
0.3654543019729576,0.01561779670116437,0.0009482997977485336
0.3655495219729575,0.01561779670116437,0.0009482997977485336
0.3656447419729576,0.01561779670116437,0.0009482997977485336
0.3657399619729576,0.01561779670116437,0.0009482997977485336
0.3658351819729576,0.01561779670116437,0.0009482997977485336
0.3659304019729576,0.01561779670116437,0.0009482997977485336
0.3660256219729576,0.01561779670116437,0.0009482997977485336
0.3661208419729576,0.01561779670116437,0.0009482997977485336
0.3662160619729575,0.01561779670116437,0.0009482997977485336
0.3663112819729576,0.01561779670116437,0.0009482997977485336
0.3664065019729575,0.01561779670116437,0.0009482997977485336
0.3665017219729576,0.01561779670116437,0.0009482997977485336
0.3665969419729576,0.01561779670116437,0.0009482997977485336
0.3666921619729576,0.01561779670116437,0.0009482997977485336
0.3667873819729576,0.01561779670116437,0.0009482997977485336
0.3668826019729575,0.01184571808256063,0.0009482997977485336
0.3669778219729576,0.01561779670116437,0.0002654190603080947
0.3670730419729575,0.01561779670116437,0.0009482997977485336
0.3671682619729576,0.01561779670116437,0.0006068594290283141
0.3672634819729576,0.01561779670116437,0.0009482997977485336
0.3673587019729576,0.01561779670116437,0.0009482997977485336
0.3674539219729576,0.01561779670116437,0.0009482997977485336
0.3675491419729576,0.01561779670116437,0.0009482997977485336
0.3676443619729576,0.01561779670116437,0.0009482997977485336
0.3677395819729575,0.01561779670116437,0.0009482997977485336
0.3678348019729576,0.01561779670116437,0.0009482997977485336
0.3679300219729575,0.01561779670116437,0.001289740166468739
0.3680252419729576,0.01561779670116437,0.001289740166468739
0.3681204619729576,0.01561779670116437,0.0009482997977485336
0.3682156819729576,0.01561779670116437,0.0009482997977485336
0.3683109019729576,0.01561779670116437,0.0009482997977485336
0.3684061219729575,0.01561779670116437,0.0009482997977485336
0.3685013419729576,0.01561779670116437,0.0009482997977485336
0.3685965619729575,0.01561779670116437,0.0009482997977485336
0.3686917819729576,0.01561779670116437,0.0009482997977485336
0.3687870019729576,0.01561779670116437,0.0009482997977485336
0.3688822219729576,0.01561779670116437,0.0009482997977485336
0.3689774419729576,0.01561779670116437,0.0002654190603080947
0.3690726619729576,0.01561779670116437,0.0009482997977485336
0.3691678819729576,0.01561779670116437,0.0009482997977485336
0.3692631019729575,0.01561779670116437,0.0009482997977485336
0.3693583219729576,0.01561779670116437,0.0009482997977485336
0.3694535419729575,0.01561779670116437,0.0009482997977485336
0.3695487619729576,0.01561779670116437,0.0009482997977485336
0.3696439819729576,0.01561779670116437,0.0009482997977485336
0.3697392019729576,0.01561779670116437,0.0009482997977485336
0.3698344219729576,0.01561779670116437,0.0009482997977485336
0.3699296419729575,0.01561779670116437,0.0009482997977485336
0.3700248619729576,0.01561779670116437,0.0009482997977485336
0.3701200819729575,0.01561779670116437,0.0009482997977485336
0.3702153019729576,0.01561779670116437,0.0009482997977485336
0.3703105219729576,0.01561779670116437,0.0009482997977485336
0.3704057419729576,0.01561779670116437,0.0009482997977485336
0.3705009619729576,0.01561779670116437,0.0009482997977485336
0.3705961819729576,0.01561779670116437,0.0009482997977485336
0.3706914019729576,0.01561779670116437,0.0009482997977485336
0.3707866219729575,0.01561779670116437,0.0009482997977485336
0.3708818419729576,0.01561779670116437,0.0009482997977485336
0.3709770619729575,0.01561779670116437,0.001289740166468739
0.3710722819729576,0.01561779670116437,0.0009482997977485336
0.3711675019729576,0.01561779670116437,0.0009482997977485336
0.3712627219729576,0.01561779670116437,0.0009482997977485336
0.3713579419729576,0.01561779670116437,0.0009482997977485336
0.3714531619729575,0.01561779670116437,0.0009482997977485336
0.3715483819729576,0.01561779670116437,0.0009482997977485336
0.3716436019729575,0.01561779670116437,0.0009482997977485336
0.3717388219729576,0.01561779670116437,0.0009482997977485336
0.3718340419729576,0.01561779670116437,0.0009482997977485336
0.3719292619729576,0.01561779670116437,0.001289740166468739
0.3720244819729576,0.01561779670116437,0.001289740166468739
0.3721197019729576,0.01561779670116437,0.0009482997977485336
0.3722149219729576,0.01561779670116437,0.0009482997977485336
0.3723101419729575,0.01561779670116437,0.0009482997977485336
0.3724053619729576,0.01561779670116437,0.0009482997977485336
0.3725005819729575,0.01561779670116437,0.0009482997977485336
0.3725958019729576,0.01561779670116437,0.0009482997977485336
0.3726910219729576,0.01561779670116437,0.0009482997977485336
0.3727862419729576,0.01561779670116437,0.0009482997977485336
0.3728814619729576,0.01561779670116437,0.0009482997977485336
0.3729766819729575,0.01561779670116437,0.0006068594290283141
0.3730719019729576,2.561770864258661,0.02314192376456244
0.3731671219729575,3.014420298491106,0.004704143853670878
0.3732623419729576,3.010648219872502,0.001289740166468739
0.3733575619729576,3.010648219872502,0.0009482997977485336
0.3734527819729576,3.010648219872502,0.0009482997977485336
0.3735480019729576,3.010648219872502,0.0009482997977485336
0.3736432219729576,3.010648219872502,0.0009482997977485336
0.3737384419729576,3.010648219872502,0.0009482997977485336
0.3738336619729575,3.010648219872502,0.0009482997977485336
0.3739288819729576,3.010648219872502,0.0006068594290283141
0.3740241019729575,3.010648219872502,0.0009482997977485336
0.3741193219729576,3.010648219872502,0.0009482997977485336
0.3742145419729576,3.010648219872502,0.0009482997977485336
0.3743097619729576,3.010648219872502,0.0009482997977485336
0.3744049819729576,3.010648219872502,0.0009482997977485336
0.3745002019729575,3.010648219872502,0.0009482997977485336
0.3745954219729576,3.010648219872502,0.0009482997977485336
0.3746906419729575,3.010648219872502,0.0009482997977485336
0.3747858619729576,3.010648219872502,0.0009482997977485336
0.3748810819729576,3.010648219872502,0.0009482997977485336
0.3749763019729576,3.010648219872502,0.001289740166468739
0.3750715219729576,3.010648219872502,0.001289740166468739
0.3751667419729576,3.010648219872502,0.001289740166468739
0.3752619619729576,3.014420298491106,0.0009482997977485336
0.3753571819729575,3.014420298491106,0.0009482997977485336
0.3754524019729576,3.014420298491106,0.0009482997977485336
0.3755476219729575,3.010648219872502,0.0009482997977485336
0.3756428419729576,3.010648219872502,0.0009482997977485336
0.3757380619729576,3.014420298491106,0.0009482997977485336
0.3758332819729576,3.010648219872502,0.0009482997977485336
0.3759285019729576,3.010648219872502,0.0009482997977485336
0.3760237219729575,3.014420298491106,0.0009482997977485336
0.3761189419729576,3.014420298491106,0.0009482997977485336
0.3762141619729575,3.014420298491106,0.0009482997977485336
0.3763093819729575,3.014420298491106,0.0009482997977485336
0.3764046019729576,3.014420298491106,0.0009482997977485336
0.3764998219729576,3.014420298491106,0.0009482997977485336
0.3765950419729576,3.014420298491106,0.0009482997977485336
0.3766902619729575,3.014420298491106,0.001289740166468739
0.3767854819729576,3.014420298491106,0.001289740166468739
0.3768807019729575,3.010648219872502,0.0009482997977485336
0.3769759219729576,3.014420298491106,0.001631180535188959
0.3770711419729575,3.014420298491106,0.0009482997977485336
0.3771663619729576,3.014420298491106,0.0009482997977485336
0.3772615819729576,3.014420298491106,0.0009482997977485336
0.3773568019729576,3.014420298491106,0.0009482997977485336
0.3774520219729576,3.014420298491106,0.0009482997977485336
0.3775472419729575,3.014420298491106,0.0009482997977485336
0.3776424619729576,3.014420298491106,0.0009482997977485336
0.3777376819729575,3.014420298491106,0.0009482997977485336
0.3778329019729575,3.014420298491106,0.0009482997977485336
0.3779281219729576,3.014420298491106,-7.602130841211086e-05
0.3780233419729576,3.014420298491106,0.0002654190603080947
0.3781185619729576,3.014420298491106,0.0006068594290283141
0.3782137819729575,3.014420298491106,0.0009482997977485336
0.3783090019729576,3.014420298491106,0.0009482997977485336
0.3784042219729575,3.014420298491106,0.0009482997977485336
0.3784994419729576,3.014420298491106,0.0009482997977485336
0.3785946619729575,3.014420298491106,0.0009482997977485336
0.3786898819729576,3.014420298491106,0.0009482997977485336
0.3787851019729576,3.014420298491106,0.0009482997977485336
0.3788803219729576,3.014420298491106,0.0009482997977485336
0.3789755419729576,3.010648219872502,0.001631180535188959
0.3790707619729575,3.014420298491106,0.001289740166468739
0.3791659819729576,3.014420298491106,0.0009482997977485336
0.3792612019729575,3.014420298491106,0.0009482997977485336
0.3793564219729575,3.014420298491106,0.0009482997977485336
0.3794516419729576,3.014420298491106,0.0009482997977485336
0.3795468619729576,3.014420298491106,0.0009482997977485336
0.3796420819729576,3.014420298491106,0.0009482997977485336
0.3797373019729575,3.014420298491106,0.0009482997977485336
0.3798325219729576,3.014420298491106,0.0009482997977485336
0.3799277419729575,3.014420298491106,0.0009482997977485336
0.3800229619729576,3.014420298491106,0.0009482997977485336
0.3801181819729575,3.014420298491106,0.0009482997977485336
0.3802134019729576,3.014420298491106,0.0009482997977485336
0.3803086219729576,3.014420298491106,0.0009482997977485336
0.3804038419729576,3.010648219872502,0.0009482997977485336
0.3804990619729576,3.014420298491106,0.0009482997977485336
0.3805942819729575,3.014420298491106,0.0009482997977485336
0.3806895019729576,3.014420298491106,0.0009482997977485336
0.3807847219729575,3.014420298491106,0.0009482997977485336
0.3808799419729575,3.014420298491106,0.0009482997977485336
0.3809751619729576,3.010648219872502,0.0006068594290283141
0.3810703819729576,3.014420298491106,0.0009482997977485336
0.3811656019729576,3.014420298491106,0.0009482997977485336
0.3812608219729575,3.014420298491106,0.0009482997977485336
0.3813560419729576,3.014420298491106,0.0006068594290283141
0.3814512619729575,3.014420298491106,0.0009482997977485336
0.3815464819729576,3.014420298491106,0.0009482997977485336
0.3816417019729575,3.014420298491106,0.0009482997977485336
0.3817369219729576,3.014420298491106,0.0009482997977485336
0.3818321419729576,3.014420298491106,0.0009482997977485336
0.3819273619729576,3.014420298491106,0.0009482997977485336
0.3820225819729576,3.014420298491106,0.001289740166468739
0.3821178019729576,3.014420298491106,0.0009482997977485336
0.3822130219729575,3.014420298491106,0.0009482997977485336
0.3823082419729575,3.014420298491106,0.0009482997977485336
0.3824034619729575,3.014420298491106,0.0009482997977485336
0.3824986819729576,3.014420298491106,0.0009482997977485336
0.3825939019729576,3.014420298491106,0.0009482997977485336
0.3826891219729576,3.014420298491106,0.0009482997977485336
0.3827843419729576,3.014420298491106,0.0009482997977485336
0.3828795619729576,3.014420298491106,0.0009482997977485336
0.3829747819729575,3.014420298491106,0.0002654190603080947
0.3830700019729575,3.014420298491106,0.0009482997977485336
0.3831652219729575,3.014420298491106,0.0009482997977485336
0.3832604419729576,3.014420298491106,0.0009482997977485336
0.3833556619729576,3.014420298491106,0.0009482997977485336
0.3834508819729576,3.014420298491106,0.0009482997977485336
0.3835461019729576,3.014420298491106,0.0009482997977485336
0.3836413219729576,3.014420298491106,0.0009482997977485336
0.3837365419729575,3.014420298491106,0.0009482997977485336
0.3838317619729575,3.014420298491106,0.0009482997977485336
0.3839269819729575,3.014420298491106,0.001631180535188959
0.3840222019729576,3.014420298491106,0.001289740166468739
0.3841174219729576,3.014420298491106,0.0009482997977485336
0.3842126419729576,3.014420298491106,0.0009482997977485336
0.3843078619729576,3.010648219872502,0.0009482997977485336
0.3844030819729576,3.014420298491106,0.0006068594290283141
0.3844983019729575,3.014420298491106,0.0009482997977485336
0.3845935219729575,3.014420298491106,0.0009482997977485336
0.3846887419729575,3.014420298491106,0.0009482997977485336
0.3847839619729576,3.014420298491106,0.0009482997977485336
0.3848791819729576,3.014420298491106,0.0009482997977485336
0.3849744019729576,3.014420298491106,0.0002654190603080947
0.3850696219729576,3.014420298491106,0.0009482997977485336
0.3851648419729576,3.014420298491106,0.0009482997977485336
0.3852600619729575,3.014420298491106,0.0009482997977485336
0.3853552819729575,3.014420298491106,0.0009482997977485336
0.3854505019729575,3.014420298491106,0.0009482997977485336
0.3855457219729576,3.014420298491106,0.0009482997977485336
0.3856409419729576,3.014420298491106,0.0009482997977485336
0.3857361619729576,3.014420298491106,0.0009482997977485336
0.3858313819729576,3.014420298491106,0.0009482997977485336
0.3859266019729576,3.014420298491106,0.0009482997977485336
0.3860218219729575,3.014420298491106,0.0009482997977485336
0.3861170419729575,3.014420298491106,0.0006068594290283141
0.3862122619729575,3.014420298491106,0.0006068594290283141
0.3863074819729576,3.014420298491106,0.0006068594290283141
0.3864027019729576,3.014420298491106,0.0006068594290283141
0.3864979219729576,3.014420298491106,0.0006068594290283141
0.3865931419729576,3.014420298491106,0.0006068594290283141
0.3866883619729576,3.014420298491106,0.0006068594290283141
0.3867835819729575,3.014420298491106,0.0006068594290283141
0.3868788019729575,3.014420298491106,0.0009482997977485336
0.3869740219729575,3.014420298491106,0.001289740166468739
0.3870692419729576,3.014420298491106,0.0009482997977485336
0.3871644619729576,3.014420298491106,0.0009482997977485336
0.3872596819729576,3.014420298491106,0.0009482997977485336
0.3873549019729576,3.014420298491106,0.0009482997977485336
0.3874501219729576,3.014420298491106,0.0009482997977485336
0.3875453419729575,3.014420298491106,0.0009482997977485336
0.3876405619729575,3.014420298491106,0.0009482997977485336
0.3877357819729575,3.014420298491106,0.0009482997977485336
0.3878310019729576,3.014420298491106,0.0009482997977485336
0.3879262219729576,3.014420298491106,0.0009482997977485336
0.3880214419729576,3.014420298491106,0.0009482997977485336
0.3881166619729576,3.014420298491106,0.0009482997977485336
0.3882118819729576,3.014420298491106,0.0009482997977485336
0.3883071019729575,3.014420298491106,0.0009482997977485336
0.3884023219729575,3.014420298491106,0.0009482997977485336
0.3884975419729575,3.014420298491106,0.0009482997977485336
0.3885927619729576,3.014420298491106,0.0009482997977485336
0.3886879819729576,3.014420298491106,0.0009482997977485336
0.3887832019729576,3.010648219872502,0.0009482997977485336
0.3888784219729576,3.014420298491106,0.0009482997977485336
0.3889736419729576,3.014420298491106,0.0009482997977485336
0.3890688619729575,3.014420298491106,0.0009482997977485336
0.3891640819729575,3.014420298491106,0.0009482997977485336
0.3892593019729575,3.014420298491106,0.0009482997977485336
0.3893545219729576,3.014420298491106,0.0009482997977485336
0.3894497419729576,3.014420298491106,0.0009482997977485336
0.3895449619729576,3.014420298491106,0.0009482997977485336
0.3896401819729576,3.014420298491106,0.0009482997977485336
0.3897354019729576,3.014420298491106,0.001289740166468739
0.3898306219729575,3.014420298491106,0.0009482997977485336
0.3899258419729575,3.014420298491106,0.0006068594290283141
0.3900210619729576,3.014420298491106,0.0006068594290283141
0.3901162819729576,3.014420298491106,0.0009482997977485336
0.3902115019729576,3.014420298491106,0.0009482997977485336
0.3903067219729576,3.014420298491106,0.0009482997977485336
0.3904019419729576,3.010648219872502,0.0009482997977485336
0.3904971619729576,3.014420298491106,0.0009482997977485336
0.3905923819729575,3.014420298491106,0.0009482997977485336
0.3906876019729575,3.014420298491106,0.0009482997977485336
0.3907828219729576,3.014420298491106,0.0009482997977485336
0.3908780419729576,3.014420298491106,0.0009482997977485336
0.3909732619729576,3.014420298491106,0.001631180535188959
0.3910684819729576,3.014420298491106,0.001289740166468739
0.3911637019729576,3.014420298491106,0.0009482997977485336
0.3912589219729576,3.014420298491106,0.0009482997977485336
0.3913541419729575,3.014420298491106,0.0009482997977485336
0.3914493619729575,3.014420298491106,0.0009482997977485336
0.3915445819729576,3.014420298491106,0.0009482997977485336
0.3916398019729576,3.014420298491106,0.0009482997977485336
0.3917350219729576,3.014420298491106,0.0009482997977485336
0.3918302419729576,3.014420298491106,0.0009482997977485336
0.3919254619729576,3.014420298491106,0.0009482997977485336
0.3920206819729576,3.014420298491106,0.0009482997977485336
0.3921159019729575,3.014420298491106,0.0009482997977485336
0.3922111219729575,3.014420298491106,0.0009482997977485336
0.3923063419729576,3.014420298491106,0.0009482997977485336
0.3924015619729576,3.014420298491106,0.0009482997977485336
0.3924967819729576,3.010648219872502,0.0009482997977485336
0.3925920019729576,3.014420298491106,0.0009482997977485336
0.3926872219729576,3.010648219872502,0.001289740166468739
0.3927824419729576,3.014420298491106,0.0009482997977485336
0.3928776619729575,3.014420298491106,0.0009482997977485336
0.3929728819729575,3.010648219872502,0.001631180535188959
0.3930681019729576,3.014420298491106,0.001289740166468739
0.3931633219729576,3.014420298491106,0.0009482997977485336
0.3932585419729576,3.014420298491106,0.0009482997977485336
0.3933537619729576,3.014420298491106,0.001289740166468739
0.3934489819729576,3.010648219872502,0.0009482997977485336
0.3935442019729576,3.014420298491106,0.0009482997977485336
0.3936394219729575,3.014420298491106,0.001289740166468739
0.3937346419729575,3.014420298491106,0.001289740166468739
0.3938298619729576,3.014420298491106,0.0009482997977485336
0.3939250819729576,3.014420298491106,0.0002654190603080947
0.3940203019729576,3.014420298491106,0.0002654190603080947
0.3941155219729576,3.014420298491106,0.0009482997977485336
0.3942107419729576,3.014420298491106,0.0009482997977485336
0.3943059619729576,3.014420298491106,0.0009482997977485336
0.3944011819729575,3.014420298491106,0.0009482997977485336
0.3944964019729575,3.014420298491106,0.0009482997977485336
0.3945916219729576,3.014420298491106,0.0009482997977485336
0.3946868419729576,3.014420298491106,0.0009482997977485336
0.3947820619729576,3.014420298491106,0.0009482997977485336
0.3948772819729576,3.014420298491106,0.0009482997977485336
0.3949725019729576,3.014420298491106,0.001631180535188959
0.3950677219729576,3.014420298491106,0.0009482997977485336
0.3951629419729575,3.014420298491106,0.0009482997977485336
0.3952581619729575,3.014420298491106,0.0009482997977485336
0.3953533819729576,3.014420298491106,0.0009482997977485336
0.3954486019729576,3.014420298491106,0.0009482997977485336
0.3955438219729576,3.014420298491106,0.0009482997977485336
0.3956390419729576,3.014420298491106,0.0009482997977485336
0.3957342619729576,3.014420298491106,0.0009482997977485336
0.3958294819729576,3.014420298491106,0.0009482997977485336
0.3959247019729575,3.014420298491106,0.0009482997977485336
0.3960199219729575,3.014420298491106,0.0009482997977485336
0.3961151419729576,3.014420298491106,0.0009482997977485336
0.3962103619729576,3.014420298491106,0.001289740166468739
0.3963055819729576,3.014420298491106,0.0009482997977485336
0.3964008019729576,3.014420298491106,0.0009482997977485336
0.3964960219729576,3.014420298491106,0.0009482997977485336
0.3965912419729576,3.014420298491106,0.0009482997977485336
0.3966864619729575,3.014420298491106,0.0009482997977485336
0.3967816819729575,3.014420298491106,0.0009482997977485336
0.3968769019729576,3.014420298491106,0.0009482997977485336
0.3969721219729576,3.014420298491106,0.0009482997977485336
0.3970673419729576,3.014420298491106,0.0009482997977485336
0.3971625619729576,3.010648219872502,0.0009482997977485336
0.3972577819729576,3.014420298491106,0.0009482997977485336
0.3973530019729576,3.014420298491106,0.0006068594290283141
0.3974482219729575,3.014420298491106,0.0009482997977485336
0.3975434419729575,3.014420298491106,0.0009482997977485336
0.3976386619729576,3.014420298491106,0.0009482997977485336
0.3977338819729576,3.014420298491106,0.0009482997977485336
0.3978291019729576,3.010648219872502,0.0006068594290283141
0.3979243219729576,3.014420298491106,0.0009482997977485336
0.3980195419729576,3.014420298491106,0.001289740166468739
0.3981147619729576,3.014420298491106,0.0009482997977485336
0.3982099819729575,3.014420298491106,0.0009482997977485336
0.3983052019729575,3.014420298491106,0.0009482997977485336
0.3984004219729576,3.014420298491106,0.0009482997977485336
0.3984956419729576,3.014420298491106,0.0009482997977485336
0.3985908619729576,3.014420298491106,0.0009482997977485336
0.3986860819729576,3.014420298491106,0.0009482997977485336
0.3987813019729576,3.014420298491106,0.0009482997977485336
0.3988765219729576,3.014420298491106,0.0009482997977485336
0.3989717419729575,3.014420298491106,-7.602130841211086e-05
0.3990669619729575,3.014420298491106,0.0006068594290283141
0.3991621819729576,3.014420298491106,0.0009482997977485336
0.3992574019729576,3.014420298491106,0.0009482997977485336
0.3993526219729576,3.014420298491106,0.0009482997977485336
0.3994478419729576,3.014420298491106,0.0009482997977485336
0.3995430619729576,3.010648219872502,0.0009482997977485336
0.3996382819729576,3.014420298491106,0.0009482997977485336
0.3997335019729575,3.014420298491106,0.0009482997977485336
0.3998287219729575,3.014420298491106,0.0009482997977485336
0.3999239419729576,3.014420298491106,0.001631180535188959
0.4000191619729576,3.014420298491106,0.001289740166468739
0.4001143819729576,3.014420298491106,0.0009482997977485336
0.4002096019729576,3.014420298491106,0.0009482997977485336
0.4003048219729576,3.014420298491106,0.0009482997977485336
0.4004000419729576,3.014420298491106,0.0009482997977485336
0.4004952619729575,3.014420298491106,0.0009482997977485336
0.4005904819729575,3.014420298491106,0.0009482997977485336
0.4006857019729576,3.014420298491106,0.0009482997977485336
0.4007809219729576,3.014420298491106,0.0009482997977485336
0.4008761419729576,3.014420298491106,0.0009482997977485336
0.4009713619729576,3.014420298491106,0.0002654190603080947
0.4010665819729576,3.014420298491106,0.0006068594290283141
0.4011618019729576,3.014420298491106,0.0009482997977485336
0.4012570219729575,3.014420298491106,0.0009482997977485336
0.4013522419729575,3.014420298491106,0.0009482997977485336
0.4014474619729576,3.014420298491106,0.0009482997977485336
0.4015426819729576,3.014420298491106,0.0009482997977485336
0.4016379019729576,3.014420298491106,0.0009482997977485336
0.4017331219729576,1.022762787868352,-0.0195381223254643
0.4018283419729576,0.008073639463956894,-0.005197626839215319
0.4019235619729576,0.01561779670116437,-7.602130841211086e-05
0.4020187819729575,0.01561779670116437,0.0006068594290283141
0.4021140019729575,0.01561779670116437,0.0006068594290283141
0.4022092219729576,0.01561779670116437,0.0006068594290283141
0.4023044419729576,0.01561779670116437,0.0006068594290283141
0.4023996619729576,0.01561779670116437,0.0006068594290283141
0.4024948819729576,0.01561779670116437,0.0006068594290283141
0.4025901019729576,0.01561779670116437,0.0009482997977485336
0.4026853219729576,0.01561779670116437,0.0009482997977485336
0.4027805419729575,0.01561779670116437,0.0009482997977485336
0.4028757619729575,0.01561779670116437,0.0009482997977485336
0.4029709819729576,0.01561779670116437,0.001289740166468739
0.4030662019729576,0.01561779670116437,0.001289740166468739
0.4031614219729576,0.01561779670116437,0.001289740166468739
0.4032566419729576,0.01561779670116437,0.001289740166468739
0.4033518619729576,0.01561779670116437,0.0009482997977485336
0.4034470819729576,0.01561779670116437,0.0009482997977485336
0.4035423019729575,0.01561779670116437,0.001289740166468739
0.4036375219729575,0.01561779670116437,0.0009482997977485336
0.4037327419729576,0.01561779670116437,0.001289740166468739
0.4038279619729576,0.01561779670116437,0.0009482997977485336
0.4039231819729576,0.01561779670116437,0.0009482997977485336
0.4040184019729576,0.01561779670116437,0.0006068594290283141
0.4041136219729576,0.01561779670116437,0.0009482997977485336
0.4042088419729576,0.01561779670116437,0.0009482997977485336
0.4043040619729575,0.01561779670116437,0.0009482997977485336
0.4043992819729575,0.01561779670116437,0.0006068594290283141
0.4044945019729576,0.01561779670116437,0.0009482997977485336
0.4045897219729576,0.01561779670116437,0.0006068594290283141
0.4046849419729576,0.01561779670116437,0.0009482997977485336
0.4047801619729576,0.01561779670116437,0.0009482997977485336
0.4048753819729576,0.01561779670116437,0.0006068594290283141
0.4049706019729576,0.01561779670116437,0.001289740166468739
0.4050658219729575,0.01561779670116437,0.0009482997977485336
0.4051610419729575,0.01561779670116437,0.0009482997977485336
0.4052562619729576,0.01561779670116437,0.0009482997977485336
0.4053514819729576,0.01561779670116437,0.0009482997977485336
0.4054467019729576,0.01561779670116437,0.0009482997977485336
0.4055419219729576,0.01561779670116437,0.0009482997977485336
0.4056371419729576,0.01561779670116437,0.0009482997977485336
0.4057323619729576,0.01561779670116437,0.0009482997977485336
0.4058275819729575,0.01561779670116437,0.0009482997977485336
0.4059228019729575,0.01561779670116437,0.0006068594290283141
0.4060180219729576,0.01561779670116437,0.0006068594290283141
0.4061132419729576,0.01561779670116437,0.0006068594290283141
0.4062084619729576,0.01561779670116437,0.0009482997977485336
0.4063036819729576,0.01561779670116437,0.0009482997977485336
0.4063989019729576,0.01561779670116437,0.0009482997977485336
0.4064941219729576,0.01561779670116437,0.0009482997977485336
0.4065893419729575,0.01561779670116437,0.0006068594290283141
0.4066845619729575,0.01561779670116437,0.0009482997977485336
0.4067797819729576,0.01561779670116437,0.0009482997977485336
0.4068750019729576,0.01561779670116437,0.0009482997977485336
0.4069702219729576,0.01561779670116437,0.001289740166468739
0.4070654419729576,0.01184571808256063,0.0009482997977485336
0.4071606619729576,0.01561779670116437,0.0009482997977485336
0.4072558819729576,0.01561779670116437,0.0009482997977485336
0.4073511019729575,0.01561779670116437,0.0009482997977485336
0.4074463219729575,0.01561779670116437,0.0009482997977485336
0.4075415419729576,0.01184571808256063,0.0009482997977485336
0.4076367619729576,0.01561779670116437,0.0006068594290283141
0.4077319819729576,0.01561779670116437,0.0006068594290283141
0.4078272019729576,0.01561779670116437,0.0009482997977485336
0.4079224219729576,0.01561779670116437,0.0009482997977485336
0.4080176419729576,0.01561779670116437,0.0009482997977485336
0.4081128619729575,0.01561779670116437,0.0009482997977485336
0.4082080819729575,0.01561779670116437,0.0009482997977485336
0.4083033019729576,0.01561779670116437,0.0009482997977485336
0.4083985219729576,0.01561779670116437,0.0009482997977485336
0.4084937419729576,0.01561779670116437,0.0009482997977485336
0.4085889619729576,0.01561779670116437,0.0009482997977485336
0.4086841819729576,0.01561779670116437,0.0009482997977485336
0.4087794019729576,0.01561779670116437,0.0009482997977485336
0.4088746219729575,0.01561779670116437,0.0009482997977485336
0.4089698419729575,0.01561779670116437,0.001289740166468739
0.4090650619729576,0.01561779670116437,0.0009482997977485336
0.4091602819729576,0.01561779670116437,0.0009482997977485336
0.4092555019729576,0.01561779670116437,0.0009482997977485336
0.4093507219729576,0.01561779670116437,0.0009482997977485336
0.4094459419729576,0.01561779670116437,0.0009482997977485336
0.4095411619729576,0.01561779670116437,0.0009482997977485336
0.4096363819729575,0.01561779670116437,0.0009482997977485336
0.4097316019729575,0.01561779670116437,0.0009482997977485336
0.4098268219729576,0.01561779670116437,0.0009482997977485336
0.4099220419729576,0.01561779670116437,0.0002654190603080947
0.4100172619729576,0.01561779670116437,0.0002654190603080947
0.4101124819729576,0.01561779670116437,0.0006068594290283141
0.4102077019729576,0.01561779670116437,0.0009482997977485336
0.4103029219729576,0.01561779670116437,0.0009482997977485336
0.4103981419729575,0.01561779670116437,0.0009482997977485336
0.4104933619729575,0.01561779670116437,0.0009482997977485336
0.4105885819729576,0.01561779670116437,0.0006068594290283141
0.4106838019729576,0.01561779670116437,0.0009482997977485336
0.4107790219729576,0.01561779670116437,0.0009482997977485336
0.4108742419729576,0.01561779670116437,0.0009482997977485336
0.4109694619729576,0.01561779670116437,0.001289740166468739
0.4110646819729575,0.01561779670116437,0.001289740166468739
0.4111599019729575,0.01561779670116437,0.001289740166468739
0.4112551219729575,0.01561779670116437,0.0009482997977485336
0.4113503419729576,0.01561779670116437,0.0009482997977485336
0.4114455619729576,0.01561779670116437,0.0009482997977485336
0.4115407819729576,0.01561779670116437,0.0009482997977485336
0.4116360019729576,0.01561779670116437,0.0009482997977485336
0.4117312219729576,0.01561779670116437,0.0009482997977485336
0.4118264419729575,0.01561779670116437,0.0009482997977485336
0.4119216619729575,0.01561779670116437,0.0009482997977485336
0.4120168819729575,0.01561779670116437,0.001289740166468739
0.4121121019729576,0.01561779670116437,0.0009482997977485336
0.4122073219729576,0.01561779670116437,0.001289740166468739
0.4123025419729576,0.01561779670116437,0.0009482997977485336
0.4123977619729576,0.01561779670116437,0.0009482997977485336
0.4124929819729576,0.01561779670116437,0.0009482997977485336
0.4125882019729575,0.01561779670116437,0.0009482997977485336
0.4126834219729575,0.01561779670116437,0.001289740166468739
0.4127786419729575,0.01561779670116437,0.001289740166468739
0.4128738619729576,0.01561779670116437,0.0009482997977485336
0.4129690819729576,0.01561779670116437,0.0006068594290283141
0.4130643019729576,0.01561779670116437,0.0009482997977485336
0.4131595219729576,0.01561779670116437,0.0009482997977485336
0.4132547419729576,0.01561779670116437,0.0009482997977485336
0.4133499619729575,0.01561779670116437,0.0009482997977485336
0.4134451819729575,0.01561779670116437,0.0009482997977485336
0.4135404019729575,0.01561779670116437,0.0009482997977485336
0.4136356219729576,0.01561779670116437,0.0009482997977485336
0.4137308419729576,0.01561779670116437,0.0009482997977485336
0.4138260619729576,0.01561779670116437,0.0009482997977485336
0.4139212819729576,0.01561779670116437,0.0009482997977485336
0.4140165019729576,0.01561779670116437,0.0009482997977485336
0.4141117219729575,0.01561779670116437,0.0009482997977485336
0.4142069419729575,0.01561779670116437,0.0009482997977485336
0.4143021619729575,0.01561779670116437,0.0009482997977485336
0.4143973819729576,0.01561779670116437,0.0009482997977485336
0.4144926019729576,0.01561779670116437,0.0009482997977485336
0.4145878219729576,0.01561779670116437,0.0009482997977485336
0.4146830419729576,0.01561779670116437,0.0009482997977485336
0.4147782619729576,0.01561779670116437,0.0009482997977485336
0.4148734819729575,0.01561779670116437,0.0009482997977485336
0.4149687019729575,0.01561779670116437,-7.602130841211086e-05
0.4150639219729576,0.01561779670116437,0.0006068594290283141
0.4151591419729576,0.01561779670116437,0.0009482997977485336
0.4152543619729576,0.01561779670116437,0.0009482997977485336
0.4153495819729576,0.01561779670116437,0.0009482997977485336
0.4154448019729576,0.01561779670116437,0.0009482997977485336
0.4155400219729576,0.01561779670116437,0.0009482997977485336
0.4156352419729575,0.01561779670116437,0.0009482997977485336
0.4157304619729575,0.01561779670116437,0.0009482997977485336
0.4158256819729576,0.01561779670116437,0.0009482997977485336
0.4159209019729576,0.01561779670116437,0.001631180535188959
0.4160161219729576,0.01561779670116437,0.001631180535188959
0.4161113419729576,0.01561779670116437,0.0009482997977485336
0.4162065619729576,0.01561779670116437,0.001289740166468739
0.4163017819729576,0.01561779670116437,0.0009482997977485336
0.4163970019729575,0.01561779670116437,0.0009482997977485336
0.4164922219729575,0.01561779670116437,0.0009482997977485336
0.4165874419729576,0.01561779670116437,0.0009482997977485336
0.4166826619729576,0.01561779670116437,0.0009482997977485336
0.4167778819729576,0.01561779670116437,0.0009482997977485336
0.4168731019729576,0.01561779670116437,0.0009482997977485336
0.4169683219729576,0.01561779670116437,0.0002654190603080947
0.4170635419729576,0.01561779670116437,0.0006068594290283141
0.4171587619729575,0.01561779670116437,0.0009482997977485336
0.4172539819729575,0.01561779670116437,0.0009482997977485336
0.4173492019729576,0.01561779670116437,0.0009482997977485336
0.4174444219729576,0.01561779670116437,0.0009482997977485336
0.4175396419729576,0.01561779670116437,0.0009482997977485336
0.4176348619729576,0.01561779670116437,0.0009482997977485336
0.4177300819729576,0.01561779670116437,0.0009482997977485336
0.4178253019729576,0.01561779670116437,0.0009482997977485336
0.4179205219729575,0.01561779670116437,0.0006068594290283141
0.4180157419729575,0.01561779670116437,0.0009482997977485336
0.4181109619729576,0.01561779670116437,0.0009482997977485336
0.4182061819729576,0.01561779670116437,0.0009482997977485336
0.4183014019729576,0.01561779670116437,0.0009482997977485336
0.4183966219729576,0.01561779670116437,0.0009482997977485336
0.4184918419729576,0.01561779670116437,0.0006068594290283141
0.4185870619729576,0.01561779670116437,0.0009482997977485336
0.4186822819729575,0.01561779670116437,0.0009482997977485336
0.4187775019729575,0.01561779670116437,0.0009482997977485336
0.4188727219729576,0.01561779670116437,0.0009482997977485336
0.4189679419729576,0.01561779670116437,0.001289740166468739
0.4190631619729576,0.01561779670116437,0.0009482997977485336
0.4191583819729576,0.01561779670116437,0.0009482997977485336
0.4192536019729576,0.01561779670116437,0.0009482997977485336
0.4193488219729576,0.01561779670116437,0.0009482997977485336
0.4194440419729575,0.01561779670116437,0.0009482997977485336
0.4195392619729575,0.01561779670116437,0.0009482997977485336
0.4196344819729576,0.01561779670116437,0.0009482997977485336
0.4197297019729576,0.01561779670116437,0.0009482997977485336
0.4198249219729576,0.01561779670116437,0.0009482997977485336
0.4199201419729576,0.01561779670116437,0.0006068594290283141
0.4200153619729576,0.01561779670116437,0.0006068594290283141
0.4201105819729576,0.01561779670116437,0.0009482997977485336
0.4202058019729575,0.01561779670116437,0.0009482997977485336
0.4203010219729575,0.01561779670116437,0.0009482997977485336
0.4203962419729576,0.01561779670116437,0.0009482997977485336
0.4204914619729576,0.01561779670116437,0.0009482997977485336
0.4205866819729576,0.01561779670116437,0.0009482997977485336
0.4206819019729576,0.01561779670116437,0.0009482997977485336
0.4207771219729576,0.01561779670116437,0.0009482997977485336
0.4208723419729576,0.01561779670116437,0.0009482997977485336
0.4209675619729575,0.01561779670116437,0.001631180535188959
0.4210627819729575,0.01561779670116437,0.001289740166468739
0.4211580019729576,0.01561779670116437,0.0009482997977485336
0.4212532219729576,0.01561779670116437,0.0009482997977485336
0.4213484419729576,0.01561779670116437,0.0009482997977485336
0.4214436619729576,0.01561779670116437,0.0009482997977485336
0.4215388819729576,0.01561779670116437,0.0009482997977485336
0.4216341019729576,0.01561779670116437,0.0009482997977485336
0.4217293219729575,0.01561779670116437,0.0009482997977485336
0.4218245419729575,0.01561779670116437,0.0009482997977485336
0.4219197619729576,0.01561779670116437,0.0006068594290283141
0.4220149819729576,0.01561779670116437,0.0002654190603080947
0.4221102019729576,0.01561779670116437,0.0006068594290283141
0.4222054219729576,0.01561779670116437,0.0009482997977485336
0.4223006419729576,0.01561779670116437,0.0006068594290283141
0.4223958619729576,0.01561779670116437,0.0006068594290283141
0.4224910819729575,0.01561779670116437,0.0006068594290283141
0.4225863019729575,0.01561779670116437,0.0006068594290283141
0.4226815219729576,0.01561779670116437,0.0006068594290283141
0.4227767419729576,0.01561779670116437,0.0006068594290283141
0.4228719619729576,0.01561779670116437,0.0006068594290283141
0.4229671819729576,0.01561779670116437,0.0009482997977485336
0.4230624019729576,0.01561779670116437,0.0006068594290283141
0.4231576219729576,0.01561779670116437,0.0006068594290283141
0.4232528419729575,0.01561779670116437,0.0009482997977485336
0.4233480619729575,0.01561779670116437,0.0009482997977485336
0.4234432819729576,0.01561779670116437,0.0009482997977485336
0.4235385019729576,0.01561779670116437,0.0009482997977485336
0.4236337219729576,0.01561779670116437,0.0009482997977485336
0.4237289419729576,0.01561779670116437,0.0009482997977485336
0.4238241619729576,0.01561779670116437,0.0009482997977485336
0.4239193819729576,0.01561779670116437,0.0009482997977485336
0.4240146019729575,0.01561779670116437,0.0009482997977485336
0.4241098219729575,0.01561779670116437,0.0009482997977485336
0.4242050419729576,0.01561779670116437,0.0006068594290283141
0.4243002619729576,0.01561779670116437,0.0009482997977485336
0.4243954819729576,0.01561779670116437,0.0009482997977485336
0.4244907019729576,0.01561779670116437,0.0006068594290283141
0.4245859219729576,0.01561779670116437,0.0006068594290283141
0.4246811419729576,0.01561779670116437,0.0009482997977485336
0.4247763619729575,0.01561779670116437,0.0006068594290283141
0.4248715819729575,0.01561779670116437,0.0006068594290283141
0.4249668019729576,0.01561779670116437,0.001289740166468739
0.4250620219729576,0.01561779670116437,0.0009482997977485336
0.4251572419729576,0.01561779670116437,0.0009482997977485336
0.4252524619729576,0.01561779670116437,0.0009482997977485336
0.4253476819729576,0.01561779670116437,0.0009482997977485336
0.4254429019729576,0.01561779670116437,0.0009482997977485336
0.4255381219729575,0.01561779670116437,0.0009482997977485336
0.4256333419729575,0.01561779670116437,0.0009482997977485336
0.4257285619729576,0.01561779670116437,0.0009482997977485336
0.4258237819729576,0.01561779670116437,0.0009482997977485336
0.4259190019729576,0.01561779670116437,0.0006068594290283141
0.4260142219729576,0.01561779670116437,0.0006068594290283141
0.4261094419729576,0.01561779670116437,0.0009482997977485336
0.4262046619729576,0.01561779670116437,0.0009482997977485336
0.4262998819729575,0.01561779670116437,0.0009482997977485336
0.4263951019729575,0.01561779670116437,0.0006068594290283141
0.4264903219729576,0.01561779670116437,0.0009482997977485336
0.4265855419729576,0.01561779670116437,0.0009482997977485336
0.4266807619729576,0.01561779670116437,0.0009482997977485336
0.4267759819729576,0.01561779670116437,0.0009482997977485336
0.4268712019729576,0.01561779670116437,0.0009482997977485336
0.4269664219729576,0.01561779670116437,0.0006068594290283141
0.4270616419729575,0.01561779670116437,0.0009482997977485336
0.4271568619729575,0.01561779670116437,0.0009482997977485336
0.4272520819729576,0.01561779670116437,0.0006068594290283141
0.4273473019729576,0.01561779670116437,0.0009482997977485336
0.4274425219729576,0.01561779670116437,0.0009482997977485336
0.4275377419729576,0.01561779670116437,0.0009482997977485336
0.4276329619729576,0.01561779670116437,0.0009482997977485336
0.4277281819729576,0.01561779670116437,0.0009482997977485336
0.4278234019729575,0.01561779670116437,0.0009482997977485336
0.4279186219729575,0.01561779670116437,0.001289740166468739
0.4280138419729576,0.01561779670116437,0.001289740166468739
0.4281090619729576,0.01561779670116437,0.0009482997977485336
0.4282042819729576,0.01561779670116437,0.0009482997977485336
0.4282995019729576,0.01561779670116437,0.0009482997977485336
0.4283947219729576,0.01561779670116437,0.0009482997977485336
0.4284899419729576,0.01561779670116437,0.001289740166468739
0.4285851619729575,0.01561779670116437,0.0009482997977485336
0.4286803819729575,0.01561779670116437,0.0009482997977485336
0.4287756019729576,0.01561779670116437,0.0009482997977485336
0.4288708219729576,0.01561779670116437,0.0009482997977485336
0.4289660419729576,0.01561779670116437,0.0006068594290283141
0.4290612619729576,0.01561779670116437,0.0009482997977485336
0.4291564819729576,0.01561779670116437,0.0009482997977485336
0.4292517019729576,0.01561779670116437,0.0009482997977485336
0.4293469219729575,0.01561779670116437,0.0009482997977485336
0.4294421419729575,0.01561779670116437,0.0009482997977485336
0.4295373619729576,0.01561779670116437,0.0009482997977485336
0.4296325819729576,0.01561779670116437,0.0009482997977485336
0.4297278019729576,0.01561779670116437,0.0009482997977485336
0.4298230219729576,0.01561779670116437,0.0009482997977485336
0.4299182419729576,0.01561779670116437,0.001289740166468739
0.4300134619729576,0.01561779670116437,0.001289740166468739
0.4301086819729575,0.01561779670116437,0.0009482997977485336
0.4302039019729575,0.01561779670116437,0.0009482997977485336
0.4302991219729576,0.01561779670116437,0.0009482997977485336
0.4303943419729576,0.01561779670116437,0.0009482997977485336
0.4304895619729576,0.01561779670116437,0.0009482997977485336
0.4305847819729576,0.01561779670116437,0.0009482997977485336
0.4306800019729576,0.01561779670116437,0.0009482997977485336
0.4307752219729576,0.01561779670116437,0.0009482997977485336
0.4308704419729575,0.01561779670116437,0.0009482997977485336
0.4309656619729575,0.01561779670116437,-7.602130841211086e-05
0.4310608819729576,0.01561779670116437,0.0006068594290283141
0.4311561019729576,0.01561779670116437,0.0006068594290283141
0.4312513219729576,0.01561779670116437,0.0009482997977485336
0.4313465419729576,0.01561779670116437,0.0009482997977485336
0.4314417619729576,0.01561779670116437,0.0009482997977485336
0.4315369819729576,0.01561779670116437,0.0009482997977485336
0.4316322019729575,0.01561779670116437,0.0009482997977485336
0.4317274219729575,0.01561779670116437,0.0009482997977485336
0.4318226419729576,0.01561779670116437,0.0009482997977485336
0.4319178619729576,0.01561779670116437,0.001289740166468739
0.4320130819729576,0.01561779670116437,0.001289740166468739
0.4321083019729576,0.01561779670116437,0.0009482997977485336
0.4322035219729576,0.01561779670116437,0.0009482997977485336
0.4322987419729576,0.01561779670116437,0.0009482997977485336
0.4323939619729575,0.01561779670116437,0.0009482997977485336
0.4324891819729575,0.01561779670116437,0.0009482997977485336
0.4325844019729576,0.01561779670116437,0.0009482997977485336
0.4326796219729576,0.01561779670116437,0.0009482997977485336
0.4327748419729576,0.01561779670116437,0.0009482997977485336
0.4328700619729576,0.01561779670116437,0.0009482997977485336
0.4329652819729576,0.01561779670116437,0.0009482997977485336
0.4330605019729576,0.01561779670116437,0.0009482997977485336
0.4331557219729575,0.01561779670116437,0.0009482997977485336
0.4332509419729575,0.01561779670116437,0.0009482997977485336
0.4333461619729576,0.01561779670116437,0.0009482997977485336
0.4334413819729576,0.01561779670116437,0.0009482997977485336
0.4335366019729576,0.01561779670116437,0.0009482997977485336
0.4336318219729576,0.01561779670116437,0.0009482997977485336
0.4337270419729576,0.01561779670116437,0.0009482997977485336
0.4338222619729576,0.01561779670116437,0.0009482997977485336
0.4339174819729575,0.01561779670116437,0.0009482997977485336
0.4340127019729575,0.01561779670116437,0.0006068594290283141
0.4341079219729576,0.01561779670116437,0.0009482997977485336
0.4342031419729576,0.01561779670116437,0.0009482997977485336
0.4342983619729576,0.01561779670116437,0.0009482997977485336
0.4343935819729576,0.01561779670116437,0.0009482997977485336
0.4344888019729576,0.01561779670116437,0.0009482997977485336
0.4345840219729576,0.01561779670116437,0.0009482997977485336
0.4346792419729575,0.01561779670116437,0.0009482997977485336
0.4347744619729575,0.01561779670116437,0.0009482997977485336
0.4348696819729576,0.01561779670116437,0.0009482997977485336
0.4349649019729576,0.01561779670116437,0.001289740166468739
0.4350601219729576,0.01561779670116437,0.0009482997977485336
0.4351553419729576,0.01561779670116437,0.0009482997977485336
0.4352505619729576,0.01561779670116437,0.0009482997977485336
0.4353457819729576,0.01561779670116437,0.0009482997977485336
0.4354410019729575,0.01561779670116437,0.0009482997977485336
0.4355362219729575,0.01561779670116437,0.0009482997977485336
0.4356314419729576,0.01561779670116437,0.0009482997977485336
0.4357266619729576,0.01561779670116437,0.0009482997977485336
0.4358218819729576,0.01561779670116437,0.0009482997977485336
0.4359171019729576,0.01561779670116437,0.0002654190603080947
0.4360123219729576,0.01561779670116437,0.0002654190603080947
0.4361075419729576,0.01561779670116437,0.0006068594290283141
0.4362027619729575,0.01561779670116437,0.0009482997977485336
0.4362979819729575,0.01561779670116437,0.0009482997977485336
0.4363932019729576,0.01561779670116437,0.0009482997977485336
0.4364884219729576,0.01561779670116437,0.0009482997977485336
0.4365836419729576,0.01561779670116437,0.0009482997977485336
0.4366788619729576,0.01561779670116437,0.0009482997977485336
0.4367740819729576,0.01561779670116437,0.0009482997977485336
0.4368693019729576,0.01561779670116437,0.0009482997977485336
0.4369645219729575,0.01561779670116437,0.001972620903909164
0.4370597419729575,0.01561779670116437,0.001289740166468739
0.4371549619729576,0.01561779670116437,0.0009482997977485336
0.4372501819729576,0.01561779670116437,0.0009482997977485336
0.4373454019729576,0.01561779670116437,0.0009482997977485336
0.4374406219729576,0.01561779670116437,0.0009482997977485336
0.4375358419729576,0.01561779670116437,0.0009482997977485336
0.4376310619729576,0.01561779670116437,0.0009482997977485336
0.4377262819729575,0.01561779670116437,0.0009482997977485336
0.4378215019729575,0.01561779670116437,0.0009482997977485336
0.4379167219729576,0.01561779670116437,0.0006068594290283141
0.4380119419729576,0.01561779670116437,0.0006068594290283141
0.4381071619729576,0.01561779670116437,0.0006068594290283141
0.4382023819729576,0.01561779670116437,0.0009482997977485336
0.4382976019729576,0.01561779670116437,0.0009482997977485336
0.4383928219729576,0.01561779670116437,0.0006068594290283141
0.4384880419729575,0.01561779670116437,0.0006068594290283141
0.4385832619729575,0.01561779670116437,0.0009482997977485336
0.4386784819729576,0.01561779670116437,0.0006068594290283141
0.4387737019729576,0.01561779670116437,0.0009482997977485336
0.4388689219729576,0.01561779670116437,0.0009482997977485336
0.4389641419729576,0.01561779670116437,0.0006068594290283141
0.4390593619729576,0.01561779670116437,0.0009482997977485336
0.4391545819729576,0.01561779670116437,0.0009482997977485336
0.4392498019729575,0.01561779670116437,0.0009482997977485336
0.4393450219729576,0.01561779670116437,0.0009482997977485336
0.4394402419729576,0.01561779670116437,0.0009482997977485336
0.4395354619729576,0.01561779670116437,0.0009482997977485336
0.4396306819729576,0.01561779670116437,0.0009482997977485336
0.4397259019729576,0.01561779670116437,0.0009482997977485336
0.4398211219729576,0.01561779670116437,0.0009482997977485336
0.4399163419729576,0.01561779670116437,0.0009482997977485336
0.4400115619729575,0.01561779670116437,0.001289740166468739
0.4401067819729576,0.01561779670116437,0.001289740166468739
0.4402020019729576,0.01561779670116437,0.0009482997977485336
0.4402972219729576,0.01561779670116437,0.0009482997977485336
0.4403924419729576,0.01561779670116437,0.0009482997977485336
0.4404876619729576,0.01561779670116437,0.0009482997977485336
0.4405828819729576,0.01561779670116437,0.0009482997977485336
0.4406781019729576,0.01561779670116437,0.0009482997977485336
0.4407733219729575,0.01561779670116437,0.0009482997977485336
0.4408685419729576,0.01561779670116437,0.0009482997977485336
0.4409637619729576,0.01561779670116437,0.0002654190603080947
0.4410589819729576,0.01561779670116437,0.0009482997977485336
0.4411542019729576,0.01561779670116437,0.0009482997977485336
0.4412494219729576,0.01561779670116437,0.0009482997977485336
0.4413446419729576,0.01561779670116437,0.0009482997977485336
0.4414398619729576,0.01561779670116437,0.0009482997977485336
0.4415350819729575,0.01561779670116437,0.0009482997977485336
0.4416303019729576,0.01561779670116437,0.0009482997977485336
0.4417255219729576,0.01561779670116437,0.0009482997977485336
0.4418207419729576,0.01561779670116437,0.0009482997977485336
0.4419159619729576,0.01561779670116437,0.001289740166468739
0.4420111819729576,0.01561779670116437,0.001289740166468739
0.4421064019729576,0.01561779670116437,0.0009482997977485336
0.4422016219729576,0.01561779670116437,0.0009482997977485336
0.4422968419729575,0.01561779670116437,0.0009482997977485336
0.4423920619729576,0.01561779670116437,0.0009482997977485336
0.4424872819729576,0.01561779670116437,0.0009482997977485336
0.4425825019729576,0.01561779670116437,0.0009482997977485336
0.4426777219729576,0.01561779670116437,0.0009482997977485336
0.4427729419729576,0.01561779670116437,0.0009482997977485336
0.4428681619729576,0.01561779670116437,0.0009482997977485336
0.4429633819729576,0.01561779670116437,0.0002654190603080947
0.4430586019729575,0.01561779670116437,0.0006068594290283141
0.4431538219729576,0.01561779670116437,0.0006068594290283141
0.4432490419729576,0.01561779670116437,0.0009482997977485336
0.4433442619729576,0.01561779670116437,0.0009482997977485336
0.4434394819729576,0.01561779670116437,0.0009482997977485336
0.4435347019729576,0.01561779670116437,0.0009482997977485336
0.4436299219729576,0.01561779670116437,0.0006068594290283141
0.4437251419729576,0.01561779670116437,0.0009482997977485336
0.4438203619729575,0.01561779670116437,0.0009482997977485336
0.4439155819729576,0.01561779670116437,0.0009482997977485336
0.4440108019729576,0.01561779670116437,0.0009482997977485336
0.4441060219729576,0.01561779670116437,0.0009482997977485336
0.4442012419729576,0.01561779670116437,0.0009482997977485336
0.4442964619729576,0.01561779670116437,0.0009482997977485336
0.4443916819729576,0.01561779670116437,0.0006068594290283141
0.4444869019729576,0.01561779670116437,0.0009482997977485336
0.4445821219729575,0.01561779670116437,0.0009482997977485336
0.4446773419729576,0.01561779670116437,0.0009482997977485336
0.4447725619729576,0.01561779670116437,0.0009482997977485336
0.4448677819729576,0.01561779670116437,0.0009482997977485336
0.4449630019729576,0.01561779670116437,0.001289740166468739
0.4450582219729576,0.01561779670116437,0.0009482997977485336
0.4451534419729576,0.01561779670116437,0.0009482997977485336
0.4452486619729576,0.01561779670116437,0.0009482997977485336
0.4453438819729575,0.01561779670116437,0.0009482997977485336
0.4454391019729576,0.01561779670116437,0.0009482997977485336
0.4455343219729576,0.01561779670116437,0.0009482997977485336
0.4456295419729576,0.01561779670116437,0.0009482997977485336
0.4457247619729576,0.01561779670116437,0.0009482997977485336
0.4458199819729576,0.01561779670116437,0.0009482997977485336
0.4459152019729576,0.01561779670116437,0.0009482997977485336
0.4460104219729575,0.01561779670116437,0.0009482997977485336
0.4461056419729575,0.01561779670116437,0.0009482997977485336
0.4462008619729576,0.01561779670116437,0.0009482997977485336
0.4462960819729576,0.01561779670116437,0.0009482997977485336
0.4463913019729576,0.01561779670116437,0.0009482997977485336
0.4464865219729576,0.01561779670116437,0.0009482997977485336
0.4465817419729576,0.01561779670116437,0.0009482997977485336
0.4466769619729576,0.01561779670116437,0.0009482997977485336
0.4467721819729575,0.01561779670116437,0.0009482997977485336
0.4468674019729575,0.01561779670116437,0.0009482997977485336
0.4469626219729576,0.01561779670116437,0.0009482997977485336
0.4470578419729576,0.01561779670116437,0.0009482997977485336
0.4471530619729576,0.01561779670116437,0.0009482997977485336
0.4472482819729576,0.01561779670116437,0.0009482997977485336
0.4473435019729576,0.01561779670116437,0.0009482997977485336
0.4474387219729576,0.01561779670116437,0.0009482997977485336
0.4475339419729575,0.01561779670116437,0.0009482997977485336
0.4476291619729575,0.01561779670116437,0.0009482997977485336
0.4477243819729576,0.01561779670116437,0.0009482997977485336
0.4478196019729576,0.01561779670116437,0.0009482997977485336
0.4479148219729576,0.01561779670116437,0.0006068594290283141
0.4480100419729576,0.01561779670116437,0.0002654190603080947
0.4481052619729576,0.01561779670116437,0.0006068594290283141
0.4482004819729576,0.01561779670116437,0.0006068594290283141
0.4482957019729575,0.01561779670116437,0.0006068594290283141
0.4483909219729575,0.01561779670116437,0.0006068594290283141
0.4484861419729576,0.01561779670116437,0.0009482997977485336
0.4485813619729576,0.01561779670116437,0.0009482997977485336
0.4486765819729576,0.01561779670116437,0.0009482997977485336
0.4487718019729576,0.01561779670116437,0.0006068594290283141
0.4488670219729576,0.01561779670116437,0.0009482997977485336
0.4489622419729576,0.01561779670116437,0.001289740166468739
0.4490574619729575,0.01561779670116437,0.0009482997977485336
0.4491526819729575,0.01561779670116437,0.0009482997977485336
0.4492479019729576,0.01561779670116437,0.0009482997977485336
0.4493431219729576,0.01561779670116437,0.0009482997977485336
0.4494383419729576,0.01561779670116437,0.0009482997977485336
0.4495335619729576,0.01561779670116437,0.0009482997977485336
0.4496287819729576,0.01561779670116437,0.0009482997977485336
0.4497240019729576,0.01561779670116437,0.0009482997977485336
0.4498192219729575,0.01561779670116437,0.0009482997977485336
0.4499144419729575,0.01561779670116437,0.0009482997977485336
0.4500096619729576,0.01561779670116437,0.0009482997977485336
0.4501048819729576,0.01561779670116437,0.0006068594290283141
0.4502001019729576,0.01561779670116437,0.0009482997977485336
0.4502953219729576,0.01561779670116437,0.0009482997977485336
0.4503905419729576,0.01561779670116437,0.0006068594290283141
0.4504857619729576,0.01561779670116437,0.0009482997977485336
0.4505809819729575,0.01561779670116437,0.0009482997977485336
0.4506762019729575,0.01184571808256063,0.0009482997977485336
0.4507714219729576,0.01561779670116437,0.0009482997977485336
0.4508666419729576,0.01561779670116437,0.0009482997977485336
0.4509618619729576,0.01561779670116437,0.001631180535188959
0.4510570819729576,0.01561779670116437,0.0009482997977485336
0.4511523019729576,0.01561779670116437,0.0009482997977485336
0.4512475219729576,0.01561779670116437,0.0009482997977485336
0.4513427419729575,0.01561779670116437,0.0009482997977485336
0.4514379619729575,0.01561779670116437,0.0009482997977485336
0.4515331819729576,0.01561779670116437,0.0009482997977485336
0.4516284019729576,0.01561779670116437,0.0009482997977485336
0.4517236219729576,0.01561779670116437,0.0009482997977485336
0.4518188419729576,0.01561779670116437,0.0009482997977485336
0.4519140619729576,0.01561779670116437,0.0002654190603080947
0.4520092819729576,0.01561779670116437,0.0002654190603080947
0.4521045019729575,0.01561779670116437,0.0009482997977485336
0.4521997219729575,0.01561779670116437,0.0009482997977485336
0.4522949419729576,0.01561779670116437,0.0006068594290283141
0.4523901619729576,0.01561779670116437,0.0009482997977485336
0.4524853819729576,0.01561779670116437,0.0009482997977485336
0.4525806019729576,0.01561779670116437,0.0006068594290283141
0.4526758219729576,0.01561779670116437,0.0009482997977485336
0.4527710419729576,0.01561779670116437,0.0006068594290283141
0.4528662619729575,0.01561779670116437,0.0006068594290283141
0.4529614819729575,0.01561779670116437,0.0009482997977485336
0.4530567019729576,0.01561779670116437,0.0009482997977485336
0.4531519219729576,0.01561779670116437,0.0006068594290283141
0.4532471419729576,0.01561779670116437,0.0006068594290283141
0.4533423619729576,0.01561779670116437,0.0006068594290283141
0.4534375819729576,0.01561779670116437,0.0006068594290283141
0.4535328019729576,0.01561779670116437,0.0006068594290283141
0.4536280219729575,0.01561779670116437,0.0006068594290283141
0.4537232419729575,0.01561779670116437,0.0006068594290283141
0.4538184619729576,0.01561779670116437,0.0006068594290283141
0.4539136819729576,0.01561779670116437,0.0009482997977485336
0.4540089019729576,0.01561779670116437,0.001289740166468739
0.4541041219729576,0.01561779670116437,0.0009482997977485336
0.4541993419729576,0.01561779670116437,0.0009482997977485336
0.4542945619729576,0.01561779670116437,0.0009482997977485336
0.4543897819729575,0.01561779670116437,0.0009482997977485336
0.4544850019729575,0.01561779670116437,0.0009482997977485336
0.4545802219729576,0.01561779670116437,0.0009482997977485336
0.4546754419729576,0.01561779670116437,0.0009482997977485336
0.4547706619729576,0.01561779670116437,0.0009482997977485336
0.4548658819729576,0.01561779670116437,0.0009482997977485336
0.4549611019729576,0.01561779670116437,0.0006068594290283141
0.4550563219729576,0.01561779670116437,0.0009482997977485336
0.4551515419729575,0.01561779670116437,0.0009482997977485336
0.4552467619729575,0.01561779670116437,0.0009482997977485336
0.4553419819729576,0.01561779670116437,0.0009482997977485336
0.4554372019729576,0.01561779670116437,0.0009482997977485336
0.4555324219729576,0.01561779670116437,0.0009482997977485336
0.4556276419729576,0.01561779670116437,0.0009482997977485336
0.4557228619729576,0.01561779670116437,0.0009482997977485336
0.4558180819729576,0.01561779670116437,0.0009482997977485336
0.4559133019729575,0.01561779670116437,0.001289740166468739
0.4560085219729575,0.01561779670116437,0.001289740166468739
0.4561037419729576,0.01561779670116437,0.001289740166468739
0.4561989619729576,0.01561779670116437,0.0009482997977485336
0.4562941819729576,0.01561779670116437,0.0009482997977485336
0.4563894019729576,0.01561779670116437,0.0009482997977485336
0.4564846219729576,0.01561779670116437,0.0009482997977485336
0.4565798419729576,0.01561779670116437,0.0009482997977485336
0.4566750619729575,0.01561779670116437,0.0009482997977485336
0.4567702819729575,0.01561779670116437,0.0009482997977485336
0.4568655019729576,0.01561779670116437,0.0009482997977485336
0.4569607219729576,0.01561779670116437,-0.0004174616771323303
0.4570559419729576,0.01561779670116437,0.0006068594290283141
0.4571511619729576,0.01561779670116437,0.0009482997977485336
0.4572463819729576,0.01561779670116437,0.0009482997977485336
0.4573416019729576,0.01561779670116437,0.0009482997977485336
0.4574368219729575,0.01561779670116437,0.0009482997977485336
0.4575320419729575,0.01561779670116437,0.0009482997977485336
0.4576272619729576,0.01561779670116437,0.0009482997977485336
0.4577224819729576,0.01561779670116437,0.0009482997977485336
0.4578177019729576,0.01561779670116437,0.0009482997977485336
0.4579129219729576,0.01561779670116437,0.001289740166468739
0.4580081419729576,0.01561779670116437,0.001631180535188959
0.4581033619729576,0.01561779670116437,0.0009482997977485336
0.4581985819729575,0.01561779670116437,0.0009482997977485336
0.4582938019729575,0.01561779670116437,0.0009482997977485336
0.4583890219729576,0.01561779670116437,0.0009482997977485336
0.4584842419729576,0.01561779670116437,0.0009482997977485336
0.4585794619729576,0.01561779670116437,0.0009482997977485336
0.4586746819729576,0.01561779670116437,0.0009482997977485336
0.4587699019729576,0.01561779670116437,0.0009482997977485336
0.4588651219729576,0.01561779670116437,0.0009482997977485336
0.4589603419729575,0.01561779670116437,0.0006068594290283141
0.4590555619729575,0.01561779670116437,0.0009482997977485336
0.4591507819729576,0.01561779670116437,0.0009482997977485336
0.4592460019729576,0.01561779670116437,0.0009482997977485336
0.4593412219729576,0.01561779670116437,0.0009482997977485336
0.4594364419729576,0.01561779670116437,0.0009482997977485336
0.4595316619729576,0.01561779670116437,0.0009482997977485336
0.4596268819729576,0.01561779670116437,0.0009482997977485336
0.4597221019729575,0.01561779670116437,0.0009482997977485336
0.4598173219729575,0.01561779670116437,0.0009482997977485336
0.4599125419729576,0.01561779670116437,0.0009482997977485336
0.4600077619729576,0.01561779670116437,0.0006068594290283141
0.4601029819729576,0.01561779670116437,0.0009482997977485336
0.4601982019729576,0.01561779670116437,0.0009482997977485336
0.4602934219729576,0.01561779670116437,0.0009482997977485336
0.4603886419729576,0.01561779670116437,0.0009482997977485336
0.4604838619729575,0.01561779670116437,0.0009482997977485336
0.4605790819729575,0.01561779670116437,0.0009482997977485336
0.4606743019729576,0.01561779670116437,0.0009482997977485336
0.4607695219729576,0.01561779670116437,0.0009482997977485336
0.4608647419729576,0.01561779670116437,0.0009482997977485336
0.4609599619729576,0.01561779670116437,0.001289740166468739
0.4610551819729576,0.01561779670116437,0.001289740166468739
0.4611504019729576,0.01561779670116437,0.0009482997977485336
0.4612456219729575,0.01561779670116437,0.0009482997977485336
0.4613408419729575,0.01561779670116437,0.0009482997977485336
0.4614360619729576,0.01561779670116437,0.0009482997977485336
0.4615312819729576,0.01561779670116437,0.0009482997977485336
0.4616265019729576,0.01561779670116437,0.0009482997977485336
0.4617217219729576,0.01561779670116437,0.0009482997977485336
0.4618169419729576,0.01561779670116437,0.0009482997977485336
0.4619121619729576,0.01561779670116437,0.0006068594290283141
0.4620073819729575,0.01561779670116437,0.0002654190603080947
0.4621026019729575,0.01561779670116437,0.0009482997977485336
0.4621978219729576,0.01561779670116437,0.0009482997977485336
0.4622930419729576,0.01561779670116437,0.0009482997977485336
0.4623882619729576,0.01561779670116437,0.0006068594290283141
0.4624834819729576,0.01561779670116437,0.0009482997977485336
0.4625787019729576,0.01561779670116437,0.0009482997977485336
0.4626739219729576,0.01561779670116437,0.0009482997977485336
0.4627691419729575,0.01561779670116437,0.0009482997977485336
0.4628643619729575,0.01561779670116437,0.0006068594290283141
0.4629595819729576,0.01561779670116437,0.001631180535188959
0.4630548019729576,0.01561779670116437,0.0009482997977485336
0.4631500219729576,0.01561779670116437,0.0009482997977485336
0.4632452419729576,0.01561779670116437,0.0009482997977485336
0.4633404619729576,0.01561779670116437,0.0006068594290283141
0.4634356819729576,0.01561779670116437,0.0009482997977485336
0.4635309019729575,0.01561779670116437,0.0009482997977485336
0.4636261219729576,0.01561779670116437,0.0009482997977485336
0.4637213419729576,0.01561779670116437,0.0009482997977485336
0.4638165619729576,0.01561779670116437,0.0009482997977485336
0.4639117819729576,0.01561779670116437,0.0002654190603080947
0.4640070019729576,0.01561779670116437,0.0002654190603080947
0.4641022219729576,0.01561779670116437,0.0006068594290283141
0.4641974419729576,0.01561779670116437,0.0009482997977485336
0.4642926619729575,0.01561779670116437,0.0009482997977485336
0.4643878819729576,0.01561779670116437,0.0009482997977485336
0.4644831019729576,0.01561779670116437,0.0009482997977485336
0.4645783219729576,0.01561779670116437,0.0009482997977485336
0.4646735419729576,0.01561779670116437,0.0009482997977485336
0.4647687619729576,0.01561779670116437,0.0009482997977485336
0.4648639819729576,0.01561779670116437,0.0009482997977485336
0.4649592019729576,0.01561779670116437,0.001289740166468739
0.4650544219729575,0.01561779670116437,0.0009482997977485336
0.4651496419729576,0.01561779670116437,0.0009482997977485336
0.4652448619729576,0.01561779670116437,0.0009482997977485336
0.4653400819729576,0.01561779670116437,0.0009482997977485336
0.4654353019729576,0.01561779670116437,0.0009482997977485336
0.4655305219729576,0.01561779670116437,0.0009482997977485336
0.4656257419729576,0.01561779670116437,0.0009482997977485336
0.4657209619729576,0.01561779670116437,0.0009482997977485336
0.4658161819729575,0.01561779670116437,0.0009482997977485336
0.4659114019729576,0.01561779670116437,0.0009482997977485336
0.4660066219729576,0.01561779670116437,0.0009482997977485336
0.4661018419729576,0.01561779670116437,0.0009482997977485336
0.4661970619729576,0.01561779670116437,0.0009482997977485336
0.4662922819729576,0.01561779670116437,0.0009482997977485336
0.4663875019729576,0.01561779670116437,0.0009482997977485336
0.4664827219729576,0.01561779670116437,0.0009482997977485336
0.4665779419729575,0.01561779670116437,0.0009482997977485336
0.4666731619729576,0.01561779670116437,0.0009482997977485336
0.4667683819729576,0.01561779670116437,0.0009482997977485336
0.4668636019729576,0.01561779670116437,0.0009482997977485336
0.4669588219729576,0.01561779670116437,0.0006068594290283141
0.4670540419729576,0.01561779670116437,0.0006068594290283141
0.4671492619729576,0.01561779670116437,0.0009482997977485336
0.4672444819729576,0.01561779670116437,0.0009482997977485336
0.4673397019729575,0.01561779670116437,0.0009482997977485336
0.4674349219729576,0.01561779670116437,0.0009482997977485336
0.4675301419729576,0.01561779670116437,0.0009482997977485336
0.4676253619729576,0.01561779670116437,0.0009482997977485336
0.4677205819729576,0.01561779670116437,0.0009482997977485336
0.4678158019729576,0.01561779670116437,0.0009482997977485336
0.4679110219729576,0.01561779670116437,0.0009482997977485336
0.4680062419729576,0.01561779670116437,0.001289740166468739
0.4681014619729575,0.01561779670116437,0.001289740166468739
0.4681966819729576,0.01561779670116437,0.0009482997977485336
0.4682919019729576,0.01561779670116437,0.0009482997977485336
0.4683871219729576,0.01561779670116437,0.001289740166468739
0.4684823419729576,0.01561779670116437,0.0009482997977485336
0.4685775619729576,0.01561779670116437,0.0009482997977485336
0.4686727819729576,0.01561779670116437,0.0009482997977485336
0.4687680019729576,0.01561779670116437,0.0009482997977485336
0.4688632219729575,0.01561779670116437,0.0009482997977485336
0.4689584419729576,0.01561779670116437,0.0002654190603080947
0.4690536619729576,0.01561779670116437,0.0006068594290283141
0.4691488819729576,0.01561779670116437,0.0006068594290283141
0.4692441019729576,0.01561779670116437,0.0009482997977485336
0.4693393219729576,0.01561779670116437,0.0009482997977485336
0.4694345419729576,0.01561779670116437,0.0006068594290283141
0.4695297619729576,0.01561779670116437,0.0009482997977485336
0.4696249819729575,0.01561779670116437,0.0009482997977485336
0.4697202019729576,0.01561779670116437,0.0009482997977485336
0.4698154219729576,0.01561779670116437,0.0009482997977485336
0.4699106419729576,0.01561779670116437,0.001289740166468739
0.4700058619729576,0.01561779670116437,0.001289740166468739
0.4701010819729576,0.01561779670116437,0.001289740166468739
0.4701963019729576,0.01561779670116437,0.0009482997977485336
0.4702915219729576,0.01561779670116437,0.0009482997977485336
0.4703867419729575,0.01561779670116437,0.0009482997977485336
0.4704819619729576,0.01561779670116437,0.0009482997977485336
0.4705771819729576,0.01561779670116437,0.0009482997977485336
0.4706724019729576,0.01561779670116437,0.0009482997977485336
0.4707676219729576,0.01561779670116437,0.0009482997977485336
0.4708628419729576,0.01561779670116437,0.0009482997977485336
0.4709580619729576,0.01561779670116437,0.0006068594290283141
0.4710532819729576,0.01561779670116437,0.0006068594290283141
0.4711485019729575,0.01561779670116437,0.0009482997977485336
0.4712437219729576,0.01561779670116437,0.0006068594290283141
0.4713389419729576,0.01561779670116437,0.0009482997977485336
0.4714341619729576,0.01561779670116437,0.0009482997977485336
0.4715293819729576,0.01561779670116437,0.0009482997977485336
0.4716246019729576,0.01561779670116437,0.0009482997977485336
0.4717198219729576,0.01184571808256063,0.0009482997977485336
0.4718150419729576,0.01561779670116437,0.0009482997977485336
0.4719102619729575,0.01561779670116437,0.001289740166468739
0.4720054819729576,0.01561779670116437,0.001289740166468739
0.4721007019729576,0.01561779670116437,0.0009482997977485336
0.4721959219729576,0.01561779670116437,0.0009482997977485336
0.4722911419729576,0.01561779670116437,0.0009482997977485336
0.4723863619729576,0.01561779670116437,0.0009482997977485336
0.4724815819729576,0.01561779670116437,0.0009482997977485336
0.4725768019729576,0.01561779670116437,0.0009482997977485336
0.4726720219729575,0.01561779670116437,0.0009482997977485336
0.4727672419729576,0.01561779670116437,0.0009482997977485336
0.4728624619729576,0.01561779670116437,0.0009482997977485336
0.4729576819729576,0.01561779670116437,-7.602130841211086e-05
0.4730529019729576,0.01561779670116437,0.0006068594290283141
0.4731481219729576,0.01561779670116437,0.0006068594290283141
0.4732433419729576,0.01561779670116437,0.0009482997977485336
0.4733385619729576,0.01561779670116437,0.0009482997977485336
0.4734337819729575,0.01561779670116437,0.0009482997977485336
0.4735290019729576,0.01561779670116437,0.0006068594290283141
0.4736242219729576,0.01561779670116437,0.0009482997977485336
0.4737194419729576,0.01561779670116437,0.0009482997977485336
0.4738146619729576,0.01561779670116437,0.0009482997977485336
0.4739098819729576,0.01561779670116437,0.0009482997977485336
0.4740051019729576,0.01561779670116437,0.0009482997977485336
0.4741003219729576,0.01561779670116437,0.0009482997977485336
0.4741955419729575,0.01561779670116437,0.0009482997977485336
0.4742907619729576,0.01561779670116437,0.0009482997977485336
0.4743859819729576,0.01561779670116437,0.0009482997977485336
0.4744812019729576,0.01561779670116437,0.0009482997977485336
0.4745764219729576,0.01561779670116437,0.0009482997977485336
0.4746716419729576,0.01561779670116437,0.0009482997977485336
0.4747668619729576,0.01561779670116437,0.0009482997977485336
0.4748620819729576,0.01561779670116437,0.0006068594290283141
0.4749573019729575,0.01561779670116437,0.001289740166468739
0.4750525219729576,0.01561779670116437,0.0009482997977485336
0.4751477419729576,0.01561779670116437,0.0009482997977485336
0.4752429619729576,0.01561779670116437,0.0009482997977485336
0.4753381819729576,0.01561779670116437,0.0009482997977485336
0.4754334019729576,0.01561779670116437,0.0009482997977485336
0.4755286219729576,0.01561779670116437,0.0009482997977485336
0.4756238419729576,0.01561779670116437,0.0009482997977485336
0.4757190619729575,0.01561779670116437,0.0009482997977485336
0.4758142819729576,0.01561779670116437,0.0009482997977485336
0.4759095019729576,0.01561779670116437,0.0006068594290283141
0.4760047219729576,0.01561779670116437,0.0006068594290283141
0.4760999419729576,0.01561779670116437,0.0009482997977485336
0.4761951619729576,0.01561779670116437,0.0009482997977485336
0.4762903819729576,0.01561779670116437,0.0009482997977485336
0.4763856019729576,0.01561779670116437,0.0009482997977485336
0.4764808219729575,0.01561779670116437,0.0009482997977485336
0.4765760419729576,0.01561779670116437,0.0009482997977485336
0.4766712619729576,0.01561779670116437,0.0009482997977485336
0.4767664819729576,0.01561779670116437,0.0009482997977485336
0.4768617019729576,0.01561779670116437,0.0009482997977485336
0.4769569219729576,0.01561779670116437,0.001631180535188959
0.4770521419729576,0.01561779670116437,0.001289740166468739
0.4771473619729576,0.01561779670116437,0.0009482997977485336
0.4772425819729575,0.01561779670116437,0.0009482997977485336
0.4773378019729576,0.01561779670116437,0.0009482997977485336
0.4774330219729576,0.01561779670116437,0.0009482997977485336
0.4775282419729576,0.01561779670116437,0.0009482997977485336
0.4776234619729576,0.01561779670116437,0.0009482997977485336
0.4777186819729576,0.01561779670116437,0.0009482997977485336
0.4778139019729576,0.01561779670116437,0.0009482997977485336
0.4779091219729576,0.01561779670116437,0.0002654190603080947
0.4780043419729575,0.01561779670116437,-7.602130841211086e-05
0.4780995619729576,0.01561779670116437,0.0006068594290283141
0.4781947819729576,0.01561779670116437,0.0009482997977485336
0.4782900019729576,0.01561779670116437,0.0009482997977485336
0.4783852219729576,0.01561779670116437,0.0006068594290283141
0.4784804419729576,0.01561779670116437,0.0009482997977485336
0.4785756619729576,0.01561779670116437,0.0006068594290283141
0.4786708819729576,0.01561779670116437,0.0006068594290283141
0.4787661019729575,0.01561779670116437,0.0009482997977485336
0.4788613219729576,0.01561779670116437,0.0006068594290283141
0.4789565419729576,0.01561779670116437,0.001631180535188959
0.4790517619729576,0.01561779670116437,0.001289740166468739
0.4791469819729576,0.01561779670116437,0.0009482997977485336
0.4792422019729576,0.01561779670116437,0.0009482997977485336
0.4793374219729576,0.01561779670116437,0.0009482997977485336
0.4794326419729576,0.01561779670116437,0.0009482997977485336
0.4795278619729575,0.01561779670116437,0.0009482997977485336
0.4796230819729576,0.01561779670116437,0.0009482997977485336
0.4797183019729576,0.01561779670116437,0.0009482997977485336
0.4798135219729576,0.01561779670116437,0.0009482997977485336
0.4799087419729576,0.01561779670116437,0.0006068594290283141
0.4800039619729576,0.01561779670116437,0.0009482997977485336
0.4800991819729576,0.01561779670116437,0.0009482997977485336
0.4801944019729575,0.01561779670116437,0.0009482997977485336
0.4802896219729575,0.01561779670116437,0.0009482997977485336
0.4803848419729576,0.01561779670116437,0.0009482997977485336
0.4804800619729576,0.01561779670116437,0.0009482997977485336
0.4805752819729576,0.01561779670116437,0.0009482997977485336
0.4806705019729576,0.01561779670116437,0.0009482997977485336
0.4807657219729576,0.01561779670116437,0.0009482997977485336
0.4808609419729576,0.01561779670116437,0.0009482997977485336
0.4809561619729575,0.01561779670116437,0.0006068594290283141
0.4810513819729575,0.01561779670116437,0.0006068594290283141
0.4811466019729576,0.01561779670116437,0.0009482997977485336
0.4812418219729576,0.01561779670116437,0.0009482997977485336
0.4813370419729576,0.01561779670116437,0.0009482997977485336
0.4814322619729576,0.01561779670116437,0.0009482997977485336
0.4815274819729576,0.01561779670116437,0.0009482997977485336
0.4816227019729576,0.01561779670116437,0.0009482997977485336
0.4817179219729575,0.01561779670116437,0.0009482997977485336
0.4818131419729575,0.01561779670116437,0.0009482997977485336
0.4819083619729576,0.01561779670116437,0.0009482997977485336
0.4820035819729576,0.01561779670116437,0.001289740166468739
0.4820988019729576,0.01561779670116437,0.0009482997977485336
0.4821940219729576,0.01561779670116437,0.0009482997977485336
0.4822892419729576,0.01561779670116437,0.0009482997977485336
0.4823844619729576,0.01561779670116437,0.0009482997977485336
0.4824796819729575,0.01561779670116437,0.0009482997977485336
0.4825749019729575,0.01561779670116437,0.0009482997977485336
0.4826701219729576,0.01561779670116437,0.0009482997977485336
0.4827653419729576,0.01561779670116437,0.0009482997977485336
0.4828605619729576,0.01561779670116437,0.0009482997977485336
0.4829557819729576,0.01561779670116437,-7.602130841211086e-05
0.4830510019729576,0.01561779670116437,0.0006068594290283141
0.4831462219729576,0.01561779670116437,0.0009482997977485336
0.4832414419729575,0.01561779670116437,0.0009482997977485336
0.4833366619729575,0.01561779670116437,0.0009482997977485336
0.4834318819729576,0.01561779670116437,0.0009482997977485336
0.4835271019729576,0.01561779670116437,0.0006068594290283141
0.4836223219729576,0.01561779670116437,0.0009482997977485336
0.4837175419729576,0.01561779670116437,0.0006068594290283141
0.4838127619729576,0.01561779670116437,0.0009482997977485336
0.4839079819729576,0.01561779670116437,0.001289740166468739
0.4840032019729575,0.01561779670116437,0.001631180535188959
0.4840984219729575,0.01561779670116437,0.0009482997977485336
0.4841936419729576,0.01561779670116437,0.0009482997977485336
0.4842888619729576,0.01561779670116437,0.0009482997977485336
0.4843840819729576,0.01561779670116437,0.0009482997977485336
0.4844793019729576,0.01561779670116437,0.0009482997977485336
0.4845745219729576,0.01561779670116437,0.0009482997977485336
0.4846697419729576,0.01561779670116437,0.0009482997977485336
0.4847649619729575,0.01561779670116437,0.0009482997977485336
0.4848601819729575,0.01561779670116437,0.0009482997977485336
0.4849554019729576,0.01561779670116437,0.0002654190603080947
0.4850506219729576,0.01561779670116437,0.0006068594290283141
0.4851458419729576,0.01561779670116437,0.0009482997977485336
0.4852410619729576,0.01561779670116437,0.0009482997977485336
0.4853362819729576,0.01561779670116437,0.0009482997977485336
0.4854315019729576,0.01561779670116437,0.0009482997977485336
0.4855267219729575,0.01561779670116437,0.0009482997977485336
0.4856219419729575,0.01561779670116437,0.0009482997977485336
0.4857171619729576,0.01561779670116437,0.0009482997977485336
0.4858123819729576,0.01561779670116437,0.0006068594290283141
0.4859076019729576,0.01561779670116437,0.0009482997977485336
0.4860028219729576,0.01561779670116437,0.0009482997977485336
0.4860980419729576,0.01561779670116437,0.0009482997977485336
0.4861932619729576,0.01561779670116437,0.0009482997977485336
0.4862884819729575,0.01561779670116437,0.0009482997977485336
0.4863837019729575,0.01561779670116437,0.0009482997977485336
0.4864789219729576,0.01561779670116437,0.0009482997977485336
0.4865741419729576,0.01561779670116437,0.0009482997977485336
0.4866693619729576,0.01561779670116437,0.0009482997977485336
0.4867645819729576,0.01561779670116437,0.0009482997977485336
0.4868598019729576,0.01561779670116437,0.0009482997977485336
0.4869550219729576,0.01561779670116437,0.001289740166468739
0.4870502419729575,0.01561779670116437,0.0009482997977485336
0.4871454619729575,0.01561779670116437,0.0009482997977485336
0.4872406819729576,0.01561779670116437,0.0009482997977485336
0.4873359019729576,0.01561779670116437,0.0009482997977485336
0.4874311219729576,0.01561779670116437,0.0009482997977485336
0.4875263419729576,0.01561779670116437,0.0009482997977485336
0.4876215619729576,0.01561779670116437,0.0009482997977485336
0.4877167819729576,0.01561779670116437,0.0009482997977485336
0.4878120019729575,0.01561779670116437,0.0009482997977485336
0.4879072219729575,0.01561779670116437,0.0009482997977485336
0.4880024419729576,0.01561779670116437,0.0006068594290283141
0.4880976619729576,0.01561779670116437,0.0009482997977485336
0.4881928819729576,0.01561779670116437,0.0009482997977485336
0.4882881019729576,0.01561779670116437,0.0009482997977485336
0.4883833219729576,0.01561779670116437,0.0009482997977485336
0.4884785419729576,0.01561779670116437,0.0009482997977485336
0.4885737619729575,0.01561779670116437,0.0009482997977485336
0.4886689819729576,0.01561779670116437,0.0009482997977485336
0.4887642019729576,0.01561779670116437,0.0009482997977485336
0.4888594219729576,0.01561779670116437,0.0006068594290283141
0.4889546419729576,0.01561779670116437,0.0009482997977485336
0.4890498619729576,0.01561779670116437,0.0009482997977485336
0.4891450819729576,0.01561779670116437,0.0009482997977485336
0.4892403019729576,0.01561779670116437,0.0009482997977485336
0.4893355219729575,0.01561779670116437,0.0009482997977485336
0.4894307419729576,0.01561779670116437,0.0009482997977485336
0.4895259619729576,0.01561779670116437,0.0009482997977485336
0.4896211819729576,0.01561779670116437,0.0009482997977485336
0.4897164019729576,0.01561779670116437,0.0009482997977485336
0.4898116219729576,0.01561779670116437,0.0009482997977485336
0.4899068419729576,0.01561779670116437,0.0006068594290283141
0.4900020619729576,0.01561779670116437,0.0002654190603080947
0.4900972819729575,0.01561779670116437,0.0009482997977485336
0.4901925019729576,0.01561779670116437,0.0009482997977485336
0.4902877219729576,0.01561779670116437,0.0009482997977485336
0.4903829419729576,0.01561779670116437,0.0009482997977485336
0.4904781619729576,0.01561779670116437,0.0006068594290283141
0.4905733819729576,0.01561779670116437,0.0009482997977485336
0.4906686019729576,0.01561779670116437,0.0009482997977485336
0.4907638219729576,0.01561779670116437,0.0009482997977485336
0.4908590419729575,0.01561779670116437,0.0009482997977485336
0.4909542619729576,0.01561779670116437,0.001289740166468739
0.4910494819729576,0.01561779670116437,0.0009482997977485336
0.4911447019729576,0.01561779670116437,0.0006068594290283141
0.4912399219729576,0.01561779670116437,0.0006068594290283141
0.4913351419729576,0.01561779670116437,0.0009482997977485336
0.4914303619729576,0.01561779670116437,0.0009482997977485336
0.4915255819729576,0.01561779670116437,0.0009482997977485336
0.4916208019729575,0.01561779670116437,0.0009482997977485336
0.4917160219729576,0.01561779670116437,0.0009482997977485336
0.4918112419729576,0.01561779670116437,0.0009482997977485336
0.4919064619729576,0.01561779670116437,0.0009482997977485336
0.4920016819729576,0.01561779670116437,0.0009482997977485336
0.4920969019729576,0.01561779670116437,0.0009482997977485336
0.4921921219729576,0.01561779670116437,0.0009482997977485336
0.4922873419729576,0.01561779670116437,0.0009482997977485336
0.4923825619729575,0.01561779670116437,0.0009482997977485336
0.4924777819729576,0.01561779670116437,0.0009482997977485336
0.4925730019729576,0.01561779670116437,0.0009482997977485336
0.4926682219729576,0.01561779670116437,0.0009482997977485336
0.4927634419729576,0.01561779670116437,0.0009482997977485336
0.4928586619729576,0.01561779670116437,0.0009482997977485336
0.4929538819729576,0.01561779670116437,0.001631180535188959
0.4930491019729576,0.01561779670116437,0.001289740166468739
0.4931443219729575,0.01561779670116437,0.0009482997977485336
0.4932395419729576,0.01561779670116437,0.0009482997977485336
0.4933347619729576,0.01561779670116437,0.0009482997977485336
0.4934299819729576,0.01561779670116437,0.0009482997977485336
0.4935252019729576,0.01561779670116437,0.0009482997977485336
0.4936204219729576,0.01561779670116437,0.0009482997977485336
0.4937156419729576,0.01561779670116437,0.0009482997977485336
0.4938108619729576,0.01561779670116437,0.0009482997977485336
0.4939060819729575,0.01184571808256063,0.0006068594290283141
0.4940013019729576,0.01561779670116437,-7.602130841211086e-05
0.4940965219729576,0.01561779670116437,0.0006068594290283141
0.4941917419729576,0.01561779670116437,0.0009482997977485336
0.4942869619729576,0.01184571808256063,0.0009482997977485336
0.4943821819729576,0.01561779670116437,0.0009482997977485336
0.4944774019729576,0.01561779670116437,0.0009482997977485336
0.4945726219729576,0.01561779670116437,0.0006068594290283141
0.4946678419729575,0.01561779670116437,0.0009482997977485336
0.4947630619729576,0.01561779670116437,0.0009482997977485336
0.4948582819729576,0.01561779670116437,0.0009482997977485336
0.4949535019729576,0.01561779670116437,0.0009482997977485336
0.4950487219729576,0.01561779670116437,0.0009482997977485336
0.4951439419729576,0.01561779670116437,0.0009482997977485336
0.4952391619729576,0.01184571808256063,0.0009482997977485336
0.4953343819729576,0.01561779670116437,0.0009482997977485336
0.4954296019729575,0.01561779670116437,0.0009482997977485336
0.4955248219729576,0.01184571808256063,0.0009482997977485336
0.4956200419729576,0.01561779670116437,0.0009482997977485336
0.4957152619729576,0.01561779670116437,0.0009482997977485336
0.4958104819729576,0.01561779670116437,0.0009482997977485336
0.4959057019729576,0.01561779670116437,0.0009482997977485336
0.4960009219729576,0.01561779670116437,0.001289740166468739
0.4960961419729576,0.01561779670116437,0.0009482997977485336
0.4961913619729575,0.01561779670116437,0.0009482997977485336
0.4962865819729576,0.01561779670116437,0.0009482997977485336
0.4963818019729576,0.01561779670116437,0.0009482997977485336
0.4964770219729576,0.01561779670116437,0.0009482997977485336
0.4965722419729576,0.01561779670116437,0.0009482997977485336
0.4966674619729576,0.01561779670116437,0.0009482997977485336
0.4967626819729576,0.01561779670116437,0.0009482997977485336
0.4968579019729576,0.01561779670116437,0.0009482997977485336
0.4969531219729575,0.01561779670116437,0.0006068594290283141
0.4970483419729576,0.01561779670116437,0.0006068594290283141
0.4971435619729576,0.01561779670116437,0.0009482997977485336
0.4972387819729576,0.01561779670116437,0.0009482997977485336
0.4973340019729576,0.01561779670116437,0.0009482997977485336
0.4974292219729576,0.01561779670116437,0.0006068594290283141
0.4975244419729576,0.01561779670116437,0.0006068594290283141
0.4976196619729576,0.01561779670116437,0.0009482997977485336
0.4977148819729575,0.01561779670116437,0.0009482997977485336
0.4978101019729576,0.01561779670116437,0.0009482997977485336
0.4979053219729576,0.01561779670116437,0.0009482997977485336
0.4980005419729576,0.01561779670116437,0.001289740166468739
0.4980957619729576,0.01561779670116437,0.0009482997977485336
0.4981909819729576,0.01561779670116437,0.0009482997977485336
0.4982862019729576,0.01561779670116437,0.0009482997977485336
0.4983814219729576,0.01561779670116437,0.0009482997977485336
0.4984766419729575,0.01561779670116437,0.0009482997977485336
0.4985718619729576,0.01561779670116437,0.0009482997977485336
0.4986670819729576,0.01561779670116437,0.0009482997977485336
0.4987623019729576,0.01561779670116437,0.0009482997977485336
0.4988575219729576,0.01561779670116437,0.0009482997977485336
0.4989527419729576,0.01561779670116437,-0.0004174616771323303
0.4990479619729576,0.01561779670116437,0.0006068594290283141
0.4991431819729576,0.01561779670116437,0.0009482997977485336
0.4992384019729575,0.01561779670116437,0.0009482997977485336
0.4993336219729576,0.01561779670116437,0.0009482997977485336
0.4994288419729576,0.01561779670116437,0.0009482997977485336
0.4995240619729576,0.01561779670116437,0.0009482997977485336
0.4996192819729576,0.01561779670116437,0.0009482997977485336
0.4997145019729576,0.01561779670116437,0.0009482997977485336
0.4998097219729576,0.01561779670116437,0.0009482997977485336
0.4999049419729576,0.01561779670116437,0.001289740166468739
0.5000001619729575,0.01561779670116437,0.001631180535188648
0.5000953819729576,0.01561779670116437,0.0009482997977485336
0.5001906019729576,0.01561779670116437,0.0009482997977485336
0.5002858219729576,0.01561779670116437,0.0006068594290283141
0.5003810419729575,0.01561779670116437,0.0009482997977485336
0.5004762619729576,0.01561779670116437,0.0009482997977485336
0.5005714819729576,0.01561779670116437,0.0006068594290286247
0.5006667019729576,0.01561779670116437,0.0009482997977485336
0.5007619219729575,0.01561779670116437,0.0006068594290283141
0.5008571419729575,0.01561779670116437,0.0009482997977482231
0.5009523619729576,0.01561779670116437,0.0006068594290283141
0.5010475819729576,0.01561779670116437,0.0006068594290283141
0.5011428019729576,0.01561779670116437,0.0009482997977485336
0.5012380219729575,0.01561779670116437,0.0009482997977485336
0.5013332419729576,0.01561779670116437,0.0009482997977485336
0.5014284619729577,0.01561779670116437,0.0009482997977485336
0.5015236819729576,0.01561779670116437,0.0009482997977485336
0.5016189019729576,0.01561779670116437,0.0009482997977485336
0.5017141219729575,0.01561779670116437,0.0009482997977485336
0.5018093419729576,0.01561779670116437,0.0009482997977485336
0.5019045619729576,0.01561779670116437,0.0009482997977485336
0.5019997819729576,0.01561779670116437,0.0006068594290283141
0.5020950019729575,0.01561779670116437,0.0006068594290283141
0.5021902219729576,0.01561779670116437,0.0006068594290283141
0.5022854419729575,0.01561779670116437,0.0006068594290283141
0.5023806619729576,0.01561779670116437,0.0006068594290283141
0.5024758819729576,0.01561779670116437,0.0006068594290283141
0.5025711019729575,0.01561779670116437,0.0006068594290283141
0.5026663219729576,0.01561779670116437,0.0006068594290283141
0.5027615419729576,0.01561779670116437,0.0006068594290283141
0.5028567619729576,0.01561779670116437,0.0006068594290283141
0.5029519819729575,0.01561779670116437,0.0009482997977485336
0.5030472019729575,0.01561779670116437,0.0009482997977485336
0.5031424219729576,0.01561779670116437,0.0009482997977485336
0.5032376419729576,0.01561779670116437,0.0006068594290283141
0.5033328619729576,0.01561779670116437,0.0009482997977485336
0.5034280819729575,0.01561779670116437,0.0009482997977485336
0.5035233019729576,0.01561779670116437,0.0009482997977485336
0.5036185219729576,0.01561779670116437,0.0006068594290286247
0.5037137419729576,0.01561779670116437,0.0009482997977485336
0.5038089619729575,0.01561779670116437,0.0009482997977485336
0.5039041819729575,0.01561779670116437,0.0006068594290286247
0.5039994019729576,0.01561779670116437,0.0002654190603080947
0.5040946219729576,0.01184571808256063,0.0006068594290283141
0.5041898419729576,0.01561779670116437,0.0006068594290283141
0.5042850619729575,0.01561779670116437,0.0009482997977485336
0.5043802819729576,0.01561779670116437,0.0009482997977485336
0.5044755019729577,0.01561779670116437,0.0009482997977485336
0.5045707219729576,0.01561779670116437,0.0009482997977485336
0.5046659419729576,0.01561779670116437,0.0009482997977485336
0.5047611619729575,0.01561779670116437,0.0006068594290283141
0.5048563819729576,0.01561779670116437,0.0009482997977485336
0.5049516019729576,0.01561779670116437,0.001289740166468739
0.5050468219729576,0.01561779670116437,0.0009482997977485336
0.5051420419729575,0.01561779670116437,0.0009482997977485336
0.5052372619729576,0.01561779670116437,0.0009482997977485336
0.5053324819729575,0.01561779670116437,0.0009482997977485336
0.5054277019729576,0.01561779670116437,0.0006068594290283141
0.5055229219729576,0.01561779670116437,0.0009482997977485336
0.5056181419729575,0.01561779670116437,0.0009482997977485336
0.5057133619729576,0.01561779670116437,0.0009482997977485336
0.5058085819729576,0.01561779670116437,0.0009482997977482231
0.5059038019729576,0.01561779670116437,0.0006068594290283141
0.5059990219729575,0.01561779670116437,0.0002654190603080947
0.5060942419729575,0.01561779670116437,0.0009482997977479125
0.5061894619729576,0.01561779670116437,0.0009482997977485336
0.5062846819729576,0.01561779670116437,0.0009482997977485336
0.5063799019729576,0.01561779670116437,0.0009482997977485336
0.5064751219729575,0.01561779670116437,0.0009482997977485336
0.5065703419729576,0.01561779670116437,0.0009482997977485336
0.5066655619729576,0.01561779670116437,0.0009482997977485336
0.5067607819729576,0.01561779670116437,0.0009482997977485336
0.5068560019729575,0.01561779670116437,0.0009482997977485336
0.5069512219729575,0.01561779670116437,0.001289740166468429
0.5070464419729576,0.01561779670116437,0.0009482997977485336
0.5071416619729576,0.01561779670116437,0.0009482997977485336
0.5072368819729576,0.01561779670116437,0.0009482997977485336
0.5073321019729575,0.01561779670116437,0.0009482997977485336
0.5074273219729576,0.01561779670116437,0.0009482997977485336
0.5075225419729577,0.01561779670116437,0.0009482997977485336
0.5076177619729576,0.01561779670116437,0.0009482997977485336
0.5077129819729576,0.01561779670116437,0.0009482997977485336
0.5078082019729575,0.01561779670116437,0.0009482997977485336
0.5079034219729576,0.01561779670116437,0.0009482997977485336
0.5079986419729576,0.01561779670116437,0.0009482997977485336
0.5080938619729576,0.01561779670116437,0.0009482997977485336
0.5081890819729575,0.01561779670116437,0.0009482997977485336
0.5082843019729576,0.01561779670116437,0.0009482997977485336
0.5083795219729575,0.01561779670116437,0.0009482997977485336
0.5084747419729576,0.01561779670116437,0.0009482997977485336
0.5085699619729576,0.01561779670116437,0.0009482997977485336
0.5086651819729575,0.01561779670116437,0.0009482997977485336
0.5087604019729576,0.01561779670116437,0.0009482997977485336
0.5088556219729576,0.01561779670116437,0.0009482997977488441
0.5089508419729576,0.01561779670116437,0.001289740166468739
0.5090460619729575,0.01561779670116437,0.0009482997977485336
0.5091412819729575,0.01561779670116437,0.0009482997977485336
0.5092365019729576,0.01561779670116437,0.0009482997977485336
0.5093317219729576,0.01561779670116437,0.0009482997977485336
0.5094269419729576,0.01561779670116437,0.0009482997977485336
0.5095221619729575,0.01561779670116437,0.0009482997977485336
0.5096173819729576,0.01561779670116437,0.0009482997977485336
0.5097126019729576,0.01561779670116437,0.0009482997977485336
0.5098078219729576,0.01561779670116437,0.0009482997977485336
0.5099030419729575,0.01561779670116437,0.0009482997977485336
0.5099982619729575,0.01561779670116437,0.0006068594290286247
0.5100934819729576,0.01561779670116437,0.0006068594290283141
0.5101887019729576,0.01561779670116437,0.0009482997977485336
0.5102839219729576,0.01561779670116437,0.0006068594290283141
0.5103791419729575,0.01561779670116437,0.0009482997977485336
0.5104743619729576,0.01561779670116437,0.0006068594290283141
0.5105695819729577,0.01561779670116437,0.0009482997977482231
0.5106648019729576,0.01561779670116437,0.0006068594290283141
0.5107600219729576,0.01561779670116437,0.0006068594290283141
0.5108552419729575,0.01561779670116437,0.0009482997977485336
0.5109504619729576,0.01561779670116437,0.0006068594290283141
0.5110456819729576,0.01561779670116437,0.0009482997977485336
0.5111409019729576,0.01561779670116437,0.0009482997977485336
0.5112361219729575,0.01561779670116437,0.0009482997977485336
0.5113313419729576,0.01561779670116437,0.0009482997977485336
0.5114265619729575,0.01561779670116437,0.0009482997977485336
0.5115217819729576,0.01561779670116437,0.0009482997977485336
0.5116170019729576,0.01561779670116437,0.0009482997977485336
0.5117122219729575,0.01561779670116437,0.0009482997977485336
0.5118074419729576,0.01561779670116437,0.0009482997977485336
0.5119026619729576,0.01561779670116437,0.0009482997977488441
0.5119978819729576,0.01561779670116437,0.001289740166468739
0.5120931019729575,0.01561779670116437,0.0009482997977485336
0.5121883219729575,0.01561779670116437,0.0009482997977485336
0.5122835419729576,0.01561779670116437,0.0009482997977485336
0.5123787619729576,0.01561779670116437,0.0009482997977485336
0.5124739819729576,0.01561779670116437,0.0009482997977485336
0.5125692019729575,0.01561779670116437,0.0009482997977485336
0.5126644219729576,0.01561779670116437,0.0009482997977485336
0.5127596419729576,0.01561779670116437,0.0009482997977485336
0.5128548619729576,0.01561779670116437,0.0009482997977485336
0.5129500819729576,0.01561779670116437,0.0006068594290283141
0.5130453019729575,0.01561779670116437,0.0009482997977482231
0.5131405219729576,0.01561779670116437,0.0009482997977485336
0.5132357419729576,0.01561779670116437,0.0009482997977485336
0.5133309619729576,0.01561779670116437,0.0009482997977485336
0.5134261819729575,0.01561779670116437,0.0009482997977485336
0.5135214019729576,0.01561779670116437,0.0009482997977485336
0.5136166219729577,0.01561779670116437,0.0009482997977485336
0.5137118419729576,0.01561779670116437,0.0009482997977485336
0.5138070619729576,0.01561779670116437,0.0009482997977485336
0.5139022819729575,0.01561779670116437,0.0009482997977485336
0.5139975019729576,0.01561779670116437,0.001631180535188959
0.5140927219729576,0.01561779670116437,0.0009482997977485336
0.5141879419729576,0.01561779670116437,0.0009482997977485336
0.5142831619729575,0.01561779670116437,0.0009482997977485336
0.5143783819729576,0.01561779670116437,0.0009482997977485336
0.5144736019729576,0.01561779670116437,0.0009482997977485336
0.5145688219729576,0.01561779670116437,0.0006068594290283141
0.5146640419729576,0.01561779670116437,0.0009482997977485336
0.5147592619729575,0.01561779670116437,0.0006068594290283141
0.5148544819729576,0.01561779670116437,0.0006068594290283141
0.5149497019729576,0.01561779670116437,-0.0004174616771313987
0.5150449219729576,0.01561779670116437,0.0006068594290283141
0.5151401419729575,0.01561779670116437,0.0006068594290283141
0.5152353619729575,0.01561779670116437,0.0009482997977482231
0.5153305819729576,0.01561779670116437,0.0009482997977485336
0.5154258019729576,0.01561779670116437,0.0009482997977485336
0.5155210219729576,0.01561779670116437,0.0009482997977485336
0.5156162419729575,0.01561779670116437,0.0009482997977485336
0.5157114619729576,0.01561779670116437,0.0009482997977485336
0.5158066819729576,0.01561779670116437,0.0009482997977485336
0.5159019019729576,0.01561779670116437,0.0009482997977485336
0.5159971219729576,0.01561779670116437,0.001631180535188959
0.5160923419729575,0.01561779670116437,0.0009482997977491546
0.5161875619729576,0.01561779670116437,0.0009482997977485336
0.5162827819729576,0.01561779670116437,0.0009482997977485336
0.5163780019729576,0.01561779670116437,0.0009482997977485336
0.5164732219729575,0.01561779670116437,0.0009482997977485336
0.5165684419729576,0.01561779670116437,0.0009482997977485336
0.5166636619729575,0.01561779670116437,0.0009482997977485336
0.5167588819729576,0.01561779670116437,0.0009482997977485336
0.5168541019729576,0.01561779670116437,0.0009482997977485336
0.5169493219729575,0.01561779670116437,0.0009482997977485336
0.5170445419729576,0.01561779670116437,0.0009482997977485336
0.5171397619729576,0.01561779670116437,0.0009482997977485336
0.5172349819729576,0.01561779670116437,0.0009482997977485336
0.5173302019729575,0.01561779670116437,0.0009482997977485336
0.5174254219729575,0.01561779670116437,0.0009482997977485336
0.5175206419729576,0.01561779670116437,0.0009482997977485336
0.5176158619729576,0.01561779670116437,0.0009482997977485336
0.5177110819729576,0.01561779670116437,0.0009482997977485336
0.5178063019729575,0.01561779670116437,0.0009482997977485336
0.5179015219729576,0.01561779670116437,0.0009482997977485336
0.5179967419729576,0.01561779670116437,0.0006068594290286247
0.5180919619729576,0.01561779670116437,0.0009482997977485336
0.5181871819729575,0.01561779670116437,0.0009482997977485336
0.5182824019729575,0.01561779670116437,0.0009482997977485336
0.5183776219729576,0.01561779670116437,0.0009482997977485336
0.5184728419729576,0.01561779670116437,0.0009482997977485336
0.5185680619729576,0.01561779670116437,0.0006068594290283141
0.5186632819729575,0.01561779670116437,0.0009482997977485336
0.5187585019729576,0.01561779670116437,0.0009482997977485336
0.5188537219729576,0.01561779670116437,0.0009482997977488441
0.5189489419729576,0.01561779670116437,0.001289740166468739
0.5190441619729576,0.01561779670116437,0.001289740166468739
0.5191393819729575,0.01561779670116437,0.0009482997977488441
0.5192346019729576,0.01561779670116437,0.0009482997977485336
0.5193298219729576,0.01561779670116437,0.0009482997977485336
0.5194250419729576,0.01561779670116437,0.0009482997977485336
0.5195202619729575,0.01561779670116437,0.0009482997977485336
0.5196154819729576,0.01561779670116437,0.0009482997977485336
0.5197107019729575,0.01561779670116437,0.0009482997977485336
0.5198059219729576,0.01561779670116437,0.0009482997977485336
0.5199011419729576,0.01561779670116437,0.0006068594290283141
0.5199963619729575,0.01561779670116437,0.0002654190603080947
0.5200915819729576,0.01561779670116437,0.0009482997977485336
0.5201868019729576,0.01561779670116437,0.0009482997977485336
0.5202820219729576,0.01561779670116437,0.0009482997977485336
0.5203772419729575,0.01561779670116437,0.0009482997977485336
0.5204724619729575,0.01561779670116437,0.0009482997977485336
0.5205676819729576,0.01561779670116437,0.0009482997977485336
0.5206629019729576,0.01561779670116437,0.0009482997977485336
0.5207581219729576,0.01561779670116437,0.0009482997977485336
0.5208533419729575,0.01561779670116437,0.0009482997977485336
0.5209485619729576,0.01561779670116437,0.001972620903909164
0.5210437819729576,0.01561779670116437,0.001289740166468429
0.5211390019729576,0.01561779670116437,0.0009482997977485336
0.5212342219729575,0.01561779670116437,0.0009482997977485336
0.5213294419729575,0.01561779670116437,0.0009482997977485336
0.5214246619729576,0.01561779670116437,0.0009482997977485336
0.5215198819729576,0.01561779670116437,0.0009482997977485336
0.5216151019729576,0.01561779670116437,0.0009482997977485336
0.5217103219729575,0.01561779670116437,0.0009482997977485336
0.5218055419729576,0.01561779670116437,0.0009482997977485336
